{
    "startDate": "2018/10/10 03:52:45.712891 GMT-4",
    "endDate": "2018/10/12 19:54:50.288925 GMT-4",
    "contributors": [],
    "_content_type_text": "text/html",
    "text": "<h1>Commoda autem et incommoda in eo genere sunt, quae praeposita et reiecta diximus;</h1>\n\n<p>Lorem ipsum dolor sit amet, consectetur adipiscing elit. Ut aliquid scire se gaudeant? Ita credo. Facillimum id quidem est, inquam. Quod autem satis est, eo quicquid accessit, nimium est; Duo Reges: constructio interrete. Qui est in parvis malis. </p>\n\n<p><a href='http://loripsum.net/' target='_blank'>Falli igitur possumus.</a> An eiusdem modi? Si enim ad populum me vocas, eum. Sed ego in hoc resisto; </p>\n\n<dl>\n\t<dt><dfn>Ille incendat?</dfn></dt>\n\t<dd>Neque enim disputari sine reprehensione nec cum iracundia aut pertinacia recte disputari potest.</dd>\n\t<dt><dfn>Itaque fecimus.</dfn></dt>\n\t<dd>Quis suae urbis conservatorem Codrum, quis Erechthei filias non maxime laudat?</dd>\n\t<dt><dfn>Sed haec omittamus;</dfn></dt>\n\t<dd>Intrandum est igitur in rerum naturam et penitus quid ea postulet pervidendum;</dd>\n</dl>\n\n\n<h2>Quod autem ratione actum est, id officium appellamus.</h2>\n\n<p>Negat esse eam, inquit, propter se expetendam. Sin aliud quid voles, postea. Cum praesertim illa perdiscere ludus esset. Memini me adesse P. Sed residamus, inquit, si placet. Tollitur beneficium, tollitur gratia, quae sunt vincla concordiae. </p>\n\n<ul>\n\t<li>Sin dicit obscurari quaedam nec apparere, quia valde parva sint, nos quoque concedimus;</li>\n\t<li>Nam si propter voluptatem, quae est ista laus, quae possit e macello peti?</li>\n\t<li>Huius ego nunc auctoritatem sequens idem faciam.</li>\n\t<li>Cur igitur easdem res, inquam, Peripateticis dicentibus verbum nullum est, quod non intellegatur?</li>\n</ul>\n\n\n<ol>\n\t<li>Itaque eos id agere, ut a se dolores, morbos, debilitates repellant.</li>\n\t<li>Quasi vero, inquit, perpetua oratio rhetorum solum, non etiam philosophorum sit.</li>\n</ol>\n\n\n<pre>\nAn ea, quae per vinitorem antea consequebatur, per se ipsa\ncurabit?\n\nRestant Stoici, qui cum a Peripateticis et Academicis omnia\ntranstulissent, nominibus aliis easdem res secuti sunt.\n</pre>\n\n\n",
    "eventUrl": "http://en.wikipedia.com/wiki/Lorem_ipsum",
    "creation_date": "2018/10/26 13:49:26.837741 GMT-4",
    "contactEmail": "loremipsum@mail.com",
    "_uid": "91d918bb802f4b39b996c185fbf821b6",
    "expirationDate": "None",
    "contactName": "Netus fusce sociis massa at mollis nulla condimentum nec ve bibendum mus.",
    "_content_type_id": "text/plain",
    "contactPhone": "Purus metus mollis dis.",
    "id": "netus-porta-ullamcorper-ac-dictum-est.",
    "subject": [],
    "attendees": [],
    "effectiveDate": "2018/10/26 13:51:40.578047 GMT-4",
    "title": "Netus porta ullamcorper ac dictum est.",
    "_content_type_contactPhone": "text/plain",
    "_content_type_eventUrl": "text/plain",
    "_content_type_language": "text/plain",
    "_defaultpage": "",
    "location": "Lacus magna mollis ac sed ad magnis integer posuere quis eu.",
    "_content_type_title": "text/plain",
    "excludeFromNav": true,
    "_content_type_contactName": "text/plain",
    "_type": "Event",
    "description": "Risus dolor. Netus class nam nisi. Nulla vitae metus magnis interdum feugiat dapibus. Class lacus condimentum duis elementum magnis nisi eros ante. Justo dolor cras. Proin neque scelerisque at ligula dis sed malesuada. Porta neque nullam. Donec augue. Fames nulla placerat duis primis tellus nisi eros tristique montes orci eu risus sollicitudin. Netus curae proin taciti fames ullamcorper et mattis commodo ut nullam pede. Lacus etiam tempus quis ultricies hac donec lacus accumsan justo. Justo morbi inceptos dolor ac malesuada viverra. Justo dolor magnis felis eros sociosqu eu. Netus lorem neque eros. Metus neque montes nullam sed.",
    "_atrefs": {},
    "_layout": "event_view",
    "_workflow_history": {
        "simple_publication_workflow": [
            {
                "action": null,
                "review_state": "private",
                "actor": "admin",
                "comments": "",
                "time": "2018/10/26 13:49:26.841325 GMT-4"
            },
            {
                "action": "publish",
                "review_state": "published",
                "actor": "admin",
                "comments": "",
                "time": "2018/10/26 13:51:40.592045 GMT-4"
            }
        ]
    },
    "_content_type_rights": "text/plain",
    "_directly_provided": [],
    "_classname": "ATEvent",
    "_userdefined_roles": [],
    "_content_type_contactEmail": "text/plain",
    "_content_type": "text/html",
    "_id": "netus-porta-ullamcorper-ac-dictum-est.",
    "modification_date": "2018/10/26 13:51:40.578302 GMT-4",
    "language": "en",
    "rights": "Neque porta sit. Lorem felis mauris vestibulum consectetuer. Neque class a nonummy id in platea. Class lorem est leo sollicitudin morbi ac curae orci habitant. Fusce porta sapien netus at sit facilisis auctor a. Lorem class ornare in vitae suscipit fames in. Purus augue sit donec. Etiam ipsum a. Metus dolor sit eget accumsan adipiscing sapien. Felis magna a dapibus id nisl. Proin dolor senectus eu suspendisse duis amet nisl adipiscing hymenaeos quam euismod. Magna augue elit iaculis ut quam vehicula parturient fringilla massa molestie ipsum varius vivamus feugiat. Dolor augue. Purus lorem magnis tortor in et ac. Class justo vehicula vestibulum hendrerit condimentum vitae convallis. Nulla felis accumsan lacus a. Donec dolor justo cras nunc aptent ac bibendum duis non consectetuer aenean ac. Fames class nostra justo vestibulum bibendum cras vehicula. Morbi justo nunc dapibus varius ac non ad pharetra hac magna est nisl ac.",
    "_atbrefs": {},
    "_content_type_description": "text/plain",
    "_owner": "admin",
    "_content_type_location": "text/plain",
    "_permissions": {
        "Modify portal content": {
            "acquire": false,
            "roles": [
                "Editor",
                "Manager",
                "Owner",
                "Site Administrator"
            ]
        },
        "Access contents information": {
            "acquire": false,
            "roles": [
                "Anonymous"
            ]
        },
        "View": {
            "acquire": false,
            "roles": [
                "Anonymous"
            ]
        }
    },
    "_properties": [
        [
            "title",
            "Netus porta ullamcorper ac dictum est.",
            "string"
        ]
    ],
    "allowDiscussion": false,
    "_gopip": 2,
    "creators": [
        "admin"
    ],
    "_ac_local_roles": {
        "admin": [
            "Owner"
        ]
    },
    "_path": "/Plone/events/netus-porta-ullamcorper-ac-dictum-est."
}