{
    "startDate": "2018/11/11 22:32:44.382456 GMT-4",
    "endDate": "2018/11/12 05:05:54.152771 GMT-4",
    "contributors": [],
    "_content_type_text": "text/html",
    "text": "<h1>Videamus animi partes, quarum est conspectus illustrior;</h1>\n\n<p>Lorem ipsum dolor sit amet, consectetur adipiscing elit. Sed quid sentiat, non videtis. Duo Reges: constructio interrete. Cui Tubuli nomen odio non est? Sed ad bona praeterita redeamus. <a href='http://loripsum.net/' target='_blank'>Sed ego in hoc resisto;</a> <code>Unum est sine dolore esse, alterum cum voluptate.</code> </p>\n\n<p>Aliud igitur esse censet gaudere, aliud non dolere. Quam nemo umquam voluptatem appellavit, appellat; Quippe: habes enim a rhetoribus; Zenonis est, inquam, hoc Stoici. Proclivi currit oratio. <a href='http://loripsum.net/' target='_blank'>Dat enim intervalla et relaxat.</a> </p>\n\n<ul>\n\t<li>Positum est a nostris in iis esse rebus, quae secundum naturam essent, non dolere;</li>\n\t<li>Sed erat aequius Triarium aliquid de dissensione nostra iudicare.</li>\n\t<li>Quare attende, quaeso.</li>\n\t<li>Ego quoque, inquit, didicerim libentius si quid attuleris, quam te reprehenderim.</li>\n\t<li>Si enim ita est, vide ne facinus facias, cum mori suadeas.</li>\n</ul>\n\n\n<p>Ita prorsus, inquam; Hic ambiguo ludimur. Immo videri fortasse. De quibus cupio scire quid sentias. </p>\n\n<dl>\n\t<dt><dfn>Reguli reiciendam;</dfn></dt>\n\t<dd>Quod si ita sit, cur opera philosophiae sit danda nescio.</dd>\n\t<dt><dfn>Age sane, inquam.</dfn></dt>\n\t<dd>Quo studio Aristophanem putamus aetatem in litteris duxisse?</dd>\n</dl>\n\n\n<pre>\nAdmirantes quaeramus ab utroque, quonam modo vitam agere\npossimus, si nihil interesse nostra putemus, valeamus\naegrine simus, vacemus an cruciemur dolore, frigus, famem\npropulsare possimus necne possimus.\n\nAtqui iste locus est, Piso, tibi etiam atque etiam\nconfirmandus, inquam;\n</pre>\n\n\n<ol>\n\t<li>Beatus sibi videtur esse moriens.</li>\n\t<li>Cum audissem Antiochum, Brute, ut solebam, cum M.</li>\n\t<li>Deinde qui fit, ut ego nesciam, sciant omnes, quicumque Epicurei esse voluerunt?</li>\n\t<li>Satis est tibi in te, satis in legibus, satis in mediocribus amicitiis praesidii.</li>\n</ol>\n\n\n",
    "eventUrl": "http://en.wikipedia.com/wiki/Lorem_ipsum",
    "creation_date": "2018/10/26 13:49:27.199960 GMT-4",
    "contactEmail": "loremipsum@mail.com",
    "_uid": "ea431ac2be1f4c82bbf341288e0384c9",
    "expirationDate": "None",
    "contactName": "Morbi class.",
    "_content_type_id": "text/plain",
    "contactPhone": "Felis ipsum pede natoque nunc id facilisis eu taciti lacus iaculis eleifend.",
    "id": "vitae-purus-turpis-mattis-duis.",
    "subject": [],
    "attendees": [],
    "effectiveDate": "2018/10/26 13:51:40.606765 GMT-4",
    "title": "Vitae purus turpis mattis duis.",
    "_content_type_contactPhone": "text/plain",
    "_content_type_eventUrl": "text/plain",
    "_content_type_language": "text/plain",
    "_defaultpage": "",
    "location": "Felis proin natoque hac.",
    "_content_type_title": "text/plain",
    "excludeFromNav": true,
    "_content_type_contactName": "text/plain",
    "_type": "Event",
    "description": "Proin metus tempor donec augue quisque elit auctor quam ullamcorper lacinia nam pulvinar. Curae justo mauris. Proin justo odio sit tellus. Felis massa urna nam orci senectus non vivamus a scelerisque cum et. Magna lorem inceptos hendrerit mi. Risus metus nisi fusce penatibus nibh. Neque porta tellus imperdiet. Etiam massa magna nibh. Augue vitae quisque rutrum quis arcu fusce blandit. Magna class risus enim eni a. Lacus donec justo semper. Metus vitae eget sed velit euismod libero eros pretium. Lacus fusce.",
    "_atrefs": {},
    "_layout": "event_view",
    "_workflow_history": {
        "simple_publication_workflow": [
            {
                "action": null,
                "review_state": "private",
                "actor": "admin",
                "comments": "",
                "time": "2018/10/26 13:49:27.203641 GMT-4"
            },
            {
                "action": "publish",
                "review_state": "published",
                "actor": "admin",
                "comments": "",
                "time": "2018/10/26 13:51:40.619744 GMT-4"
            }
        ]
    },
    "_content_type_rights": "text/plain",
    "_directly_provided": [],
    "_classname": "ATEvent",
    "_userdefined_roles": [],
    "_content_type_contactEmail": "text/plain",
    "_content_type": "text/html",
    "_id": "vitae-purus-turpis-mattis-duis.",
    "modification_date": "2018/10/26 13:51:40.607020 GMT-4",
    "language": "en",
    "rights": "Metus augue cras dictum per euismod sagittis nullam eget tempor aliquam. Magna risus etiam rutrum netus rhoncus erat a pede vitae. Porta massa ullamcorper quis nisi eni purus sit urna in habitasse a. Porta class. Neque velit scelerisque mi tempor ac dapibus eu litora consequat adipiscing mus vestibulum habitasse ullamcorper lorem. Fames risus. Metus neque. Dolor fusce sodales fusce quis. Magna morbi. Porta justo nulla duis curabitur eleifend auctor nostra nulla habitasse. Morbi lorem cum tellus pharetra. Proin fusce ligula netus. Dolor class pretium mauris dis mollis metus cras etiam. Porta felis nam nisi vitae rhoncus odio habitant. Felis magna nullam malesuada id orci suspendisse in nullam. Risus vitae. Porta morbi class nec sagittis porta dignissim. Magna porta urna morbi velit.",
    "_atbrefs": {},
    "_content_type_description": "text/plain",
    "_owner": "admin",
    "_content_type_location": "text/plain",
    "_permissions": {
        "Modify portal content": {
            "acquire": false,
            "roles": [
                "Editor",
                "Manager",
                "Owner",
                "Site Administrator"
            ]
        },
        "Access contents information": {
            "acquire": false,
            "roles": [
                "Anonymous"
            ]
        },
        "View": {
            "acquire": false,
            "roles": [
                "Anonymous"
            ]
        }
    },
    "_properties": [
        [
            "title",
            "Vitae purus turpis mattis duis.",
            "string"
        ]
    ],
    "allowDiscussion": false,
    "_gopip": 3,
    "creators": [
        "admin"
    ],
    "_ac_local_roles": {
        "admin": [
            "Owner"
        ]
    },
    "_path": "/Plone/events/vitae-purus-turpis-mattis-duis."
}