{
    "startDate": "2018/10/19 05:35:33.263612 GMT-4",
    "endDate": "2018/10/21 00:06:5.747602 GMT-4",
    "contributors": [],
    "_content_type_text": "text/html",
    "text": "<h1>Eadem nunc mea adversum te oratio est.</h1>\n\n<p>Lorem ipsum dolor sit amet, consectetur adipiscing elit. Quae contraria sunt his, malane? Bonum integritas corporis: misera debilitas. Duo Reges: constructio interrete. Prioris generis est docilitas, memoria; Summus dolor plures dies manere non potest? Sed in rebus apertissimis nimium longi sumus. <a href='http://loripsum.net/' target='_blank'>Hoc Hieronymus summum bonum esse dixit.</a> </p>\n\n<p>Est enim effectrix multarum et magnarum voluptatum. Conferam tecum, quam cuique verso rem subicias; </p>\n\n<h2>Universa enim illorum ratione cum tota vestra confligendum puto.</h2>\n\n<p>Recte, inquit, intellegis. Eadem nunc mea adversum te oratio est. Contineo me ab exemplis. <a href='http://loripsum.net/' target='_blank'>Sit enim idem caecus, debilis.</a> </p>\n\n<ul>\n\t<li>Cupiditates non Epicuri divisione finiebat, sed sua satietate.</li>\n\t<li>His enim rebus detractis negat se reperire in asotorum vita quod reprehendat.</li>\n</ul>\n\n\n<pre>\nPrinceps huius civitatis Phalereus Demetrius cum patria\npulsus esset iniuria, ad Ptolomaeum se regem Alexandream\ncontulit.\n\nQuos nisi redarguimus, omnis virtus, omne decus, omnis vera\nlaus deserenda est.\n</pre>\n\n\n<ol>\n\t<li>Addidisti ad extremum etiam indoctum fuisse.</li>\n\t<li>Videsne quam sit magna dissensio?</li>\n\t<li>Ergo illi intellegunt quid Epicurus dicat, ego non intellego?</li>\n\t<li>Idcirco enim non desideraret, quia, quod dolore caret, id in voluptate est.</li>\n\t<li>Potius inflammat, ut coercendi magis quam dedocendi esse videantur.</li>\n\t<li>Haeret in salebra.</li>\n</ol>\n\n\n<dl>\n\t<dt><dfn>Quibusnam praeteritis?</dfn></dt>\n\t<dd>Sed tempus est, si videtur, et recta quidem ad me.</dd>\n\t<dt><dfn>Erat enim Polemonis.</dfn></dt>\n\t<dd>Duo enim genera quae erant, fecit tria.</dd>\n\t<dt><dfn>Beatum, inquit.</dfn></dt>\n\t<dd>In his igitur partibus duabus nihil erat, quod Zeno commutare gestiret.</dd>\n\t<dt><dfn>Non igitur bene.</dfn></dt>\n\t<dd>Aut, Pylades cum sis, dices te esse Orestem, ut moriare pro amico?</dd>\n</dl>\n\n\n",
    "eventUrl": "http://en.wikipedia.com/wiki/Lorem_ipsum",
    "creation_date": "2018/10/26 13:49:28.266328 GMT-4",
    "contactEmail": "loremipsum@mail.com",
    "_uid": "af4a4d3b87bb4fb3b73401196d99193d",
    "expirationDate": "None",
    "contactName": "Nulla fames euismod commodo.",
    "_content_type_id": "text/plain",
    "contactPhone": "Neque risus amet pharetra.",
    "id": "felis-fames-proin-suscipit-mi-felis-id.",
    "subject": [],
    "attendees": [],
    "effectiveDate": "2018/10/26 13:51:40.687298 GMT-4",
    "title": "Felis fames proin suscipit mi felis id.",
    "_content_type_contactPhone": "text/plain",
    "_content_type_eventUrl": "text/plain",
    "_content_type_language": "text/plain",
    "_defaultpage": "",
    "location": "Neque velit mus enim elit donec lacinia platea arcu nunc.",
    "_content_type_title": "text/plain",
    "excludeFromNav": false,
    "_content_type_contactName": "text/plain",
    "_type": "Event",
    "description": "Vitae dolor ultrices eget placerat sem. Curae lorem. Metus neque erat venenatis. Justo nulla montes at. Fames morbi tempor mi pede ve. Proin metus arcu taciti suscipit. Augue class dis parturient tristique eget elit. Velit metus sociis rutrum est. Donec ipsum sapien. Justo proin aliquet suscipit. Etiam neque sit enim sed odio. Fusce donec eni quis egestas dictum porta eni elit volutpat neque a natoque eu. Nulla magna porta varius cras quisque ante id pellentesque litora ornare dapibus euismod ornare amet eros. Dolor purus. Felis lacus. Ipsum lorem a feugiat.",
    "_atrefs": {},
    "_layout": "event_view",
    "_workflow_history": {
        "simple_publication_workflow": [
            {
                "action": null,
                "review_state": "private",
                "actor": "admin",
                "comments": "",
                "time": "2018/10/26 13:49:28.269887 GMT-4"
            },
            {
                "action": "publish",
                "review_state": "published",
                "actor": "admin",
                "comments": "",
                "time": "2018/10/26 13:51:40.701170 GMT-4"
            }
        ]
    },
    "_content_type_rights": "text/plain",
    "_directly_provided": [],
    "_classname": "ATEvent",
    "_userdefined_roles": [],
    "_content_type_contactEmail": "text/plain",
    "_content_type": "text/html",
    "_id": "felis-fames-proin-suscipit-mi-felis-id.",
    "modification_date": "2018/10/26 13:51:40.687590 GMT-4",
    "language": "en",
    "rights": "Dolor morbi. Neque curae inceptos imperdiet augue. Augue porta condimentum ut aenean augue ac fames libero penatibus dapibus per congue in sodales erat et. Donec curae magna netus vitae leo per at rhoncus pede eu. Massa metus nascetur. Justo velit felis arcu odio consequat sollicitudin euismod bibendum fames nisl molestie eu. Morbi velit dui auctor conubia dictum mus vel dis leo convallis. Vitae purus sit curabitur egestas netus quam est odio pretium et. Netus lorem vel adipiscing tristique ullamcorper tristique diam amet quam. Etiam proin nostra cursus iaculis mi nibh fermentum magnis luctus.",
    "_atbrefs": {},
    "_content_type_description": "text/plain",
    "_owner": "admin",
    "_content_type_location": "text/plain",
    "_permissions": {
        "Modify portal content": {
            "acquire": false,
            "roles": [
                "Editor",
                "Manager",
                "Owner",
                "Site Administrator"
            ]
        },
        "Access contents information": {
            "acquire": false,
            "roles": [
                "Anonymous"
            ]
        },
        "View": {
            "acquire": false,
            "roles": [
                "Anonymous"
            ]
        }
    },
    "_properties": [
        [
            "title",
            "Felis fames proin suscipit mi felis id.",
            "string"
        ]
    ],
    "allowDiscussion": false,
    "_gopip": 6,
    "creators": [
        "admin"
    ],
    "_ac_local_roles": {
        "admin": [
            "Owner"
        ]
    },
    "_path": "/Plone/events/felis-fames-proin-suscipit-mi-felis-id."
}