{
    "startDate": "2018/11/14 08:16:43.738611 GMT-4",
    "endDate": "2018/11/14 14:16:58.645662 GMT-4",
    "contributors": [],
    "_content_type_text": "text/html",
    "text": "<h1>Nullus est igitur cuiusquam dies natalis.</h1>\n\n<p>Lorem ipsum dolor sit amet, consectetur adipiscing elit. Traditur, inquit, ab Epicuro ratio neglegendi doloris. Itaque fecimus. <a href='http://loripsum.net/' target='_blank'>Nunc omni virtuti vitium contrario nomine opponitur.</a> Hoc est non dividere, sed frangere. </p>\n\n<ul>\n\t<li>Ergo ita: non posse honeste vivi, nisi honeste vivatur?</li>\n\t<li>Ex rebus enim timiditas, non ex vocabulis nascitur.</li>\n\t<li>Familiares nostros, credo, Sironem dicis et Philodemum, cum optimos viros, tum homines doctissimos.</li>\n\t<li>Ut pompa, ludis atque eius modi spectaculis teneantur ob eamque rem vel famem et sitim perferant?</li>\n\t<li>Princeps huius civitatis Phalereus Demetrius cum patria pulsus esset iniuria, ad Ptolomaeum se regem Alexandream contulit.</li>\n</ul>\n\n\n<dl>\n\t<dt><dfn>Peccata paria.</dfn></dt>\n\t<dd>Sed nonne merninisti licere mihi ista probare, quae sunt a te dicta?</dd>\n\t<dt><dfn>Erat enim Polemonis.</dfn></dt>\n\t<dd>Huius, Lyco, oratione locuples, rebus ipsis ielunior.</dd>\n\t<dt><dfn>Scrupulum, inquam, abeunti;</dfn></dt>\n\t<dd>An ea, quae per vinitorem antea consequebatur, per se ipsa curabit?</dd>\n\t<dt><dfn>Erat enim Polemonis.</dfn></dt>\n\t<dd>Qua ex cognitione facilior facta est investigatio rerum occultissimarum.</dd>\n\t<dt><dfn>Ille incendat?</dfn></dt>\n\t<dd>Age nunc isti doceant, vel tu potius quis enim ista melius?</dd>\n</dl>\n\n\n<p>Quippe: habes enim a rhetoribus; Duo Reges: constructio interrete. <code>Quis istud possit, inquit, negare?</code> Sint modo partes vitae beatae. Nunc omni virtuti vitium contrario nomine opponitur. Prioris generis est docilitas, memoria; Itaque contra est, ac dicitis; Nobis aliter videtur, recte secusne, postea; </p>\n\n<h2>Quae qui non vident, nihil umquam magnum ac cognitione dignum amaverunt.</h2>\n\n<p>Nemo igitur esse beatus potest. <a href='http://loripsum.net/' target='_blank'>Aliter enim nosmet ipsos nosse non possumus.</a> Simus igitur contenti his. Tuo vero id quidem, inquam, arbitratu. Cur id non ita fit? Erat enim Polemonis. <code>Atqui reperies, inquit, in hoc quidem pertinacem;</code> <a href='http://loripsum.net/' target='_blank'>Quid de Pythagora?</a> </p>\n\n<pre>\nNegarine ullo modo possit numquam quemquam stabili et firmo\net magno animo, quem fortem virum dicimus, effici posse,\nnisi constitutum sit non esse malum dolorem?\n\nId quaeris, inquam, in quo, utrum respondero, verses te huc\natque illuc necesse est.\n</pre>\n\n\n<ol>\n\t<li>Id Sextilius factum negabat.</li>\n\t<li>Quae quidem sapientes sequuntur duce natura tamquam videntes;</li>\n\t<li>Est, ut dicis, inquam.</li>\n</ol>\n\n\n",
    "eventUrl": "http://en.wikipedia.com/wiki/Lorem_ipsum",
    "creation_date": "2018/10/26 13:49:28.624677 GMT-4",
    "contactEmail": "loremipsum@mail.com",
    "_uid": "0e47d8f345834f10a581b0b58a40382e",
    "expirationDate": "None",
    "contactName": "Etiam purus.",
    "_content_type_id": "text/plain",
    "contactPhone": "Etiam proin eros.",
    "id": "proin-magna-montes-euismod-ac-non-tellus-at-per.",
    "subject": [],
    "attendees": [],
    "effectiveDate": "2018/10/26 13:51:40.715155 GMT-4",
    "title": "Proin magna montes euismod ac non tellus at per.",
    "_content_type_contactPhone": "text/plain",
    "_content_type_eventUrl": "text/plain",
    "_content_type_language": "text/plain",
    "_defaultpage": "",
    "location": "Velit fusce ante lectus bibendum hymenaeos taciti.",
    "_content_type_title": "text/plain",
    "excludeFromNav": true,
    "_content_type_contactName": "text/plain",
    "_type": "Event",
    "description": "Curae morbi. Nulla porta ultrices porttitor lacus. Fusce morbi. Risus justo posuere cubilia nisl a nibh proin etiam dui porta. Velit augue mauris. Metus lacus sem fames eni consequat lorem phasellus facilisis nunc dapibus ut vivamus. Lacus porta lacus mus dis. Metus fames nam sociis. Fusce porta litora nunc non id. Porta fames etiam dui urna. Etiam lorem a. Metus lacus amet erat sodales magna at ipsum habitasse sit malesuada ornare id. Justo netus arcu natoque sit inceptos lacus ac lacus sociis. Curae nulla convallis accumsan in erat imperdiet nibh condimentum. Magna purus nunc potenti in diam habitant vel ante ac nisl torquent.",
    "_atrefs": {},
    "_layout": "event_view",
    "_workflow_history": {
        "simple_publication_workflow": [
            {
                "action": null,
                "review_state": "private",
                "actor": "admin",
                "comments": "",
                "time": "2018/10/26 13:49:28.629428 GMT-4"
            },
            {
                "action": "publish",
                "review_state": "published",
                "actor": "admin",
                "comments": "",
                "time": "2018/10/26 13:51:40.730522 GMT-4"
            }
        ]
    },
    "_content_type_rights": "text/plain",
    "_directly_provided": [],
    "_classname": "ATEvent",
    "_userdefined_roles": [],
    "_content_type_contactEmail": "text/plain",
    "_content_type": "text/html",
    "_id": "proin-magna-montes-euismod-ac-non-tellus-at-per.",
    "modification_date": "2018/10/26 13:51:40.715499 GMT-4",
    "language": "en",
    "rights": "Ipsum class faucibus purus tristique amet scelerisque feugiat eni id sollicitudin vivamus. Lacus risus ornare augue nisl nam dictum sodales lectus per lacinia purus. Risus neque erat vel eu ornare. Etiam nulla. Fusce curae. Lorem porta amet ac ipsum per duis. Proin lorem fusce a elit. Purus ipsum eni massa nulla sapien porta scelerisque dictumst consequat ve. Curae metus fames placerat sit netus tincidunt. Nulla massa libero odio imperdiet. Justo metus hac duis eros libero bibendum laoreet. Vitae justo feugiat. Curae lorem semper ad ac luctus dapibus arcu. Morbi vitae nostra in eni hymenaeos cubilia erat sed nisi vestibulum. Lorem etiam nisi non viverra bibendum lacus.",
    "_atbrefs": {},
    "_content_type_description": "text/plain",
    "_owner": "admin",
    "_content_type_location": "text/plain",
    "_permissions": {
        "Modify portal content": {
            "acquire": false,
            "roles": [
                "Editor",
                "Manager",
                "Owner",
                "Site Administrator"
            ]
        },
        "Access contents information": {
            "acquire": false,
            "roles": [
                "Anonymous"
            ]
        },
        "View": {
            "acquire": false,
            "roles": [
                "Anonymous"
            ]
        }
    },
    "_properties": [
        [
            "title",
            "Proin magna montes euismod ac non tellus at per.",
            "string"
        ]
    ],
    "allowDiscussion": false,
    "_gopip": 7,
    "creators": [
        "admin"
    ],
    "_ac_local_roles": {
        "admin": [
            "Owner"
        ]
    },
    "_path": "/Plone/events/proin-magna-montes-euismod-ac-non-tellus-at-per."
}