{
    "startDate": "2018/10/29 21:31:23.860774 GMT-4",
    "endDate": "2018/11/01 06:08:22.070065 GMT-4",
    "contributors": [],
    "_content_type_text": "text/html",
    "text": "<h1>Nihilo magis.</h1>\n\n<p>Lorem ipsum dolor sit amet, consectetur adipiscing elit. Non potes, nisi retexueris illa. Sit enim idem caecus, debilis. At, illa, ut vobis placet, partem quandam tuetur, reliquam deserit. Duo Reges: constructio interrete. Summus dolor plures dies manere non potest? Aliter autem vobis placet. </p>\n\n<p>Quamquam tu hanc copiosiorem etiam soles dicere. Illa argumenta propria videamus, cur omnia sint paria peccata. </p>\n\n<ol>\n\t<li>Atque haec coniunctio confusioque virtutum tamen a philosophis ratione quadam distinguitur.</li>\n\t<li>Philosophi autem in suis lectulis plerumque moriuntur.</li>\n\t<li>Ergo instituto veterum, quo etiam Stoici utuntur, hinc capiamus exordium.</li>\n</ol>\n\n\n<ul>\n\t<li>At ego quem huic anteponam non audeo dicere;</li>\n\t<li>Hoc positum in Phaedro a Platone probavit Epicurus sensitque in omni disputatione id fieri oportere.</li>\n\t<li>Quis non odit sordidos, vanos, leves, futtiles?</li>\n</ul>\n\n\n<pre>\nUnum, cum in voluptate sumus, alterum, cum in dolore,\ntertium hoc, in quo nunc equidem sum, credo item vos, nec in\ndolore nec in voluptate;\n\nEaedem enim utilitates poterunt eas labefactare atque\npervertere.\n</pre>\n\n\n<dl>\n\t<dt><dfn>Pollicetur certe.</dfn></dt>\n\t<dd>Amicitiam autem adhibendam esse censent, quia sit ex eo genere, quae prosunt.</dd>\n\t<dt><dfn>Quid vero?</dfn></dt>\n\t<dd>In enumerandis autem corporis commodis si quis praetermissam a nobis voluptatem putabit, in aliud tempus ea quaestio differatur.</dd>\n\t<dt><dfn>Haeret in salebra.</dfn></dt>\n\t<dd>Itaque hoc frequenter dici solet a vobis, non intellegere nos, quam dicat Epicurus voluptatem.</dd>\n\t<dt><dfn>Etiam beatissimum?</dfn></dt>\n\t<dd>Primum in nostrane potestate est, quid meminerimus?</dd>\n</dl>\n\n\n<p>Deprehensus omnem poenam contemnet. Invidiosum nomen est, infame, suspectum. Tum Torquatus: Prorsus, inquit, assentior; Num quid tale Democritus? </p>\n\n",
    "eventUrl": "http://en.wikipedia.com/wiki/Lorem_ipsum",
    "creation_date": "2018/10/26 13:49:30.422807 GMT-4",
    "contactEmail": "loremipsum@mail.com",
    "_uid": "7b7b23ae1e9247d08eb3eab68988b366",
    "expirationDate": "None",
    "contactName": "Risus curae euismod nulla nibh mus etiam.",
    "_content_type_id": "text/plain",
    "contactPhone": "Netus donec nostra libero sem.",
    "id": "vitae-lacus-arcu-non-augue-hac-tellus-rhoncus-in-semper.",
    "subject": [],
    "attendees": [],
    "effectiveDate": "2018/10/26 13:51:40.857579 GMT-4",
    "title": "Vitae lacus arcu non augue hac tellus rhoncus in semper.",
    "_content_type_contactPhone": "text/plain",
    "_content_type_eventUrl": "text/plain",
    "_content_type_language": "text/plain",
    "_defaultpage": "",
    "location": "Massa donec suspendisse volutpat curae nec nibh ornare mi lorem.",
    "_content_type_title": "text/plain",
    "excludeFromNav": false,
    "_content_type_contactName": "text/plain",
    "_type": "Event",
    "description": "Curae risus vivamus gravida nunc maecenas lacinia iaculis ligula dis nunc et neque at metus. Class velit ante. Etiam fames purus nullam tempor dapibus cubilia. Etiam porta rutrum id varius ultrices condimentum senectus vulputate et eros inceptos. Purus metus sit morbi tempor litora vivamus posuere nisl in sollicitudin potenti cras morbi. Ipsum fames nibh non duis ad facilisi natoque netus. Justo neque lacus posuere sem enim adipiscing montes. Netus velit. Donec curae potenti nullam arcu. Neque netus aptent dignissim vestibulum commodo nisi. Curae morbi. Dolor vitae cubilia diam urna. Fames dolor dictumst tristique ad ultricies. Augue morbi justo suspendisse praesent ridiculus dolor. Vitae augue nulla luctus sapien nonummy aliquet venenatis sed. Netus metus sociosqu. Massa augue.",
    "_atrefs": {},
    "_layout": "event_view",
    "_workflow_history": {
        "simple_publication_workflow": [
            {
                "action": null,
                "review_state": "private",
                "actor": "admin",
                "comments": "",
                "time": "2018/10/26 13:49:30.426060 GMT-4"
            },
            {
                "action": "publish",
                "review_state": "published",
                "actor": "admin",
                "comments": "",
                "time": "2018/10/26 13:51:40.872307 GMT-4"
            }
        ]
    },
    "_content_type_rights": "text/plain",
    "_directly_provided": [],
    "_classname": "ATEvent",
    "_userdefined_roles": [],
    "_content_type_contactEmail": "text/plain",
    "_content_type": "text/html",
    "_id": "vitae-lacus-arcu-non-augue-hac-tellus-rhoncus-in-semper.",
    "modification_date": "2018/10/26 13:51:40.857846 GMT-4",
    "language": "en",
    "rights": "Porta class proin orci ut cras morbi fames. Neque felis nisi duis hendrerit ve luctus sodales vivamus. Donec netus interdum nam gravida eu cum suspendisse aliquet condimentum nisl. Velit proin. Justo purus conubia. Donec justo leo. Netus velit primis magna adipiscing arcu etiam. Dolor morbi habitant tincidunt a non fringilla. Netus neque varius laoreet elementum interdum tellus orci id lobortis. Porta massa. Netus neque iaculis varius ve erat justo et nostra mi pretium ad placerat pretium curae. Fusce nulla magna netus sagittis consequat. Justo netus nostra sociis placerat morbi eros tortor rutrum orci.",
    "_atbrefs": {},
    "_content_type_description": "text/plain",
    "_owner": "admin",
    "_content_type_location": "text/plain",
    "_permissions": {
        "Modify portal content": {
            "acquire": false,
            "roles": [
                "Editor",
                "Manager",
                "Owner",
                "Site Administrator"
            ]
        },
        "Access contents information": {
            "acquire": false,
            "roles": [
                "Anonymous"
            ]
        },
        "View": {
            "acquire": false,
            "roles": [
                "Anonymous"
            ]
        }
    },
    "_properties": [
        [
            "title",
            "Vitae lacus arcu non augue hac tellus rhoncus in semper.",
            "string"
        ]
    ],
    "allowDiscussion": false,
    "_gopip": 12,
    "creators": [
        "admin"
    ],
    "_ac_local_roles": {
        "admin": [
            "Owner"
        ]
    },
    "_path": "/Plone/events/vitae-lacus-arcu-non-augue-hac-tellus-rhoncus-in-semper."
}