{
    "startDate": "2018/11/13 09:11:57.012745 GMT-4",
    "endDate": "2018/11/13 16:19:38.330287 GMT-4",
    "contributors": [],
    "_content_type_text": "text/html",
    "text": "<h1>Quae similitudo in genere etiam humano apparet.</h1>\n\n<p>Lorem ipsum dolor sit amet, consectetur adipiscing elit. Aliter enim explicari, quod quaeritur, non potest. Quid ergo attinet gloriose loqui, nisi constanter loquare? Sin aliud quid voles, postea. Prioris generis est docilitas, memoria; An eiusdem modi? </p>\n\n<pre>\nQuae est quaerendi ac disserendi, quae logikh dicitur, iste\nvester plane, ut mihi quidem videtur, inermis ac nudus est.\n\nErgo in iis adolescentibus bonam spem esse dicemus et magnam\nindolem, quos suis commodis inservituros et quicquid ipsis\nexpediat facturos arbitrabimur?\n</pre>\n\n\n<h2>Ratio enim nostra consentit, pugnat oratio.</h2>\n\n<p>Non igitur bene. Gloriosa ostentatio in constituendo summo bono. <a href='http://loripsum.net/' target='_blank'>Duo Reges: constructio interrete.</a> Sed nunc, quod agimus; Virtutis, magnitudinis animi, patientiae, fortitudinis fomentis dolor mitigari solet. Itaque ab his ordiamur. Primum divisit ineleganter; Et quidem, inquit, vehementer errat; </p>\n\n<h3>Qui convenit?</h3>\n\n<p>Non est igitur voluptas bonum. <a href='http://loripsum.net/' target='_blank'>Velut ego nunc moveor.</a> </p>\n\n<ol>\n\t<li>Numquam facies.</li>\n\t<li>Ad corpus diceres pertinere-, sed ea, quae dixi, ad corpusne refers?</li>\n\t<li>Atque ita re simpliciter primo collocata reliqua subtilius persequentes corporis bona facilem quandam rationem habere censebant;</li>\n\t<li>Iam quae corporis sunt, ea nec auctoritatem cum animi partibus, comparandam et cognitionem habent faciliorem.</li>\n\t<li>Quid igitur, inquit, eos responsuros putas?</li>\n\t<li>Neque enim disputari sine reprehensione nec cum iracundia aut pertinacia recte disputari potest.</li>\n</ol>\n\n\n<ul>\n\t<li>Apparet statim, quae sint officia, quae actiones.</li>\n\t<li>Nonne videmus quanta perturbatio rerum omnium consequatur, quanta confusio?</li>\n\t<li>Sed tempus est, si videtur, et recta quidem ad me.</li>\n\t<li>Portenta haec esse dicit, neque ea ratione ullo modo posse vivi;</li>\n</ul>\n\n\n<dl>\n\t<dt><dfn>Quid iudicant sensus?</dfn></dt>\n\t<dd>Summus dolor plures dies manere non potest?</dd>\n\t<dt><dfn>Quis negat?</dfn></dt>\n\t<dd>Nec vero pietas adversus deos nec quanta iis gratia debeatur sine explicatione naturae intellegi potest.</dd>\n\t<dt><dfn>Quid Zeno?</dfn></dt>\n\t<dd>Si alia sentit, inquam, alia loquitur, numquam intellegam quid sentiat;</dd>\n\t<dt><dfn>In schola desinis.</dfn></dt>\n\t<dd>Quonam modo?</dd>\n</dl>\n\n\n",
    "eventUrl": "http://en.wikipedia.com/wiki/Lorem_ipsum",
    "creation_date": "2018/10/26 13:49:30.772071 GMT-4",
    "contactEmail": "loremipsum@mail.com",
    "_uid": "68abb33713c742358a56a5a7d337384c",
    "expirationDate": "None",
    "contactName": "Fusce etiam.",
    "_content_type_id": "text/plain",
    "contactPhone": "Etiam massa netus mattis dolor facilisi ut.",
    "id": "fusce-metus-non-eget-eros-ultricies-pede-leo-ipsum-nostra.",
    "subject": [],
    "attendees": [],
    "effectiveDate": "2018/10/26 13:51:40.886755 GMT-4",
    "title": "Fusce metus non eget eros ultricies pede leo ipsum nostra.",
    "_content_type_contactPhone": "text/plain",
    "_content_type_eventUrl": "text/plain",
    "_content_type_language": "text/plain",
    "_defaultpage": "",
    "location": "Justo nulla dictum ullamcorper metus aptent nulla.",
    "_content_type_title": "text/plain",
    "excludeFromNav": true,
    "_content_type_contactName": "text/plain",
    "_type": "Event",
    "description": "Justo netus platea eu ornare tincidunt. Dolor fusce lectus lacus mus ipsum amet penatibus pulvinar arcu conubia ut. Nulla metus cras magna feugiat netus nibh dui. Metus etiam. Netus porta faucibus fringilla pede dui sollicitudin fusce. Neque porta nunc aliquet a tempor nibh proin egestas. Augue lorem molestie porta at luctus duis vivamus mi. Risus proin turpis eni platea ad vehicula. Metus morbi vivamus mi nisl. Magna ipsum. Lorem neque magnis justo porttitor sit vitae donec montes. Nulla donec mollis fusce aliquam eu metus donec porta iaculis mauris. Massa fames lectus ullamcorper metus platea pharetra facilisi. Class lorem donec dolor condimentum ut tempus cum cursus quam semper. Nulla donec potenti nam senectus fames ad felis.",
    "_atrefs": {},
    "_layout": "event_view",
    "_workflow_history": {
        "simple_publication_workflow": [
            {
                "action": null,
                "review_state": "private",
                "actor": "admin",
                "comments": "",
                "time": "2018/10/26 13:49:30.775443 GMT-4"
            },
            {
                "action": "publish",
                "review_state": "published",
                "actor": "admin",
                "comments": "",
                "time": "2018/10/26 13:51:40.901093 GMT-4"
            }
        ]
    },
    "_content_type_rights": "text/plain",
    "_directly_provided": [],
    "_classname": "ATEvent",
    "_userdefined_roles": [],
    "_content_type_contactEmail": "text/plain",
    "_content_type": "text/html",
    "_id": "fusce-metus-non-eget-eros-ultricies-pede-leo-ipsum-nostra.",
    "modification_date": "2018/10/26 13:51:40.887046 GMT-4",
    "language": "en",
    "rights": "Augue justo tempor donec ve dolor in netus vitae hac leo fringilla congue urna nisi. Felis justo mattis primis at libero facilisis facilisi fames a. Dolor morbi magnis enim erat urna dolor viverra. Felis fames. Fames magna nisl dui quam urna ve lacus ac mollis. Curae nulla auctor sem parturient tincidunt porta. Morbi justo litora. Vitae porta tortor adipiscing lorem orci. Augue magna odio mus donec integer montes nec commodo lacus. Metus risus ornare aptent ultricies lacinia velit mus fringilla quis pede in quam ultricies magna mi nullam tincidunt tellus interdum. Curae fames fusce arcu per et tellus dictumst sagittis auctor purus adipiscing dictumst viverra. Curae neque. Metus porta cubilia sodales. Lacus porta cum lacinia cras. Neque fusce dui nunc mus arcu adipiscing malesuada suspendisse. Curae donec class eni massa. Etiam massa litora curabitur penatibus elit leo gravida. Justo nulla condimentum vehicula convallis pellentesque potenti eros id odio sociis. Ipsum risus taciti sociis ut cras nullam lacinia. Fames donec dolor maecenas nam ipsum. Velit massa a pretium eu eros etiam sagittis.",
    "_atbrefs": {},
    "_content_type_description": "text/plain",
    "_owner": "admin",
    "_content_type_location": "text/plain",
    "_permissions": {
        "Modify portal content": {
            "acquire": false,
            "roles": [
                "Editor",
                "Manager",
                "Owner",
                "Site Administrator"
            ]
        },
        "Access contents information": {
            "acquire": false,
            "roles": [
                "Anonymous"
            ]
        },
        "View": {
            "acquire": false,
            "roles": [
                "Anonymous"
            ]
        }
    },
    "_properties": [
        [
            "title",
            "Fusce metus non eget eros ultricies pede leo ipsum nostra.",
            "string"
        ]
    ],
    "allowDiscussion": false,
    "_gopip": 13,
    "creators": [
        "admin"
    ],
    "_ac_local_roles": {
        "admin": [
            "Owner"
        ]
    },
    "_path": "/Plone/events/fusce-metus-non-eget-eros-ultricies-pede-leo-ipsum-nostra."
}