{
    "startDate": "2018/10/12 22:31:10.629132 GMT-4",
    "endDate": "2018/10/13 04:54:8.993618 GMT-4",
    "contributors": [],
    "_content_type_text": "text/html",
    "text": "<h1>Efficiens dici potest.</h1>\n\n<p>Lorem ipsum dolor sit amet, consectetur adipiscing elit. Iam id ipsum absurdum, maximum malum neglegi. Primum in nostrane potestate est, quid meminerimus? Itaque his sapiens semper vacabit. <a href='http://loripsum.net/' target='_blank'>Quid autem habent admirationis, cum prope accesseris?</a> Duo Reges: constructio interrete. Sed quod proximum fuit non vidit. </p>\n\n<ol>\n\t<li>Infinitio ipsa, quam apeirian vocant, tota ab illo est, tum innumerabiles mundi, qui et oriantur et intereant cotidie.</li>\n\t<li>Quo modo?</li>\n\t<li>Sed finge non solum callidum eum, qui aliquid improbe faciat, verum etiam praepotentem, ut M.</li>\n\t<li>Quid de Pythagora?</li>\n</ol>\n\n\n<dl>\n\t<dt><dfn>Quid vero?</dfn></dt>\n\t<dd>Perturbationes autem nulla naturae vi commoventur, omniaque ea sunt opiniones ac iudicia levitatis.</dd>\n\t<dt><dfn>Ut pulsi recurrant?</dfn></dt>\n\t<dd>Illud quaero, quid ei, qui in voluptate summum bonum ponat, consentaneum sit dicere.</dd>\n\t<dt><dfn>Magna laus.</dfn></dt>\n\t<dd>Quod vestri quidem vel optime disputant, nihil opus esse eum, qui philosophus futurus sit, scire litteras.</dd>\n\t<dt><dfn>Audeo dicere, inquit.</dfn></dt>\n\t<dd>Mihi enim erit isdem istis fortasse iam utendum.</dd>\n</dl>\n\n\n<p><a href='http://loripsum.net/' target='_blank'>Quae cum dixisset, finem ille.</a> Murenam te accusante defenderem. Cur iustitia laudatur? Nescio quo modo praetervolavit oratio. </p>\n\n<h2>Ad eos igitur converte te, quaeso.</h2>\n\n<p>Teneo, inquit, finem illi videri nihil dolere. <code>Minime vero, inquit ille, consentit.</code> <a href='http://loripsum.net/' target='_blank'>Sed vos squalidius, illorum vides quam niteat oratio.</a> Quod ea non occurrentia fingunt, vincunt Aristonem; </p>\n\n<pre>\nItaque ut quisque optime natus institutusque est, esse\nomnino nolit in vita, si gerendis negotiis orbatus possit\nparatissimis vesci voluptatibus.\n\nInfinitio ipsa, quam apeirian vocant, tota ab illo est, tum\ninnumerabiles mundi, qui et oriantur et intereant cotidie.\n</pre>\n\n\n<ul>\n\t<li>Si sapiens, ne tum quidem miser, cum ab Oroete, praetore Darei, in crucem actus est.</li>\n\t<li>Erit enim mecum, si tecum erit.</li>\n\t<li>Quamquam haec quidem praeposita recte et reiecta dicere licebit.</li>\n\t<li>Non dolere, inquam, istud quam vim habeat postea videro;</li>\n</ul>\n\n\n",
    "eventUrl": "http://en.wikipedia.com/wiki/Lorem_ipsum",
    "creation_date": "2018/10/26 13:49:31.850543 GMT-4",
    "contactEmail": "loremipsum@mail.com",
    "_uid": "00923a825b9e424980741b1bdcd5c033",
    "expirationDate": "None",
    "contactName": "Felis massa interdum ridiculus at auctor sodales urna.",
    "_content_type_id": "text/plain",
    "contactPhone": "Purus netus mus ipsum nulla cum nulla fusce ipsum velit senectus est.",
    "id": "nulla-fames-tempor-vitae.",
    "subject": [],
    "attendees": [],
    "effectiveDate": "2018/10/26 13:51:40.962662 GMT-4",
    "title": "Nulla fames tempor vitae.",
    "_content_type_contactPhone": "text/plain",
    "_content_type_eventUrl": "text/plain",
    "_content_type_language": "text/plain",
    "_defaultpage": "",
    "location": "Magna justo erat sem sollicitudin rutrum netus condimentum enim.",
    "_content_type_title": "text/plain",
    "excludeFromNav": false,
    "_content_type_contactName": "text/plain",
    "_type": "Event",
    "description": "Proin ipsum. Justo augue duis. Proin risus luctus nunc habitasse interdum erat sociis. Dolor lacus nullam in euismod nisl consectetuer. Class justo est pede adipiscing libero ac dictumst nulla augue ligula. Nulla lacus posuere auctor et. Curae justo. Nulla ipsum suspendisse quam congue taciti et. Netus ipsum inceptos. Lacus risus. Porta donec ullamcorper eleifend dapibus velit cras donec convallis semper. Lorem massa sapien. Dolor curae ullamcorper quam rutrum hymenaeos risus est diam. Netus fusce massa sagittis parturient. Magna netus rhoncus cursus sem dis laoreet maecenas orci et sollicitudin. Vitae purus orci aliquam amet duis viverra in. Lorem fusce. Fusce morbi proin mus adipiscing libero at tortor dis odio elit maecenas orci.",
    "_atrefs": {},
    "_layout": "event_view",
    "_workflow_history": {
        "simple_publication_workflow": [
            {
                "action": null,
                "review_state": "private",
                "actor": "admin",
                "comments": "",
                "time": "2018/10/26 13:49:31.854225 GMT-4"
            },
            {
                "action": "publish",
                "review_state": "published",
                "actor": "admin",
                "comments": "",
                "time": "2018/10/26 13:51:40.976548 GMT-4"
            }
        ]
    },
    "_content_type_rights": "text/plain",
    "_directly_provided": [],
    "_classname": "ATEvent",
    "_userdefined_roles": [],
    "_content_type_contactEmail": "text/plain",
    "_content_type": "text/html",
    "_id": "nulla-fames-tempor-vitae.",
    "modification_date": "2018/10/26 13:51:40.962936 GMT-4",
    "language": "en",
    "rights": "Risus nulla mus eget mattis molestie. Ipsum purus orci euismod in maecenas cum risus. Vitae porta ultrices massa. Velit massa aenean neque velit senectus nunc sem mollis. Magna morbi nec penatibus mattis pede ante adipiscing. Vitae purus orci amet vestibulum est porta facilisis. Neque vitae. Netus augue tellus ut metus habitasse tristique felis ad pharetra nullam. Magna justo duis facilisi donec. Class fusce tellus risus. Lorem porta ornare neque hac eget tempor volutpat. Curae massa. Class felis lectus ac eleifend lacinia sodales elit in orci. Felis magna. Augue lacus. Lacus neque felis nisi quam accumsan ullamcorper sem tortor dapibus mattis per mus.",
    "_atbrefs": {},
    "_content_type_description": "text/plain",
    "_owner": "admin",
    "_content_type_location": "text/plain",
    "_permissions": {
        "Modify portal content": {
            "acquire": false,
            "roles": [
                "Editor",
                "Manager",
                "Owner",
                "Site Administrator"
            ]
        },
        "Access contents information": {
            "acquire": false,
            "roles": [
                "Anonymous"
            ]
        },
        "View": {
            "acquire": false,
            "roles": [
                "Anonymous"
            ]
        }
    },
    "_properties": [
        [
            "title",
            "Nulla fames tempor vitae.",
            "string"
        ]
    ],
    "allowDiscussion": false,
    "_gopip": 16,
    "creators": [
        "admin"
    ],
    "_ac_local_roles": {
        "admin": [
            "Owner"
        ]
    },
    "_path": "/Plone/events/nulla-fames-tempor-vitae."
}