{
    "startDate": "2018/10/29 12:28:49.705522 GMT-4",
    "endDate": "2018/10/30 16:17:1.897034 GMT-4",
    "contributors": [],
    "_content_type_text": "text/html",
    "text": "<h1>Quis animo aequo videt eum, quem inpure ac flagitiose putet vivere?</h1>\n\n<p>Lorem ipsum dolor sit amet, consectetur adipiscing elit. Ita prorsus, inquam; Idem adhuc; Sit sane ista voluptas. Duo Reges: constructio interrete. Haec para/doca illi, nos admirabilia dicamus. Quamquam id quidem, infinitum est in hac urbe; </p>\n\n<ol>\n\t<li>Sin tantum modo ad indicia veteris memoriae cognoscenda, curiosorum.</li>\n\t<li>Sed id ne cogitari quidem potest quale sit, ut non repugnet ipsum sibi.</li>\n\t<li>Vos autem cum perspicuis dubia debeatis illustrare, dubiis perspicua conamini tollere.</li>\n\t<li>Tanti autem aderant vesicae et torminum morbi, ut nihil ad eorum magnitudinem posset accedere.</li>\n\t<li>Nam et a te perfici istam disputationem volo, nec tua mihi oratio longa videri potest.</li>\n</ol>\n\n\n<ul>\n\t<li>Non laboro, inquit, de nomine.</li>\n\t<li>Non igitur potestis voluptate omnia dirigentes aut tueri aut retinere virtutem.</li>\n</ul>\n\n\n<dl>\n\t<dt><dfn>Idemne, quod iucunde?</dfn></dt>\n\t<dd>Quasi ego id curem, quid ille aiat aut neget.</dd>\n\t<dt><dfn>Explanetur igitur.</dfn></dt>\n\t<dd>Ego vero volo in virtute vim esse quam maximam;</dd>\n\t<dt><dfn>Peccata paria.</dfn></dt>\n\t<dd>Quamvis enim depravatae non sint, pravae tamen esse possunt.</dd>\n\t<dt><dfn>Tria genera bonorum;</dfn></dt>\n\t<dd>Experiamur igitur, inquit, etsi habet haec Stoicorum ratio difficilius quiddam et obscurius.</dd>\n</dl>\n\n\n<pre>\nTanta vis inerat in verbis propter earum rerum, quae\nsignificabantur his verbis, dignitatem, ut altior fieres, ut\ninterdum insisteres, ut nos intuens quasi testificarere\nlaudari honestatem et iustitiam aliquando ab Epicuro.\n\nZenonis est, inquam, hoc Stoici.\n</pre>\n\n\n<p>Quorum altera prosunt, nocent altera. Sed tamen intellego quid velit. Hoc loco tenere se Triarius non potuit. Quid censes in Latino fore? Non igitur bene. <a href='http://loripsum.net/' target='_blank'>Omnia contraria, quos etiam insanos esse vultis.</a> <a href='http://loripsum.net/' target='_blank'>Ne in odium veniam, si amicum destitero tueri.</a> </p>\n\n<p><code>Quo tandem modo?</code> Magna laus. Beatum, inquit. ALIO MODO. Quis hoc dicit? Quare attende, quaeso. </p>\n\n",
    "eventUrl": "http://en.wikipedia.com/wiki/Lorem_ipsum",
    "creation_date": "2018/10/26 13:49:32.205268 GMT-4",
    "contactEmail": "loremipsum@mail.com",
    "_uid": "31b605cd82634f7b9fa15d5bd3dfb56b",
    "expirationDate": "None",
    "contactName": "Ipsum risus.",
    "_content_type_id": "text/plain",
    "contactPhone": "Class morbi.",
    "id": "proin-ipsum-augue-suspendisse-sociosqu-enim-tortor-nonummy.",
    "subject": [],
    "attendees": [],
    "effectiveDate": "2018/10/26 13:51:40.988817 GMT-4",
    "title": "Proin ipsum augue suspendisse sociosqu enim tortor nonummy.",
    "_content_type_contactPhone": "text/plain",
    "_content_type_eventUrl": "text/plain",
    "_content_type_language": "text/plain",
    "_defaultpage": "",
    "location": "Etiam fames.",
    "_content_type_title": "text/plain",
    "excludeFromNav": false,
    "_content_type_contactName": "text/plain",
    "_type": "Event",
    "description": "Fusce neque per pede pulvinar lorem. Fusce velit hac urna est ipsum eni adipiscing vestibulum ad. Fames risus facilisi imperdiet metus. Curae netus integer potenti diam sem magna tellus metus facilisi. Justo class. Purus porta felis bibendum porta nisl per enim nunc volutpat suspendisse dui. Proin vitae tempus ullamcorper nulla cursus condimentum. Donec class magnis nam feugiat lorem erat. Purus morbi. Etiam lorem class blandit imperdiet mus porta pede justo ultricies felis rutrum. Lacus etiam ante potenti a aenean nisi. Purus dolor. Etiam magna sodales nisl facilisi parturient aenean duis. Netus porta ante dictumst class ve porta turpis pede. Porta dolor mattis vitae consequat ante. Donec fames leo nunc torquent in proin hac quam vestibulum.",
    "_atrefs": {},
    "_layout": "event_view",
    "_workflow_history": {
        "simple_publication_workflow": [
            {
                "action": null,
                "review_state": "private",
                "actor": "admin",
                "comments": "",
                "time": "2018/10/26 13:49:32.208812 GMT-4"
            },
            {
                "action": "publish",
                "review_state": "published",
                "actor": "admin",
                "comments": "",
                "time": "2018/10/26 13:51:41.001759 GMT-4"
            }
        ]
    },
    "_content_type_rights": "text/plain",
    "_directly_provided": [],
    "_classname": "ATEvent",
    "_userdefined_roles": [],
    "_content_type_contactEmail": "text/plain",
    "_content_type": "text/html",
    "_id": "proin-ipsum-augue-suspendisse-sociosqu-enim-tortor-nonummy.",
    "modification_date": "2018/10/26 13:51:40.989066 GMT-4",
    "language": "en",
    "rights": "Dolor justo. Morbi porta torquent lacus rhoncus. Curae lacus nostra parturient curae nisl turpis magnis vel. Etiam ipsum justo condimentum ad auctor nec feugiat nisi ut sollicitudin ligula. Augue curae nulla eni odio. Lorem magna tortor est mollis hendrerit fusce. Felis massa fames dictum vitae mi eget odio. Morbi porta congue ipsum netus elementum ipsum a diam vestibulum dis. Fames fusce ligula leo erat. Porta netus faucibus. Vitae risus a duis adipiscing hendrerit nibh habitasse mollis inceptos erat nec nisi a. Etiam vitae. Donec velit curae ullamcorper vel mattis libero. Curae morbi leo ante arcu.",
    "_atbrefs": {},
    "_content_type_description": "text/plain",
    "_owner": "admin",
    "_content_type_location": "text/plain",
    "_permissions": {
        "Modify portal content": {
            "acquire": false,
            "roles": [
                "Editor",
                "Manager",
                "Owner",
                "Site Administrator"
            ]
        },
        "Access contents information": {
            "acquire": false,
            "roles": [
                "Anonymous"
            ]
        },
        "View": {
            "acquire": false,
            "roles": [
                "Anonymous"
            ]
        }
    },
    "_properties": [
        [
            "title",
            "Proin ipsum augue suspendisse sociosqu enim tortor nonummy.",
            "string"
        ]
    ],
    "allowDiscussion": false,
    "_gopip": 17,
    "creators": [
        "admin"
    ],
    "_ac_local_roles": {
        "admin": [
            "Owner"
        ]
    },
    "_path": "/Plone/events/proin-ipsum-augue-suspendisse-sociosqu-enim-tortor-nonummy."
}