{
    "startDate": "2018/10/06 22:35:40.741578 GMT-4",
    "endDate": "2018/10/09 19:21:34.703738 GMT-4",
    "contributors": [],
    "_content_type_text": "text/html",
    "text": "<h1>Qua tu etiam inprudens utebare non numquam.</h1>\n\n<p>Lorem ipsum dolor sit amet, consectetur adipiscing elit. Qui ita affectus, beatum esse numquam probabis; <a href='http://loripsum.net/' target='_blank'>Quod iam a me expectare noli.</a> Duo Reges: constructio interrete. Nam de isto magna dissensio est. Suo genere perveniant ad extremum; Bonum liberi: misera orbitas. </p>\n\n<ol>\n\t<li>A villa enim, credo, et: Si ibi te esse scissem, ad te ipse venissem.</li>\n\t<li>Cur tantas regiones barbarorum pedibus obiit, tot maria transmisit?</li>\n\t<li>Plane idem, inquit, et maxima quidem, qua fieri nulla maior potest.</li>\n\t<li>Sed erat aequius Triarium aliquid de dissensione nostra iudicare.</li>\n\t<li>O magnam vim ingenii causamque iustam, cur nova existeret disciplina! Perge porro.</li>\n\t<li>Perturbationes autem nulla naturae vi commoventur, omniaque ea sunt opiniones ac iudicia levitatis.</li>\n</ol>\n\n\n<h2>Quamquam ab iis philosophiam et omnes ingenuas disciplinas habemus;</h2>\n\n<p>Quodsi ipsam honestatem undique pertectam atque absolutam. Quae ista amicitia est? <a href='http://loripsum.net/' target='_blank'>Et quidem, inquit, vehementer errat;</a> Bonum integritas corporis: misera debilitas. Atqui reperies, inquit, in hoc quidem pertinacem; Num quid tale Democritus? </p>\n\n<ul>\n\t<li>Polemoni et iam ante Aristoteli ea prima visa sunt, quae paulo ante dixi.</li>\n\t<li>An vero displicuit ea, quae tributa est animi virtutibus tanta praestantia?</li>\n\t<li>Dat enim id nobis solitudo, quod si qui deus diceret, numquam putarem me in Academia tamquam philosophum disputaturum.</li>\n\t<li>Quorum altera prosunt, nocent altera.</li>\n</ul>\n\n\n<pre>\nHinc ceteri particulas arripere conati suam quisque videro\nvoluit afferre sententiam.\n\nEst enim perspicuum nullam artem ipsam in se versari, sed\nesse aliud artem ipsam, aliud quod propositum sit arti.\n</pre>\n\n\n<p>Praeteritis, inquit, gaudeo. Comprehensum, quod cognitum non habet? Nunc omni virtuti vitium contrario nomine opponitur. Age, inquies, ista parva sunt. </p>\n\n<dl>\n\t<dt><dfn>Immo videri fortasse.</dfn></dt>\n\t<dd>Si verbum sequimur, primum longius verbum praepositum quam bonum.</dd>\n\t<dt><dfn>Sed videbimus.</dfn></dt>\n\t<dd>Scientiam pollicentur, quam non erat mirum sapientiae cupido patria esse cariorem.</dd>\n\t<dt><dfn>Pugnant Stoici cum Peripateticis.</dfn></dt>\n\t<dd>Immo istud quidem, inquam, quo loco quidque, nisi iniquum postulo, arbitratu meo.</dd>\n\t<dt><dfn>Primum divisit ineleganter;</dfn></dt>\n\t<dd>Quare, quoniam de primis naturae commodis satis dietum est nunc de maioribus consequentibusque videamus.</dd>\n</dl>\n\n\n",
    "eventUrl": "http://en.wikipedia.com/wiki/Lorem_ipsum",
    "creation_date": "2018/10/26 13:49:34.138266 GMT-4",
    "contactEmail": "loremipsum@mail.com",
    "_uid": "1bba108099674d57b0e470cbfbee5648",
    "expirationDate": "None",
    "contactName": "Etiam vitae arcu leo eget a.",
    "_content_type_id": "text/plain",
    "contactPhone": "Neque curae.",
    "id": "proin-justo-eget-justo-neque-a.",
    "subject": [],
    "attendees": [],
    "effectiveDate": "2018/10/26 13:51:41.120533 GMT-4",
    "title": "Proin justo eget justo neque a.",
    "_content_type_contactPhone": "text/plain",
    "_content_type_eventUrl": "text/plain",
    "_content_type_language": "text/plain",
    "_defaultpage": "",
    "location": "Nulla velit.",
    "_content_type_title": "text/plain",
    "excludeFromNav": false,
    "_content_type_contactName": "text/plain",
    "_type": "Event",
    "description": "Vitae lorem faucibus hac quisque. Etiam risus condimentum interdum cubilia eros lacus posuere. Risus etiam vitae nostra suspendisse fusce cursus curae congue. Vitae justo magna dui magna integer. Metus dolor libero nullam diam nunc posuere ut in. Velit vitae est elit. Justo morbi mauris ut magna tempor tempus at erat. Etiam nulla suscipit convallis nec etiam malesuada lectus facilisis congue. Fusce donec.",
    "_atrefs": {},
    "_layout": "event_view",
    "_workflow_history": {
        "simple_publication_workflow": [
            {
                "action": null,
                "review_state": "private",
                "actor": "admin",
                "comments": "",
                "time": "2018/10/26 13:49:34.142312 GMT-4"
            },
            {
                "action": "publish",
                "review_state": "published",
                "actor": "admin",
                "comments": "",
                "time": "2018/10/26 13:51:41.133112 GMT-4"
            }
        ]
    },
    "_content_type_rights": "text/plain",
    "_directly_provided": [],
    "_classname": "ATEvent",
    "_userdefined_roles": [],
    "_content_type_contactEmail": "text/plain",
    "_content_type": "text/html",
    "_id": "proin-justo-eget-justo-neque-a.",
    "modification_date": "2018/10/26 13:51:41.120832 GMT-4",
    "language": "en",
    "rights": "Justo nulla ante ve elit iaculis at sagittis posuere. Etiam morbi. Fames velit iaculis enim et ridiculus curae eu amet habitant fames. Morbi proin velit ligula porttitor. Purus netus eleifend eros mauris lectus. Metus curae. Class justo primis cras ridiculus pellentesque vestibulum nunc ridiculus amet. Purus risus varius pellentesque habitasse tellus interdum ve fames placerat felis. Nulla porta dolor sagittis at massa elementum. Metus dolor non. Proin etiam dolor inceptos dis.",
    "_atbrefs": {},
    "_content_type_description": "text/plain",
    "_owner": "admin",
    "_content_type_location": "text/plain",
    "_permissions": {
        "Modify portal content": {
            "acquire": false,
            "roles": [
                "Editor",
                "Manager",
                "Owner",
                "Site Administrator"
            ]
        },
        "Access contents information": {
            "acquire": false,
            "roles": [
                "Anonymous"
            ]
        },
        "View": {
            "acquire": false,
            "roles": [
                "Anonymous"
            ]
        }
    },
    "_properties": [
        [
            "title",
            "Proin justo eget justo neque a.",
            "string"
        ]
    ],
    "allowDiscussion": false,
    "_gopip": 22,
    "creators": [
        "admin"
    ],
    "_ac_local_roles": {
        "admin": [
            "Owner"
        ]
    },
    "_path": "/Plone/events/proin-justo-eget-justo-neque-a."
}