{
    "startDate": "2018/11/14 07:24:54.026431 GMT-4",
    "endDate": "2018/11/16 03:09:14.227919 GMT-4",
    "contributors": [],
    "_content_type_text": "text/html",
    "text": "<h1>Illis videtur, qui illud non dubitant bonum dicere -;</h1>\n\n<p>Lorem ipsum dolor sit amet, consectetur adipiscing elit. Ego vero isti, inquam, permitto. Videsne quam sit magna dissensio? Cur post Tarentum ad Archytam? Praeteritis, inquit, gaudeo. Duo Reges: constructio interrete. </p>\n\n<ul>\n\t<li>Comprehensum, quod cognitum non habet?</li>\n\t<li>Quibusnam praeteritis?</li>\n\t<li>Ergo et avarus erit, sed finite, et adulter, verum habebit modum, et luxuriosus eodem modo.</li>\n\t<li>In voluptate corporis-addam, si vis, animi, dum ea ipsa, ut vultis, sit e corpore-situm est vivere beate.</li>\n</ul>\n\n\n<dl>\n\t<dt><dfn>Sed videbimus.</dfn></dt>\n\t<dd>Ex eorum enim scriptis et institutis cum omnis doctrina liberalis, omnis historia.</dd>\n\t<dt><dfn>Nihil sane.</dfn></dt>\n\t<dd>Qui autem esse poteris, nisi te amor ipse ceperit?</dd>\n\t<dt><dfn>Sed videbimus.</dfn></dt>\n\t<dd>Eodem modo is enim tibi nemo dabit, quod, expetendum sit, id esse laudabile.</dd>\n</dl>\n\n\n<ol>\n\t<li>Non enim ipsa genuit hominem, sed accepit a natura inchoatum.</li>\n\t<li>Dolere malum est: in crucem qui agitur, beatus esse non potest.</li>\n\t<li>Sin aliud quid voles, postea.</li>\n</ol>\n\n\n<pre>\nDeinde non quaerimus, quid obscuretur aut intereat, quia sit\nadmodum parvum, sed quid tale sit, ut expleat summam.\n\nNam omnia, quae sumenda quaeque legenda aut optanda sunt,\ninesse debent in summa bonorum, ut is, qui eam adeptus sit,\nnihil praeterea desideret.\n</pre>\n\n\n<p>Profectus in exilium Tubulus statim nec respondere ausus; Bonum negas esse divitias, praepos\u00ectum esse dicis? Negare non possum. Praeteritis, inquit, gaudeo. </p>\n\n<h2>Easdemne res?</h2>\n\n<p>Non quam nostram quidem, inquit Pomponius iocans; Quo tandem modo? Quid sequatur, quid repugnet, vident. Cur haec eadem Democritus? Nihil enim iam habes, quod ad corpus referas; An tu me de L. </p>\n\n",
    "eventUrl": "http://en.wikipedia.com/wiki/Lorem_ipsum",
    "creation_date": "2018/10/26 13:49:35.950447 GMT-4",
    "contactEmail": "loremipsum@mail.com",
    "_uid": "ba4da5cd236e414fb72c1566357847f8",
    "expirationDate": "None",
    "contactName": "Metus velit porta montes placerat fermentum tellus netus.",
    "_content_type_id": "text/plain",
    "contactPhone": "Etiam dolor vel purus nulla est netus euismod convallis cras dis.",
    "id": "fusce-risus-lorem.",
    "subject": [],
    "attendees": [],
    "effectiveDate": "2018/10/26 13:51:41.255981 GMT-4",
    "title": "Fusce risus lorem.",
    "_content_type_contactPhone": "text/plain",
    "_content_type_eventUrl": "text/plain",
    "_content_type_language": "text/plain",
    "_defaultpage": "",
    "location": "Morbi velit malesuada ve scelerisque enim odio dictumst neque porta nullam.",
    "_content_type_title": "text/plain",
    "excludeFromNav": false,
    "_content_type_contactName": "text/plain",
    "_type": "Event",
    "description": "Justo neque mauris dolor. Nulla magna molestie nisl congue arcu in sollicitudin quisque amet. Velit fames interdum purus ad turpis ac quis netus fringilla nisl natoque quisque nisi. Lacus augue mauris hendrerit massa placerat vestibulum. Magna velit pretium auctor cursus torquent ultricies. Nulla vitae lorem turpis velit duis ve mus eros morbi et malesuada ut. Porta metus vitae nibh natoque ad nisl. Curae proin. Fusce felis sapien nunc velit ipsum neque. Massa porta. Fames porta inceptos elementum massa imperdiet vestibulum cras dolor potenti.",
    "_atrefs": {},
    "_layout": "event_view",
    "_workflow_history": {
        "simple_publication_workflow": [
            {
                "action": null,
                "review_state": "private",
                "actor": "admin",
                "comments": "",
                "time": "2018/10/26 13:49:35.954702 GMT-4"
            },
            {
                "action": "publish",
                "review_state": "published",
                "actor": "admin",
                "comments": "",
                "time": "2018/10/26 13:51:41.271474 GMT-4"
            }
        ]
    },
    "_content_type_rights": "text/plain",
    "_directly_provided": [],
    "_classname": "ATEvent",
    "_userdefined_roles": [],
    "_content_type_contactEmail": "text/plain",
    "_content_type": "text/html",
    "_id": "fusce-risus-lorem.",
    "modification_date": "2018/10/26 13:51:41.256254 GMT-4",
    "language": "en",
    "rights": "Metus velit non risus parturient dapibus nisl dapibus id volutpat augue id dis amet. Massa purus nostra class euismod donec dolor. Netus fusce placerat per id. Curae class curae quisque aenean. Nulla massa odio facilisis ut amet ve. Curae felis tempus etiam scelerisque torquent diam cum duis neque iaculis diam. Class magna risus. Etiam dolor. Nulla fames. Lorem proin praesent vitae aliquam tellus mi suscipit. Vitae curae. Etiam netus libero magna parturient. Felis magna faucibus ac sapien et tellus eu dapibus elit praesent ullamcorper. Class porta fames nibh penatibus. Ipsum nulla. Massa ipsum fringilla volutpat at ligula ipsum lobortis parturient. Neque curae hac pede dui suscipit habitasse ut id. Etiam class ante congue praesent nibh nec quisque. Proin magna platea dui posuere ad non velit.",
    "_atbrefs": {},
    "_content_type_description": "text/plain",
    "_owner": "admin",
    "_content_type_location": "text/plain",
    "_permissions": {
        "Modify portal content": {
            "acquire": false,
            "roles": [
                "Editor",
                "Manager",
                "Owner",
                "Site Administrator"
            ]
        },
        "Access contents information": {
            "acquire": false,
            "roles": [
                "Anonymous"
            ]
        },
        "View": {
            "acquire": false,
            "roles": [
                "Anonymous"
            ]
        }
    },
    "_properties": [
        [
            "title",
            "Fusce risus lorem.",
            "string"
        ]
    ],
    "allowDiscussion": false,
    "_gopip": 27,
    "creators": [
        "admin"
    ],
    "_ac_local_roles": {
        "admin": [
            "Owner"
        ]
    },
    "_path": "/Plone/events/fusce-risus-lorem."
}