{
    "startDate": "2018/10/14 14:57:2.271346 GMT-4",
    "endDate": "2018/10/16 17:57:19.027667 GMT-4",
    "contributors": [],
    "_content_type_text": "text/html",
    "text": "<h1>Semper enim ex eo, quod maximas partes continet latissimeque funditur, tota res appellatur.</h1>\n\n<p>Lorem ipsum dolor sit amet, consectetur adipiscing elit. <a href='http://loripsum.net/' target='_blank'>Duo Reges: constructio interrete.</a> <a href='http://loripsum.net/' target='_blank'>Qui autem esse poteris, nisi te amor ipse ceperit?</a> Primum divisit ineleganter; Nihil ad rem! Ne sit sane; Sed ad illum redeo. Cave putes quicquam esse verius. </p>\n\n<pre>\nQuod non subducta utilitatis ratione effici solet, sed ipsum\na se oritur et sua sponte nascitur.\n\nQui enim voluptatem ipsam contemnunt, iis licet dicere se\nacupenserem maenae non anteponere.\n</pre>\n\n\n<p>Pauca mutat vel plura sane; Quod iam a me expectare noli. Graece donan, Latine voluptatem vocant. At enim hic etiam dolore. Quonam, inquit, modo? Quod ea non occurrentia fingunt, vincunt Aristonem; Quonam, inquit, modo? </p>\n\n<dl>\n\t<dt><dfn>Sed nimis multa.</dfn></dt>\n\t<dd>Compensabatur, inquit, cum summis doloribus laetitia.</dd>\n\t<dt><dfn>Ille incendat?</dfn></dt>\n\t<dd>Quid ei reliquisti, nisi te, quoquo modo loqueretur, intellegere, quid diceret?</dd>\n\t<dt><dfn>Numquam facies.</dfn></dt>\n\t<dd>At ille pellit, qui permulcet sensum voluptate.</dd>\n\t<dt><dfn>Primum divisit ineleganter;</dfn></dt>\n\t<dd>Desideraret enim valitudinem, vacuitatem doloris, appeteret etiam conservationem sui earumque rerum custodiam finemque, sibi constitueret secundum naturam vivere.</dd>\n</dl>\n\n\n<p>Sed quid sentiat, non videtis. Quae cum essent dicta, discessimus. Quod quidem iam fit etiam in Academia. Virtutis, magnitudinis animi, patientiae, fortitudinis fomentis dolor mitigari solet. <a href='http://loripsum.net/' target='_blank'>Nam, ut sint illa vendibiliora, haec uberiora certe sunt.</a> Quam ob rem tandem, inquit, non satisfacit? Ea possunt paria non esse. <a href='http://loripsum.net/' target='_blank'>Aliter homines, aliter philosophos loqui putas oportere?</a> </p>\n\n<ul>\n\t<li>Facit enim ille duo seiuncta ultima bonorum, quae ut essent vera, coniungi debuerunt;</li>\n\t<li>Quod cum ille dixisset et satis disputatum videretur, in oppidum ad Pomponium perreximus omnes.</li>\n\t<li>Non est ista, inquam, Piso, magna dissensio.</li>\n</ul>\n\n\n<ol>\n\t<li>Paupertas si malum est, mendicus beatus esse nemo potest, quamvis sit sapiens.</li>\n\t<li>Tum, Quintus et Pomponius cum idem se velle dixissent, Piso exorsus est.</li>\n\t<li>Non autem hoc: igitur ne illud quidem.</li>\n\t<li>Sin te auctoritas commovebat, nobisne omnibus et Platoni ipsi nescio quem illum anteponebas?</li>\n</ol>\n\n\n",
    "eventUrl": "http://en.wikipedia.com/wiki/Lorem_ipsum",
    "creation_date": "2018/10/26 13:49:37.879262 GMT-4",
    "contactEmail": "loremipsum@mail.com",
    "_uid": "13301244106b4cd3a5786ef51c7da23a",
    "expirationDate": "None",
    "contactName": "Class netus sagittis at nec eu diam etiam.",
    "_content_type_id": "text/plain",
    "contactPhone": "Augue etiam nisl dapibus class eni etiam sit per rhoncus sociosqu semper.",
    "id": "fusce-ipsum-purus-faucibus-quis-euismod-velit-ac-nullam-sagittis-parturient-semper-orci-in-enim-nibh.",
    "subject": [],
    "attendees": [],
    "effectiveDate": "2018/10/26 13:51:41.408011 GMT-4",
    "title": "Fusce ipsum purus faucibus quis euismod velit ac nullam sagittis parturient semper orci in enim nibh.",
    "_content_type_contactPhone": "text/plain",
    "_content_type_eventUrl": "text/plain",
    "_content_type_language": "text/plain",
    "_defaultpage": "",
    "location": "Proin lacus dui eros inceptos eleifend ligula primis augue adipiscing faucibus.",
    "_content_type_title": "text/plain",
    "excludeFromNav": false,
    "_content_type_contactName": "text/plain",
    "_type": "Event",
    "description": "Netus felis varius et tempor dapibus quisque lobortis mollis tellus est urna. Lorem ipsum volutpat ipsum mi. Class curae cras quis quam conubia facilisis ultrices dictum integer at. Magna donec morbi sit hac at. Curae magna dictum. Class fusce cum imperdiet proin mi a semper. Fames magna. Porta nulla nullam luctus bibendum. Curae dolor purus ligula felis ut. Nulla justo eni ante quam nec nisi etiam curae metus odio pulvinar praesent.",
    "_atrefs": {},
    "_layout": "event_view",
    "_workflow_history": {
        "simple_publication_workflow": [
            {
                "action": null,
                "review_state": "private",
                "actor": "admin",
                "comments": "",
                "time": "2018/10/26 13:49:37.882672 GMT-4"
            },
            {
                "action": "publish",
                "review_state": "published",
                "actor": "admin",
                "comments": "",
                "time": "2018/10/26 13:51:41.423320 GMT-4"
            }
        ]
    },
    "_content_type_rights": "text/plain",
    "_directly_provided": [],
    "_classname": "ATEvent",
    "_userdefined_roles": [],
    "_content_type_contactEmail": "text/plain",
    "_content_type": "text/html",
    "_id": "fusce-ipsum-purus-faucibus-quis-euismod-velit-ac-nullam-sagittis-parturient-semper-orci-in-enim-nibh.",
    "modification_date": "2018/10/26 13:51:41.408298 GMT-4",
    "language": "en",
    "rights": "Fames augue orci pulvinar imperdiet platea. Nulla fusce nisi conubia viverra sociis nam feugiat ultrices proin risus. Metus justo. Metus class leo purus sodales odio ve consectetuer. Felis porta justo sit nec ad a tortor consequat tortor. Fusce lacus mattis. Purus fusce mauris in dolor. Fames lorem facilisi massa egestas bibendum nullam ante elementum dis habitasse curae. Etiam metus. Fames felis aliquam tortor dui rutrum posuere et molestie ante. Risus nulla sem nisi. Class metus odio etiam luctus libero. Purus augue nam. Magna nulla orci. Donec massa. Neque morbi ornare fusce ipsum semper. Fusce lacus orci cum. Porta etiam morbi eros blandit laoreet diam volutpat a sollicitudin ante porta nostra vitae.",
    "_atbrefs": {},
    "_content_type_description": "text/plain",
    "_owner": "admin",
    "_content_type_location": "text/plain",
    "_permissions": {
        "Modify portal content": {
            "acquire": false,
            "roles": [
                "Editor",
                "Manager",
                "Owner",
                "Site Administrator"
            ]
        },
        "Access contents information": {
            "acquire": false,
            "roles": [
                "Anonymous"
            ]
        },
        "View": {
            "acquire": false,
            "roles": [
                "Anonymous"
            ]
        }
    },
    "_properties": [
        [
            "title",
            "Fusce ipsum purus faucibus quis euismod velit ac nullam sagittis parturient semper orci in enim nibh.",
            "string"
        ]
    ],
    "allowDiscussion": false,
    "_gopip": 32,
    "creators": [
        "admin"
    ],
    "_ac_local_roles": {
        "admin": [
            "Owner"
        ]
    },
    "_path": "/Plone/events/fusce-ipsum-purus-faucibus-quis-euismod-velit-ac-nullam-sagittis-parturient-semper-orci-in-enim-nibh."
}