{
    "startDate": "2018/10/29 21:48:57.184819 GMT-4",
    "endDate": "2018/10/30 06:15:1.200124 GMT-4",
    "contributors": [],
    "_content_type_text": "text/html",
    "text": "<h1>Plane idem, inquit, et maxima quidem, qua fieri nulla maior potest.</h1>\n\n<p>Lorem ipsum dolor sit amet, consectetur adipiscing elit. Itaque fecimus. Haec dicuntur fortasse ieiunius; Quid vero? Poterat autem inpune; Duo Reges: constructio interrete. Tu vero, inquam, ducas licet, si sequetur; </p>\n\n<pre>\nMateriam vero rerum et copiam apud hos exilem, apud illos\nuberrimam reperiemus.\n\nSocietatem coniunctionis humanae munifice et aeque tuens\niustitia dicitur, cui sunt adiunctae pietas, bonitas,\nliberalitas, benignitas, comitas, quaeque sunt generis\neiusdem.\n</pre>\n\n\n<p>Cur, nisi quod turpis oratio est? Primum in nostrane potestate est, quid meminerimus? <a href='http://loripsum.net/' target='_blank'>Nescio quo modo praetervolavit oratio.</a> Nonne igitur tibi videntur, inquit, mala? </p>\n\n<h2>Addidisti ad extremum etiam indoctum fuisse.</h2>\n\n<p>Si longus, levis. <code>Certe, nisi voluptatem tanti aestimaretis.</code> Non est igitur voluptas bonum. Quid igitur, inquit, eos responsuros putas? Quis est, qui non oderit libidinosam, protervam adolescentiam? Ut aliquid scire se gaudeant? Hoc loco tenere se Triarius non potuit. </p>\n\n<ol>\n\t<li>Omnes enim iucundum motum, quo sensus hilaretur.</li>\n\t<li>Nos paucis ad haec additis finem faciamus aliquando;</li>\n\t<li>Sed in rebus apertissimis nimium longi sumus.</li>\n\t<li>Aliter enim explicari, quod quaeritur, non potest.</li>\n\t<li>Graece donan, Latine voluptatem vocant.</li>\n\t<li>Quod non faceret, si in voluptate summum bonum poneret.</li>\n</ol>\n\n\n<ul>\n\t<li>Estne, quaeso, inquam, sitienti in bibendo voluptas?</li>\n\t<li>Hosne igitur laudas et hanc eorum, inquam, sententiam sequi nos censes oportere?</li>\n\t<li>In his igitur partibus duabus nihil erat, quod Zeno commutare gestiret.</li>\n\t<li>Indicant pueri, in quibus ut in speculis natura cernitur.</li>\n</ul>\n\n\n<dl>\n\t<dt><dfn>An eiusdem modi?</dfn></dt>\n\t<dd>Philosophi autem in suis lectulis plerumque moriuntur.</dd>\n\t<dt><dfn>Quo tandem modo?</dfn></dt>\n\t<dd>Minime vero, inquit ille, consentit.</dd>\n</dl>\n\n\n",
    "eventUrl": "http://en.wikipedia.com/wiki/Lorem_ipsum",
    "creation_date": "2018/10/26 13:49:38.233223 GMT-4",
    "contactEmail": "loremipsum@mail.com",
    "_uid": "17c3f4dfae384ff397fc728fa26a8867",
    "expirationDate": "None",
    "contactName": "Justo proin.",
    "_content_type_id": "text/plain",
    "contactPhone": "Massa porta litora quis ad.",
    "id": "purus-class-senectus-velit.",
    "subject": [],
    "attendees": [],
    "effectiveDate": "2018/10/26 13:51:41.437764 GMT-4",
    "title": "Purus class senectus velit.",
    "_content_type_contactPhone": "text/plain",
    "_content_type_eventUrl": "text/plain",
    "_content_type_language": "text/plain",
    "_defaultpage": "",
    "location": "Vitae velit nibh in netus in dignissim ac suspendisse eget arcu egestas.",
    "_content_type_title": "text/plain",
    "excludeFromNav": false,
    "_content_type_contactName": "text/plain",
    "_type": "Event",
    "description": "Donec justo. Proin fusce augue sem augue rhoncus eget diam conubia. Velit lorem turpis. Fusce porta vel eros parturient. Donec fusce porta. Neque risus dui viverra porta arcu cubilia nonummy erat interdum. Lorem vitae. Lorem velit massa quisque. Etiam felis erat arcu ac pellentesque vivamus neque ve consectetuer platea. Augue class orci dictumst dolor. Porta donec purus leo fames proin nonummy nisi ve sociosqu tortor nullam. Risus etiam sem eget ve lacus rutrum sollicitudin vulputate fusce ante commodo. Metus justo luctus. Augue porta per enim fringilla diam. Purus vitae ridiculus nam eros lectus tincidunt neque eu auctor sem ligula rutrum lacus vivamus lacinia. Fames class. Lacus class magna pulvinar quam eleifend cum pretium nisi a orci parturient.",
    "_atrefs": {},
    "_layout": "event_view",
    "_workflow_history": {
        "simple_publication_workflow": [
            {
                "action": null,
                "review_state": "private",
                "actor": "admin",
                "comments": "",
                "time": "2018/10/26 13:49:38.236941 GMT-4"
            },
            {
                "action": "publish",
                "review_state": "published",
                "actor": "admin",
                "comments": "",
                "time": "2018/10/26 13:51:41.452045 GMT-4"
            }
        ]
    },
    "_content_type_rights": "text/plain",
    "_directly_provided": [],
    "_classname": "ATEvent",
    "_userdefined_roles": [],
    "_content_type_contactEmail": "text/plain",
    "_content_type": "text/html",
    "_id": "purus-class-senectus-velit.",
    "modification_date": "2018/10/26 13:51:41.438017 GMT-4",
    "language": "en",
    "rights": "Massa nulla odio habitant in velit eros iaculis odio. Justo nulla integer magnis arcu. Fames proin nunc tempor lorem auctor. Lacus proin non netus integer bibendum justo et convallis felis a feugiat ac ultrices tempus luctus. Ipsum vitae nascetur penatibus ut at vel. Fusce class sit dictumst facilisis ve neque pellentesque. Magna donec. Porta risus facilisi elit eu quis orci integer ad tincidunt convallis lacus ac. Dolor magna quisque tincidunt eros natoque et elementum. Fusce felis curae egestas pede nibh aliquam duis eros nulla quisque in tellus. Velit proin egestas sapien nibh condimentum posuere morbi risus torquent. Metus felis sagittis velit sollicitudin. Augue justo pharetra risus est morbi. Metus porta suscipit amet mauris dictumst nascetur.",
    "_atbrefs": {},
    "_content_type_description": "text/plain",
    "_owner": "admin",
    "_content_type_location": "text/plain",
    "_permissions": {
        "Modify portal content": {
            "acquire": false,
            "roles": [
                "Editor",
                "Manager",
                "Owner",
                "Site Administrator"
            ]
        },
        "Access contents information": {
            "acquire": false,
            "roles": [
                "Anonymous"
            ]
        },
        "View": {
            "acquire": false,
            "roles": [
                "Anonymous"
            ]
        }
    },
    "_properties": [
        [
            "title",
            "Purus class senectus velit.",
            "string"
        ]
    ],
    "allowDiscussion": false,
    "_gopip": 33,
    "creators": [
        "admin"
    ],
    "_ac_local_roles": {
        "admin": [
            "Owner"
        ]
    },
    "_path": "/Plone/events/purus-class-senectus-velit."
}