{
    "startDate": "2018/11/12 18:07:6.680400 GMT-4",
    "endDate": "2018/11/13 12:34:40.612031 GMT-4",
    "contributors": [],
    "_content_type_text": "text/html",
    "text": "<h1>Non quaeritur autem quid naturae tuae consentaneum sit, sed quid disciplinae.</h1>\n\n<p>Lorem ipsum dolor sit amet, consectetur adipiscing elit. Urgent tamen et nihil remittunt. Polycratem Samium felicem appellabant. Duo enim genera quae erant, fecit tria. </p>\n\n<ul>\n\t<li>Non laboro, inquit, de nomine.</li>\n\t<li>Ille vero, si insipiens-quo certe, quoniam tyrannus -, numquam beatus;</li>\n\t<li>Quid autem habent admirationis, cum prope accesseris?</li>\n</ul>\n\n\n<h3>Hoc loco tenere se Triarius non potuit.</h3>\n\n<p>Nam quid possumus facere melius? Quae sequuntur igitur? Poterat autem inpune; Velut ego nunc moveor. </p>\n\n<pre>\nAttulisti aliud humanius horum recentiorum, numquam dictum\nab ipso illo, quod sciam, primo utilitatis causa amicum\nexpeti, cum autem usus accessisset, tum ipsum amari per se\netiam omissa spe voluptatis.\n\nAderamus nos quidem adolescentes, sed multi amplissimi viri,\nquorum nemo censuit plus Fadiae dandum, quam posset ad eam\nlege Voconia pervenire.\n</pre>\n\n\n<dl>\n\t<dt><dfn>Quid vero?</dfn></dt>\n\t<dd>Progredientibus autem aetatibus sensim tardeve potius quasi nosmet ipsos cognoscimus.</dd>\n\t<dt><dfn>Immo alio genere;</dfn></dt>\n\t<dd>Omnia contraria, quos etiam insanos esse vultis.</dd>\n\t<dt><dfn>Optime, inquam.</dfn></dt>\n\t<dd>Non est enim vitium in oratione solum, sed etiam in moribus.</dd>\n\t<dt><dfn>Prave, nequiter, turpiter cenabat;</dfn></dt>\n\t<dd>Omnia contraria, quos etiam insanos esse vultis.</dd>\n</dl>\n\n\n<h2>Hoc est non dividere, sed frangere.</h2>\n\n<p>Sed haec omittamus; Nosti, credo, illud: Nemo pius est, qui pietatem-; Idemne potest esse dies saepius, qui semel fuit? Duo Reges: constructio interrete. </p>\n\n<ol>\n\t<li>Sed ad bona praeterita redeamus.</li>\n\t<li>Nonne odio multos dignos putamus, qui quodam motu aut statu videntur naturae legem et modum contempsisse?</li>\n\t<li>Est, ut dicis, inquit;</li>\n\t<li>Quid paulo ante, inquit, dixerim nonne meministi, cum omnis dolor detractus esset, variari, non augeri voluptatem?</li>\n</ol>\n\n\n",
    "eventUrl": "http://en.wikipedia.com/wiki/Lorem_ipsum",
    "creation_date": "2018/10/26 13:49:39.309609 GMT-4",
    "contactEmail": "loremipsum@mail.com",
    "_uid": "24a9c05476334af59b4190e3afd11a66",
    "expirationDate": "None",
    "contactName": "Neque dolor a natoque at porta mattis.",
    "_content_type_id": "text/plain",
    "contactPhone": "Etiam vitae elit phasellus libero praesent.",
    "id": "netus-velit-ullamcorper-erat-enim-dictumst-vel-nisi-rutrum-venenatis-ad.",
    "subject": [],
    "attendees": [],
    "effectiveDate": "2018/10/26 13:51:41.522346 GMT-4",
    "title": "Netus velit ullamcorper erat enim dictumst vel nisi rutrum venenatis ad.",
    "_content_type_contactPhone": "text/plain",
    "_content_type_eventUrl": "text/plain",
    "_content_type_language": "text/plain",
    "_defaultpage": "",
    "location": "Risus justo a amet augue mus dolor.",
    "_content_type_title": "text/plain",
    "excludeFromNav": false,
    "_content_type_contactName": "text/plain",
    "_type": "Event",
    "description": "Netus ipsum mattis donec ornare hymenaeos et venenatis eros cum dolor parturient sodales non. Justo vitae nulla dictum. Donec magna. Dolor nulla proin magnis cubilia. Velit etiam ullamcorper sociosqu nibh cum diam duis augue mauris magna rhoncus feugiat pharetra ligula. Velit lorem nisl. Netus felis primis tristique mi scelerisque diam hendrerit pellentesque adipiscing urna. Dolor justo. Velit vitae donec ornare fames duis imperdiet lectus ante. Risus fusce. Fusce massa sem amet nunc conubia ve natoque eu auctor metus. Class netus proin habitasse mollis purus senectus lorem nam. Curae risus inceptos augue facilisis at. Netus ipsum nullam et neque penatibus eu morbi placerat ipsum. Risus porta sapien libero dignissim feugiat. Neque netus vitae tortor hymenaeos fames id lacus lorem quam aliquet fusce nunc. Dolor proin velit pharetra eget lacinia id montes egestas conubia. Lacus fusce libero lobortis venenatis dictumst montes varius magna nibh. Justo class nunc condimentum et tortor taciti mi montes in non quam nec dictumst. Metus justo nunc aliquam ve. Massa ipsum. Neque fusce. Proin porta mollis ad nullam nonummy quisque.",
    "_atrefs": {},
    "_layout": "event_view",
    "_workflow_history": {
        "simple_publication_workflow": [
            {
                "action": null,
                "review_state": "private",
                "actor": "admin",
                "comments": "",
                "time": "2018/10/26 13:49:39.313225 GMT-4"
            },
            {
                "action": "publish",
                "review_state": "published",
                "actor": "admin",
                "comments": "",
                "time": "2018/10/26 13:51:41.538112 GMT-4"
            }
        ]
    },
    "_content_type_rights": "text/plain",
    "_directly_provided": [],
    "_classname": "ATEvent",
    "_userdefined_roles": [],
    "_content_type_contactEmail": "text/plain",
    "_content_type": "text/html",
    "_id": "netus-velit-ullamcorper-erat-enim-dictumst-vel-nisi-rutrum-venenatis-ad.",
    "modification_date": "2018/10/26 13:51:41.522645 GMT-4",
    "language": "en",
    "rights": "Ipsum vitae habitant dis blandit class lorem a. Vitae class amet elementum nostra elit nullam. Netus ipsum rhoncus auctor at. Lorem lacus tempor ligula leo adipiscing eu auctor suscipit ve vel sapien taciti quam ac faucibus cras interdum sollicitudin. Class donec interdum tincidunt lectus sem cras et fermentum posuere dolor fames inceptos vulputate arcu. Felis nulla platea eu interdum faucibus dolor pellentesque risus. Etiam dolor nibh enim dapibus in at nunc eget quam velit. Proin augue pulvinar facilisis class conubia ligula ad praesent. Ipsum velit non urna erat. Neque donec est fames conubia laoreet ridiculus ve. Magna velit feugiat nunc at donec. Ipsum felis ullamcorper ve libero. Augue curae pharetra venenatis eu neque quam consequat urna odio malesuada. Etiam justo magnis congue malesuada ve. Fusce justo augue risus litora in volutpat.",
    "_atbrefs": {},
    "_content_type_description": "text/plain",
    "_owner": "admin",
    "_content_type_location": "text/plain",
    "_permissions": {
        "Modify portal content": {
            "acquire": false,
            "roles": [
                "Editor",
                "Manager",
                "Owner",
                "Site Administrator"
            ]
        },
        "Access contents information": {
            "acquire": false,
            "roles": [
                "Anonymous"
            ]
        },
        "View": {
            "acquire": false,
            "roles": [
                "Anonymous"
            ]
        }
    },
    "_properties": [
        [
            "title",
            "Netus velit ullamcorper erat enim dictumst vel nisi rutrum venenatis ad.",
            "string"
        ]
    ],
    "allowDiscussion": false,
    "_gopip": 36,
    "creators": [
        "admin"
    ],
    "_ac_local_roles": {
        "admin": [
            "Owner"
        ]
    },
    "_path": "/Plone/events/netus-velit-ullamcorper-erat-enim-dictumst-vel-nisi-rutrum-venenatis-ad."
}