{
    "startDate": "2018/11/13 15:04:23.887097 GMT-4",
    "endDate": "2018/11/15 14:50:12.315024 GMT-4",
    "contributors": [],
    "_content_type_text": "text/html",
    "text": "<h1>Itaque hic ipse iam pridem est reiectus;</h1>\n\n<p>Lorem ipsum dolor sit amet, consectetur adipiscing elit. Duo Reges: constructio interrete. <code>Confecta res esset.</code> Quare attende, quaeso. An haec ab eo non dicuntur? Quae similitudo in genere etiam humano apparet. Tum mihi Piso: Quid ergo? Reguli reiciendam; Etiam beatissimum? </p>\n\n<dl>\n\t<dt><dfn>Hic ambiguo ludimur.</dfn></dt>\n\t<dd>Deque his rebus satis multa in nostris de re publica libris sunt dicta a Laelio.</dd>\n\t<dt><dfn>Hunc vos beatum;</dfn></dt>\n\t<dd>Quem Tiberina descensio festo illo die tanto gaudio affecit, quanto L.</dd>\n\t<dt><dfn>Sullae consulatum?</dfn></dt>\n\t<dd>Sed tamen omne, quod de re bona dilucide dicitur, mihi praeclare dici videtur.</dd>\n\t<dt><dfn>Sed fortuna fortis;</dfn></dt>\n\t<dd>Cur tantas regiones barbarorum pedibus obiit, tot maria transmisit?</dd>\n\t<dt><dfn>Scaevolam M.</dfn></dt>\n\t<dd>Conferam avum tuum Drusum cum C.</dd>\n\t<dt><dfn>Facete M.</dfn></dt>\n\t<dd>Quid est, quod ab ea absolvi et perfici debeat?</dd>\n</dl>\n\n\n<p>Prodest, inquit, mihi eo esse animo. A mene tu? Sin tantum modo ad indicia veteris memoriae cognoscenda, curiosorum. Non est igitur voluptas bonum. Ratio quidem vestra sic cogit. Efficiens dici potest. </p>\n\n<ol>\n\t<li>Pisone in eo gymnasio, quod Ptolomaeum vocatur, unaque nobiscum Q.</li>\n\t<li>Cyrenaici quidem non recusant;</li>\n</ol>\n\n\n<h2>Qui enim voluptatem ipsam contemnunt, iis licet dicere se acupenserem maenae non anteponere.</h2>\n\n<p><code>Scaevolam M.</code> Omnes enim iucundum motum, quo sensus hilaretur. Si id dicis, vicimus. Sed vos squalidius, illorum vides quam niteat oratio. Suo genere perveniant ad extremum; </p>\n\n<pre>\nQuibus natura iure responderit non esse verum aliunde finem\nbeate vivendi, a se principia rei gerendae peti;\n\nMihi quidem Homerus huius modi quiddam vidisse videatur in\niis, quae de Sirenum cantibus finxerit.\n</pre>\n\n\n<ul>\n\t<li>Sed utrum hortandus es nobis, Luci, inquit, an etiam tua sponte propensus es?</li>\n\t<li>Quae hic rei publicae vulnera inponebat, eadem ille sanabat.</li>\n\t<li>Nec lapathi suavitatem acupenseri Galloni Laelius anteponebat, sed suavitatem ipsam neglegebat;</li>\n\t<li>Uterque enim summo bono fruitur, id est voluptate.</li>\n</ul>\n\n\n",
    "eventUrl": "http://en.wikipedia.com/wiki/Lorem_ipsum",
    "creation_date": "2018/10/26 13:49:39.669628 GMT-4",
    "contactEmail": "loremipsum@mail.com",
    "_uid": "80de7b237d434172b0a8881061e6f420",
    "expirationDate": "None",
    "contactName": "Felis magna eni urna vestibulum magnis dis.",
    "_content_type_id": "text/plain",
    "contactPhone": "Fusce purus.",
    "id": "fusce-magna-class-fames.",
    "subject": [],
    "attendees": [],
    "effectiveDate": "2018/10/26 13:51:41.551561 GMT-4",
    "title": "Fusce magna class fames.",
    "_content_type_contactPhone": "text/plain",
    "_content_type_eventUrl": "text/plain",
    "_content_type_language": "text/plain",
    "_defaultpage": "",
    "location": "Donec purus.",
    "_content_type_title": "text/plain",
    "excludeFromNav": true,
    "_content_type_contactName": "text/plain",
    "_type": "Event",
    "description": "Risus lorem. Metus fusce eleifend parturient malesuada. Velit ipsum rhoncus sapien montes vitae fames diam semper ad orci litora vestibulum. Purus risus enim etiam potenti bibendum elit semper euismod. Fusce morbi lacinia id ultricies aliquet. Class velit massa auctor lobortis aliquet commodo tempor auctor porttitor senectus augue. Metus porta fames varius pellentesque. Fusce risus pharetra elementum lobortis ligula tortor nisi. Augue purus congue velit ac dis phasellus. Magna dolor urna tortor sociis risus. Etiam donec volutpat vestibulum congue quam. Magna neque ante rhoncus eu.",
    "_atrefs": {},
    "_layout": "event_view",
    "_workflow_history": {
        "simple_publication_workflow": [
            {
                "action": null,
                "review_state": "private",
                "actor": "admin",
                "comments": "",
                "time": "2018/10/26 13:49:39.672865 GMT-4"
            },
            {
                "action": "publish",
                "review_state": "published",
                "actor": "admin",
                "comments": "",
                "time": "2018/10/26 13:51:41.564692 GMT-4"
            }
        ]
    },
    "_content_type_rights": "text/plain",
    "_directly_provided": [],
    "_classname": "ATEvent",
    "_userdefined_roles": [],
    "_content_type_contactEmail": "text/plain",
    "_content_type": "text/html",
    "_id": "fusce-magna-class-fames.",
    "modification_date": "2018/10/26 13:51:41.551886 GMT-4",
    "language": "en",
    "rights": "Justo proin a tempor. Lorem metus fusce nec felis etiam tempus justo condimentum. Etiam class lorem a eget lorem. Lorem fusce libero vel est non per ac. Risus justo nisl feugiat montes diam. Metus ipsum urna penatibus. Vitae lorem per urna consectetuer pharetra ipsum dictum parturient. Lacus ipsum urna a proin at leo. Proin vitae libero eget quam semper lacinia quam a cras vestibulum hymenaeos scelerisque. Porta vitae duis dis ut mattis eu volutpat potenti vivamus.",
    "_atbrefs": {},
    "_content_type_description": "text/plain",
    "_owner": "admin",
    "_content_type_location": "text/plain",
    "_permissions": {
        "Modify portal content": {
            "acquire": false,
            "roles": [
                "Editor",
                "Manager",
                "Owner",
                "Site Administrator"
            ]
        },
        "Access contents information": {
            "acquire": false,
            "roles": [
                "Anonymous"
            ]
        },
        "View": {
            "acquire": false,
            "roles": [
                "Anonymous"
            ]
        }
    },
    "_properties": [
        [
            "title",
            "Fusce magna class fames.",
            "string"
        ]
    ],
    "allowDiscussion": false,
    "_gopip": 37,
    "creators": [
        "admin"
    ],
    "_ac_local_roles": {
        "admin": [
            "Owner"
        ]
    },
    "_path": "/Plone/events/fusce-magna-class-fames."
}