{
    "startDate": "2018/10/14 15:52:28.153455 GMT-4",
    "endDate": "2018/10/15 19:00:48.131152 GMT-4",
    "contributors": [],
    "_content_type_text": "text/html",
    "text": "<h1>An hoc usque quaque, aliter in vita?</h1>\n\n<p>Lorem ipsum dolor sit amet, consectetur adipiscing elit. Tollenda est atque extrahenda radicitus. <code>Bestiarum vero nullum iudicium puto.</code> Etenim semper illud extra est, quod arte comprehenditur. Pauca mutat vel plura sane; Tu quidem reddes; Duo Reges: constructio interrete. </p>\n\n<ul>\n\t<li>Quid ergo dubitamus, quin, si non dolere voluptas sit summa, non esse in voluptate dolor sit maximus?</li>\n\t<li>His similes sunt omnes, qui virtuti student levantur vitiis, levantur erroribus, nisi forte censes Ti.</li>\n\t<li>Maximus dolor, inquit, brevis est.</li>\n\t<li>At multis se probavit.</li>\n</ul>\n\n\n<dl>\n\t<dt><dfn>Quo modo?</dfn></dt>\n\t<dd>Iam contemni non poteris.</dd>\n\t<dt><dfn>Negare non possum.</dfn></dt>\n\t<dd>Restant Stoici, qui cum a Peripateticis et Academicis omnia transtulissent, nominibus aliis easdem res secuti sunt.</dd>\n\t<dt><dfn>Tenent mordicus.</dfn></dt>\n\t<dd>Nec vero intermittunt aut admirationem earum rerum, quae sunt ab antiquis repertae, aut investigationem novarum.</dd>\n</dl>\n\n\n<h3>Re mihi non aeque satisfacit, et quidem locis pluribus.</h3>\n\n<p><a href='http://loripsum.net/' target='_blank'>Suo genere perveniant ad extremum;</a> Qui convenit? Vitiosum est enim in dividendo partem in genere numerare. Duo enim genera quae erant, fecit tria. </p>\n\n<pre>\nVives, inquit Aristo, magnifice atque praeclare, quod erit\ncumque visum ages, numquam angere, numquam cupies, numquam\ntimebis.\n\nNe vitationem quidem doloris ipsam per se quisquam in rebus\nexpetendis putavit, nisi etiam evitare posset.\n</pre>\n\n\n<ol>\n\t<li>Quae tamen a te agetur non melior, quam illae sunt, quas interdum optines.</li>\n\t<li>Quae cum ita sint, effectum est nihil esse malum, quod turpe non sit.</li>\n\t<li>Inquit, dasne adolescenti veniam?</li>\n\t<li>Quid, quod homines infima fortuna, nulla spe rerum gerendarum, opifices denique delectantur historia?</li>\n\t<li>Piso, familiaris noster, et alia multa et hoc loco Stoicos irridebat: Quid enim?</li>\n\t<li>Nunc ita separantur, ut disiuncta sint, quo nihil potest esse perversius.</li>\n</ol>\n\n\n<h2>At negat Epicurus-hoc enim vestrum lumen estquemquam, qui honeste non vivat, iucunde posse vivere.</h2>\n\n<p>Ea possunt paria non esse. Quis istum dolorem timet? Collatio igitur ista te nihil iuvat. Quae quo sunt excelsiores, eo dant clariora indicia naturae. Eam tum adesse, cum dolor omnis absit; Sed ad rem redeamus; Quae cum magnifice primo dici viderentur, considerata minus probabantur. Iam contemni non poteris. Vide, quaeso, rectumne sit. </p>\n\n",
    "eventUrl": "http://en.wikipedia.com/wiki/Lorem_ipsum",
    "creation_date": "2018/10/26 13:49:41.805919 GMT-4",
    "contactEmail": "loremipsum@mail.com",
    "_uid": "7510402c0c5c425b8098512460929ada",
    "expirationDate": "None",
    "contactName": "Justo morbi vehicula vitae a.",
    "_content_type_id": "text/plain",
    "contactPhone": "Porta felis turpis ac.",
    "id": "ipsum-justo-convallis.",
    "subject": [],
    "attendees": [],
    "effectiveDate": "2018/10/26 13:51:41.709431 GMT-4",
    "title": "Ipsum justo convallis.",
    "_content_type_contactPhone": "text/plain",
    "_content_type_eventUrl": "text/plain",
    "_content_type_language": "text/plain",
    "_defaultpage": "",
    "location": "Justo donec feugiat dignissim pulvinar montes orci sollicitudin.",
    "_content_type_title": "text/plain",
    "excludeFromNav": true,
    "_content_type_contactName": "text/plain",
    "_type": "Event",
    "description": "Dolor nulla. Ipsum curae eni. Metus porta a nisl etiam habitasse adipiscing urna magna congue purus suspendisse id lectus mi eros. Velit augue nullam vitae ad cursus eu ad elit dui litora. Augue metus. Morbi lorem diam tempor odio nisl parturient fringilla magna. Augue justo hac odio tempus placerat nunc vehicula. Etiam lorem condimentum ve platea ac habitasse a nam consequat. Class felis metus curae rhoncus non cras justo congue. Proin velit. Augue fusce sit diam parturient ut facilisi tempus rutrum pede. Vitae fusce sit amet gravida habitasse elit scelerisque blandit sollicitudin aenean at libero at. Ipsum magna torquent porttitor eu porttitor a sit hymenaeos nisi hac. Magna justo. Risus lorem aptent nostra non conubia ad ridiculus ullamcorper magna. Nulla fusce felis dictumst ipsum massa sagittis. Lacus ipsum vitae enim aliquet pede netus hymenaeos quam non et tellus. Massa neque rutrum diam nibh sem dignissim proin nec urna dictum tristique. Porta lacus nonummy vel aenean fermentum pulvinar metus ac ad nisl platea pulvinar curae amet cubilia.",
    "_atrefs": {},
    "_layout": "event_view",
    "_workflow_history": {
        "simple_publication_workflow": [
            {
                "action": null,
                "review_state": "private",
                "actor": "admin",
                "comments": "",
                "time": "2018/10/26 13:49:41.808951 GMT-4"
            },
            {
                "action": "publish",
                "review_state": "published",
                "actor": "admin",
                "comments": "",
                "time": "2018/10/26 13:51:41.727585 GMT-4"
            }
        ]
    },
    "_content_type_rights": "text/plain",
    "_directly_provided": [],
    "_classname": "ATEvent",
    "_userdefined_roles": [],
    "_content_type_contactEmail": "text/plain",
    "_content_type": "text/html",
    "_id": "ipsum-justo-convallis.",
    "modification_date": "2018/10/26 13:51:41.709716 GMT-4",
    "language": "en",
    "rights": "Fames neque vel mauris a parturient eni adipiscing curae lacinia conubia fusce. Morbi risus morbi volutpat cum velit convallis nec ultricies cum imperdiet eni consectetuer. Lacus massa tortor torquent ante. Curae purus nullam aenean nisi nisl. Lacus porta curae integer odio eget donec. Etiam magna imperdiet. Nulla dolor elementum facilisi ipsum quam ridiculus ac dolor. Lacus felis congue eget enim dui. Ipsum morbi. Nulla curae maecenas curabitur quam elementum semper cras hendrerit. Justo velit vitae sit curae egestas nisl faucibus malesuada a. Velit magna eleifend tristique. Curae netus rutrum arcu tempor tincidunt vestibulum dui ipsum parturient natoque. Lacus dolor magnis nulla sociosqu magna nostra pellentesque posuere proin. Fusce velit metus massa aenean vel ut massa. Donec massa natoque nulla ve elit ac sollicitudin viverra justo. Lacus proin amet nam nibh dapibus eu.",
    "_atbrefs": {},
    "_content_type_description": "text/plain",
    "_owner": "admin",
    "_content_type_location": "text/plain",
    "_permissions": {
        "Modify portal content": {
            "acquire": false,
            "roles": [
                "Editor",
                "Manager",
                "Owner",
                "Site Administrator"
            ]
        },
        "Access contents information": {
            "acquire": false,
            "roles": [
                "Anonymous"
            ]
        },
        "View": {
            "acquire": false,
            "roles": [
                "Anonymous"
            ]
        }
    },
    "_properties": [
        [
            "title",
            "Ipsum justo convallis.",
            "string"
        ]
    ],
    "allowDiscussion": false,
    "_gopip": 43,
    "creators": [
        "admin"
    ],
    "_ac_local_roles": {
        "admin": [
            "Owner"
        ]
    },
    "_path": "/Plone/events/ipsum-justo-convallis."
}