{
    "startDate": "2018/10/14 12:10:28.887585 GMT-4",
    "endDate": "2018/10/17 01:20:7.330045 GMT-4",
    "contributors": [],
    "_content_type_text": "text/html",
    "text": "<h1>At habetur! Et ego id scilicet nesciebam! Sed ut sit, etiamne post mortem coletur?</h1>\n\n<p>Lorem ipsum dolor sit amet, consectetur adipiscing elit. Neutrum vero, inquit ille. Quid sequatur, quid repugnet, vident. Dici enim nihil potest verius. Tubulo putas dicere? Apud ceteros autem philosophos, qui quaesivit aliquid, tacet; Duo Reges: constructio interrete. </p>\n\n<pre>\nPraesertim cum in re publica princeps esse velles ad eamque\ntuendam cum summa tua dignitate maxime a nobis ornari atque\ninstrui posses.\n\nMinime vero probatur huic disciplinae, de qua loquor, aut\niustitiam aut amicitiam propter utilitates adscisci aut\nprobari.\n</pre>\n\n\n<ul>\n\t<li>Sin te auctoritas commovebat, nobisne omnibus et Platoni ipsi nescio quem illum anteponebas?</li>\n\t<li>Quid de Platone aut de Democrito loquar?</li>\n\t<li>Illum mallem levares, quo optimum atque humanissimum virum, Cn.</li>\n\t<li>Quando enim Socrates, qui parens philosophiae iure dici potest, quicquam tale fecit?</li>\n\t<li>Hoc est non modo cor non habere, sed ne palatum quidem.</li>\n\t<li>Quae cum dixisset paulumque institisset, Quid est?</li>\n</ul>\n\n\n<dl>\n\t<dt><dfn>Sint ista Graecorum;</dfn></dt>\n\t<dd>Theophrastus mediocriterne delectat, cum tractat locos ab Aristotele ante tractatos?</dd>\n\t<dt><dfn>Sed nimis multa.</dfn></dt>\n\t<dd>Et nemo nimium beatus est;</dd>\n\t<dt><dfn>Stoicos roga.</dfn></dt>\n\t<dd>Non est ista, inquam, Piso, magna dissensio.</dd>\n\t<dt><dfn>Qui convenit?</dfn></dt>\n\t<dd>Ergo opifex plus sibi proponet ad formarum quam civis excellens ad factorum pulchritudinem?</dd>\n</dl>\n\n\n<p>Nam Pyrrho, Aristo, Erillus iam diu abiecti. Cave putes quicquam esse verius. Ut pulsi recurrant? At iam decimum annum in spelunca iacet. Sint ista Graecorum; Efficiens dici potest. Quoniam, si dis placet, ab Epicuro loqui discimus. Quare conare, quaeso. </p>\n\n<h2>Nondum autem explanatum satis, erat, quid maxime natura vellet.</h2>\n\n<p>Collatio igitur ista te nihil iuvat. Idemne, quod iucunde? <code>Non autem hoc: igitur ne illud quidem.</code> Negat enim summo bono afferre incrementum diem. Nos commodius agimus. Nullus est igitur cuiusquam dies natalis. </p>\n\n<ol>\n\t<li>Quid enim me prohiberet Epicureum esse, si probarem, quae ille diceret?</li>\n\t<li>Fieri, inquam, Triari, nullo pacto potest, ut non dicas, quid non probes eius, a quo dissentias.</li>\n\t<li>Expectoque quid ad id, quod quaerebam, respondeas.</li>\n\t<li>Sine ea igitur iucunde negat posse se vivere?</li>\n</ol>\n\n\n",
    "eventUrl": "http://en.wikipedia.com/wiki/Lorem_ipsum",
    "creation_date": "2018/10/26 13:49:42.876714 GMT-4",
    "contactEmail": "loremipsum@mail.com",
    "_uid": "989ffc6e8057463fbf7f0299f8d1b8c5",
    "expirationDate": "None",
    "contactName": "Morbi nulla.",
    "_content_type_id": "text/plain",
    "contactPhone": "Nulla etiam primis libero lacinia conubia quam sollicitudin inceptos magna euismod.",
    "id": "lacus-felis-bibendum-mi-proin-molestie-habitasse-mollis-proin-suspendisse.",
    "subject": [],
    "attendees": [],
    "effectiveDate": "2018/10/26 13:51:41.801929 GMT-4",
    "title": "Lacus felis bibendum mi proin molestie habitasse mollis proin suspendisse.",
    "_content_type_contactPhone": "text/plain",
    "_content_type_eventUrl": "text/plain",
    "_content_type_language": "text/plain",
    "_defaultpage": "",
    "location": "Nulla ipsum non fusce.",
    "_content_type_title": "text/plain",
    "excludeFromNav": true,
    "_content_type_contactName": "text/plain",
    "_type": "Event",
    "description": "Felis dolor magnis urna cubilia habitasse quis orci. Nulla etiam tortor tellus hac nisi lacus ut risus ve sollicitudin. Etiam magna montes sollicitudin quisque. Curae fusce neque vel pede non urna. Morbi class eleifend ultricies. Netus metus mattis enim suspendisse potenti pellentesque. Augue curae primis nulla semper mauris. Augue risus porta aliquet nisl sit. Purus lorem placerat parturient posuere nisi sem magnis tempus at velit ornare nascetur parturient. Lacus porta. Fusce lorem fusce montes purus natoque lectus nisl. Massa etiam pulvinar justo ve.",
    "_atrefs": {},
    "_layout": "event_view",
    "_workflow_history": {
        "simple_publication_workflow": [
            {
                "action": null,
                "review_state": "private",
                "actor": "admin",
                "comments": "",
                "time": "2018/10/26 13:49:42.880004 GMT-4"
            },
            {
                "action": "publish",
                "review_state": "published",
                "actor": "admin",
                "comments": "",
                "time": "2018/10/26 13:51:41.815901 GMT-4"
            }
        ]
    },
    "_content_type_rights": "text/plain",
    "_directly_provided": [],
    "_classname": "ATEvent",
    "_userdefined_roles": [],
    "_content_type_contactEmail": "text/plain",
    "_content_type": "text/html",
    "_id": "lacus-felis-bibendum-mi-proin-molestie-habitasse-mollis-proin-suspendisse.",
    "modification_date": "2018/10/26 13:51:41.802243 GMT-4",
    "language": "en",
    "rights": "Ipsum augue quis erat etiam egestas. Curae netus ullamcorper per ve. Class netus sagittis. Metus augue. Porta donec sit orci. Etiam metus. Fusce etiam curae quam hendrerit. Lorem velit mauris fusce vestibulum suspendisse auctor ve lectus accumsan condimentum bibendum vivamus. Dolor felis mus adipiscing mollis eget. Etiam dolor aenean luctus nec lectus etiam velit a congue. Etiam morbi nullam fames vestibulum id duis varius interdum odio non morbi. Dolor netus ultrices risus egestas praesent risus dis erat. Massa donec fames ornare turpis mus rhoncus eu mattis fames ut. Proin class lacus neque tellus ligula morbi nisi vivamus.",
    "_atbrefs": {},
    "_content_type_description": "text/plain",
    "_owner": "admin",
    "_content_type_location": "text/plain",
    "_permissions": {
        "Modify portal content": {
            "acquire": false,
            "roles": [
                "Editor",
                "Manager",
                "Owner",
                "Site Administrator"
            ]
        },
        "Access contents information": {
            "acquire": false,
            "roles": [
                "Anonymous"
            ]
        },
        "View": {
            "acquire": false,
            "roles": [
                "Anonymous"
            ]
        }
    },
    "_properties": [
        [
            "title",
            "Lacus felis bibendum mi proin molestie habitasse mollis proin suspendisse.",
            "string"
        ]
    ],
    "allowDiscussion": false,
    "_gopip": 46,
    "creators": [
        "admin"
    ],
    "_ac_local_roles": {
        "admin": [
            "Owner"
        ]
    },
    "_path": "/Plone/events/lacus-felis-bibendum-mi-proin-molestie-habitasse-mollis-proin-suspendisse."
}