{
    "startDate": "2018/11/07 06:25:27.886510 GMT-4",
    "endDate": "2018/11/08 10:22:10.918988 GMT-4",
    "contributors": [],
    "_content_type_text": "text/html",
    "text": "<h1>Peccata paria.</h1>\n\n<p>Lorem ipsum dolor sit amet, consectetur adipiscing elit. Minime vero istorum quidem, inquit. Quae hic rei publicae vulnera inponebat, eadem ille sanabat. Quis non odit sordidos, vanos, leves, futtiles? Duo Reges: constructio interrete. </p>\n\n<ul>\n\t<li>Cum autem venissemus in Academiae non sine causa nobilitata spatia, solitudo erat ea, quam volueramus.</li>\n\t<li>Sed non alienum est, quo facilius vis verbi intellegatur, rationem huius verbi faciendi Zenonis exponere.</li>\n\t<li>Verba tu fingas et ea dicas, quae non sentias?</li>\n\t<li>Sextilio Rufo, cum is rem ad amicos ita deferret, se esse heredem Q.</li>\n\t<li>Ego quoque, inquit, didicerim libentius si quid attuleris, quam te reprehenderim.</li>\n</ul>\n\n\n<p>Pollicetur certe. Idem iste, inquam, de voluptate quid sentit? </p>\n\n<dl>\n\t<dt><dfn>Nos commodius agimus.</dfn></dt>\n\t<dd>Quis suae urbis conservatorem Codrum, quis Erechthei filias non maxime laudat?</dd>\n\t<dt><dfn>Quid de Pythagora?</dfn></dt>\n\t<dd>Varietates autem iniurasque fortunae facile veteres philosophorum praeceptis instituta vita superabat.</dd>\n\t<dt><dfn>Perge porro;</dfn></dt>\n\t<dd>Ita prorsus, inquam;</dd>\n\t<dt><dfn>Optime, inquam.</dfn></dt>\n\t<dd>Quod etsi ingeniis magnis praediti quidam dicendi copiam sine ratione consequuntur, ars tamen est dux certior quam natura.</dd>\n</dl>\n\n\n<ol>\n\t<li>Si longus, levis dictata sunt.</li>\n\t<li>Sed ille, ut dixi, vitiose.</li>\n\t<li>Quamquam id quidem licebit iis existimare, qui legerint.</li>\n</ol>\n\n\n<pre>\nIdem etiam dolorem saepe perpetiuntur, ne, si id non\nfaciant, incidant in maiorem.\n\nAudax negotium, dicerem impudens, nisi hoc institutum postea\ntranslatum ad philosophos nostros esset.\n</pre>\n\n\n<p>Hoc ipsum elegantius poni meliusque potuit. Qualem igitur hominem natura inchoavit? Si longus, levis dictata sunt. Nam Pyrrho, Aristo, Erillus iam diu abiecti. Illi enim inter se dissentiunt. <a href='http://loripsum.net/' target='_blank'>Quamquam ab iis philosophiam et omnes ingenuas disciplinas habemus;</a> </p>\n\n",
    "eventUrl": "http://en.wikipedia.com/wiki/Lorem_ipsum",
    "creation_date": "2018/10/26 13:49:43.249569 GMT-4",
    "contactEmail": "loremipsum@mail.com",
    "_uid": "53b4e73370f043999fae15cd74deb22f",
    "expirationDate": "None",
    "contactName": "Lorem augue convallis netus luctus tempus risus scelerisque eros convallis.",
    "_content_type_id": "text/plain",
    "contactPhone": "Magna netus.",
    "id": "lacus-magna-tempor-parturient-sollicitudin-iaculis-velit.",
    "subject": [],
    "attendees": [],
    "effectiveDate": "2018/10/26 13:51:41.828821 GMT-4",
    "title": "Lacus magna tempor parturient sollicitudin iaculis velit.",
    "_content_type_contactPhone": "text/plain",
    "_content_type_eventUrl": "text/plain",
    "_content_type_language": "text/plain",
    "_defaultpage": "",
    "location": "Ipsum purus netus curae sem velit.",
    "_content_type_title": "text/plain",
    "excludeFromNav": false,
    "_content_type_contactName": "text/plain",
    "_type": "Event",
    "description": "Netus curae cum lacus. Ipsum fames. Ipsum justo ante cras magna. Etiam dolor. Risus morbi lobortis nisi blandit ac platea nulla malesuada parturient pede. Fusce justo ornare non adipiscing ultricies. Fusce vitae. Magna morbi tellus ut mattis non senectus venenatis. Velit purus leo urna a diam parturient. Velit purus cras tempor litora dapibus cubilia dictumst nulla dignissim ut. Lacus massa. Porta felis nunc cras tempor.",
    "_atrefs": {},
    "_layout": "event_view",
    "_workflow_history": {
        "simple_publication_workflow": [
            {
                "action": null,
                "review_state": "private",
                "actor": "admin",
                "comments": "",
                "time": "2018/10/26 13:49:43.255781 GMT-4"
            },
            {
                "action": "publish",
                "review_state": "published",
                "actor": "admin",
                "comments": "",
                "time": "2018/10/26 13:51:41.842382 GMT-4"
            }
        ]
    },
    "_content_type_rights": "text/plain",
    "_directly_provided": [],
    "_classname": "ATEvent",
    "_userdefined_roles": [],
    "_content_type_contactEmail": "text/plain",
    "_content_type": "text/html",
    "_id": "lacus-magna-tempor-parturient-sollicitudin-iaculis-velit.",
    "modification_date": "2018/10/26 13:51:41.829280 GMT-4",
    "language": "en",
    "rights": "Porta etiam diam sociosqu habitasse elit eros purus lectus vehicula nisl diam primis sem at. Netus fames nam turpis luctus vel id a taciti nibh. Proin nulla dui nunc cum orci in urna donec convallis magna integer. Neque proin inceptos at. Vitae netus luctus in erat. Fusce massa nibh netus ac quam eget pede non velit leo. Netus donec lobortis nunc primis dui pretium eu placerat aenean. Vitae justo. Magna lacus. Etiam felis porttitor.",
    "_atbrefs": {},
    "_content_type_description": "text/plain",
    "_owner": "admin",
    "_content_type_location": "text/plain",
    "_permissions": {
        "Modify portal content": {
            "acquire": false,
            "roles": [
                "Editor",
                "Manager",
                "Owner",
                "Site Administrator"
            ]
        },
        "Access contents information": {
            "acquire": false,
            "roles": [
                "Anonymous"
            ]
        },
        "View": {
            "acquire": false,
            "roles": [
                "Anonymous"
            ]
        }
    },
    "_properties": [
        [
            "title",
            "Lacus magna tempor parturient sollicitudin iaculis velit.",
            "string"
        ]
    ],
    "allowDiscussion": false,
    "_gopip": 47,
    "creators": [
        "admin"
    ],
    "_ac_local_roles": {
        "admin": [
            "Owner"
        ]
    },
    "_path": "/Plone/events/lacus-magna-tempor-parturient-sollicitudin-iaculis-velit."
}