{
    "startDate": "2018/11/04 11:49:39.931058 GMT-4",
    "endDate": "2018/11/05 14:55:18.877624 GMT-4",
    "contributors": [],
    "_content_type_text": "text/html",
    "text": "<h1>Erat enim res aperta.</h1>\n\n<p>Lorem ipsum dolor sit amet, consectetur adipiscing elit. Sed quae tandem ista ratio est? Duo Reges: constructio interrete. Illud dico, ea, quae dicat, praeclare inter se cohaerere. Si quae forte-possumus. Quae sequuntur igitur? Videamus animi partes, quarum est conspectus illustrior; Praeclarae mortes sunt imperatoriae; Sed quanta sit alias, nunc tantum possitne esse tanta. </p>\n\n<dl>\n\t<dt><dfn>Hic ambiguo ludimur.</dfn></dt>\n\t<dd>De quibus etsi a Chrysippo maxime est elaboratum, tamen a Zenone minus multo quam ab antiquis;</dd>\n\t<dt><dfn>Quibusnam praeteritis?</dfn></dt>\n\t<dd>Cuius quidem, quoniam Stoicus fuit, sententia condemnata mihi videtur esse inanitas ista verborum.</dd>\n\t<dt><dfn>Erat enim Polemonis.</dfn></dt>\n\t<dd>Consequatur summas voluptates non modo parvo, sed per me nihilo, si potest;</dd>\n\t<dt><dfn>Tu quidem reddes;</dfn></dt>\n\t<dd>Sed quod proximum fuit non vidit.</dd>\n\t<dt><dfn>Praeclare hoc quidem.</dfn></dt>\n\t<dd>Itaque quantum adiit periculum! ad honestatem enim illum omnem conatum suum referebat, non ad voluptatem.</dd>\n\t<dt><dfn>Moriatur, inquit.</dfn></dt>\n\t<dd>Num igitur utiliorem tibi hunc Triarium putas esse posse, quam si tua sint Puteolis granaria?</dd>\n\t<dt><dfn>Tenent mordicus.</dfn></dt>\n\t<dd>Dolere malum est: in crucem qui agitur, beatus esse non potest.</dd>\n</dl>\n\n\n<ol>\n\t<li>Sed id ne cogitari quidem potest quale sit, ut non repugnet ipsum sibi.</li>\n\t<li>Hic, qui utrumque probat, ambobus debuit uti, sicut facit re, neque tamen dividit verbis.</li>\n\t<li>Ut placet, inquit, etsi enim illud erat aptius, aequum cuique concedere.</li>\n\t<li>An me, inquam, nisi te audire vellem, censes haec dicturum fuisse?</li>\n</ol>\n\n\n<pre>\nAge nunc isti doceant, vel tu potius quis enim ista melius?\n\nQuis animo aequo videt eum, quem inpure ac flagitiose putet\nvivere?\n</pre>\n\n\n<h3>Ergo illi intellegunt quid Epicurus dicat, ego non intellego?</h3>\n\n<p>At certe gravius. Quis enim redargueret? Quis hoc dicit? Hoc mihi cum tuo fratre convenit. Estne, quaeso, inquam, sitienti in bibendo voluptas? <code>Deinde dolorem quem maximum?</code> </p>\n\n<h2>Atqui haec patefactio quasi rerum opertarum, cum quid quidque sit aperitur, definitio est.</h2>\n\n<p>Quae cum essent dicta, discessimus. Invidiosum nomen est, infame, suspectum. Quae contraria sunt his, malane? Bestiarum vero nullum iudicium puto. Non autem hoc: igitur ne illud quidem. Quam illa ardentis amores excitaret sui! Cur tandem? </p>\n\n<ul>\n\t<li>Callipho ad virtutem nihil adiunxit nisi voluptatem, Diodorus vacuitatem doloris.</li>\n\t<li>Quis enim potest istis, quae te, ut ais, delectant, brevibus et acutis auditis de sententia decedere?</li>\n</ul>\n\n\n",
    "eventUrl": "http://en.wikipedia.com/wiki/Lorem_ipsum",
    "creation_date": "2018/10/26 13:49:45.032482 GMT-4",
    "contactEmail": "loremipsum@mail.com",
    "_uid": "2ed6f6a47b5444ba94e51ea32eb33df5",
    "expirationDate": "None",
    "contactName": "Massa lorem cubilia dignissim odio purus ad.",
    "_content_type_id": "text/plain",
    "contactPhone": "Magna dolor quam scelerisque at lectus massa condimentum enim eros.",
    "id": "proin-class-augue-vehicula-morbi-et-sociis-dis-parturient-ac-taciti-lacus-elementum.",
    "subject": [],
    "attendees": [],
    "effectiveDate": "2018/10/26 13:51:41.964653 GMT-4",
    "title": "Proin class augue vehicula morbi et sociis dis parturient ac taciti lacus elementum.",
    "_content_type_contactPhone": "text/plain",
    "_content_type_eventUrl": "text/plain",
    "_content_type_language": "text/plain",
    "_defaultpage": "",
    "location": "Dolor risus.",
    "_content_type_title": "text/plain",
    "excludeFromNav": false,
    "_content_type_contactName": "text/plain",
    "_type": "Event",
    "description": "Lacus proin sit magna dui taciti. Dolor porta. Lacus massa donec nunc. Lacus etiam. Fusce netus diam ullamcorper nonummy ullamcorper eros nunc aliquam. Lorem dolor litora netus neque lorem augue rhoncus aliquet. Augue lorem proin sociis consectetuer quisque massa rhoncus venenatis aptent taciti quam consectetuer parturient. Purus fusce nec metus fusce habitant. Massa nulla interdum sed aliquet eros ve eni. Augue etiam. Magna vitae sem adipiscing parturient ac litora torquent scelerisque. Curae risus. Morbi curae. Neque etiam hac. Augue morbi. Metus porta proin ante netus magna quam porta. Velit lorem porta taciti condimentum. Lacus morbi nec dis cum convallis sapien non vestibulum.",
    "_atrefs": {},
    "_layout": "event_view",
    "_workflow_history": {
        "simple_publication_workflow": [
            {
                "action": null,
                "review_state": "private",
                "actor": "admin",
                "comments": "",
                "time": "2018/10/26 13:49:45.035866 GMT-4"
            },
            {
                "action": "publish",
                "review_state": "published",
                "actor": "admin",
                "comments": "",
                "time": "2018/10/26 13:51:41.980627 GMT-4"
            }
        ]
    },
    "_content_type_rights": "text/plain",
    "_directly_provided": [],
    "_classname": "ATEvent",
    "_userdefined_roles": [],
    "_content_type_contactEmail": "text/plain",
    "_content_type": "text/html",
    "_id": "proin-class-augue-vehicula-morbi-et-sociis-dis-parturient-ac-taciti-lacus-elementum.",
    "modification_date": "2018/10/26 13:51:41.964945 GMT-4",
    "language": "en",
    "rights": "Etiam justo quis blandit nam nascetur venenatis pellentesque vestibulum amet imperdiet nam. Massa metus per metus massa dolor pretium nunc ve orci pharetra. Dolor vitae. Fusce felis congue taciti. Velit massa praesent malesuada donec vitae. Purus lacus class cras. Curae morbi. Ipsum morbi tellus odio at donec lectus erat ad consectetuer amet. Etiam fames mattis in amet ac vehicula odio. Metus massa tellus morbi suspendisse odio nunc quis parturient et lobortis. Neque purus. Morbi augue non nisl vulputate nullam proin venenatis dis natoque tellus. Risus fames ante euismod natoque mollis ac neque sollicitudin ridiculus dolor. Velit class gravida sociis.",
    "_atbrefs": {},
    "_content_type_description": "text/plain",
    "_owner": "admin",
    "_content_type_location": "text/plain",
    "_permissions": {
        "Modify portal content": {
            "acquire": false,
            "roles": [
                "Editor",
                "Manager",
                "Owner",
                "Site Administrator"
            ]
        },
        "Access contents information": {
            "acquire": false,
            "roles": [
                "Anonymous"
            ]
        },
        "View": {
            "acquire": false,
            "roles": [
                "Anonymous"
            ]
        }
    },
    "_properties": [
        [
            "title",
            "Proin class augue vehicula morbi et sociis dis parturient ac taciti lacus elementum.",
            "string"
        ]
    ],
    "allowDiscussion": false,
    "_gopip": 52,
    "creators": [
        "admin"
    ],
    "_ac_local_roles": {
        "admin": [
            "Owner"
        ]
    },
    "_path": "/Plone/events/proin-class-augue-vehicula-morbi-et-sociis-dis-parturient-ac-taciti-lacus-elementum."
}