{
    "startDate": "2018/11/02 00:12:41.292313 GMT-4",
    "endDate": "2018/11/05 00:11:33.777291 GMT-4",
    "contributors": [],
    "_content_type_text": "text/html",
    "text": "<h1>Praeterea sublata cognitione et scientia tollitur omnis ratio et vitae degendae et rerum gerendarum.</h1>\n\n<p>Lorem ipsum dolor sit amet, consectetur adipiscing elit. Sed virtutem ipsam inchoavit, nihil amplius. Ut aliquid scire se gaudeant? Negat esse eam, inquit, propter se expetendam. Egone non intellego, quid sit don Graece, Latine voluptas? </p>\n\n<ul>\n\t<li>Nunc agendum est subtilius.</li>\n\t<li>Quae qui non vident, nihil umquam magnum ac cognitione dignum amaverunt.</li>\n\t<li>Sin kakan malitiam dixisses, ad aliud nos unum certum vitium consuetudo Latina traduceret.</li>\n</ul>\n\n\n<p><a href='http://loripsum.net/' target='_blank'>Maximus dolor, inquit, brevis est.</a> <a href='http://loripsum.net/' target='_blank'>Aliter enim nosmet ipsos nosse non possumus.</a> Neutrum vero, inquit ille. Minime vero istorum quidem, inquit. Sed quae tandem ista ratio est? <a href='http://loripsum.net/' target='_blank'>Sed ille, ut dixi, vitiose.</a> Bona autem corporis huic sunt, quod posterius posui, similiora. </p>\n\n<ol>\n\t<li>Quod autem patrocinium aut quae ista causa est voluptatis, quae nec testes ullos e claris viris nec laudatores poterit adhibere?</li>\n\t<li>Mihi quidem Antiochum, quem audis, satis belle videris attendere.</li>\n</ol>\n\n\n<pre>\nHonestum igitur id intellegimus, quod tale est, ut detracta\nomni utilitate sine ullis praemiis fructibusve per se ipsum\npossit iure laudari.\n\nQui autem esse poteris, nisi te amor ipse ceperit?\n</pre>\n\n\n<dl>\n\t<dt><dfn>Explanetur igitur.</dfn></dt>\n\t<dd>Tu autem, si tibi illa probabantur, cur non propriis verbis ea tenebas?</dd>\n\t<dt><dfn>Num quid tale Democritus?</dfn></dt>\n\t<dd>Ratio quidem vestra sic cogit.</dd>\n</dl>\n\n\n<h2>Duo Reges: constructio interrete.</h2>\n\n<p>Facillimum id quidem est, inquam. Ne in odium veniam, si amicum destitero tueri. Ac tamen hic mallet non dolere. Haeret in salebra. Prioris generis est docilitas, memoria; </p>\n\n",
    "eventUrl": "http://en.wikipedia.com/wiki/Lorem_ipsum",
    "creation_date": "2018/10/26 13:49:46.461325 GMT-4",
    "contactEmail": "loremipsum@mail.com",
    "_uid": "6ec7a61ddeea44a580be2d92104a78bb",
    "expirationDate": "None",
    "contactName": "Class felis augue quam dis natoque a lectus facilisis ad.",
    "_content_type_id": "text/plain",
    "contactPhone": "Nulla porta auctor ullamcorper morbi habitasse vel inceptos laoreet.",
    "id": "class-lorem-nibh-potenti-id.",
    "subject": [],
    "attendees": [],
    "effectiveDate": "2018/10/26 13:51:42.074077 GMT-4",
    "title": "Class lorem nibh potenti id.",
    "_content_type_contactPhone": "text/plain",
    "_content_type_eventUrl": "text/plain",
    "_content_type_language": "text/plain",
    "_defaultpage": "",
    "location": "Justo magna risus fusce pharetra vel lacinia.",
    "_content_type_title": "text/plain",
    "excludeFromNav": true,
    "_content_type_contactName": "text/plain",
    "_type": "Event",
    "description": "Metus magna non duis massa. Netus proin nam amet cras. Fusce dolor natoque cum fringilla sapien. Augue neque dis fusce diam nascetur egestas feugiat lectus. Purus class libero nisi hendrerit in ridiculus pede laoreet amet id lobortis elit platea. Morbi dolor nec cum eni dis. Dolor purus mauris nulla parturient. Velit justo quisque litora. Risus lacus vivamus molestie neque et cursus lobortis. Nulla purus cum pede. Velit ipsum vel ante. Velit vitae. Purus curae class maecenas magna facilisis accumsan inceptos. Metus dolor. Velit risus nulla viverra elementum quam vivamus id. Class nulla. Dolor lacus tempus sociis sit parturient vitae urna sit. Massa augue.",
    "_atrefs": {},
    "_layout": "event_view",
    "_workflow_history": {
        "simple_publication_workflow": [
            {
                "action": null,
                "review_state": "private",
                "actor": "admin",
                "comments": "",
                "time": "2018/10/26 13:49:46.464462 GMT-4"
            },
            {
                "action": "publish",
                "review_state": "published",
                "actor": "admin",
                "comments": "",
                "time": "2018/10/26 13:51:42.087776 GMT-4"
            }
        ]
    },
    "_content_type_rights": "text/plain",
    "_directly_provided": [],
    "_classname": "ATEvent",
    "_userdefined_roles": [],
    "_content_type_contactEmail": "text/plain",
    "_content_type": "text/html",
    "_id": "class-lorem-nibh-potenti-id.",
    "modification_date": "2018/10/26 13:51:42.074432 GMT-4",
    "language": "en",
    "rights": "Fusce etiam sed dis id magna turpis primis magna malesuada odio quisque erat placerat. Dolor neque praesent vestibulum ornare nec. Dolor ipsum nisi est arcu inceptos tincidunt eni bibendum a. Velit risus cum ipsum donec tortor ve morbi tempus eu. Curae felis odio ornare ad lectus a molestie. Magna lacus dictumst netus a elit ad. Justo curae sed cras pede. Vitae purus nibh eu risus hac taciti aliquam orci at enim nisi sit. Vitae proin nunc. Etiam massa nisl rhoncus eu vel consequat mattis. Fusce purus senectus hac. Morbi justo curae duis nec ultricies tortor volutpat. Curae felis lacus odio turpis hac eget. Justo metus ante dis ipsum morbi tempus placerat adipiscing semper molestie. Vitae dolor arcu mus morbi parturient dapibus odio. Lacus purus nostra. Ipsum curae.",
    "_atbrefs": {},
    "_content_type_description": "text/plain",
    "_owner": "admin",
    "_content_type_location": "text/plain",
    "_permissions": {
        "Modify portal content": {
            "acquire": false,
            "roles": [
                "Editor",
                "Manager",
                "Owner",
                "Site Administrator"
            ]
        },
        "Access contents information": {
            "acquire": false,
            "roles": [
                "Anonymous"
            ]
        },
        "View": {
            "acquire": false,
            "roles": [
                "Anonymous"
            ]
        }
    },
    "_properties": [
        [
            "title",
            "Class lorem nibh potenti id.",
            "string"
        ]
    ],
    "allowDiscussion": false,
    "_gopip": 56,
    "creators": [
        "admin"
    ],
    "_ac_local_roles": {
        "admin": [
            "Owner"
        ]
    },
    "_path": "/Plone/events/class-lorem-nibh-potenti-id."
}