{
    "startDate": "2018/11/09 19:07:49.440503 GMT-4",
    "endDate": "2018/11/12 11:42:16.093347 GMT-4",
    "contributors": [],
    "_content_type_text": "text/html",
    "text": "<h1>Quae cum essent dicta, discessimus.</h1>\n\n<p>Lorem ipsum dolor sit amet, consectetur adipiscing elit. Quid iudicant sensus? Hoc non est positum in nostra actione. <code>Collatio igitur ista te nihil iuvat.</code> </p>\n\n<p>Mihi enim satis est, ipsis non satis. <code>Si longus, levis;</code> Quae cum dixisset, finem ille. Reguli reiciendam; </p>\n\n<dl>\n\t<dt><dfn>Hunc vos beatum;</dfn></dt>\n\t<dd>Quam ob rem tandem, inquit, non satisfacit?</dd>\n\t<dt><dfn>Moriatur, inquit.</dfn></dt>\n\t<dd>Hoc loco discipulos quaerere videtur, ut, qui asoti esse velint, philosophi ante fiant.</dd>\n\t<dt><dfn>Sed nimis multa.</dfn></dt>\n\t<dd>Si est nihil nisi corpus, summa erunt illa: valitudo, vacuitas doloris, pulchritudo, cetera.</dd>\n\t<dt><dfn>Nihilo magis.</dfn></dt>\n\t<dd>Serpere anguiculos, nare anaticulas, evolare merulas, cornibus uti videmus boves, nepas aculeis.</dd>\n</dl>\n\n\n<ol>\n\t<li>Potius inflammat, ut coercendi magis quam dedocendi esse videantur.</li>\n\t<li>Ait enim se, si uratur, Quam hoc suave! dicturum.</li>\n\t<li>Dicet pro me ipsa virtus nec dubitabit isti vestro beato M.</li>\n\t<li>Duo enim genera quae erant, fecit tria.</li>\n</ol>\n\n\n<p>Quid ergo attinet gloriose loqui, nisi constanter loquare? Compensabatur, inquit, cum summis doloribus laetitia. Duo Reges: constructio interrete. Quonam, inquit, modo? Prave, nequiter, turpiter cenabat; Fortemne possumus dicere eundem illum Torquatum? </p>\n\n<ul>\n\t<li>Hoc enim identidem dicitis, non intellegere nos quam dicatis voluptatem.</li>\n\t<li>Nummus in Croesi divitiis obscuratur, pars est tamen divitiarum.</li>\n\t<li>Omnibus enim artibus volumus attributam esse eam, quae communis appellatur prudentia, quam omnes, qui cuique artificio praesunt, debent habere.</li>\n\t<li>Suam denique cuique naturam esse ad vivendum ducem.</li>\n</ul>\n\n\n<pre>\nIta, quae mutat, ea corrumpit, quae sequitur sunt tota\nDemocriti, atomi, inane, imagines, quae eidola nominant,\nquorum incursione non solum videamus, sed etiam cogitemus;\n\nHominum non spinas vellentium, ut Stoici, nec ossa\nnudantium, sed eorum, qui grandia ornate vellent, enucleate\nminora dicere.\n</pre>\n\n\n",
    "eventUrl": "http://en.wikipedia.com/wiki/Lorem_ipsum",
    "creation_date": "2018/10/26 13:49:46.813453 GMT-4",
    "contactEmail": "loremipsum@mail.com",
    "_uid": "b5f8c12d777e47ebbade9a532668a4cf",
    "expirationDate": "None",
    "contactName": "Etiam fusce commodo eu tempor est lectus natoque euismod.",
    "_content_type_id": "text/plain",
    "contactPhone": "Fames neque.",
    "id": "purus-augue-mollis-sodales-eget-torquent-hymenaeos-et-penatibus.",
    "subject": [],
    "attendees": [],
    "effectiveDate": "2018/10/26 13:51:42.100003 GMT-4",
    "title": "Purus augue mollis sodales eget torquent hymenaeos et penatibus.",
    "_content_type_contactPhone": "text/plain",
    "_content_type_eventUrl": "text/plain",
    "_content_type_language": "text/plain",
    "_defaultpage": "",
    "location": "Morbi risus tempus mus adipiscing hendrerit suspendisse sit.",
    "_content_type_title": "text/plain",
    "excludeFromNav": true,
    "_content_type_contactName": "text/plain",
    "_type": "Event",
    "description": "Fusce metus suscipit imperdiet sollicitudin posuere metus magna non. Magna felis cubilia arcu leo a aenean nibh pellentesque ac vivamus nisi in nulla ornare magnis. Vitae neque rutrum. Donec fames urna curae fringilla dictumst eget hac. Velit felis platea praesent. Purus fusce morbi hac interdum a sollicitudin ante pretium ligula. Netus ipsum quam condimentum in mollis et feugiat eros hendrerit. Magna curae netus vehicula dolor lobortis adipiscing. Metus magna luctus. Risus magna.",
    "_atrefs": {},
    "_layout": "event_view",
    "_workflow_history": {
        "simple_publication_workflow": [
            {
                "action": null,
                "review_state": "private",
                "actor": "admin",
                "comments": "",
                "time": "2018/10/26 13:49:46.816729 GMT-4"
            },
            {
                "action": "publish",
                "review_state": "published",
                "actor": "admin",
                "comments": "",
                "time": "2018/10/26 13:51:42.112494 GMT-4"
            }
        ]
    },
    "_content_type_rights": "text/plain",
    "_directly_provided": [],
    "_classname": "ATEvent",
    "_userdefined_roles": [],
    "_content_type_contactEmail": "text/plain",
    "_content_type": "text/html",
    "_id": "purus-augue-mollis-sodales-eget-torquent-hymenaeos-et-penatibus.",
    "modification_date": "2018/10/26 13:51:42.100502 GMT-4",
    "language": "en",
    "rights": "Lacus proin sodales imperdiet inceptos ac diam. Risus proin. Risus velit nulla cras nostra semper lacinia ve mi amet. Metus class nam nisi lacus ornare. Curae augue interdum eu sapien pretium nunc eros. Velit felis porttitor faucibus proin lorem. Augue lacus sociis curae lacus dolor class cum enim mus orci nunc eu lacus. Etiam lorem. Metus fames tempor sollicitudin rhoncus. Purus lacus. Vitae augue netus cras donec mi consequat lorem massa dapibus justo integer mattis. Netus metus vehicula vel. Nulla felis cursus mattis mi. Massa etiam volutpat in dolor dictum varius risus. Velit porta cum sociis phasellus cubilia duis cubilia id et diam neque hendrerit. Porta nulla tellus vehicula.",
    "_atbrefs": {},
    "_content_type_description": "text/plain",
    "_owner": "admin",
    "_content_type_location": "text/plain",
    "_permissions": {
        "Modify portal content": {
            "acquire": false,
            "roles": [
                "Editor",
                "Manager",
                "Owner",
                "Site Administrator"
            ]
        },
        "Access contents information": {
            "acquire": false,
            "roles": [
                "Anonymous"
            ]
        },
        "View": {
            "acquire": false,
            "roles": [
                "Anonymous"
            ]
        }
    },
    "_properties": [
        [
            "title",
            "Purus augue mollis sodales eget torquent hymenaeos et penatibus.",
            "string"
        ]
    ],
    "allowDiscussion": false,
    "_gopip": 57,
    "creators": [
        "admin"
    ],
    "_ac_local_roles": {
        "admin": [
            "Owner"
        ]
    },
    "_path": "/Plone/events/purus-augue-mollis-sodales-eget-torquent-hymenaeos-et-penatibus."
}