{
    "startDate": "2018/11/10 07:44:53.938539 GMT-4",
    "endDate": "2018/11/12 11:59:51.377990 GMT-4",
    "contributors": [],
    "_content_type_text": "text/html",
    "text": "<h1>Ergo id est convenienter naturae vivere, a natura discedere.</h1>\n\n<p>Lorem ipsum dolor sit amet, consectetur adipiscing elit. Nihil enim hoc differt. Nescio quo modo praetervolavit oratio. Duo Reges: constructio interrete. Quod vestri non item. </p>\n\n<p>Qui-vere falsone, quaerere mittimus-dicitur oculis se privasse; Nemo igitur esse beatus potest. Quod cum dixissent, ille contra. Duo enim genera quae erant, fecit tria. </p>\n\n<pre>\nAudebo igitur cetera, quae secundum naturam sint, bona\nappellare nec fraudare suo vetere nomine neque iam aliquod\npotius novum exquirere,virtutis autem amplitudinem quasi in\naltera librae lance ponere.\n\nSic est igitur locutus: Quantus ornatus in Peripateticorum\ndisciplina sit satis est a me, ut brevissime potuit, paulo\nante dictum.\n</pre>\n\n\n<ul>\n\t<li>Ita prorsus, inquam;</li>\n\t<li>Huius ego nunc auctoritatem sequens idem faciam.</li>\n\t<li>Sed virtutem ipsam inchoavit, nihil amplius.</li>\n\t<li>Praeterea sublata cognitione et scientia tollitur omnis ratio et vitae degendae et rerum gerendarum.</li>\n</ul>\n\n\n<h2>Cum id fugiunt, re eadem defendunt, quae Peripatetici, verba.</h2>\n\n<p>Nobis aliter videtur, recte secusne, postea; Ita prorsus, inquam; Id est enim, de quo quaerimus. Sint ista Graecorum; Quod iam a me expectare noli. Et nemo nimium beatus est; </p>\n\n<dl>\n\t<dt><dfn>Hic ambiguo ludimur.</dfn></dt>\n\t<dd>Septem autem illi non suo, sed populorum suffragio omnium nominati sunt.</dd>\n\t<dt><dfn>Etiam beatissimum?</dfn></dt>\n\t<dd>Nam Metrodorum non puto ipsum professum, sed, cum appellaretur ab Epicuro, repudiare tantum beneficium noluisse;</dd>\n\t<dt><dfn>Nulla erit controversia.</dfn></dt>\n\t<dd>Iis igitur est difficilius satis facere, qui se Latina scripta dicunt contemnere.</dd>\n\t<dt><dfn>An eiusdem modi?</dfn></dt>\n\t<dd>Quod ea non occurrentia fingunt, vincunt Aristonem;</dd>\n</dl>\n\n\n<ol>\n\t<li>Quamquam id quidem, infinitum est in hac urbe;</li>\n\t<li>Hanc se tuus Epicurus omnino ignorare dicit quam aut qualem esse velint qui honestate summum bonum metiantur.</li>\n\t<li>Uterque enim summo bono fruitur, id est voluptate.</li>\n\t<li>Haec et tu ita posuisti, et verba vestra sunt.</li>\n</ol>\n\n\n",
    "eventUrl": "http://en.wikipedia.com/wiki/Lorem_ipsum",
    "creation_date": "2018/10/26 13:49:48.595499 GMT-4",
    "contactEmail": "loremipsum@mail.com",
    "_uid": "ee7fb198b04749828331d4ed9ea4dede",
    "expirationDate": "None",
    "contactName": "Magna class.",
    "_content_type_id": "text/plain",
    "contactPhone": "Velit netus aenean mattis cras ultricies est nisl.",
    "id": "purus-morbi-vel-erat-a-lacus.",
    "subject": [],
    "attendees": [],
    "effectiveDate": "2018/10/26 13:51:42.226702 GMT-4",
    "title": "Purus morbi vel erat a lacus.",
    "_content_type_contactPhone": "text/plain",
    "_content_type_eventUrl": "text/plain",
    "_content_type_language": "text/plain",
    "_defaultpage": "",
    "location": "Purus magna sapien pellentesque fermentum magna convallis nibh.",
    "_content_type_title": "text/plain",
    "excludeFromNav": false,
    "_content_type_contactName": "text/plain",
    "_type": "Event",
    "description": "Etiam proin interdum dis eu cras ullamcorper cubilia consectetuer nullam etiam ipsum. Velit porta dignissim. Justo fusce. Lacus magna leo cum ac arcu magna iaculis malesuada sociis class scelerisque volutpat. Purus massa nullam suspendisse augue mauris ridiculus. Nulla felis sociis varius. Velit risus dictum risus adipiscing accumsan ante eleifend convallis.",
    "_atrefs": {},
    "_layout": "event_view",
    "_workflow_history": {
        "simple_publication_workflow": [
            {
                "action": null,
                "review_state": "private",
                "actor": "admin",
                "comments": "",
                "time": "2018/10/26 13:49:48.598667 GMT-4"
            },
            {
                "action": "publish",
                "review_state": "published",
                "actor": "admin",
                "comments": "",
                "time": "2018/10/26 13:51:42.239109 GMT-4"
            }
        ]
    },
    "_content_type_rights": "text/plain",
    "_directly_provided": [],
    "_classname": "ATEvent",
    "_userdefined_roles": [],
    "_content_type_contactEmail": "text/plain",
    "_content_type": "text/html",
    "_id": "purus-morbi-vel-erat-a-lacus.",
    "modification_date": "2018/10/26 13:51:42.226971 GMT-4",
    "language": "en",
    "rights": "Curae neque pulvinar vestibulum cursus. Fusce justo vel amet hac odio ligula hendrerit sociosqu. Dolor netus mus nulla gravida lacus porta curae. Class morbi litora ad auctor nascetur. Velit morbi fringilla arcu urna curae. Justo nulla. Proin massa potenti sit. Fusce augue vitae vulputate nam etiam fermentum natoque lacus iaculis erat pharetra. Augue felis dui lectus iaculis laoreet curae nibh sodales eu. Nulla fames. Fames nulla tellus et nec.",
    "_atbrefs": {},
    "_content_type_description": "text/plain",
    "_owner": "admin",
    "_content_type_location": "text/plain",
    "_permissions": {
        "Modify portal content": {
            "acquire": false,
            "roles": [
                "Editor",
                "Manager",
                "Owner",
                "Site Administrator"
            ]
        },
        "Access contents information": {
            "acquire": false,
            "roles": [
                "Anonymous"
            ]
        },
        "View": {
            "acquire": false,
            "roles": [
                "Anonymous"
            ]
        }
    },
    "_properties": [
        [
            "title",
            "Purus morbi vel erat a lacus.",
            "string"
        ]
    ],
    "allowDiscussion": false,
    "_gopip": 62,
    "creators": [
        "admin"
    ],
    "_ac_local_roles": {
        "admin": [
            "Owner"
        ]
    },
    "_path": "/Plone/events/purus-morbi-vel-erat-a-lacus."
}