{
    "startDate": "2018/10/30 05:56:57.710270 GMT-4",
    "endDate": "2018/11/01 22:24:50.487943 GMT-4",
    "contributors": [],
    "_content_type_text": "text/html",
    "text": "<h1>Ut in geometria, prima si dederis, danda sunt omnia.</h1>\n\n<p>Lorem ipsum dolor sit amet, consectetur adipiscing elit. Quod quidem iam fit etiam in Academia. Scisse enim te quis coarguere possit? Quis non odit sordidos, vanos, leves, futtiles? Duo Reges: constructio interrete. Nos paucis ad haec additis finem faciamus aliquando; Sic enim censent, oportunitatis esse beate vivere. <a href='http://loripsum.net/' target='_blank'>Itaque hic ipse iam pridem est reiectus;</a> </p>\n\n<pre>\nEt ille ridens: Video, inquit, quid agas;\n\nItaque dicunt nec dubitant: mihi sic usus est, tibi ut opus\nest facto, fac.\n</pre>\n\n\n<p>De vacuitate doloris eadem sententia erit. Dat enim intervalla et relaxat. Quod iam a me expectare noli. Easdemne res? Hic ambiguo ludimur. </p>\n\n<ul>\n\t<li>Universa enim illorum ratione cum tota vestra confligendum puto.</li>\n\t<li>Deinde concludebas summum malum esse dolorem, summum bonum voluptatem! Lucius Thorius Balbus fuit, Lanuvinus, quem meminisse tu non potes.</li>\n\t<li>Quod autem principium officii quaerunt, melius quam Pyrrho;</li>\n</ul>\n\n\n<dl>\n\t<dt><dfn>Quis hoc dicit?</dfn></dt>\n\t<dd>Hoc ne statuam quidem dicturam pater aiebat, si loqui posset.</dd>\n\t<dt><dfn>Quid adiuvas?</dfn></dt>\n\t<dd>Quae qui non vident, nihil umquam magnum ac cognitione dignum amaverunt.</dd>\n\t<dt><dfn>Nihilo magis.</dfn></dt>\n\t<dd>Unum nescio, quo modo possit, si luxuriosus sit, finitas cupiditates habere.</dd>\n\t<dt><dfn>Quo modo?</dfn></dt>\n\t<dd>Bonum patria: miserum exilium.</dd>\n</dl>\n\n\n<ol>\n\t<li>Cum id fugiunt, re eadem defendunt, quae Peripatetici, verba.</li>\n\t<li>Sed fortuna fortis;</li>\n\t<li>Eam si varietatem diceres, intellegerem, ut etiam non dicente te intellego;</li>\n\t<li>Theophrastus mediocriterne delectat, cum tractat locos ab Aristotele ante tractatos?</li>\n</ol>\n\n\n<p>Hoc Hieronymus summum bonum esse dixit. Non autem hoc: igitur ne illud quidem. Etenim semper illud extra est, quod arte comprehenditur. Est, ut dicis, inquam. Nullus est igitur cuiusquam dies natalis. </p>\n\n",
    "eventUrl": "http://en.wikipedia.com/wiki/Lorem_ipsum",
    "creation_date": "2018/10/26 13:49:48.951109 GMT-4",
    "contactEmail": "loremipsum@mail.com",
    "_uid": "be225c6d785d4d32b46e4dc435619755",
    "expirationDate": "None",
    "contactName": "Morbi neque quam et sollicitudin orci purus montes congue molestie.",
    "_content_type_id": "text/plain",
    "contactPhone": "Fames vitae elit velit etiam primis facilisi odio in.",
    "id": "purus-nulla-habitant-venenatis-quam-tempus-netus-praesent-nec-ut-habitant-commodo.",
    "subject": [],
    "attendees": [],
    "effectiveDate": "2018/10/26 13:51:42.251984 GMT-4",
    "title": "Purus nulla habitant venenatis quam tempus netus praesent nec ut habitant commodo.",
    "_content_type_contactPhone": "text/plain",
    "_content_type_eventUrl": "text/plain",
    "_content_type_language": "text/plain",
    "_defaultpage": "",
    "location": "Purus curae.",
    "_content_type_title": "text/plain",
    "excludeFromNav": false,
    "_content_type_contactName": "text/plain",
    "_type": "Event",
    "description": "Etiam risus natoque cubilia tortor ante odio sit elit imperdiet magnis sit mauris litora. Vitae augue amet sed pellentesque id. Lacus fames velit vitae lacinia fringilla pede rutrum potenti. Magna curae ultrices amet magnis aliquam nisl. Massa nulla ornare felis parturient ante congue porttitor vitae eros dis nulla. Justo nulla elit rhoncus metus. Purus morbi. Curae fusce. Fames etiam urna feugiat ad arcu scelerisque mi ornare. Velit lacus. Donec netus dolor egestas varius hac adipiscing. Justo massa. Risus proin varius ligula est tellus. Fusce porta varius ad maecenas nam donec proin nostra. Dolor metus libero amet congue eu nisi bibendum. Felis morbi hymenaeos.",
    "_atrefs": {},
    "_layout": "event_view",
    "_workflow_history": {
        "simple_publication_workflow": [
            {
                "action": null,
                "review_state": "private",
                "actor": "admin",
                "comments": "",
                "time": "2018/10/26 13:49:48.954258 GMT-4"
            },
            {
                "action": "publish",
                "review_state": "published",
                "actor": "admin",
                "comments": "",
                "time": "2018/10/26 13:51:42.265235 GMT-4"
            }
        ]
    },
    "_content_type_rights": "text/plain",
    "_directly_provided": [],
    "_classname": "ATEvent",
    "_userdefined_roles": [],
    "_content_type_contactEmail": "text/plain",
    "_content_type": "text/html",
    "_id": "purus-nulla-habitant-venenatis-quam-tempus-netus-praesent-nec-ut-habitant-commodo.",
    "modification_date": "2018/10/26 13:51:42.252307 GMT-4",
    "language": "en",
    "rights": "Morbi dolor eget. Magna lorem nonummy pretium interdum semper cursus at consequat. Justo neque curae a quis ut donec in semper fermentum. Justo porta. Velit donec. Metus donec auctor sit. Lacus vitae urna quisque ad ac aenean curabitur netus curabitur nisl metus curabitur. Fames fusce nostra fusce fames proin orci ut fusce ut elementum ipsum hymenaeos morbi ligula magna. Ipsum netus vehicula et ullamcorper. Porta curae mus duis placerat mi massa ve eros id penatibus donec orci habitant. Justo donec est sodales nec at quam. Augue metus dignissim conubia litora habitasse sagittis cursus. Class lacus quam molestie ligula tortor vitae. Dolor fames dignissim eget scelerisque nec ad. Lacus fusce nostra varius eget cum hymenaeos. Curae morbi condimentum suscipit purus consectetuer neque at leo ve. Nulla class placerat curabitur pharetra ve metus aptent curae potenti. Neque donec risus. Metus donec dictum nostra cum integer in sed.",
    "_atbrefs": {},
    "_content_type_description": "text/plain",
    "_owner": "admin",
    "_content_type_location": "text/plain",
    "_permissions": {
        "Modify portal content": {
            "acquire": false,
            "roles": [
                "Editor",
                "Manager",
                "Owner",
                "Site Administrator"
            ]
        },
        "Access contents information": {
            "acquire": false,
            "roles": [
                "Anonymous"
            ]
        },
        "View": {
            "acquire": false,
            "roles": [
                "Anonymous"
            ]
        }
    },
    "_properties": [
        [
            "title",
            "Purus nulla habitant venenatis quam tempus netus praesent nec ut habitant commodo.",
            "string"
        ]
    ],
    "allowDiscussion": false,
    "_gopip": 63,
    "creators": [
        "admin"
    ],
    "_ac_local_roles": {
        "admin": [
            "Owner"
        ]
    },
    "_path": "/Plone/events/purus-nulla-habitant-venenatis-quam-tempus-netus-praesent-nec-ut-habitant-commodo."
}