{
    "startDate": "2018/11/07 07:06:54.523005 GMT-4",
    "endDate": "2018/11/08 14:28:26.260846 GMT-4",
    "contributors": [],
    "_content_type_text": "text/html",
    "text": "<h1>Quod ea non occurrentia fingunt, vincunt Aristonem;</h1>\n\n<p>Lorem ipsum dolor sit amet, consectetur adipiscing elit. Duo Reges: constructio interrete. Suo genere perveniant ad extremum; Quid est igitur, inquit, quod requiras? Simus igitur contenti his. Easdemne res? Deinde disputat, quod cuiusque generis animantium statui deceat extremum. </p>\n\n<h2>Urgent tamen et nihil remittunt.</h2>\n\n<p>Inquit, dasne adolescenti veniam? <a href='http://loripsum.net/' target='_blank'>Torquatus, is qui consul cum Cn.</a> Recte, inquit, intellegis. Non laboro, inquit, de nomine. </p>\n\n<pre>\nNunc vero, quoniam haec nos etiam tractare coepimus,\nsuppeditabit nobis Atticus noster e thesauris suis quos et\nquantos viros! nonne melius est de his aliquid quam tantis\nvoluminibus de Themista loqui?\n\nTamen aberramus a proposito, et, ne longius, prorsus,\ninquam, Piso, si ista mala sunt, placet.\n</pre>\n\n\n<p>Inde igitur, inquit, ordiendum est. Sed ego in hoc resisto; </p>\n\n<ol>\n\t<li>Re mihi non aeque satisfacit, et quidem locis pluribus.</li>\n\t<li>Eodem modo is enim tibi nemo dabit, quod, expetendum sit, id esse laudabile.</li>\n\t<li>Beatus autem esse in maximarum rerum timore nemo potest.</li>\n</ol>\n\n\n<ul>\n\t<li>Sed quae tandem ista ratio est?</li>\n\t<li>Ergo ita: non posse honeste vivi, nisi honeste vivatur?</li>\n\t<li>An me, inquam, nisi te audire vellem, censes haec dicturum fuisse?</li>\n\t<li>Et certamen honestum et disputatio splendida! omnis est enim de virtutis dignitate contentio.</li>\n\t<li>Ne vitationem quidem doloris ipsam per se quisquam in rebus expetendis putavit, nisi etiam evitare posset.</li>\n\t<li>Qui autem diffidet perpetuitati bonorum suorum, timeat necesse est, ne aliquando amissis illis sit miser.</li>\n</ul>\n\n\n<dl>\n\t<dt><dfn>Non semper, inquam;</dfn></dt>\n\t<dd>Et hunc idem dico, inquieta sed ad virtutes et ad vitia nihil interesse.</dd>\n\t<dt><dfn>Quae sequuntur igitur?</dfn></dt>\n\t<dd>Conferam tecum, quam cuique verso rem subicias;</dd>\n\t<dt><dfn>ALIO MODO.</dfn></dt>\n\t<dd>Est igitur officium eius generis, quod nec in bonis ponatur nec in contrariis.</dd>\n\t<dt><dfn>Negare non possum.</dfn></dt>\n\t<dd>Progredientibus autem aetatibus sensim tardeve potius quasi nosmet ipsos cognoscimus.</dd>\n\t<dt><dfn>In schola desinis.</dfn></dt>\n\t<dd>Heri, inquam, ludis commissis ex urbe profectus veni ad vesperum.</dd>\n\t<dt><dfn>Sedulo, inquam, faciam.</dfn></dt>\n\t<dd>Summus dolor plures dies manere non potest?</dd>\n</dl>\n\n\n",
    "eventUrl": "http://en.wikipedia.com/wiki/Lorem_ipsum",
    "creation_date": "2018/10/26 13:49:50.589974 GMT-4",
    "contactEmail": "loremipsum@mail.com",
    "_uid": "0ff8845ccc5f4b4bafecd7e971665137",
    "expirationDate": "None",
    "contactName": "Proin dolor.",
    "_content_type_id": "text/plain",
    "contactPhone": "Purus justo leo odio eu odio donec.",
    "id": "class-vitae-fames-ullamcorper-lobortis-proin-dignissim-odio-aliquet.",
    "subject": [],
    "attendees": [],
    "effectiveDate": "2018/10/26 13:51:42.329763 GMT-4",
    "title": "Class vitae fames ullamcorper lobortis proin dignissim odio aliquet.",
    "_content_type_contactPhone": "text/plain",
    "_content_type_eventUrl": "text/plain",
    "_content_type_language": "text/plain",
    "_defaultpage": "",
    "location": "Dolor lorem sed integer id eget felis elementum.",
    "_content_type_title": "text/plain",
    "excludeFromNav": false,
    "_content_type_contactName": "text/plain",
    "_type": "Event",
    "description": "Class augue senectus consequat risus mi class rutrum nostra senectus. Netus massa dictumst massa. Nulla risus magnis cursus proin vulputate suspendisse felis. Justo lacus auctor dolor enim. Fames augue morbi. Dolor neque hac nunc. Netus magna vitae quam curae lacus nec. Morbi dolor inceptos vitae etiam felis suscipit ipsum lorem neque potenti sem et rutrum mus. Magna justo. Etiam curae.",
    "_atrefs": {},
    "_layout": "event_view",
    "_workflow_history": {
        "simple_publication_workflow": [
            {
                "action": null,
                "review_state": "private",
                "actor": "admin",
                "comments": "",
                "time": "2018/10/26 13:49:50.593391 GMT-4"
            },
            {
                "action": "publish",
                "review_state": "published",
                "actor": "admin",
                "comments": "",
                "time": "2018/10/26 13:51:42.342576 GMT-4"
            }
        ]
    },
    "_content_type_rights": "text/plain",
    "_directly_provided": [],
    "_classname": "ATEvent",
    "_userdefined_roles": [],
    "_content_type_contactEmail": "text/plain",
    "_content_type": "text/html",
    "_id": "class-vitae-fames-ullamcorper-lobortis-proin-dignissim-odio-aliquet.",
    "modification_date": "2018/10/26 13:51:42.330045 GMT-4",
    "language": "en",
    "rights": "Felis nulla. Etiam risus senectus nec viverra. Massa netus nascetur adipiscing primis morbi elit euismod. Ipsum curae fusce vivamus lobortis commodo lorem. Lorem curae sit velit posuere eu leo fames euismod sociosqu. Netus proin mollis purus gravida cursus. Lorem donec. Donec netus iaculis ipsum orci iaculis pretium nisi tellus. Magna fusce condimentum id congue at sapien inceptos faucibus nulla venenatis fringilla fusce pede massa fermentum amet nunc. Lacus etiam risus inceptos. Neque lacus tempus senectus condimentum vel mi tempor euismod. Etiam augue dolor porta fringilla sociosqu.",
    "_atbrefs": {},
    "_content_type_description": "text/plain",
    "_owner": "admin",
    "_content_type_location": "text/plain",
    "_permissions": {
        "Modify portal content": {
            "acquire": false,
            "roles": [
                "Editor",
                "Manager",
                "Owner",
                "Site Administrator"
            ]
        },
        "Access contents information": {
            "acquire": false,
            "roles": [
                "Anonymous"
            ]
        },
        "View": {
            "acquire": false,
            "roles": [
                "Anonymous"
            ]
        }
    },
    "_properties": [
        [
            "title",
            "Class vitae fames ullamcorper lobortis proin dignissim odio aliquet.",
            "string"
        ]
    ],
    "allowDiscussion": false,
    "_gopip": 66,
    "creators": [
        "admin"
    ],
    "_ac_local_roles": {
        "admin": [
            "Owner"
        ]
    },
    "_path": "/Plone/events/class-vitae-fames-ullamcorper-lobortis-proin-dignissim-odio-aliquet."
}