{
    "startDate": "2018/11/13 10:26:22.800376 GMT-4",
    "endDate": "2018/11/13 17:42:50.845959 GMT-4",
    "contributors": [],
    "_content_type_text": "text/html",
    "text": "<h1>Ergo opifex plus sibi proponet ad formarum quam civis excellens ad factorum pulchritudinem?</h1>\n\n<p>Lorem ipsum dolor sit amet, consectetur adipiscing elit. <a href='http://loripsum.net/' target='_blank'>Odium autem et invidiam facile vitabis.</a> Qua tu etiam inprudens utebare non numquam. Summus dolor plures dies manere non potest? Huius ego nunc auctoritatem sequens idem faciam. Efficiens dici potest. </p>\n\n<h2>At modo dixeras nihil in istis rebus esse, quod interesset.</h2>\n\n<p>Bonum liberi: misera orbitas. Quare conare, quaeso. <a href='http://loripsum.net/' target='_blank'>Immo alio genere;</a> Recte, inquit, intellegis. <a href='http://loripsum.net/' target='_blank'>Nescio quo modo praetervolavit oratio.</a> Expectoque quid ad id, quod quaerebam, respondeas. </p>\n\n<ul>\n\t<li>Ego vero isti, inquam, permitto.</li>\n\t<li>Ille vero, si insipiens-quo certe, quoniam tyrannus -, numquam beatus;</li>\n\t<li>Quoniam, si dis placet, ab Epicuro loqui discimus.</li>\n</ul>\n\n\n<ol>\n\t<li>Cenasti in vita numquam bene, cum omnia in ista Consumis squilla atque acupensere cum decimano.</li>\n\t<li>Hic ego: Pomponius quidem, inquam, noster iocari videtur, et fortasse suo iure.</li>\n\t<li>Quodsi ipsam honestatem undique pertectam atque absolutam.</li>\n\t<li>Quis animo aequo videt eum, quem inpure ac flagitiose putet vivere?</li>\n</ol>\n\n\n<pre>\nIlle vero, si insipiens-quo certe, quoniam tyrannus -,\nnumquam beatus;\n\nHuic mori optimum esse propter desperationem sapientiae,\nilli propter spem vivere.\n</pre>\n\n\n<dl>\n\t<dt><dfn>Age sane, inquam.</dfn></dt>\n\t<dd>Gerendus est mos, modo recte sentiat.</dd>\n\t<dt><dfn>Reguli reiciendam;</dfn></dt>\n\t<dd>De vacuitate doloris eadem sententia erit.</dd>\n\t<dt><dfn>Nihil sane.</dfn></dt>\n\t<dd>Aliter homines, aliter philosophos loqui putas oportere?</dd>\n\t<dt><dfn>Nihilo magis.</dfn></dt>\n\t<dd>Sed in rebus apertissimis nimium longi sumus.</dd>\n\t<dt><dfn>Sedulo, inquam, faciam.</dfn></dt>\n\t<dd>Sequitur disserendi ratio cognitioque naturae;</dd>\n\t<dt><dfn>Qui convenit?</dfn></dt>\n\t<dd>An eiusdem modi?</dd>\n\t<dt><dfn>Quo tandem modo?</dfn></dt>\n\t<dd>Si enim ita est, vide ne facinus facias, cum mori suadeas.</dd>\n</dl>\n\n\n<p>Duo Reges: constructio interrete. Ratio quidem vestra sic cogit. Itaque ad tempus ad Pisonem omnes. Quae similitudo in genere etiam humano apparet. Illud dico, ea, quae dicat, praeclare inter se cohaerere. Verum hoc idem saepe faciamus. </p>\n\n",
    "eventUrl": "http://en.wikipedia.com/wiki/Lorem_ipsum",
    "creation_date": "2018/10/26 13:49:50.954382 GMT-4",
    "contactEmail": "loremipsum@mail.com",
    "_uid": "cfb5522d11074261bfba539f4c599ac8",
    "expirationDate": "None",
    "contactName": "Nulla felis.",
    "_content_type_id": "text/plain",
    "contactPhone": "Porta etiam litora semper tincidunt vitae id tincidunt purus.",
    "id": "curae-magna-risus-sem.",
    "subject": [],
    "attendees": [],
    "effectiveDate": "2018/10/26 13:51:42.355533 GMT-4",
    "title": "Curae magna risus sem.",
    "_content_type_contactPhone": "text/plain",
    "_content_type_eventUrl": "text/plain",
    "_content_type_language": "text/plain",
    "_defaultpage": "",
    "location": "Porta ipsum.",
    "_content_type_title": "text/plain",
    "excludeFromNav": false,
    "_content_type_contactName": "text/plain",
    "_type": "Event",
    "description": "Magna vitae. Curae dolor volutpat dolor velit sodales imperdiet litora senectus in. Justo purus. Fames proin nullam nisi tempus vel. Ipsum massa sem quam mollis sapien nisi nisl quam. Purus fusce nostra sollicitudin. Nulla curae auctor nisl mi purus sollicitudin lorem at libero pede erat. Velit etiam accumsan in curae leo urna aptent pretium nibh. Curae morbi mus purus posuere mauris dis nisl egestas et cum.",
    "_atrefs": {},
    "_layout": "event_view",
    "_workflow_history": {
        "simple_publication_workflow": [
            {
                "action": null,
                "review_state": "private",
                "actor": "admin",
                "comments": "",
                "time": "2018/10/26 13:49:50.957694 GMT-4"
            },
            {
                "action": "publish",
                "review_state": "published",
                "actor": "admin",
                "comments": "",
                "time": "2018/10/26 13:51:42.368479 GMT-4"
            }
        ]
    },
    "_content_type_rights": "text/plain",
    "_directly_provided": [],
    "_classname": "ATEvent",
    "_userdefined_roles": [],
    "_content_type_contactEmail": "text/plain",
    "_content_type": "text/html",
    "_id": "curae-magna-risus-sem.",
    "modification_date": "2018/10/26 13:51:42.355779 GMT-4",
    "language": "en",
    "rights": "Proin netus nisi eni eros a pede. Donec massa. Fames neque nec hendrerit fusce a amet eu. Vitae lacus purus commodo proin augue sed class orci fringilla ac massa at. Etiam donec phasellus pulvinar nibh diam etiam class a quam class scelerisque ac mattis fringilla. Morbi fames nascetur nisi tempus potenti sit habitasse. Nulla vitae rhoncus habitant platea nullam lacinia ve ad. Nulla ipsum est enim vestibulum ut tempor magna sociosqu sit ve justo per pede nisi. Curae augue lorem justo nullam nunc in inceptos enim orci. Neque felis dapibus primis ante mi odio feugiat nullam mi. Fusce purus condimentum sociosqu sodales litora nisl hac ligula torquent orci euismod elementum dictum.",
    "_atbrefs": {},
    "_content_type_description": "text/plain",
    "_owner": "admin",
    "_content_type_location": "text/plain",
    "_permissions": {
        "Modify portal content": {
            "acquire": false,
            "roles": [
                "Editor",
                "Manager",
                "Owner",
                "Site Administrator"
            ]
        },
        "Access contents information": {
            "acquire": false,
            "roles": [
                "Anonymous"
            ]
        },
        "View": {
            "acquire": false,
            "roles": [
                "Anonymous"
            ]
        }
    },
    "_properties": [
        [
            "title",
            "Curae magna risus sem.",
            "string"
        ]
    ],
    "allowDiscussion": false,
    "_gopip": 67,
    "creators": [
        "admin"
    ],
    "_ac_local_roles": {
        "admin": [
            "Owner"
        ]
    },
    "_path": "/Plone/events/curae-magna-risus-sem."
}