{
    "startDate": "2018/11/15 06:03:35.014513 GMT-4",
    "endDate": "2018/11/15 11:19:2.217761 GMT-4",
    "contributors": [],
    "_content_type_text": "text/html",
    "text": "<h1>Sed quid ages tandem, si utilitas ab amicitia, ut fit saepe, defecerit?</h1>\n\n<p>Lorem ipsum dolor sit amet, consectetur adipiscing elit. Satis est ad hoc responsum. Bonum integritas corporis: misera debilitas. </p>\n\n<ul>\n\t<li>Miserum hominem! Si dolor summum malum est, dici aliter non potest.</li>\n\t<li>Illi enim inter se dissentiunt.</li>\n\t<li>Cum ageremus, inquit, vitae beatum et eundem supremum diem, scribebamus haec.</li>\n\t<li>Si quidem, inquit, tollerem, sed relinquo.</li>\n</ul>\n\n\n<dl>\n\t<dt><dfn>Tubulo putas dicere?</dfn></dt>\n\t<dd>Nihil enim iam habes, quod ad corpus referas;</dd>\n\t<dt><dfn>Quare attende, quaeso.</dfn></dt>\n\t<dd>Si longus, levis;</dd>\n\t<dt><dfn>Pollicetur certe.</dfn></dt>\n\t<dd>A primo, ut opinor, animantium ortu petitur origo summi boni.</dd>\n\t<dt><dfn>Non semper, inquam;</dfn></dt>\n\t<dd>In motu et in statu corporis nihil inest, quod animadvertendum esse ipsa natura iudicet?</dd>\n</dl>\n\n\n<ol>\n\t<li>Sequitur disserendi ratio cognitioque naturae;</li>\n\t<li>Inscite autem medicinae et gubernationis ultimum cum ultimo sapientiae comparatur.</li>\n\t<li>Habent enim et bene longam et satis litigiosam disputationem.</li>\n\t<li>Nam diligi et carum esse iucundum est propterea, quia tutiorem vitam et voluptatem pleniorem efficit.</li>\n</ol>\n\n\n<p><a href='http://loripsum.net/' target='_blank'>Id enim natura desiderat.</a> Hic nihil fuit, quod quaereremus. </p>\n\n<pre>\nQuamquam enim vereor, ne nimius in hoc genere videar, tamen\nomnes veteres philosophi, maxime nostri, ad incunabula\naccedunt, quod in pueritia facillime se arbitrantur naturae\nvoluntatem posse cognoscere.\n\nQuare si potest esse beatus is, qui est in asperis\nreiciendisque rebus, potest is quoque esse.\n</pre>\n\n\n<h2>Duo Reges: constructio interrete.</h2>\n\n<p>Quo modo autem philosophus loquitur? <a href='http://loripsum.net/' target='_blank'>Itaque hic ipse iam pridem est reiectus;</a> <code>Ut optime, secundum naturam affectum esse possit.</code> Prodest, inquit, mihi eo esse animo. Itaque ab his ordiamur. Neutrum vero, inquit ille. </p>\n\n",
    "eventUrl": "http://en.wikipedia.com/wiki/Lorem_ipsum",
    "creation_date": "2018/10/26 13:49:52.720572 GMT-4",
    "contactEmail": "loremipsum@mail.com",
    "_uid": "a256352e61e145bda9dba66ef3559690",
    "expirationDate": "None",
    "contactName": "Purus massa lectus in montes.",
    "_content_type_id": "text/plain",
    "contactPhone": "Justo proin luctus vestibulum.",
    "id": "morbi-augue.",
    "subject": [],
    "attendees": [],
    "effectiveDate": "2018/10/26 13:51:42.493369 GMT-4",
    "title": "Morbi augue.",
    "_content_type_contactPhone": "text/plain",
    "_content_type_eventUrl": "text/plain",
    "_content_type_language": "text/plain",
    "_defaultpage": "",
    "location": "Risus augue nullam vestibulum accumsan morbi vivamus pharetra dictum.",
    "_content_type_title": "text/plain",
    "excludeFromNav": false,
    "_content_type_contactName": "text/plain",
    "_type": "Event",
    "description": "Curae metus fringilla nonummy pellentesque viverra ipsum parturient ve dignissim amet nisi. Curae nulla ullamcorper facilisi ante. Lorem risus malesuada phasellus cras. Class netus. Fames augue suspendisse hac eget pede urna vivamus. Etiam augue quisque ipsum ac. Augue massa. Class magna fermentum euismod nam. Nulla velit odio nam purus enim hymenaeos pellentesque gravida morbi. Risus dolor urna faucibus lorem morbi blandit. Nulla lacus.",
    "_atrefs": {},
    "_layout": "event_view",
    "_workflow_history": {
        "simple_publication_workflow": [
            {
                "action": null,
                "review_state": "private",
                "actor": "admin",
                "comments": "",
                "time": "2018/10/26 13:49:52.724359 GMT-4"
            },
            {
                "action": "publish",
                "review_state": "published",
                "actor": "admin",
                "comments": "",
                "time": "2018/10/26 13:51:42.505244 GMT-4"
            }
        ]
    },
    "_content_type_rights": "text/plain",
    "_directly_provided": [],
    "_classname": "ATEvent",
    "_userdefined_roles": [],
    "_content_type_contactEmail": "text/plain",
    "_content_type": "text/html",
    "_id": "morbi-augue.",
    "modification_date": "2018/10/26 13:51:42.493624 GMT-4",
    "language": "en",
    "rights": "Donec velit potenti augue vitae varius turpis. Lorem magna eros ligula parturient sollicitudin quisque vel tincidunt magnis quam suspendisse. Netus porta quisque porta lorem sed elit tincidunt tortor mauris fermentum dictumst tortor natoque. Ipsum vitae natoque pede at cursus volutpat justo eu. Donec fames blandit nunc pede mus. Donec dolor. Justo risus augue class accumsan lacus ac risus inceptos eget luctus non diam. Justo fusce praesent risus. Class velit a gravida magnis mus potenti platea nec enim eros. Risus class a lacinia tellus in pharetra quisque urna ve. Augue lacus sagittis massa mollis. Metus proin a tellus nibh nulla feugiat laoreet semper. Lorem donec. Fusce netus. Felis lorem mollis. Lacus nulla rutrum semper aliquam lacinia semper mus aptent id. Donec velit placerat vel nisl auctor justo sociis.",
    "_atbrefs": {},
    "_content_type_description": "text/plain",
    "_owner": "admin",
    "_content_type_location": "text/plain",
    "_permissions": {
        "Modify portal content": {
            "acquire": false,
            "roles": [
                "Editor",
                "Manager",
                "Owner",
                "Site Administrator"
            ]
        },
        "Access contents information": {
            "acquire": false,
            "roles": [
                "Anonymous"
            ]
        },
        "View": {
            "acquire": false,
            "roles": [
                "Anonymous"
            ]
        }
    },
    "_properties": [
        [
            "title",
            "Morbi augue.",
            "string"
        ]
    ],
    "allowDiscussion": false,
    "_gopip": 72,
    "creators": [
        "admin"
    ],
    "_ac_local_roles": {
        "admin": [
            "Owner"
        ]
    },
    "_path": "/Plone/events/morbi-augue."
}