{
    "startDate": "2018/10/29 17:29:43.984447 GMT-4",
    "endDate": "2018/11/01 15:40:46.712276 GMT-4",
    "contributors": [],
    "_content_type_text": "text/html",
    "text": "<h1>Qua igitur re ab deo vincitur, si aeternitate non vincitur?</h1>\n\n<p>Lorem ipsum dolor sit amet, consectetur adipiscing elit. Prodest, inquit, mihi eo esse animo. Nunc haec primum fortasse audientis servire debemus. Confecta res esset. Velut ego nunc moveor. Duo Reges: constructio interrete. </p>\n\n<dl>\n\t<dt><dfn>Quibusnam praeteritis?</dfn></dt>\n\t<dd>Dulce amarum, leve asperum, prope longe, stare movere, quadratum rotundum.</dd>\n\t<dt><dfn>Quid iudicant sensus?</dfn></dt>\n\t<dd>In quo etsi est magnus, tamen nova pleraque et perpauca de moribus.</dd>\n\t<dt><dfn>Numquam facies.</dfn></dt>\n\t<dd>Virtutibus igitur rectissime mihi videris et ad consuetudinem nostrae orationis vitia posuisse contraria.</dd>\n\t<dt><dfn>Avaritiamne minuis?</dfn></dt>\n\t<dd>Quo studio Aristophanem putamus aetatem in litteris duxisse?</dd>\n</dl>\n\n\n<ol>\n\t<li>Si est nihil nisi corpus, summa erunt illa: valitudo, vacuitas doloris, pulchritudo, cetera.</li>\n\t<li>Tollenda est atque extrahenda radicitus.</li>\n</ol>\n\n\n<h2>Itaque nostrum est-quod nostrum dico, artis est-ad ea principia, quae accepimus.</h2>\n\n<p>Omnia contraria, quos etiam insanos esse vultis. An haec ab eo non dicuntur? Tum ille timide vel potius verecunde: Facio, inquit. Quid enim possumus hoc agere divinius? Negat enim summo bono afferre incrementum diem. Et quidem, inquit, vehementer errat; Quamquam haec quidem praeposita recte et reiecta dicere licebit. Non semper, inquam; </p>\n\n<pre>\nEst autem eius generis actio quoque quaedam, et quidem\ntalis, ut ratio postulet agere aliquid et facere eorum.\n\nRestat locus huic disputationi vel maxime necessarius de\namicitia, quam, si voluptas summum sit bonum, affirmatis\nnullam omnino fore.\n</pre>\n\n\n<ul>\n\t<li>Sed nonne merninisti licere mihi ista probare, quae sunt a te dicta?</li>\n\t<li>Quem ad modum quis ambulet, sedeat, qui ductus oris, qui vultus in quoque sit?</li>\n\t<li>Erat enim res aperta.</li>\n\t<li>Cum id fugiunt, re eadem defendunt, quae Peripatetici, verba.</li>\n\t<li>Ac tamen hic mallet non dolere.</li>\n\t<li>Cum autem in quo sapienter dicimus, id a primo rectissime dicitur.</li>\n</ul>\n\n\n<p>Esse enim, nisi eris, non potes. Itaque fecimus. Bonum valitudo: miser morbus. Sed tu istuc dixti bene Latine, parum plane. <code>Qua ex cognitione facilior facta est investigatio rerum occultissimarum.</code> Qualem igitur hominem natura inchoavit? </p>\n\n",
    "eventUrl": "http://en.wikipedia.com/wiki/Lorem_ipsum",
    "creation_date": "2018/10/26 13:49:53.072000 GMT-4",
    "contactEmail": "loremipsum@mail.com",
    "_uid": "70a9b12790b94d7394128c2598d5ca25",
    "expirationDate": "None",
    "contactName": "Magna etiam ipsum augue.",
    "_content_type_id": "text/plain",
    "contactPhone": "Donec proin.",
    "id": "risus-dolor-a-eget-at-sollicitudin-montes-nulla.",
    "subject": [],
    "attendees": [],
    "effectiveDate": "2018/10/26 13:51:42.517224 GMT-4",
    "title": "Risus dolor a eget at sollicitudin montes nulla.",
    "_content_type_contactPhone": "text/plain",
    "_content_type_eventUrl": "text/plain",
    "_content_type_language": "text/plain",
    "_defaultpage": "",
    "location": "Lorem justo nullam.",
    "_content_type_title": "text/plain",
    "excludeFromNav": false,
    "_content_type_contactName": "text/plain",
    "_type": "Event",
    "description": "Massa vitae donec amet tempus. Felis ipsum natoque neque at turpis. Neque class donec auctor ut dictumst accumsan porta a. Ipsum massa primis mi dictumst conubia elementum. Netus justo gravida sed. Curae massa. Vitae justo ante auctor ornare nunc dis montes faucibus inceptos felis. Class risus fusce aenean adipiscing vitae nunc. Netus neque velit aliquet habitant cursus elit. Porta netus pretium cubilia orci metus. Netus magna. Fusce massa. Proin metus litora ut. Justo morbi nulla.",
    "_atrefs": {},
    "_layout": "event_view",
    "_workflow_history": {
        "simple_publication_workflow": [
            {
                "action": null,
                "review_state": "private",
                "actor": "admin",
                "comments": "",
                "time": "2018/10/26 13:49:53.075265 GMT-4"
            },
            {
                "action": "publish",
                "review_state": "published",
                "actor": "admin",
                "comments": "",
                "time": "2018/10/26 13:51:42.529779 GMT-4"
            }
        ]
    },
    "_content_type_rights": "text/plain",
    "_directly_provided": [],
    "_classname": "ATEvent",
    "_userdefined_roles": [],
    "_content_type_contactEmail": "text/plain",
    "_content_type": "text/html",
    "_id": "risus-dolor-a-eget-at-sollicitudin-montes-nulla.",
    "modification_date": "2018/10/26 13:51:42.517492 GMT-4",
    "language": "en",
    "rights": "Augue purus euismod. Class fusce urna per nisi. Metus dolor auctor class gravida quis ac nisi morbi id cursus. Justo fames mollis eu ultricies tristique morbi. Ipsum morbi mauris ullamcorper justo phasellus parturient egestas nunc nisl commodo eget. Fusce metus quis blandit convallis et suspendisse nibh quis sed. Porta felis magna vulputate facilisi montes adipiscing consectetuer. Neque curae. Class lorem est donec hymenaeos neque conubia leo dictumst a pellentesque erat. Massa fames augue nulla a tellus. Netus neque vitae gravida nisi porttitor nullam nascetur enim eni augue curabitur ut odio. Morbi lorem ligula. Dolor massa mollis. Dolor fusce tristique est. Netus fusce erat hymenaeos montes massa nonummy duis odio ultrices. Metus donec. Velit dolor.",
    "_atbrefs": {},
    "_content_type_description": "text/plain",
    "_owner": "admin",
    "_content_type_location": "text/plain",
    "_permissions": {
        "Modify portal content": {
            "acquire": false,
            "roles": [
                "Editor",
                "Manager",
                "Owner",
                "Site Administrator"
            ]
        },
        "Access contents information": {
            "acquire": false,
            "roles": [
                "Anonymous"
            ]
        },
        "View": {
            "acquire": false,
            "roles": [
                "Anonymous"
            ]
        }
    },
    "_properties": [
        [
            "title",
            "Risus dolor a eget at sollicitudin montes nulla.",
            "string"
        ]
    ],
    "allowDiscussion": false,
    "_gopip": 73,
    "creators": [
        "admin"
    ],
    "_ac_local_roles": {
        "admin": [
            "Owner"
        ]
    },
    "_path": "/Plone/events/risus-dolor-a-eget-at-sollicitudin-montes-nulla."
}