{
    "startDate": "2018/11/10 12:06:46.001761 GMT-4",
    "endDate": "2018/11/10 21:57:32.364788 GMT-4",
    "contributors": [],
    "_content_type_text": "text/html",
    "text": "<h1>Equidem, sed audistine modo de Carneade?</h1>\n\n<p>Lorem ipsum dolor sit amet, consectetur adipiscing elit. Hic ambiguo ludimur. Quae duo sunt, unum facit. Duo Reges: constructio interrete. Suo genere perveniant ad extremum; </p>\n\n<p><a href='http://loripsum.net/' target='_blank'>Deinde disputat, quod cuiusque generis animantium statui deceat extremum.</a> Immo videri fortasse. Illa tamen simplicia, vestra versuta. Hoc loco tenere se Triarius non potuit. Occultum facinus esse potuerit, gaudebit; Hoc ipsum elegantius poni meliusque potuit. </p>\n\n<ul>\n\t<li>Sed vobis voluptatum perceptarum recordatio vitam beatam facit, et quidem corpore perceptarum.</li>\n\t<li>Quodcumque in mentem incideret, et quodcumque tamquam occurreret.</li>\n\t<li>At quicum ioca seria, ut dicitur, quicum arcana, quicum occulta omnia?</li>\n\t<li>Fortasse id optimum, sed ubi illud: Plus semper voluptatis?</li>\n</ul>\n\n\n<dl>\n\t<dt><dfn>Easdemne res?</dfn></dt>\n\t<dd>Cave putes quicquam esse verius.</dd>\n\t<dt><dfn>Istic sum, inquit.</dfn></dt>\n\t<dd>Octavio fuit, cum illam severitatem in eo filio adhibuit, quem in adoptionem D.</dd>\n</dl>\n\n\n<p>Sullae consulatum? <code>Tum mihi Piso: Quid ergo?</code> Urgent tamen et nihil remittunt. Idemne, quod iucunde? Igitur ne dolorem quidem. </p>\n\n<ol>\n\t<li>Si enim ita est, vide ne facinus facias, cum mori suadeas.</li>\n\t<li>Comprehensum, quod cognitum non habet?</li>\n</ol>\n\n\n<pre>\nE quo efficitur, non ut nos non intellegamus quae vis sit\nistius verbi, sed ut ille suo more loquatur, nostrum\nneglegat.\n\nHunc ipsum Zenonis aiunt esse finem declarantem illud, quod\na te dictum est, convenienter naturae vivere.\n</pre>\n\n\n",
    "eventUrl": "http://en.wikipedia.com/wiki/Lorem_ipsum",
    "creation_date": "2018/10/26 13:49:54.860197 GMT-4",
    "contactEmail": "loremipsum@mail.com",
    "_uid": "0ce85f68922b481085b20f1fd504d845",
    "expirationDate": "None",
    "contactName": "Vitae neque mauris nunc turpis aliquam erat duis phasellus sem nonummy.",
    "_content_type_id": "text/plain",
    "contactPhone": "Morbi velit facilisis sit justo non arcu nisl.",
    "id": "proin-lacus-mauris-porta-mi-ligula-placerat-eget-hendrerit-varius.",
    "subject": [],
    "attendees": [],
    "effectiveDate": "2018/10/26 13:51:42.644484 GMT-4",
    "title": "Proin lacus mauris porta mi ligula placerat eget hendrerit varius.",
    "_content_type_contactPhone": "text/plain",
    "_content_type_eventUrl": "text/plain",
    "_content_type_language": "text/plain",
    "_defaultpage": "",
    "location": "Fames etiam a nibh ve pellentesque posuere ante fusce.",
    "_content_type_title": "text/plain",
    "excludeFromNav": true,
    "_content_type_contactName": "text/plain",
    "_type": "Event",
    "description": "Fames etiam quisque porta arcu. Magna purus placerat lorem purus integer eget amet class id pulvinar. Magna ipsum. Fusce porta ullamcorper ut turpis. Magna velit fusce cursus parturient massa odio class donec dignissim. Lacus felis potenti cras dis natoque dui senectus quisque augue eu. Ipsum proin ullamcorper eros mattis vestibulum sollicitudin integer sociosqu. Donec lacus torquent eni risus. Morbi metus libero lorem. Fusce velit accumsan cum mi consectetuer aenean risus convallis egestas tempor urna ve consectetuer libero magnis. Porta risus convallis facilisis dolor consequat parturient cum curae aliquet fusce nunc viverra vel eu a. Class fusce felis non neque. Nulla fames varius nascetur id condimentum.",
    "_atrefs": {},
    "_layout": "event_view",
    "_workflow_history": {
        "simple_publication_workflow": [
            {
                "action": null,
                "review_state": "private",
                "actor": "admin",
                "comments": "",
                "time": "2018/10/26 13:49:54.863423 GMT-4"
            },
            {
                "action": "publish",
                "review_state": "published",
                "actor": "admin",
                "comments": "",
                "time": "2018/10/26 13:51:42.658413 GMT-4"
            }
        ]
    },
    "_content_type_rights": "text/plain",
    "_directly_provided": [],
    "_classname": "ATEvent",
    "_userdefined_roles": [],
    "_content_type_contactEmail": "text/plain",
    "_content_type": "text/html",
    "_id": "proin-lacus-mauris-porta-mi-ligula-placerat-eget-hendrerit-varius.",
    "modification_date": "2018/10/26 13:51:42.644753 GMT-4",
    "language": "en",
    "rights": "Porta lacus sem tempus. Nulla curae. Class magna. Ipsum metus nunc hymenaeos luctus taciti aliquet at tellus. Nulla dolor magna quis. Risus proin eros conubia eu. Fusce velit proin cum turpis pretium commodo arcu faucibus augue velit mattis velit potenti. Massa justo rutrum metus nonummy velit pede. Lacus magna blandit tempor augue quisque cubilia elit erat posuere. Metus neque tortor ornare. Nulla massa fusce hac donec arcu rhoncus gravida cras nonummy. Morbi magna magnis semper leo. Augue magna egestas nostra fames. Risus velit sed penatibus nullam maecenas curabitur massa mi hymenaeos curae vivamus tortor ad viverra ut. Dolor donec quam quisque lacinia rutrum urna eget. Curae etiam erat phasellus cum pulvinar venenatis a fames quisque aliquam amet ad eget. Fames curae. Dolor curae nascetur vitae a odio velit donec semper diam suspendisse posuere. Proin risus. Curae metus pretium hendrerit ante est.",
    "_atbrefs": {},
    "_content_type_description": "text/plain",
    "_owner": "admin",
    "_content_type_location": "text/plain",
    "_permissions": {
        "Modify portal content": {
            "acquire": false,
            "roles": [
                "Editor",
                "Manager",
                "Owner",
                "Site Administrator"
            ]
        },
        "Access contents information": {
            "acquire": false,
            "roles": [
                "Anonymous"
            ]
        },
        "View": {
            "acquire": false,
            "roles": [
                "Anonymous"
            ]
        }
    },
    "_properties": [
        [
            "title",
            "Proin lacus mauris porta mi ligula placerat eget hendrerit varius.",
            "string"
        ]
    ],
    "allowDiscussion": false,
    "_gopip": 78,
    "creators": [
        "admin"
    ],
    "_ac_local_roles": {
        "admin": [
            "Owner"
        ]
    },
    "_path": "/Plone/events/proin-lacus-mauris-porta-mi-ligula-placerat-eget-hendrerit-varius."
}