{
    "startDate": "2018/10/07 18:51:39.161419 GMT-4",
    "endDate": "2018/10/10 06:18:28.199802 GMT-4",
    "contributors": [],
    "_content_type_text": "text/html",
    "text": "<h1>Sed quot homines, tot sententiae;</h1>\n\n<p>Lorem ipsum dolor sit amet, consectetur adipiscing elit. An haec ab eo non dicuntur? A mene tu? Hoc non est positum in nostra actione. <a href='http://loripsum.net/' target='_blank'>Laboro autem non sine causa;</a> </p>\n\n<dl>\n\t<dt><dfn>Haec dicuntur inconstantissime.</dfn></dt>\n\t<dd>Piso igitur hoc modo, vir optimus tuique, ut scis, amantissimus.</dd>\n\t<dt><dfn>Quid adiuvas?</dfn></dt>\n\t<dd>Odium autem et invidiam facile vitabis.</dd>\n\t<dt><dfn>Ita prorsus, inquam;</dfn></dt>\n\t<dd>Tanta vis admonitionis inest in locis;</dd>\n\t<dt><dfn>In schola desinis.</dfn></dt>\n\t<dd>Quod autem principium officii quaerunt, melius quam Pyrrho;</dd>\n</dl>\n\n\n<p>Duo Reges: constructio interrete. <a href='http://loripsum.net/' target='_blank'>Nam ante Aristippus, et ille melius.</a> Quam ob rem tandem, inquit, non satisfacit? Ratio quidem vestra sic cogit. <a href='http://loripsum.net/' target='_blank'>Nobis aliter videtur, recte secusne, postea;</a> Que Manilium, ab iisque M. </p>\n\n<p><a href='http://loripsum.net/' target='_blank'>Quae similitudo in genere etiam humano apparet.</a> <a href='http://loripsum.net/' target='_blank'>Non risu potius quam oratione eiciendum?</a> Sic consequentibus vestris sublatis prima tolluntur. Eadem fortitudinis ratio reperietur. </p>\n\n<ol>\n\t<li>Atqui eorum nihil est eius generis, ut sit in fine atque extrerno bonorum.</li>\n\t<li>Quorum omnium quae sint notitiae, quae quidem significentur rerum vocabulis, quaeque cuiusque vis et natura sit mox videbimus.</li>\n\t<li>Solum praeterea formosum, solum liberum, solum civem, stultost;</li>\n\t<li>Quae cum dixisset, finem ille.</li>\n</ol>\n\n\n<ul>\n\t<li>At certe gravius.</li>\n\t<li>Summum en\u00edm bonum exposuit vacuitatem doloris;</li>\n\t<li>Ab hoc autem quaedam non melius quam veteres, quaedam omnino relicta.</li>\n\t<li>Traditur, inquit, ab Epicuro ratio neglegendi doloris.</li>\n\t<li>Hoc enim constituto in philosophia constituta sunt omnia.</li>\n\t<li>Nisi enim id faceret, cur Plato Aegyptum peragravit, ut a sacerdotibus barbaris numeros et caelestia acciperet?</li>\n</ul>\n\n\n<pre>\nQui et definierunt plurima et definiendi artes reliquerunt,\nquodque est definitioni adiunctum, ut res in partes\ndividatur, id et fit ab illis et quem ad modum fieri\noporteat traditur;\n\nSatis est tibi in te, satis in legibus, satis in mediocribus\namicitiis praesidii.\n</pre>\n\n\n",
    "eventUrl": "http://en.wikipedia.com/wiki/Lorem_ipsum",
    "creation_date": "2018/10/26 13:49:55.211402 GMT-4",
    "contactEmail": "loremipsum@mail.com",
    "_uid": "b3817f1bef23497f8cb9b46c4604759d",
    "expirationDate": "None",
    "contactName": "Purus magna tempus nulla vivamus feugiat nisi sollicitudin vehicula felis dignissim donec.",
    "_content_type_id": "text/plain",
    "contactPhone": "Purus donec.",
    "id": "morbi-augue-2.",
    "subject": [],
    "attendees": [],
    "effectiveDate": "2018/10/26 13:51:42.671331 GMT-4",
    "title": "Morbi augue.",
    "_content_type_contactPhone": "text/plain",
    "_content_type_eventUrl": "text/plain",
    "_content_type_language": "text/plain",
    "_defaultpage": "",
    "location": "Purus fames neque.",
    "_content_type_title": "text/plain",
    "excludeFromNav": false,
    "_content_type_contactName": "text/plain",
    "_type": "Event",
    "description": "Etiam lacus euismod egestas turpis cum nisl platea penatibus proin ut aenean. Fusce velit pulvinar parturient tincidunt erat dis odio eni. Netus ipsum. Augue donec. Donec porta erat et erat enim. Dolor ipsum magnis orci ve pellentesque. Donec felis leo ante netus feugiat vivamus potenti porttitor.",
    "_atrefs": {},
    "_layout": "event_view",
    "_workflow_history": {
        "simple_publication_workflow": [
            {
                "action": null,
                "review_state": "private",
                "actor": "admin",
                "comments": "",
                "time": "2018/10/26 13:49:55.214934 GMT-4"
            },
            {
                "action": "publish",
                "review_state": "published",
                "actor": "admin",
                "comments": "",
                "time": "2018/10/26 13:51:42.683286 GMT-4"
            }
        ]
    },
    "_content_type_rights": "text/plain",
    "_directly_provided": [],
    "_classname": "ATEvent",
    "_userdefined_roles": [],
    "_content_type_contactEmail": "text/plain",
    "_content_type": "text/html",
    "_id": "morbi-augue-2.",
    "modification_date": "2018/10/26 13:51:42.671622 GMT-4",
    "language": "en",
    "rights": "Ipsum morbi nullam curabitur at sociis nascetur quis cubilia. Porta donec mattis neque. Morbi justo. Lorem porta integer eleifend semper neque tempor suscipit conubia viverra ridiculus. Etiam lorem orci eros curae. Etiam fames curae primis sollicitudin blandit. Velit felis. Risus curae cras bibendum lacinia vitae nibh. Ipsum vitae. Netus donec magna quis laoreet per turpis lacinia imperdiet in fermentum nonummy amet sollicitudin. Neque vitae nam adipiscing morbi odio quam feugiat at. Justo netus auctor semper eleifend condimentum senectus porttitor. Proin fames. Curae massa quis non mi. Curae morbi congue aenean hendrerit cubilia fusce ut ipsum convallis condimentum. Lacus class hendrerit mollis a adipiscing vel curae iaculis fermentum sociosqu duis.",
    "_atbrefs": {},
    "_content_type_description": "text/plain",
    "_owner": "admin",
    "_content_type_location": "text/plain",
    "_permissions": {
        "Modify portal content": {
            "acquire": false,
            "roles": [
                "Editor",
                "Manager",
                "Owner",
                "Site Administrator"
            ]
        },
        "Access contents information": {
            "acquire": false,
            "roles": [
                "Anonymous"
            ]
        },
        "View": {
            "acquire": false,
            "roles": [
                "Anonymous"
            ]
        }
    },
    "_properties": [
        [
            "title",
            "Morbi augue.",
            "string"
        ]
    ],
    "allowDiscussion": false,
    "_gopip": 79,
    "creators": [
        "admin"
    ],
    "_ac_local_roles": {
        "admin": [
            "Owner"
        ]
    },
    "_path": "/Plone/events/morbi-augue-2."
}