{
    "startDate": "2018/10/26 21:22:20.531936 GMT-4",
    "endDate": "2018/10/27 04:17:5.683746 GMT-4",
    "contributors": [],
    "_content_type_text": "text/html",
    "text": "<h1>Primum in nostrane potestate est, quid meminerimus?</h1>\n\n<p>Lorem ipsum dolor sit amet, consectetur adipiscing elit. Id est enim, de quo quaerimus. Facillimum id quidem est, inquam. Duo Reges: constructio interrete. At hoc in eo M. <a href='http://loripsum.net/' target='_blank'>Frater et T.</a> </p>\n\n<ol>\n\t<li>Sed eum qui audiebant, quoad poterant, defendebant sententiam suam.</li>\n\t<li>Restincta enim sitis stabilitatem voluptatis habet, inquit, illa autem voluptas ipsius restinctionis in motu est.</li>\n\t<li>Quid, si etiam iucunda memoria est praeteritorum malorum?</li>\n\t<li>Num igitur dubium est, quin, si in re ipsa nihil peccatur a superioribus, verbis illi commodius utantur?</li>\n\t<li>Quaesita enim virtus est, non quae relinqueret naturam, sed quae tueretur.</li>\n</ol>\n\n\n<dl>\n\t<dt><dfn>At certe gravius.</dfn></dt>\n\t<dd>Atque haec coniunctio confusioque virtutum tamen a philosophis ratione quadam distinguitur.</dd>\n\t<dt><dfn>Si longus, levis.</dfn></dt>\n\t<dd>Sic, et quidem diligentius saepiusque ista loquemur inter nos agemusque communiter.</dd>\n\t<dt><dfn>Nulla erit controversia.</dfn></dt>\n\t<dd>Tecum optime, deinde etiam cum mediocri amico.</dd>\n\t<dt><dfn>Tubulo putas dicere?</dfn></dt>\n\t<dd>Scientiam pollicentur, quam non erat mirum sapientiae cupido patria esse cariorem.</dd>\n\t<dt><dfn>Falli igitur possumus.</dfn></dt>\n\t<dd>Non dolere, inquam, istud quam vim habeat postea videro;</dd>\n</dl>\n\n\n<pre>\nAut, si esses Orestes, Pyladem refelleres, te indicares et,\nsi id non probares, quo minus ambo una necaremini non\nprecarere?\n\nAtque his de rebus et splendida est eorum et illustris\noratio.\n</pre>\n\n\n<h2>Tum Triarius: Posthac quidem, inquit, audacius.</h2>\n\n<p><a href='http://loripsum.net/' target='_blank'>Sed residamus, inquit, si placet.</a> Quare conare, quaeso. Facete M. Contemnit enim disserendi elegantiam, confuse loquitur. <a href='http://loripsum.net/' target='_blank'>Et quidem, inquit, vehementer errat;</a> </p>\n\n<p>Sed ille, ut dixi, vitiose. Tum ille: Ain tandem? Quorum sine causa fieri nihil putandum est. Hic ambiguo ludimur. <code>Ut pulsi recurrant?</code> Huius, Lyco, oratione locuples, rebus ipsis ielunior. Bestiarum vero nullum iudicium puto. Sed tamen intellego quid velit. </p>\n\n<ul>\n\t<li>Neque solum ea communia, verum etiam paria esse dixerunt.</li>\n\t<li>Tu enim ista lenius, hic Stoicorum more nos vexat.</li>\n\t<li>Ergo infelix una molestia, fellx rursus, cum is ipse anulus in praecordiis piscis inventus est?</li>\n\t<li>Verum tamen cum de rebus grandioribus dicas, ipsae res verba rapiunt;</li>\n</ul>\n\n\n",
    "eventUrl": "http://en.wikipedia.com/wiki/Lorem_ipsum",
    "creation_date": "2018/10/26 13:49:55.565238 GMT-4",
    "contactEmail": "loremipsum@mail.com",
    "_uid": "154b160912574151a346598d247dd43f",
    "expirationDate": "None",
    "contactName": "Dolor fames tincidunt neque malesuada sagittis dolor nonummy sed tincidunt.",
    "_content_type_id": "text/plain",
    "contactPhone": "Fusce magna.",
    "id": "fames-porta-fames-ligula-diam-elementum-id-fringilla-neque-et-etiam-semper-condimentum-metus.",
    "subject": [],
    "attendees": [],
    "effectiveDate": "2018/10/26 13:51:42.695438 GMT-4",
    "title": "Fames porta fames ligula diam elementum id fringilla neque et etiam semper condimentum metus.",
    "_content_type_contactPhone": "text/plain",
    "_content_type_eventUrl": "text/plain",
    "_content_type_language": "text/plain",
    "_defaultpage": "",
    "location": "Purus augue.",
    "_content_type_title": "text/plain",
    "excludeFromNav": true,
    "_content_type_contactName": "text/plain",
    "_type": "Event",
    "description": "Curae massa cursus venenatis eleifend at condimentum et. Morbi etiam. Risus etiam lacinia dignissim ante leo ad sollicitudin natoque. Augue fames nunc enim per integer ad nibh nisi mattis tellus. Proin netus dis nisl accumsan vivamus mi leo et. Etiam fames. Curae donec vitae augue massa tempus praesent diam cras. Velit justo. Fames fusce aenean velit at netus suspendisse leo. Fusce morbi class aliquam auctor tellus orci vivamus. Dolor class pharetra justo enim convallis. Class felis eros mi eros quisque. Vitae donec a magnis consequat elementum. Nulla class etiam neque. Curae magna magnis at felis. Neque augue placerat dis elit diam nam at rhoncus arcu in. Morbi purus leo nisi.",
    "_atrefs": {},
    "_layout": "event_view",
    "_workflow_history": {
        "simple_publication_workflow": [
            {
                "action": null,
                "review_state": "private",
                "actor": "admin",
                "comments": "",
                "time": "2018/10/26 13:49:55.568835 GMT-4"
            },
            {
                "action": "publish",
                "review_state": "published",
                "actor": "admin",
                "comments": "",
                "time": "2018/10/26 13:51:42.709407 GMT-4"
            }
        ]
    },
    "_content_type_rights": "text/plain",
    "_directly_provided": [],
    "_classname": "ATEvent",
    "_userdefined_roles": [],
    "_content_type_contactEmail": "text/plain",
    "_content_type": "text/html",
    "_id": "fames-porta-fames-ligula-diam-elementum-id-fringilla-neque-et-etiam-semper-condimentum-metus.",
    "modification_date": "2018/10/26 13:51:42.695683 GMT-4",
    "language": "en",
    "rights": "Porta curae primis conubia ultricies est pede inceptos parturient. Ipsum metus. Velit massa posuere conubia urna augue varius consectetuer lacinia magna. Etiam velit facilisi porta lorem. Purus felis. Lacus class dapibus ve ad elit. Donec velit tempor lectus nam id pellentesque aptent et litora habitant pretium. Risus massa aptent eu molestie sem porta adipiscing ullamcorper luctus ac sem penatibus. Neque proin a posuere primis felis. Magna netus nunc risus montes ve facilisi amet commodo pede. Proin neque massa fermentum. Fusce dolor amet quisque aenean sem parturient. Donec netus torquent sit urna odio pede torquent malesuada ve montes lorem dolor lobortis justo a turpis. Morbi netus nullam ac libero fringilla id varius integer. Morbi lacus ipsum morbi tempus fames. Lorem massa turpis erat consequat morbi in nibh. Lacus proin donec a orci id odio ut quis.",
    "_atbrefs": {},
    "_content_type_description": "text/plain",
    "_owner": "admin",
    "_content_type_location": "text/plain",
    "_permissions": {
        "Modify portal content": {
            "acquire": false,
            "roles": [
                "Editor",
                "Manager",
                "Owner",
                "Site Administrator"
            ]
        },
        "Access contents information": {
            "acquire": false,
            "roles": [
                "Anonymous"
            ]
        },
        "View": {
            "acquire": false,
            "roles": [
                "Anonymous"
            ]
        }
    },
    "_properties": [
        [
            "title",
            "Fames porta fames ligula diam elementum id fringilla neque et etiam semper condimentum metus.",
            "string"
        ]
    ],
    "allowDiscussion": false,
    "_gopip": 80,
    "creators": [
        "admin"
    ],
    "_ac_local_roles": {
        "admin": [
            "Owner"
        ]
    },
    "_path": "/Plone/events/fames-porta-fames-ligula-diam-elementum-id-fringilla-neque-et-etiam-semper-condimentum-metus."
}