{
    "startDate": "2018/11/01 16:18:45.393611 GMT-4",
    "endDate": "2018/11/02 01:24:5.251610 GMT-4",
    "contributors": [],
    "_content_type_text": "text/html",
    "text": "<h1>Nam memini etiam quae nolo, oblivisci non possum quae volo.</h1>\n\n<p>Lorem ipsum dolor sit amet, consectetur adipiscing elit. Minime vero, inquit ille, consentit. Istam voluptatem, inquit, Epicurus ignorat? Quid enim est a Chrysippo praetermissum in Stoicis? Duo Reges: constructio interrete. Tu quidem reddes; Philosophi autem in suis lectulis plerumque moriuntur. </p>\n\n<ul>\n\t<li>At negat Epicurus-hoc enim vestrum lumen estquemquam, qui honeste non vivat, iucunde posse vivere.</li>\n\t<li>At certe gravius.</li>\n\t<li>Princeps huius civitatis Phalereus Demetrius cum patria pulsus esset iniuria, ad Ptolomaeum se regem Alexandream contulit.</li>\n\t<li>Sed nimis multa.</li>\n</ul>\n\n\n<ol>\n\t<li>Cum autem negant ea quicquam ad beatam vitam pertinere, rursus naturam relinquunt.</li>\n\t<li>Ergo hoc quidem apparet, nos ad agendum esse natos.</li>\n</ol>\n\n\n<dl>\n\t<dt><dfn>Nulla erit controversia.</dfn></dt>\n\t<dd>An hoc usque quaque, aliter in vita?</dd>\n\t<dt><dfn>Si longus, levis;</dfn></dt>\n\t<dd>Et hunc idem dico, inquieta sed ad virtutes et ad vitia nihil interesse.</dd>\n\t<dt><dfn>Tu quidem reddes;</dfn></dt>\n\t<dd>Quod cum ille dixisset et satis disputatum videretur, in oppidum ad Pomponium perreximus omnes.</dd>\n\t<dt><dfn>Quonam modo?</dfn></dt>\n\t<dd>Quod autem satis est, eo quicquid accessit, nimium est;</dd>\n\t<dt><dfn>Poterat autem inpune;</dfn></dt>\n\t<dd>Intellegi quidem, ut propter aliam quampiam rem, verbi gratia propter voluptatem, nos amemus;</dd>\n</dl>\n\n\n<pre>\nId autem eius modi est, ut additum ad virtutem auctoritatem\nvideatur habiturum et expleturum cumulate vitam beatam, de\nquo omnis haec quaestio est.\n\nAlterum significari idem, ut si diceretur, officia media\nomnia aut pleraque servantem vivere.\n</pre>\n\n\n<p>Confecta res esset. Quaerimus enim finem bonorum. Illa videamus, quae a te de amicitia dicta sunt. At coluit ipse amicitias. <a href='http://loripsum.net/' target='_blank'>Sint ista Graecorum;</a> <a href='http://loripsum.net/' target='_blank'>Et quod est munus, quod opus sapientiae?</a> <a href='http://loripsum.net/' target='_blank'>At multis se probavit.</a> De vacuitate doloris eadem sententia erit. </p>\n\n<p><a href='http://loripsum.net/' target='_blank'>Dempta enim aeternitate nihilo beatior Iuppiter quam Epicurus;</a> Iam id ipsum absurdum, maximum malum neglegi. </p>\n\n",
    "eventUrl": "http://en.wikipedia.com/wiki/Lorem_ipsum",
    "creation_date": "2018/10/26 13:49:55.916268 GMT-4",
    "contactEmail": "loremipsum@mail.com",
    "_uid": "5600f0b514c0430aade1bf44c8523c7d",
    "expirationDate": "None",
    "contactName": "Neque class quam senectus varius auctor phasellus nostra.",
    "_content_type_id": "text/plain",
    "contactPhone": "Curae proin cum maecenas feugiat class eros hac nulla.",
    "id": "netus-felis-nibh-suspendisse-laoreet.",
    "subject": [],
    "attendees": [],
    "effectiveDate": "2018/10/26 13:51:42.722647 GMT-4",
    "title": "Netus felis nibh suspendisse laoreet.",
    "_content_type_contactPhone": "text/plain",
    "_content_type_eventUrl": "text/plain",
    "_content_type_language": "text/plain",
    "_defaultpage": "",
    "location": "Fusce metus a commodo litora et platea class.",
    "_content_type_title": "text/plain",
    "excludeFromNav": true,
    "_content_type_contactName": "text/plain",
    "_type": "Event",
    "description": "Morbi nulla donec sit enim tempor aenean ut vitae hac amet maecenas cras consequat quis vivamus. Porta massa suspendisse at dictum. Dolor donec. Lorem porta. Lacus justo interdum quam ultrices. Dolor lorem nec nisi ipsum aliquam per nonummy molestie varius integer commodo. Netus augue tempus eu interdum eros hac pede dictumst. Fames justo. Lorem felis lorem pede tristique duis mus. Justo metus proin vulputate sit nunc quam. Curae massa fermentum. Morbi nulla sem purus arcu primis sociosqu duis viverra porttitor nostra ultricies. Felis augue. Proin morbi. Justo ipsum cum neque fringilla dui pellentesque ac aliquam ad nec orci.",
    "_atrefs": {},
    "_layout": "event_view",
    "_workflow_history": {
        "simple_publication_workflow": [
            {
                "action": null,
                "review_state": "private",
                "actor": "admin",
                "comments": "",
                "time": "2018/10/26 13:49:55.922270 GMT-4"
            },
            {
                "action": "publish",
                "review_state": "published",
                "actor": "admin",
                "comments": "",
                "time": "2018/10/26 13:51:42.736032 GMT-4"
            }
        ]
    },
    "_content_type_rights": "text/plain",
    "_directly_provided": [],
    "_classname": "ATEvent",
    "_userdefined_roles": [],
    "_content_type_contactEmail": "text/plain",
    "_content_type": "text/html",
    "_id": "netus-felis-nibh-suspendisse-laoreet.",
    "modification_date": "2018/10/26 13:51:42.722969 GMT-4",
    "language": "en",
    "rights": "Curae fusce a pretium at feugiat quis diam. Donec purus vulputate habitasse dolor in fringilla porta quam sociosqu mus dolor dignissim eros curae dui morbi. Class nulla.",
    "_atbrefs": {},
    "_content_type_description": "text/plain",
    "_owner": "admin",
    "_content_type_location": "text/plain",
    "_permissions": {
        "Modify portal content": {
            "acquire": false,
            "roles": [
                "Editor",
                "Manager",
                "Owner",
                "Site Administrator"
            ]
        },
        "Access contents information": {
            "acquire": false,
            "roles": [
                "Anonymous"
            ]
        },
        "View": {
            "acquire": false,
            "roles": [
                "Anonymous"
            ]
        }
    },
    "_properties": [
        [
            "title",
            "Netus felis nibh suspendisse laoreet.",
            "string"
        ]
    ],
    "allowDiscussion": false,
    "_gopip": 81,
    "creators": [
        "admin"
    ],
    "_ac_local_roles": {
        "admin": [
            "Owner"
        ]
    },
    "_path": "/Plone/events/netus-felis-nibh-suspendisse-laoreet."
}