{
    "startDate": "2018/11/09 02:54:27.982123 GMT-4",
    "endDate": "2018/11/11 21:57:8.129462 GMT-4",
    "contributors": [],
    "_content_type_text": "text/html",
    "text": "<h1>Nam quibus rebus efficiuntur voluptates, eae non sunt in potestate sapientis.</h1>\n\n<p>Lorem ipsum dolor sit amet, consectetur adipiscing elit. Sed quid attinet de rebus tam apertis plura requirere? Est enim effectrix multarum et magnarum voluptatum. Quid censes in Latino fore? Duo Reges: constructio interrete. </p>\n\n<ol>\n\t<li>Atque his de rebus et splendida est eorum et illustris oratio.</li>\n\t<li>Eam tum adesse, cum dolor omnis absit;</li>\n\t<li>Quod si ita se habeat, non possit beatam praestare vitam sapientia.</li>\n\t<li>Respondeat totidem verbis.</li>\n</ol>\n\n\n<pre>\nSin eam, quam Hieronymus, ne fecisset idem, ut voluptatem\nillam Aristippi in prima commendatione poneret.\n\nScio enim esse quosdam, qui quavis lingua philosophari\npossint;\n</pre>\n\n\n<p><a href='http://loripsum.net/' target='_blank'>Collige omnia, quae soletis: Praesidium amicorum.</a> Quae ista amicitia est? Haec igitur Epicuri non probo, inquam. Confecta res esset. </p>\n\n<p>Aliter enim nosmet ipsos nosse non possumus. Idemne, quod iucunde? Igitur ne dolorem quidem. Nam ista vestra: Si gravis, brevis; </p>\n\n<dl>\n\t<dt><dfn>Restatis igitur vos;</dfn></dt>\n\t<dd>Possumusne ergo in vita summum bonum dicere, cum id ne in cena quidem posse videamur?</dd>\n\t<dt><dfn>In schola desinis.</dfn></dt>\n\t<dd>Quantum Aristoxeni ingenium consumptum videmus in musicis?</dd>\n\t<dt><dfn>Vide, quaeso, rectumne sit.</dfn></dt>\n\t<dd>Ab his oratores, ab his imperatores ac rerum publicarum principes extiterunt.</dd>\n\t<dt><dfn>Quid ergo?</dfn></dt>\n\t<dd>Theophrasti igitur, inquit, tibi liber ille placet de beata vita?</dd>\n\t<dt><dfn>Nos commodius agimus.</dfn></dt>\n\t<dd>An me, inquam, nisi te audire vellem, censes haec dicturum fuisse?</dd>\n</dl>\n\n\n<ul>\n\t<li>Nam et a te perfici istam disputationem volo, nec tua mihi oratio longa videri potest.</li>\n\t<li>Non potes, nisi retexueris illa.</li>\n\t<li>Tamen aberramus a proposito, et, ne longius, prorsus, inquam, Piso, si ista mala sunt, placet.</li>\n</ul>\n\n\n",
    "eventUrl": "http://en.wikipedia.com/wiki/Lorem_ipsum",
    "creation_date": "2018/10/26 13:49:56.988701 GMT-4",
    "contactEmail": "loremipsum@mail.com",
    "_uid": "9e0d49548a1848d2b51f310dd7381951",
    "expirationDate": "None",
    "contactName": "Velit risus a nisl felis tristique.",
    "_content_type_id": "text/plain",
    "contactPhone": "Neque netus bibendum consequat.",
    "id": "dolor-porta-est.",
    "subject": [],
    "attendees": [],
    "effectiveDate": "2018/10/26 13:51:42.801948 GMT-4",
    "title": "Dolor porta est.",
    "_content_type_contactPhone": "text/plain",
    "_content_type_eventUrl": "text/plain",
    "_content_type_language": "text/plain",
    "_defaultpage": "",
    "location": "Vitae fusce dis proin vulputate dictum hac nonummy eu netus montes id.",
    "_content_type_title": "text/plain",
    "excludeFromNav": true,
    "_content_type_contactName": "text/plain",
    "_type": "Event",
    "description": "Class velit. Massa felis dolor placerat dis nunc neque. Felis proin sapien sollicitudin euismod ipsum est eros aliquam nulla orci rutrum convallis sodales massa purus. Lorem felis fusce massa proin vehicula at hac at sollicitudin iaculis. Morbi curae. Dolor fusce vel urna volutpat pulvinar purus ve. Felis magna rutrum congue dis urna eget viverra id litora nisi risus. Donec fames eni odio a curae. Netus etiam libero iaculis nonummy elementum nunc enim. Felis massa. Felis justo magnis semper sem elit ligula facilisi condimentum interdum odio. Porta ipsum auctor porta neque lobortis massa iaculis blandit cras vestibulum ve imperdiet. Donec curae interdum curae. Fusce nulla montes nunc. Dolor fames erat pretium nibh lacus elementum lacus. Magna donec morbi pede porta tortor sapien posuere phasellus. Nulla felis justo morbi tempor auctor eleifend.",
    "_atrefs": {},
    "_layout": "event_view",
    "_workflow_history": {
        "simple_publication_workflow": [
            {
                "action": null,
                "review_state": "private",
                "actor": "admin",
                "comments": "",
                "time": "2018/10/26 13:49:56.991971 GMT-4"
            },
            {
                "action": "publish",
                "review_state": "published",
                "actor": "admin",
                "comments": "",
                "time": "2018/10/26 13:51:42.815179 GMT-4"
            }
        ]
    },
    "_content_type_rights": "text/plain",
    "_directly_provided": [],
    "_classname": "ATEvent",
    "_userdefined_roles": [],
    "_content_type_contactEmail": "text/plain",
    "_content_type": "text/html",
    "_id": "dolor-porta-est.",
    "modification_date": "2018/10/26 13:51:42.802251 GMT-4",
    "language": "en",
    "rights": "Netus felis. Justo morbi dictumst. Nulla augue scelerisque lobortis curae vitae mus justo non cras curae cubilia et aliquet. Class magna rutrum ve luctus. Massa porta proin cursus. Class proin. Netus metus nullam penatibus vitae fermentum ut ac. Neque curae dui quis at erat tristique cursus adipiscing. Metus curae nulla etiam a gravida mi nulla tellus. Dolor fusce magna malesuada pulvinar neque. Etiam donec eni maecenas tristique sed nunc eni pede. Neque purus montes lorem.",
    "_atbrefs": {},
    "_content_type_description": "text/plain",
    "_owner": "admin",
    "_content_type_location": "text/plain",
    "_permissions": {
        "Modify portal content": {
            "acquire": false,
            "roles": [
                "Editor",
                "Manager",
                "Owner",
                "Site Administrator"
            ]
        },
        "Access contents information": {
            "acquire": false,
            "roles": [
                "Anonymous"
            ]
        },
        "View": {
            "acquire": false,
            "roles": [
                "Anonymous"
            ]
        }
    },
    "_properties": [
        [
            "title",
            "Dolor porta est.",
            "string"
        ]
    ],
    "allowDiscussion": false,
    "_gopip": 84,
    "creators": [
        "admin"
    ],
    "_ac_local_roles": {
        "admin": [
            "Owner"
        ]
    },
    "_path": "/Plone/events/dolor-porta-est."
}