{
    "startDate": "2018/10/08 16:20:23.514573 GMT-4",
    "endDate": "2018/10/11 15:31:29.756058 GMT-4",
    "contributors": [],
    "_content_type_text": "text/html",
    "text": "<h1>Fortasse id optimum, sed ubi illud: Plus semper voluptatis?</h1>\n\n<p>Lorem ipsum dolor sit amet, consectetur adipiscing elit. Tria genera bonorum; Eadem fortitudinis ratio reperietur. Duo Reges: constructio interrete. Tum Torquatus: Prorsus, inquit, assentior; Sed ad bona praeterita redeamus. Idemne, quod iucunde? </p>\n\n<ol>\n\t<li>Nihil enim iam habes, quod ad corpus referas;</li>\n\t<li>Non quam nostram quidem, inquit Pomponius iocans;</li>\n\t<li>Sed potestne rerum maior esse dissensio?</li>\n\t<li>Illa sunt similia: hebes acies est cuipiam oculorum, corpore alius senescit;</li>\n\t<li>Quae cum ita sint, effectum est nihil esse malum, quod turpe non sit.</li>\n</ol>\n\n\n<pre>\nNec vero alia sunt quaerenda contra Carneadeam illam\nsententiam.\n\nSic enim maiores nostri labores non fugiendos tristissimo\ntamen verbo aerumnas etiam in deo nominaverunt.\n</pre>\n\n\n<ul>\n\t<li>Est autem etiam actio quaedam corporis, quae motus et status naturae congruentis tenet;</li>\n\t<li>Et non ex maxima parte de tota iudicabis?</li>\n\t<li>Illis videtur, qui illud non dubitant bonum dicere -;</li>\n\t<li>Item de contrariis, a quibus ad genera formasque generum venerunt.</li>\n</ul>\n\n\n<dl>\n\t<dt><dfn>Hic ambiguo ludimur.</dfn></dt>\n\t<dd>Graecum enim hunc versum nostis omnes-: Suavis laborum est praeteritorum memoria.</dd>\n\t<dt><dfn>Cur iustitia laudatur?</dfn></dt>\n\t<dd>Quos nisi redarguimus, omnis virtus, omne decus, omnis vera laus deserenda est.</dd>\n\t<dt><dfn>Numquam facies.</dfn></dt>\n\t<dd>Qua igitur re ab deo vincitur, si aeternitate non vincitur?</dd>\n\t<dt><dfn>Ita prorsus, inquam;</dfn></dt>\n\t<dd>Quae qui non vident, nihil umquam magnum ac cognitione dignum amaverunt.</dd>\n</dl>\n\n\n<h2>Primum divisit ineleganter;</h2>\n\n<p>Quicquid porro animo cernimus, id omne oritur a sensibus; Istic sum, inquit. <a href='http://loripsum.net/' target='_blank'>Aliter enim nosmet ipsos nosse non possumus.</a> Sed in rebus apertissimis nimium longi sumus. <a href='http://loripsum.net/' target='_blank'>An eiusdem modi?</a> Habes, inquam, Cato, formam eorum, de quibus loquor, philosophorum. <a href='http://loripsum.net/' target='_blank'>Sed haec omittamus;</a> </p>\n\n<p>Perge porro; Age, inquies, ista parva sunt. Hoc est non dividere, sed frangere. </p>\n\n",
    "eventUrl": "http://en.wikipedia.com/wiki/Lorem_ipsum",
    "creation_date": "2018/10/26 13:49:57.338417 GMT-4",
    "contactEmail": "loremipsum@mail.com",
    "_uid": "9acba14d7dfb4b73850fb86c7df4b2a6",
    "expirationDate": "None",
    "contactName": "Metus fusce congue dapibus erat blandit ornare.",
    "_content_type_id": "text/plain",
    "contactPhone": "Fames curae auctor sagittis hymenaeos a dis hymenaeos praesent varius nisi.",
    "id": "ipsum-fames.",
    "subject": [],
    "attendees": [],
    "effectiveDate": "2018/10/26 13:51:42.829120 GMT-4",
    "title": "Ipsum fames.",
    "_content_type_contactPhone": "text/plain",
    "_content_type_eventUrl": "text/plain",
    "_content_type_language": "text/plain",
    "_defaultpage": "",
    "location": "Felis lorem massa tortor aenean placerat ultricies massa habitasse nec blandit purus.",
    "_content_type_title": "text/plain",
    "excludeFromNav": false,
    "_content_type_contactName": "text/plain",
    "_type": "Event",
    "description": "Risus justo aptent vestibulum massa pede class metus nibh elit. Morbi porta ligula massa odio. Magna justo posuere eget in cras arcu adipiscing duis massa taciti sociosqu. Magna neque hendrerit penatibus cras metus libero sapien venenatis facilisi ante dictum mi. Neque porta nisl sem litora commodo posuere mattis leo primis eu nascetur libero. Risus nulla molestie. Neque nulla non nisl dis urna sollicitudin mi fames mi varius convallis et condimentum enim tristique. Lacus justo egestas morbi elit at nam nisl. Netus fames cursus nullam eleifend scelerisque ultrices nisl tellus eu massa. Curae nulla. Risus proin quis maecenas fames fermentum eget. Augue lacus platea morbi congue dolor aptent mollis lacus ve mollis. Metus ipsum aptent. Ipsum lacus. Risus metus sociis magnis iaculis conubia mauris. Etiam nulla odio. Donec fusce tempus neque consequat senectus nostra mauris vel enim sociosqu.",
    "_atrefs": {},
    "_layout": "event_view",
    "_workflow_history": {
        "simple_publication_workflow": [
            {
                "action": null,
                "review_state": "private",
                "actor": "admin",
                "comments": "",
                "time": "2018/10/26 13:49:57.341521 GMT-4"
            },
            {
                "action": "publish",
                "review_state": "published",
                "actor": "admin",
                "comments": "",
                "time": "2018/10/26 13:51:42.844116 GMT-4"
            }
        ]
    },
    "_content_type_rights": "text/plain",
    "_directly_provided": [],
    "_classname": "ATEvent",
    "_userdefined_roles": [],
    "_content_type_contactEmail": "text/plain",
    "_content_type": "text/html",
    "_id": "ipsum-fames.",
    "modification_date": "2018/10/26 13:51:42.829403 GMT-4",
    "language": "en",
    "rights": "Vitae lorem porttitor tristique cras. Proin fames nisl montes ve feugiat erat netus lorem. Metus lacus etiam urna placerat fusce ridiculus elementum dolor. Purus donec. Fames morbi varius eu at hymenaeos ullamcorper lorem varius ut lacus. Augue class luctus primis magna dolor sociis mollis. Netus dolor. Dolor proin. Class magna semper nibh consectetuer. Curae etiam potenti curabitur sociis. Morbi porta. Metus felis. Nulla morbi. Lorem justo velit aliquet rutrum ante. Metus neque vivamus sodales lorem per. Fames curae interdum proin ve congue placerat. Fames purus imperdiet massa non ante etiam mattis tempor sem pretium. Metus fusce lectus. Curae magna. Netus ipsum odio maecenas mus magnis cubilia eu quam habitasse in diam quam. Donec dolor nullam turpis faucibus aliquam mi ultricies vestibulum non ipsum.",
    "_atbrefs": {},
    "_content_type_description": "text/plain",
    "_owner": "admin",
    "_content_type_location": "text/plain",
    "_permissions": {
        "Modify portal content": {
            "acquire": false,
            "roles": [
                "Editor",
                "Manager",
                "Owner",
                "Site Administrator"
            ]
        },
        "Access contents information": {
            "acquire": false,
            "roles": [
                "Anonymous"
            ]
        },
        "View": {
            "acquire": false,
            "roles": [
                "Anonymous"
            ]
        }
    },
    "_properties": [
        [
            "title",
            "Ipsum fames.",
            "string"
        ]
    ],
    "allowDiscussion": false,
    "_gopip": 85,
    "creators": [
        "admin"
    ],
    "_ac_local_roles": {
        "admin": [
            "Owner"
        ]
    },
    "_path": "/Plone/events/ipsum-fames."
}