{
    "startDate": "2018/10/30 09:56:58.829058 GMT-4",
    "endDate": "2018/10/30 18:50:42.605265 GMT-4",
    "contributors": [],
    "_content_type_text": "text/html",
    "text": "<h1>Quid igitur, inquit, eos responsuros putas?</h1>\n\n<p>Lorem ipsum dolor sit amet, consectetur adipiscing elit. Quamquam ab iis philosophiam et omnes ingenuas disciplinas habemus; <a href='http://loripsum.net/' target='_blank'>Consequens enim est et post oritur, ut dixi.</a> <a href='http://loripsum.net/' target='_blank'>Duo Reges: constructio interrete.</a> Dat enim intervalla et relaxat. </p>\n\n<p>Sedulo, inquam, faciam. Efficiens dici potest. Sint ista Graecorum; Ita relinquet duas, de quibus etiam atque etiam consideret. </p>\n\n<pre>\nQuae enim constituta sunt prima naturae, ad ea si voluptas\naccesserit, unum aliquod accesserit commodum corporis neque\neam constitutionem summi boni, quae est proposta, mutaverit.\n\nNec vero intermittunt aut admirationem earum rerum, quae\nsunt ab antiquis repertae, aut investigationem novarum.\n</pre>\n\n\n<dl>\n\t<dt><dfn>Stoici scilicet.</dfn></dt>\n\t<dd>Sed ea mala virtuti magnitudine obruebantur.</dd>\n\t<dt><dfn>Efficiens dici potest.</dfn></dt>\n\t<dd>Nam aliquando posse recte fieri dicunt nulla expectata nec quaesita voluptate.</dd>\n\t<dt><dfn>Optime, inquam.</dfn></dt>\n\t<dd>Quicquid porro animo cernimus, id omne oritur a sensibus;</dd>\n\t<dt><dfn>Tenent mordicus.</dfn></dt>\n\t<dd>Videmus in quodam volucrium genere non nulla indicia pietatis, cognitionem, memoriam, in multis etiam desideria videmus.</dd>\n</dl>\n\n\n<ul>\n\t<li>Et quidem iure fortasse, sed tamen non gravissimum est testimonium multitudinis.</li>\n\t<li>Hoc etsi multimodis reprehendi potest, tamen accipio, quod dant.</li>\n\t<li>Atque haec coniunctio confusioque virtutum tamen a philosophis ratione quadam distinguitur.</li>\n\t<li>Sed ad bona praeterita redeamus.</li>\n</ul>\n\n\n<ol>\n\t<li>Esse enim, nisi eris, non potes.</li>\n\t<li>Prioris generis est docilitas, memoria;</li>\n\t<li>Sed quid sentiat, non videtis.</li>\n</ol>\n\n\n<p>Quid dubitas igitur mutare principia naturae? <code>Honesta oratio, Socratica, Platonis etiam.</code> Fortemne possumus dicere eundem illum Torquatum? Haec dicuntur fortasse ieiunius; Unum est sine dolore esse, alterum cum voluptate. <a href='http://loripsum.net/' target='_blank'>An hoc usque quaque, aliter in vita?</a> <a href='http://loripsum.net/' target='_blank'>Dicimus aliquem hilare vivere;</a> </p>\n\n",
    "eventUrl": "http://en.wikipedia.com/wiki/Lorem_ipsum",
    "creation_date": "2018/10/26 13:49:58.767652 GMT-4",
    "contactEmail": "loremipsum@mail.com",
    "_uid": "aaf7b3c2d65b45aea988b8f42bbe6759",
    "expirationDate": "None",
    "contactName": "Augue proin.",
    "_content_type_id": "text/plain",
    "contactPhone": "Velit class.",
    "id": "donec-nulla.",
    "subject": [],
    "attendees": [],
    "effectiveDate": "2018/10/26 13:51:42.941064 GMT-4",
    "title": "Donec nulla.",
    "_content_type_contactPhone": "text/plain",
    "_content_type_eventUrl": "text/plain",
    "_content_type_language": "text/plain",
    "_defaultpage": "",
    "location": "Proin morbi nisl.",
    "_content_type_title": "text/plain",
    "excludeFromNav": true,
    "_content_type_contactName": "text/plain",
    "_type": "Event",
    "description": "Netus vitae velit risus eros eu porttitor ad suspendisse mi congue luctus netus vestibulum dapibus arcu dolor tristique. Class fames lacus libero ullamcorper velit imperdiet congue ac dictum ad bibendum nunc. Lacus magna. Justo class. Etiam felis ornare. Risus netus nullam parturient sollicitudin. Lacus felis ullamcorper. Massa proin fusce taciti adipiscing pulvinar egestas. Risus massa faucibus orci nec amet a proin. Felis fames congue vestibulum purus erat elit eleifend sollicitudin montes massa aptent ac accumsan. Neque metus litora consectetuer hendrerit mollis etiam nulla morbi ipsum eget. Curae nulla cubilia volutpat enim.",
    "_atrefs": {},
    "_layout": "event_view",
    "_workflow_history": {
        "simple_publication_workflow": [
            {
                "action": null,
                "review_state": "private",
                "actor": "admin",
                "comments": "",
                "time": "2018/10/26 13:49:58.771056 GMT-4"
            },
            {
                "action": "publish",
                "review_state": "published",
                "actor": "admin",
                "comments": "",
                "time": "2018/10/26 13:51:42.954137 GMT-4"
            }
        ]
    },
    "_content_type_rights": "text/plain",
    "_directly_provided": [],
    "_classname": "ATEvent",
    "_userdefined_roles": [],
    "_content_type_contactEmail": "text/plain",
    "_content_type": "text/html",
    "_id": "donec-nulla.",
    "modification_date": "2018/10/26 13:51:42.941345 GMT-4",
    "language": "en",
    "rights": "Fusce metus malesuada sit. Class augue lacus dapibus auctor curae condimentum nunc venenatis cursus mattis ad cubilia eu elit in. Curae metus nullam netus at non dolor ornare. Risus augue non nunc parturient auctor quam suspendisse at. Etiam nulla torquent fringilla sagittis libero nisi nibh hendrerit netus. Curae vitae pretium erat sem per vel non ac. Donec magna nec justo duis auctor nisi. Porta lacus ligula fermentum sit sollicitudin ac felis mi nisl porta. Netus felis sit orci adipiscing mattis felis. Velit justo nec enim ultrices nibh blandit est at magnis vulputate iaculis. Neque fusce. Velit dolor. Porta curae nunc facilisi integer ornare eget urna per.",
    "_atbrefs": {},
    "_content_type_description": "text/plain",
    "_owner": "admin",
    "_content_type_location": "text/plain",
    "_permissions": {
        "Modify portal content": {
            "acquire": false,
            "roles": [
                "Editor",
                "Manager",
                "Owner",
                "Site Administrator"
            ]
        },
        "Access contents information": {
            "acquire": false,
            "roles": [
                "Anonymous"
            ]
        },
        "View": {
            "acquire": false,
            "roles": [
                "Anonymous"
            ]
        }
    },
    "_properties": [
        [
            "title",
            "Donec nulla.",
            "string"
        ]
    ],
    "allowDiscussion": false,
    "_gopip": 89,
    "creators": [
        "admin"
    ],
    "_ac_local_roles": {
        "admin": [
            "Owner"
        ]
    },
    "_path": "/Plone/events/donec-nulla."
}