{
    "startDate": "2018/11/03 11:20:20.431017 GMT-4",
    "endDate": "2018/11/03 22:22:31.119173 GMT-4",
    "contributors": [],
    "_content_type_text": "text/html",
    "text": "<h1>Ergo id est convenienter naturae vivere, a natura discedere.</h1>\n\n<p>Lorem ipsum dolor sit amet, consectetur adipiscing elit. Quod totum contra est. Duo Reges: constructio interrete. </p>\n\n<p>Scio enim esse quosdam, qui quavis lingua philosophari possint; Nam ante Aristippus, et ille melius. Qui-vere falsone, quaerere mittimus-dicitur oculis se privasse; Ecce aliud simile dissimile. </p>\n\n<ol>\n\t<li>Hunc vos beatum;</li>\n\t<li>Nec vero hoc oratione solum, sed multo magis vita et factis et moribus comprobavit.</li>\n</ol>\n\n\n<dl>\n\t<dt><dfn>Eademne, quae restincta siti?</dfn></dt>\n\t<dd>Nam aliquando posse recte fieri dicunt nulla expectata nec quaesita voluptate.</dd>\n\t<dt><dfn>Quid de Pythagora?</dfn></dt>\n\t<dd>At miser, si in flagitiosa et vitiosa vita afflueret voluptatibus.</dd>\n\t<dt><dfn>In schola desinis.</dfn></dt>\n\t<dd>Intellegi quidem, ut propter aliam quampiam rem, verbi gratia propter voluptatem, nos amemus;</dd>\n\t<dt><dfn>Quare conare, quaeso.</dfn></dt>\n\t<dd>Quis tibi ergo istud dabit praeter Pyrrhonem, Aristonem eorumve similes, quos tu non probas?</dd>\n\t<dt><dfn>Quis negat?</dfn></dt>\n\t<dd>Quia dolori non voluptas contraria est, sed doloris privatio.</dd>\n\t<dt><dfn>Eam stabilem appellas.</dfn></dt>\n\t<dd>Fortitudinis quaedam praecepta sunt ac paene leges, quae effeminari virum vetant in dolore.</dd>\n</dl>\n\n\n<p>Expectoque quid ad id, quod quaerebam, respondeas. Quam nemo umquam voluptatem appellavit, appellat; Si id dicis, vicimus. Idemque diviserunt naturam hominis in animum et corpus. Tum ille timide vel potius verecunde: Facio, inquit. </p>\n\n<pre>\nUt bacillum aliud est inflexum et incurvatum de industria,\naliud ita natum, sic ferarum natura non est illa quidem\ndepravata mala disciplina, sed natura sua.\n\nQuid est igitur, cur ita semper deum appellet Epicurus\nbeatum et aeternum?\n</pre>\n\n\n<ul>\n\t<li>Negabat igitur ullam esse artem, quae ipsa a se proficisceretur;</li>\n\t<li>Beatus autem esse in maximarum rerum timore nemo potest.</li>\n</ul>\n\n\n",
    "eventUrl": "http://en.wikipedia.com/wiki/Lorem_ipsum",
    "creation_date": "2018/10/26 13:49:59.117196 GMT-4",
    "contactEmail": "loremipsum@mail.com",
    "_uid": "a19a4df8076a4cf6ab7247808a187d15",
    "expirationDate": "None",
    "contactName": "Porta dolor gravida in eu elit.",
    "_content_type_id": "text/plain",
    "contactPhone": "Netus magna platea curae.",
    "id": "velit-fusce.",
    "subject": [],
    "attendees": [],
    "effectiveDate": "2018/10/26 13:51:42.967388 GMT-4",
    "title": "Velit fusce.",
    "_content_type_contactPhone": "text/plain",
    "_content_type_eventUrl": "text/plain",
    "_content_type_language": "text/plain",
    "_defaultpage": "",
    "location": "Class lacus tortor et pharetra donec arcu.",
    "_content_type_title": "text/plain",
    "excludeFromNav": false,
    "_content_type_contactName": "text/plain",
    "_type": "Event",
    "description": "Class metus tristique. Fusce velit. Fames neque bibendum proin pellentesque class pede a purus et. Etiam dolor non luctus eleifend duis. Porta felis auctor cum duis lacinia in pharetra. Velit etiam cubilia rhoncus mattis in odio. Lacus morbi sem. Nulla neque euismod pretium quis. Netus dolor dui nunc. Netus donec eni ante. Donec class massa pede ut massa molestie augue tempor sed ad risus praesent proin hendrerit suspendisse. Magna class varius euismod. Nulla felis cras tempor curabitur ad. Vitae lorem lectus lobortis magna. Felis magna risus tempus metus parturient. Curae massa litora pharetra at per rutrum curae luctus vestibulum praesent. Lorem netus fames cubilia eros ad.",
    "_atrefs": {},
    "_layout": "event_view",
    "_workflow_history": {
        "simple_publication_workflow": [
            {
                "action": null,
                "review_state": "private",
                "actor": "admin",
                "comments": "",
                "time": "2018/10/26 13:49:59.121322 GMT-4"
            },
            {
                "action": "publish",
                "review_state": "published",
                "actor": "admin",
                "comments": "",
                "time": "2018/10/26 13:51:42.979952 GMT-4"
            }
        ]
    },
    "_content_type_rights": "text/plain",
    "_directly_provided": [],
    "_classname": "ATEvent",
    "_userdefined_roles": [],
    "_content_type_contactEmail": "text/plain",
    "_content_type": "text/html",
    "_id": "velit-fusce.",
    "modification_date": "2018/10/26 13:51:42.967737 GMT-4",
    "language": "en",
    "rights": "Velit metus a conubia aenean. Augue proin volutpat. Proin etiam nullam. Donec fusce. Metus magna. Vitae nulla. Curae dolor curabitur arcu dui ipsum vel nisi habitant magnis donec nibh feugiat ve tristique augue imperdiet aliquam sollicitudin. Vitae augue erat eros. Fusce justo vitae facilisi vestibulum iaculis diam placerat venenatis sem.",
    "_atbrefs": {},
    "_content_type_description": "text/plain",
    "_owner": "admin",
    "_content_type_location": "text/plain",
    "_permissions": {
        "Modify portal content": {
            "acquire": false,
            "roles": [
                "Editor",
                "Manager",
                "Owner",
                "Site Administrator"
            ]
        },
        "Access contents information": {
            "acquire": false,
            "roles": [
                "Anonymous"
            ]
        },
        "View": {
            "acquire": false,
            "roles": [
                "Anonymous"
            ]
        }
    },
    "_properties": [
        [
            "title",
            "Velit fusce.",
            "string"
        ]
    ],
    "allowDiscussion": false,
    "_gopip": 90,
    "creators": [
        "admin"
    ],
    "_ac_local_roles": {
        "admin": [
            "Owner"
        ]
    },
    "_path": "/Plone/events/velit-fusce."
}