{
    "startDate": "2018/11/10 07:09:34.845342 GMT-4",
    "endDate": "2018/11/10 21:51:9.483355 GMT-4",
    "contributors": [],
    "_content_type_text": "text/html",
    "text": "<h1>Atqui reperies, inquit, in hoc quidem pertinacem;</h1>\n\n<p>Lorem ipsum dolor sit amet, consectetur adipiscing elit. Sed haec quidem liberius ab eo dicuntur et saepius. Non est igitur summum malum dolor. Laboro autem non sine causa; Quorum altera prosunt, nocent altera. Duo Reges: constructio interrete. <code>Summus dolor plures dies manere non potest?</code> Sed ne, dum huic obsequor, vobis molestus sim. </p>\n\n<dl>\n\t<dt><dfn>Ita prorsus, inquam;</dfn></dt>\n\t<dd>Ad eas enim res ab Epicuro praecepta dantur.</dd>\n\t<dt><dfn>Reguli reiciendam;</dfn></dt>\n\t<dd>Incommoda autem et commoda-ita enim estmata et dustmata appello-communia esse voluerunt, paria noluerunt.</dd>\n\t<dt><dfn>Nulla erit controversia.</dfn></dt>\n\t<dd>Miserum hominem! Si dolor summum malum est, dici aliter non potest.</dd>\n\t<dt><dfn>Efficiens dici potest.</dfn></dt>\n\t<dd>Quamvis enim depravatae non sint, pravae tamen esse possunt.</dd>\n\t<dt><dfn>Quis negat?</dfn></dt>\n\t<dd>Nam illud vehementer repugnat, eundem beatum esse et multis malis oppressum.</dd>\n</dl>\n\n\n<h2>Oratio me istius philosophi non offendit;</h2>\n\n<p>Et quidem, inquit, vehementer errat; Quid ergo? Haec et tu ita posuisti, et verba vestra sunt. Tubulo putas dicere? Nos cum te, M. </p>\n\n<pre>\nTemporibus autem quibusdam et aut officiis debitis aut rerum\nnecessitatibus saepe eveniet, ut et voluptates repudiandae\nsint et molestiae non recusandae.\n\nQuid enim necesse est, tamquam meretricem in matronarum\ncoetum, sic voluptatem in virtutum concilium adducere?\n</pre>\n\n\n<p>Equidem e Cn. Tum ille timide vel potius verecunde: Facio, inquit. Nunc omni virtuti vitium contrario nomine opponitur. Videsne quam sit magna dissensio? </p>\n\n<ul>\n\t<li>Qui autem diffidet perpetuitati bonorum suorum, timeat necesse est, ne aliquando amissis illis sit miser.</li>\n\t<li>Quid, de quo nulla dissensio est?</li>\n\t<li>Beatus autem esse in maximarum rerum timore nemo potest.</li>\n</ul>\n\n\n<ol>\n\t<li>Cur igitur, inquam, res tam dissimiles eodem nomine appellas?</li>\n\t<li>Portenta haec esse dicit, neque ea ratione ullo modo posse vivi;</li>\n</ol>\n\n\n",
    "eventUrl": "http://en.wikipedia.com/wiki/Lorem_ipsum",
    "creation_date": "2018/10/26 13:50:0.588177 GMT-4",
    "contactEmail": "loremipsum@mail.com",
    "_uid": "e18f2d0d9e0046e5b0fda56455e7586d",
    "expirationDate": "None",
    "contactName": "Augue velit.",
    "_content_type_id": "text/plain",
    "contactPhone": "Etiam netus.",
    "id": "proin-fames-tempus.",
    "subject": [],
    "attendees": [],
    "effectiveDate": "2018/10/26 13:51:43.072781 GMT-4",
    "title": "Proin fames tempus.",
    "_content_type_contactPhone": "text/plain",
    "_content_type_eventUrl": "text/plain",
    "_content_type_language": "text/plain",
    "_defaultpage": "",
    "location": "Etiam ipsum rhoncus in ultrices natoque enim.",
    "_content_type_title": "text/plain",
    "excludeFromNav": false,
    "_content_type_contactName": "text/plain",
    "_type": "Event",
    "description": "Class massa urna euismod enim eni. Massa purus non quis parturient auctor metus massa porta sit. Proin augue sagittis. Nulla augue mus. Lacus lorem vel nunc ac ultrices. Justo proin erat. Augue curae eleifend class magna class aliquam sem lobortis a consectetuer. Dolor proin sodales fringilla et tortor justo risus. Netus neque per sit ac aenean leo arcu conubia ante feugiat in quam primis ultricies volutpat. Neque felis inceptos erat orci lacinia at. Proin morbi aptent dolor id mauris erat conubia purus. Risus neque massa commodo proin est velit sit. Augue morbi montes semper dis posuere nam. Netus ipsum ante pede proin. Neque netus hac aliquet a suspendisse.",
    "_atrefs": {},
    "_layout": "event_view",
    "_workflow_history": {
        "simple_publication_workflow": [
            {
                "action": null,
                "review_state": "private",
                "actor": "admin",
                "comments": "",
                "time": "2018/10/26 13:50:0.591326 GMT-4"
            },
            {
                "action": "publish",
                "review_state": "published",
                "actor": "admin",
                "comments": "",
                "time": "2018/10/26 13:51:43.085861 GMT-4"
            }
        ]
    },
    "_content_type_rights": "text/plain",
    "_directly_provided": [],
    "_classname": "ATEvent",
    "_userdefined_roles": [],
    "_content_type_contactEmail": "text/plain",
    "_content_type": "text/html",
    "_id": "proin-fames-tempus.",
    "modification_date": "2018/10/26 13:51:43.073037 GMT-4",
    "language": "en",
    "rights": "Justo purus. Metus morbi praesent eros libero aenean nunc augue hymenaeos fusce lobortis. Porta magna facilisi mi turpis massa convallis dictumst felis a eros felis suspendisse. Lorem netus aptent neque sodales arcu nam egestas habitant risus. Neque purus porttitor. Class dolor pretium cras in amet purus class sociis est parturient neque orci feugiat. Dolor felis magna elit commodo in. Netus etiam. Dolor porta ullamcorper ac rutrum penatibus et. Justo fusce mattis metus sit netus iaculis risus ve nulla. Lacus porta velit luctus ut magnis massa sit cras parturient montes ultrices scelerisque dui quis tristique montes. Class metus. Vitae class scelerisque duis. Proin velit. Augue curae.",
    "_atbrefs": {},
    "_content_type_description": "text/plain",
    "_owner": "admin",
    "_content_type_location": "text/plain",
    "_permissions": {
        "Modify portal content": {
            "acquire": false,
            "roles": [
                "Editor",
                "Manager",
                "Owner",
                "Site Administrator"
            ]
        },
        "Access contents information": {
            "acquire": false,
            "roles": [
                "Anonymous"
            ]
        },
        "View": {
            "acquire": false,
            "roles": [
                "Anonymous"
            ]
        }
    },
    "_properties": [
        [
            "title",
            "Proin fames tempus.",
            "string"
        ]
    ],
    "allowDiscussion": false,
    "_gopip": 94,
    "creators": [
        "admin"
    ],
    "_ac_local_roles": {
        "admin": [
            "Owner"
        ]
    },
    "_path": "/Plone/events/proin-fames-tempus."
}