{
    "startDate": "2018/10/31 18:26:48.377320 GMT-4",
    "endDate": "2018/11/03 17:56:44.650864 GMT-4",
    "contributors": [],
    "_content_type_text": "text/html",
    "text": "<h1>Laelius clamores sof\u00f2w ille so lebat Edere compellans gumias ex ordine nostros.</h1>\n\n<p>Lorem ipsum dolor sit amet, consectetur adipiscing elit. Non autem hoc: igitur ne illud quidem. Gloriosa ostentatio in constituendo summo bono. Ne discipulum abducam, times. Itaque contra est, ac dicitis; </p>\n\n<p><a href='http://loripsum.net/' target='_blank'>Videsne, ut haec concinant?</a> Quippe: habes enim a rhetoribus; Duo Reges: constructio interrete. Comprehensum, quod cognitum non habet? Cur iustitia laudatur? Sed hoc sane concedamus. </p>\n\n<ul>\n\t<li>Quis Aristidem non mortuum diligit?</li>\n\t<li>Quam ob rem tandem, inquit, non satisfacit?</li>\n\t<li>Atque hoc loco similitudines eas, quibus illi uti solent, dissimillimas proferebas.</li>\n\t<li>Nec vero intermittunt aut admirationem earum rerum, quae sunt ab antiquis repertae, aut investigationem novarum.</li>\n</ul>\n\n\n<ol>\n\t<li>Ut proverbia non nulla veriora sint quam vestra dogmata.</li>\n\t<li>Fortasse id optimum, sed ubi illud: Plus semper voluptatis?</li>\n\t<li>Etsi ea quidem, quae adhuc dixisti, quamvis ad aetatem recte isto modo dicerentur.</li>\n</ol>\n\n\n<p>Ut optime, secundum naturam affectum esse possit. <a href='http://loripsum.net/' target='_blank'>Haec quo modo conveniant, non sane intellego.</a> Bestiarum vero nullum iudicium puto. Omnes enim iucundum motum, quo sensus hilaretur. </p>\n\n<dl>\n\t<dt><dfn>Praeteritis, inquit, gaudeo.</dfn></dt>\n\t<dd>Non quaeritur autem quid naturae tuae consentaneum sit, sed quid disciplinae.</dd>\n\t<dt><dfn>Stoici scilicet.</dfn></dt>\n\t<dd>An vero displicuit ea, quae tributa est animi virtutibus tanta praestantia?</dd>\n\t<dt><dfn>Sedulo, inquam, faciam.</dfn></dt>\n\t<dd>Licet hic rursus ea commemores, quae optimis verbis ab Epicuro de laude amicitiae dicta sunt.</dd>\n</dl>\n\n\n<pre>\nCuius similitudine perspecta in formarum specie ac dignitate\ntransitum est ad honestatem dictorum atque factorum.\n\nQuod quidem iam fit etiam in Academia.\n</pre>\n\n\n",
    "eventUrl": "http://en.wikipedia.com/wiki/Lorem_ipsum",
    "creation_date": "2018/10/26 13:50:0.938871 GMT-4",
    "contactEmail": "loremipsum@mail.com",
    "_uid": "17cd1e43d0fe4e67a9acfbc324ce54b7",
    "expirationDate": "None",
    "contactName": "Nulla felis tincidunt nascetur lectus morbi dignissim.",
    "_content_type_id": "text/plain",
    "contactPhone": "Ipsum morbi nostra.",
    "id": "velit-neque-nullam-erat-montes-at.",
    "subject": [],
    "attendees": [],
    "effectiveDate": "2018/10/26 13:51:43.097560 GMT-4",
    "title": "Velit neque nullam erat montes at.",
    "_content_type_contactPhone": "text/plain",
    "_content_type_eventUrl": "text/plain",
    "_content_type_language": "text/plain",
    "_defaultpage": "",
    "location": "Neque augue porta nonummy aliquam conubia.",
    "_content_type_title": "text/plain",
    "excludeFromNav": false,
    "_content_type_contactName": "text/plain",
    "_type": "Event",
    "description": "Lorem augue cursus eros lectus at ipsum lorem fusce morbi sociis. Velit fames scelerisque nisi odio ad nisl donec netus elementum habitant quis sagittis. Risus massa. Porta netus quisque lacinia phasellus. Donec massa faucibus proin fringilla laoreet dis imperdiet auctor. Fusce proin a eget donec fames sagittis curae curabitur parturient est lorem justo libero varius. Lacus ipsum orci fringilla montes molestie blandit aliquam maecenas taciti sapien hac. Fames netus enim varius ac per. Donec curae bibendum sed egestas a condimentum per nisl. Netus fames turpis nibh curabitur leo. Ipsum netus elit. Dolor netus fames suspendisse lobortis massa. Felis ipsum dictum augue. Nulla magna. Lorem morbi porta mattis et. Class vitae nam interdum dapibus et mus montes.",
    "_atrefs": {},
    "_layout": "event_view",
    "_workflow_history": {
        "simple_publication_workflow": [
            {
                "action": null,
                "review_state": "private",
                "actor": "admin",
                "comments": "",
                "time": "2018/10/26 13:50:0.942132 GMT-4"
            },
            {
                "action": "publish",
                "review_state": "published",
                "actor": "admin",
                "comments": "",
                "time": "2018/10/26 13:51:43.110025 GMT-4"
            }
        ]
    },
    "_content_type_rights": "text/plain",
    "_directly_provided": [],
    "_classname": "ATEvent",
    "_userdefined_roles": [],
    "_content_type_contactEmail": "text/plain",
    "_content_type": "text/html",
    "_id": "velit-neque-nullam-erat-montes-at.",
    "modification_date": "2018/10/26 13:51:43.097807 GMT-4",
    "language": "en",
    "rights": "Curae donec. Ipsum nulla purus porta posuere tincidunt hac interdum ultricies dictumst nisi pretium phasellus. Donec justo nibh mi. Lacus lorem. Purus massa nulla tempor. Felis nulla eros hac eget nibh ac pellentesque montes porta. Felis risus. Metus proin. Dolor lacus hac cras laoreet pede felis. Augue justo. Felis morbi sapien odio. Morbi vitae. Dolor justo nostra vitae convallis integer fames orci est vitae mus velit dignissim nisi.",
    "_atbrefs": {},
    "_content_type_description": "text/plain",
    "_owner": "admin",
    "_content_type_location": "text/plain",
    "_permissions": {
        "Modify portal content": {
            "acquire": false,
            "roles": [
                "Editor",
                "Manager",
                "Owner",
                "Site Administrator"
            ]
        },
        "Access contents information": {
            "acquire": false,
            "roles": [
                "Anonymous"
            ]
        },
        "View": {
            "acquire": false,
            "roles": [
                "Anonymous"
            ]
        }
    },
    "_properties": [
        [
            "title",
            "Velit neque nullam erat montes at.",
            "string"
        ]
    ],
    "allowDiscussion": false,
    "_gopip": 95,
    "creators": [
        "admin"
    ],
    "_ac_local_roles": {
        "admin": [
            "Owner"
        ]
    },
    "_path": "/Plone/events/velit-neque-nullam-erat-montes-at."
}