{
    "startDate": "2018/11/13 13:45:59.674977 GMT-4",
    "endDate": "2018/11/14 19:25:8.963655 GMT-4",
    "contributors": [],
    "_content_type_text": "text/html",
    "text": "<h1>Hoc enim constituto in philosophia constituta sunt omnia.</h1>\n\n<p>Lorem ipsum dolor sit amet, consectetur adipiscing elit. Itaque his sapiens semper vacabit. Haec dicuntur inconstantissime. Neutrum vero, inquit ille. </p>\n\n<ol>\n\t<li>Quamquam haec quidem praeposita recte et reiecta dicere licebit.</li>\n\t<li>Sed quid sentiat, non videtis.</li>\n\t<li>Itaque quantum adiit periculum! ad honestatem enim illum omnem conatum suum referebat, non ad voluptatem.</li>\n\t<li>Itaque et vivere vitem et mori dicimus arboremque et novellan et vetulam et vigere et senescere.</li>\n</ol>\n\n\n<dl>\n\t<dt><dfn>Equidem e Cn.</dfn></dt>\n\t<dd>Ab his oratores, ab his imperatores ac rerum publicarum principes extiterunt.</dd>\n\t<dt><dfn>Proclivi currit oratio.</dfn></dt>\n\t<dd>Hoc mihi cum tuo fratre convenit.</dd>\n\t<dt><dfn>Etiam beatissimum?</dfn></dt>\n\t<dd>Negat esse eam, inquit, propter se expetendam.</dd>\n\t<dt><dfn>An eiusdem modi?</dfn></dt>\n\t<dd>Ita similis erit ei finis boni, atque antea fuerat, neque idem tamen;</dd>\n\t<dt><dfn>Quid adiuvas?</dfn></dt>\n\t<dd>Etenim si delectamur, cum scribimus, quis est tam invidus, qui ab eo nos abducat?</dd>\n\t<dt><dfn>Quis enim redargueret?</dfn></dt>\n\t<dd>Aeque enim contingit omnibus fidibus, ut incontentae sint.</dd>\n</dl>\n\n\n<h3>Itaque contra est, ac dicitis;</h3>\n\n<p>Quae ista amicitia est? Quam nemo umquam voluptatem appellavit, appellat; Quo igitur, inquit, modo? </p>\n\n<ul>\n\t<li>At iste non dolendi status non vocatur voluptas.</li>\n\t<li>Ergo, si semel tristior effectus est, hilara vita amissa est?</li>\n\t<li>Facit enim ille duo seiuncta ultima bonorum, quae ut essent vera, coniungi debuerunt;</li>\n\t<li>Addidisti ad extremum etiam indoctum fuisse.</li>\n</ul>\n\n\n<pre>\nQuanta autem ab illis varietas argumentorum ratione\nconcludentium eorumque cum captiosis interrogationibus\ndissimilitudo! Quid, quod plurimis locis quasi denuntiant,\nut neque sensuum fidem sine ratione nec rationis sensibus\nexquiramus?\n\nUtrum enim sit voluptas in iis rebus, quas primas secundum\nnaturam esse diximus, necne sit ad id, quod agimus, nihil\ninterest.\n</pre>\n\n\n<h2>Nihil illinc huc pervenit.</h2>\n\n<p>Duo Reges: constructio interrete. Hoc est non dividere, sed frangere. Ut id aliis narrare gestiant? Non laboro, inquit, de nomine. Haeret in salebra. <a href='http://loripsum.net/' target='_blank'>Apparet statim, quae sint officia, quae actiones.</a> </p>\n\n",
    "eventUrl": "http://en.wikipedia.com/wiki/Lorem_ipsum",
    "creation_date": "2018/10/26 13:50:2.002335 GMT-4",
    "contactEmail": "loremipsum@mail.com",
    "_uid": "19e02c433d764944aaa3c5ff2e9312b2",
    "expirationDate": "None",
    "contactName": "Fusce velit.",
    "_content_type_id": "text/plain",
    "contactPhone": "Vitae class montes tellus tincidunt.",
    "id": "magna-metus-hac-urna-egestas-porta-at-libero-morbi-sit-odio-hac.",
    "subject": [],
    "attendees": [],
    "effectiveDate": "2018/10/26 13:51:43.178995 GMT-4",
    "title": "Magna metus hac urna egestas porta at libero morbi sit odio hac.",
    "_content_type_contactPhone": "text/plain",
    "_content_type_eventUrl": "text/plain",
    "_content_type_language": "text/plain",
    "_defaultpage": "",
    "location": "Felis lacus ante.",
    "_content_type_title": "text/plain",
    "excludeFromNav": true,
    "_content_type_contactName": "text/plain",
    "_type": "Event",
    "description": "Lacus ipsum fames iaculis risus dis adipiscing. Fusce metus mattis luctus dapibus blandit porttitor mi magna vel urna cubilia et. Dolor fusce vehicula porttitor lorem mi pellentesque. Proin massa fusce sem dolor augue nisi conubia laoreet. Augue felis. Lorem metus tempus hendrerit. Neque donec. Justo felis cras felis metus elit congue parturient justo. Morbi lacus tincidunt pharetra cras pulvinar quam diam. Dolor felis donec habitant ve curae rutrum magna consequat lobortis senectus nonummy viverra quis. Vitae risus felis vivamus nascetur proin at netus porttitor ridiculus nulla phasellus hymenaeos parturient aliquam quam eget ultrices scelerisque. Purus nulla sit enim. Risus magna enim diam ve. Velit morbi ligula nostra curae ultrices.",
    "_atrefs": {},
    "_layout": "event_view",
    "_workflow_history": {
        "simple_publication_workflow": [
            {
                "action": null,
                "review_state": "private",
                "actor": "admin",
                "comments": "",
                "time": "2018/10/26 13:50:2.006387 GMT-4"
            },
            {
                "action": "publish",
                "review_state": "published",
                "actor": "admin",
                "comments": "",
                "time": "2018/10/26 13:51:43.193216 GMT-4"
            }
        ]
    },
    "_content_type_rights": "text/plain",
    "_directly_provided": [],
    "_classname": "ATEvent",
    "_userdefined_roles": [],
    "_content_type_contactEmail": "text/plain",
    "_content_type": "text/html",
    "_id": "magna-metus-hac-urna-egestas-porta-at-libero-morbi-sit-odio-hac.",
    "modification_date": "2018/10/26 13:51:43.179238 GMT-4",
    "language": "en",
    "rights": "Morbi class. Massa morbi nec fames cum urna vestibulum rutrum per nunc. Lorem augue tempor scelerisque. Lacus purus hac diam orci hymenaeos sit consectetuer ac etiam pellentesque ultrices metus. Magna neque felis justo pharetra. Velit augue eget. Magna massa neque mollis vestibulum dictumst lacinia nonummy netus ac. Massa dolor etiam enim sit hac mus fermentum interdum nisl lectus nullam ultrices netus ad arcu. Etiam donec mauris libero vulputate faucibus congue vestibulum magna duis. Fames velit urna cum sapien urna nunc integer ac nullam conubia. Class metus hac adipiscing elementum duis eni. Augue fames per eros. Proin morbi nunc pede neque sapien. Class purus per vel sollicitudin fames. Risus curae etiam scelerisque. Neque class. Nulla vitae. Porta donec a laoreet lectus nam euismod id.",
    "_atbrefs": {},
    "_content_type_description": "text/plain",
    "_owner": "admin",
    "_content_type_location": "text/plain",
    "_permissions": {
        "Modify portal content": {
            "acquire": false,
            "roles": [
                "Editor",
                "Manager",
                "Owner",
                "Site Administrator"
            ]
        },
        "Access contents information": {
            "acquire": false,
            "roles": [
                "Anonymous"
            ]
        },
        "View": {
            "acquire": false,
            "roles": [
                "Anonymous"
            ]
        }
    },
    "_properties": [
        [
            "title",
            "Magna metus hac urna egestas porta at libero morbi sit odio hac.",
            "string"
        ]
    ],
    "allowDiscussion": false,
    "_gopip": 98,
    "creators": [
        "admin"
    ],
    "_ac_local_roles": {
        "admin": [
            "Owner"
        ]
    },
    "_path": "/Plone/events/magna-metus-hac-urna-egestas-porta-at-libero-morbi-sit-odio-hac."
}