{
    "startDate": "2018/10/30 08:52:32.372796 GMT-4",
    "endDate": "2018/11/01 11:51:27.509555 GMT-4",
    "contributors": [],
    "_content_type_text": "text/html",
    "text": "<h1>Traditur, inquit, ab Epicuro ratio neglegendi doloris.</h1>\n\n<p>Lorem ipsum dolor sit amet, consectetur adipiscing elit. <code>Immo videri fortasse.</code> Summae mihi videtur inscitiae. <code>Duo Reges: constructio interrete.</code> Iam in altera philosophiae parte. Primum divisit ineleganter; Quis istum dolorem timet? </p>\n\n<dl>\n\t<dt><dfn>Sed fortuna fortis;</dfn></dt>\n\t<dd>Sin laboramus, quis est, qui alienae modum statuat industriae?</dd>\n\t<dt><dfn>Immo alio genere;</dfn></dt>\n\t<dd>Sapientem locupletat ipsa natura, cuius divitias Epicurus parabiles esse docuit.</dd>\n\t<dt><dfn>Si quae forte-possumus.</dfn></dt>\n\t<dd>Gerendus est mos, modo recte sentiat.</dd>\n</dl>\n\n\n<p>Avaritiamne minuis? Ut aliquid scire se gaudeant? Prioris generis est docilitas, memoria; Bestiarum vero nullum iudicium puto. </p>\n\n<ul>\n\t<li>Videsne quam sit magna dissensio?</li>\n\t<li>Collatio igitur ista te nihil iuvat.</li>\n\t<li>Semovenda est igitur voluptas, non solum ut recta sequamini, sed etiam ut loqui deceat frugaliter.</li>\n</ul>\n\n\n<ol>\n\t<li>Illud quaero, quid ei, qui in voluptate summum bonum ponat, consentaneum sit dicere.</li>\n\t<li>Quid, de quo nulla dissensio est?</li>\n\t<li>Parvi enim primo ortu sic iacent, tamquam omnino sine animo sint.</li>\n\t<li>Nam quibus rebus efficiuntur voluptates, eae non sunt in potestate sapientis.</li>\n</ol>\n\n\n<p><a href='http://loripsum.net/' target='_blank'>Ita prorsus, inquam;</a> Nam Pyrrho, Aristo, Erillus iam diu abiecti. Pauca mutat vel plura sane; <a href='http://loripsum.net/' target='_blank'>Nam de isto magna dissensio est.</a> </p>\n\n<pre>\nHuic Epicurus praecentet, si potest, cui e viperino morsu\nvenae viscerum Veneno inbutae taetros cruciatus cient! Sic\nEpicurus: Philocteta, st! brevis dolor.\n\nCerte, nisi voluptatem tanti aestimaretis.\n</pre>\n\n\n",
    "eventUrl": "http://en.wikipedia.com/wiki/Lorem_ipsum",
    "creation_date": "2018/10/26 13:50:2.357694 GMT-4",
    "contactEmail": "loremipsum@mail.com",
    "_uid": "cd64fd32b81d499a84957be319ea0e3c",
    "expirationDate": "None",
    "contactName": "Dolor lorem.",
    "_content_type_id": "text/plain",
    "contactPhone": "Morbi porta hac quam pharetra.",
    "id": "metus-fusce-tortor-justo-ut-netus-per-sem-eu-aenean.",
    "subject": [],
    "attendees": [],
    "effectiveDate": "2018/10/26 13:51:43.205672 GMT-4",
    "title": "Metus fusce tortor justo ut netus per sem eu aenean.",
    "_content_type_contactPhone": "text/plain",
    "_content_type_eventUrl": "text/plain",
    "_content_type_language": "text/plain",
    "_defaultpage": "",
    "location": "Class fames diam.",
    "_content_type_title": "text/plain",
    "excludeFromNav": true,
    "_content_type_contactName": "text/plain",
    "_type": "Event",
    "description": "Morbi vitae aliquam sociis dis auctor at mauris integer. Risus donec. Etiam neque. Magna felis aptent tellus natoque. Curae morbi pede et nisl. Purus morbi dui risus montes scelerisque nulla malesuada duis nisi lacus. Fames porta donec nisl arcu netus tincidunt senectus mollis nullam cum id. Velit augue cursus tellus viverra.",
    "_atrefs": {},
    "_layout": "event_view",
    "_workflow_history": {
        "simple_publication_workflow": [
            {
                "action": null,
                "review_state": "private",
                "actor": "admin",
                "comments": "",
                "time": "2018/10/26 13:50:2.361195 GMT-4"
            },
            {
                "action": "publish",
                "review_state": "published",
                "actor": "admin",
                "comments": "",
                "time": "2018/10/26 13:51:43.217230 GMT-4"
            }
        ]
    },
    "_content_type_rights": "text/plain",
    "_directly_provided": [],
    "_classname": "ATEvent",
    "_userdefined_roles": [],
    "_content_type_contactEmail": "text/plain",
    "_content_type": "text/html",
    "_id": "metus-fusce-tortor-justo-ut-netus-per-sem-eu-aenean.",
    "modification_date": "2018/10/26 13:51:43.205952 GMT-4",
    "language": "en",
    "rights": "Class proin ipsum montes tortor sociosqu proin eu a nibh. Dolor neque. Nulla dolor. Ipsum fusce sit augue parturient egestas per mi cras nulla. Massa nulla sem enim massa nam elit ante facilisis. Porta netus erat hymenaeos dui iaculis. Porta purus eros. Augue justo. Etiam metus a conubia libero donec quisque. Neque proin cras natoque integer torquent fames. Porta justo lobortis lorem commodo magna adipiscing condimentum auctor. Augue risus porta habitant quis molestie felis leo nisl dis erat velit blandit tristique. Morbi vitae eni ante nulla mattis netus adipiscing nascetur risus magnis. Justo class amet vulputate. Felis ipsum accumsan eu velit sem mollis lobortis per. Felis magna orci non fermentum. Curae neque donec a blandit. Lorem class nullam nulla scelerisque eget libero leo bibendum.",
    "_atbrefs": {},
    "_content_type_description": "text/plain",
    "_owner": "admin",
    "_content_type_location": "text/plain",
    "_permissions": {
        "Modify portal content": {
            "acquire": false,
            "roles": [
                "Editor",
                "Manager",
                "Owner",
                "Site Administrator"
            ]
        },
        "Access contents information": {
            "acquire": false,
            "roles": [
                "Anonymous"
            ]
        },
        "View": {
            "acquire": false,
            "roles": [
                "Anonymous"
            ]
        }
    },
    "_properties": [
        [
            "title",
            "Metus fusce tortor justo ut netus per sem eu aenean.",
            "string"
        ]
    ],
    "allowDiscussion": false,
    "_gopip": 99,
    "creators": [
        "admin"
    ],
    "_ac_local_roles": {
        "admin": [
            "Owner"
        ]
    },
    "_path": "/Plone/events/metus-fusce-tortor-justo-ut-netus-per-sem-eu-aenean."
}