{
    "startDate": "2018/10/31 07:14:42.101993 GMT-4",
    "endDate": "2018/10/31 22:13:28.212768 GMT-4",
    "contributors": [],
    "_content_type_text": "text/html",
    "text": "<h1>Non est enim vitium in oratione solum, sed etiam in moribus.</h1>\n\n<p>Lorem ipsum dolor sit amet, consectetur adipiscing elit. Quid Zeno? Duo Reges: constructio interrete. Quid censes in Latino fore? Graece donan, Latine voluptatem vocant. Mihi quidem Antiochum, quem audis, satis belle videris attendere. </p>\n\n<dl>\n\t<dt><dfn>An nisi populari fama?</dfn></dt>\n\t<dd>At multis se probavit.</dd>\n\t<dt><dfn>Reguli reiciendam;</dfn></dt>\n\t<dd>Idemque diviserunt naturam hominis in animum et corpus.</dd>\n\t<dt><dfn>Quis negat?</dfn></dt>\n\t<dd>Graecum enim hunc versum nostis omnes-: Suavis laborum est praeteritorum memoria.</dd>\n\t<dt><dfn>Quis enim redargueret?</dfn></dt>\n\t<dd>Qua tu etiam inprudens utebare non numquam.</dd>\n\t<dt><dfn>Stoicos roga.</dfn></dt>\n\t<dd>Id enim volumus, id contendimus, ut officii fructus sit ipsum officium.</dd>\n</dl>\n\n\n<pre>\nNon enim actionis aut officii ratio impellit ad ea, quae\nsecundum naturam sunt, petenda, sed ab iis et appetitio et\nactio commovetur.\n\nCum autem usus progrediens familiaritatem effecerit, tum\namorem efflorescere tantum, ut, etiamsi nulla sit utilitas\nex amicitia, tamen ipsi amici propter se ipsos amentur.\n</pre>\n\n\n<p>At enim sequor utilitatem. <a href='http://loripsum.net/' target='_blank'>Hoc etsi multimodis reprehendi potest, tamen accipio, quod dant.</a> Nummus in Croesi divitiis obscuratur, pars est tamen divitiarum. </p>\n\n<ol>\n\t<li>Non est ista, inquam, Piso, magna dissensio.</li>\n\t<li>Mihi quidem Antiochum, quem audis, satis belle videris attendere.</li>\n</ol>\n\n\n<h2>Ita multa dicunt, quae vix intellegam.</h2>\n\n<p>Hic nihil fuit, quod quaereremus. Age sane, inquam. Quam ob rem tandem, inquit, non satisfacit? Itaque hic ipse iam pridem est reiectus; Graccho, eius fere, aequal\u00ed? Quid dubitas igitur mutare principia naturae? </p>\n\n<ul>\n\t<li>Ut alios omittam, hunc appello, quem ille unum secutus est.</li>\n\t<li>Quae tamen a te agetur non melior, quam illae sunt, quas interdum optines.</li>\n\t<li>Nosti, credo, illud: Nemo pius est, qui pietatem-;</li>\n\t<li>Non pugnem cum homine, cur tantum habeat in natura boni;</li>\n\t<li>Et summatim quidem haec erant de corpore animoque dicenda, quibus quasi informatum est quid hominis natura postulet.</li>\n</ul>\n\n\n",
    "eventUrl": "http://en.wikipedia.com/wiki/Lorem_ipsum",
    "creation_date": "2018/10/26 13:50:2.703724 GMT-4",
    "contactEmail": "loremipsum@mail.com",
    "_uid": "3d341742b9c94dd6989b632770fed72c",
    "expirationDate": "None",
    "contactName": "Massa velit a cubilia ac urna ac fusce tortor libero hendrerit.",
    "_content_type_id": "text/plain",
    "contactPhone": "Fusce felis mauris volutpat pharetra felis ante vivamus urna pellentesque sagittis class orci.",
    "id": "velit-netus.",
    "subject": [],
    "attendees": [],
    "effectiveDate": "2018/10/26 13:51:43.229465 GMT-4",
    "title": "Velit netus.",
    "_content_type_contactPhone": "text/plain",
    "_content_type_eventUrl": "text/plain",
    "_content_type_language": "text/plain",
    "_defaultpage": "",
    "location": "Porta ipsum dui nibh.",
    "_content_type_title": "text/plain",
    "excludeFromNav": true,
    "_content_type_contactName": "text/plain",
    "_type": "Event",
    "description": "Neque nulla molestie class nec class eget diam neque. Vitae augue euismod volutpat nunc nisi cum litora pharetra scelerisque vehicula enim luctus per adipiscing mi lobortis. Etiam massa mus pede sem viverra. Metus risus. Morbi augue tempor adipiscing. Velit risus habitant curae conubia tellus enim vitae. Morbi risus dui porta justo metus sit nisl consectetuer adipiscing quam. Magna curae cursus cum adipiscing parturient eu porttitor etiam tortor. Magna massa. Velit purus odio.",
    "_atrefs": {},
    "_layout": "event_view",
    "_workflow_history": {
        "simple_publication_workflow": [
            {
                "action": null,
                "review_state": "private",
                "actor": "admin",
                "comments": "",
                "time": "2018/10/26 13:50:2.707136 GMT-4"
            },
            {
                "action": "publish",
                "review_state": "published",
                "actor": "admin",
                "comments": "",
                "time": "2018/10/26 13:51:43.241782 GMT-4"
            }
        ]
    },
    "_content_type_rights": "text/plain",
    "_directly_provided": [],
    "_classname": "ATEvent",
    "_userdefined_roles": [],
    "_content_type_contactEmail": "text/plain",
    "_content_type": "text/html",
    "_id": "velit-netus.",
    "modification_date": "2018/10/26 13:51:43.229735 GMT-4",
    "language": "en",
    "rights": "Ipsum class cum fusce semper porta rhoncus consequat erat sodales egestas. Felis class. Curae risus taciti etiam rhoncus urna lectus dapibus. Velit metus conubia nullam diam euismod curabitur suscipit curae. Risus lorem. Netus lacus nunc pretium. Vitae neque lacinia facilisis elit dui. Felis dolor sociis nam viverra. Dolor neque. Lorem magna. Purus donec accumsan vulputate taciti ac. Felis velit.",
    "_atbrefs": {},
    "_content_type_description": "text/plain",
    "_owner": "admin",
    "_content_type_location": "text/plain",
    "_permissions": {
        "Modify portal content": {
            "acquire": false,
            "roles": [
                "Editor",
                "Manager",
                "Owner",
                "Site Administrator"
            ]
        },
        "Access contents information": {
            "acquire": false,
            "roles": [
                "Anonymous"
            ]
        },
        "View": {
            "acquire": false,
            "roles": [
                "Anonymous"
            ]
        }
    },
    "_properties": [
        [
            "title",
            "Velit netus.",
            "string"
        ]
    ],
    "allowDiscussion": false,
    "_gopip": 100,
    "creators": [
        "admin"
    ],
    "_ac_local_roles": {
        "admin": [
            "Owner"
        ]
    },
    "_path": "/Plone/events/velit-netus."
}