{
    "startDate": "2018/11/07 21:44:2.099804 GMT-4",
    "endDate": "2018/11/08 06:47:19.993494 GMT-4",
    "contributors": [],
    "_content_type_text": "text/html",
    "text": "<h1>Quid igitur dubitamus in tota eius natura quaerere quid sit effectum?</h1>\n\n<p>Lorem ipsum dolor sit amet, consectetur adipiscing elit. Quae cum dixisset paulumque institisset, Quid est? Aufert enim sensus actionemque tollit omnem. Scisse enim te quis coarguere possit? Nulla erit controversia. Duo Reges: constructio interrete. Prave, nequiter, turpiter cenabat; </p>\n\n<p><code>Philosophi autem in suis lectulis plerumque moriuntur.</code> Itaque contra est, ac dicitis; </p>\n\n<pre>\nSe omnia, quae secundum naturam sint, b o n a appellare,\nquae autem contra, m a l a.\n\nUtrum igitur percurri omnem Epicuri disciplinam placet an de\nuna voluptate quaeri, de qua omne certamen est?\n</pre>\n\n\n<dl>\n\t<dt><dfn>Sed nimis multa.</dfn></dt>\n\t<dd>Qui non moveatur et offensione turpitudinis et comprobatione honestatis?</dd>\n\t<dt><dfn>Iam contemni non poteris.</dfn></dt>\n\t<dd>Idemne potest esse dies saepius, qui semel fuit?</dd>\n\t<dt><dfn>Poterat autem inpune;</dfn></dt>\n\t<dd>Te enim iudicem aequum puto, modo quae dicat ille bene noris.</dd>\n\t<dt><dfn>Idemne, quod iucunde?</dfn></dt>\n\t<dd>Sed haec omittamus;</dd>\n\t<dt><dfn>Aliter autem vobis placet.</dfn></dt>\n\t<dd>De malis autem et bonis ab iis animalibus, quae nondum depravata sint, ait optime iudicari.</dd>\n</dl>\n\n\n<h2>Sullae consulatum?</h2>\n\n<p>Occultum facinus esse potuerit, gaudebit; Facillimum id quidem est, inquam. In schola desinis. Quid ad utilitatem tantae pecuniae? <a href='http://loripsum.net/' target='_blank'>Dici enim nihil potest verius.</a> <a href='http://loripsum.net/' target='_blank'>Avaritiamne minuis?</a> Sin tantum modo ad indicia veteris memoriae cognoscenda, curiosorum. Quod autem ratione actum est, id officium appellamus. </p>\n\n<ul>\n\t<li>Tu autem, si tibi illa probabantur, cur non propriis verbis ea tenebas?</li>\n\t<li>Quicquid porro animo cernimus, id omne oritur a sensibus;</li>\n\t<li>At habetur! Et ego id scilicet nesciebam! Sed ut sit, etiamne post mortem coletur?</li>\n\t<li>Quid enim me prohiberet Epicureum esse, si probarem, quae ille diceret?</li>\n\t<li>Nam, ut sint illa vendibiliora, haec uberiora certe sunt.</li>\n</ul>\n\n\n<ol>\n\t<li>Summus dolor plures dies manere non potest?</li>\n\t<li>Quae cum ita sint, effectum est nihil esse malum, quod turpe non sit.</li>\n\t<li>Sed est forma eius disciplinae, sicut fere ceterarum, triplex: una pars est naturae, disserendi altera, vivendi tertia.</li>\n\t<li>Ergo ita: non posse honeste vivi, nisi honeste vivatur?</li>\n</ol>\n\n\n",
    "eventUrl": "http://en.wikipedia.com/wiki/Lorem_ipsum",
    "creation_date": "2018/10/26 13:50:3.058792 GMT-4",
    "contactEmail": "loremipsum@mail.com",
    "_uid": "6de76d769fda49a086dbb8d35e64dd8f",
    "expirationDate": "None",
    "contactName": "Class lacus aliquam lorem mi.",
    "_content_type_id": "text/plain",
    "contactPhone": "Augue netus inceptos parturient litora eni taciti ad.",
    "id": "porta-etiam-eni-aliquet-inceptos-ante-inceptos-suscipit.",
    "subject": [],
    "attendees": [],
    "effectiveDate": "2018/10/26 13:51:43.254036 GMT-4",
    "title": "Porta etiam eni aliquet inceptos ante inceptos suscipit.",
    "_content_type_contactPhone": "text/plain",
    "_content_type_eventUrl": "text/plain",
    "_content_type_language": "text/plain",
    "_defaultpage": "",
    "location": "Neque velit nisl interdum risus tortor mi torquent sociosqu.",
    "_content_type_title": "text/plain",
    "excludeFromNav": true,
    "_content_type_contactName": "text/plain",
    "_type": "Event",
    "description": "Etiam class fringilla condimentum leo primis. Metus magna neque per cras in. Ipsum porta massa. Ipsum purus viverra ve ante id consectetuer pretium purus. Netus donec molestie metus eu vulputate ut. Dolor purus nec lorem sociis nec est eu lacinia nunc integer. Morbi justo cum quis nisi velit quis. Metus massa integer massa eu ve. Fusce velit elementum fermentum. Porta massa hac urna habitant pellentesque cursus.",
    "_atrefs": {},
    "_layout": "event_view",
    "_workflow_history": {
        "simple_publication_workflow": [
            {
                "action": null,
                "review_state": "private",
                "actor": "admin",
                "comments": "",
                "time": "2018/10/26 13:50:3.062358 GMT-4"
            },
            {
                "action": "publish",
                "review_state": "published",
                "actor": "admin",
                "comments": "",
                "time": "2018/10/26 13:51:43.266962 GMT-4"
            }
        ]
    },
    "_content_type_rights": "text/plain",
    "_directly_provided": [],
    "_classname": "ATEvent",
    "_userdefined_roles": [],
    "_content_type_contactEmail": "text/plain",
    "_content_type": "text/html",
    "_id": "porta-etiam-eni-aliquet-inceptos-ante-inceptos-suscipit.",
    "modification_date": "2018/10/26 13:51:43.254321 GMT-4",
    "language": "en",
    "rights": "Magna curae non fusce. Purus netus nostra magnis ac ornare. Metus fames class suspendisse pulvinar phasellus porta malesuada odio quis. Porta felis tortor quis ut. Donec nulla a montes duis sit tempor posuere tempor neque condimentum eget quis amet nunc. Proin felis sit maecenas a interdum erat nascetur luctus urna. Donec vitae. Proin massa morbi mattis parturient magna potenti posuere suscipit velit tristique inceptos urna blandit nostra. Massa augue mus enim sed arcu tincidunt. Porta purus porta viverra sociis. Donec risus. Fusce magna faucibus ut.",
    "_atbrefs": {},
    "_content_type_description": "text/plain",
    "_owner": "admin",
    "_content_type_location": "text/plain",
    "_permissions": {
        "Modify portal content": {
            "acquire": false,
            "roles": [
                "Editor",
                "Manager",
                "Owner",
                "Site Administrator"
            ]
        },
        "Access contents information": {
            "acquire": false,
            "roles": [
                "Anonymous"
            ]
        },
        "View": {
            "acquire": false,
            "roles": [
                "Anonymous"
            ]
        }
    },
    "_properties": [
        [
            "title",
            "Porta etiam eni aliquet inceptos ante inceptos suscipit.",
            "string"
        ]
    ],
    "allowDiscussion": false,
    "_gopip": 101,
    "creators": [
        "admin"
    ],
    "_ac_local_roles": {
        "admin": [
            "Owner"
        ]
    },
    "_path": "/Plone/events/porta-etiam-eni-aliquet-inceptos-ante-inceptos-suscipit."
}