{
    "startDate": "2018/11/04 18:01:6.804286 GMT-4",
    "endDate": "2018/11/06 06:01:9.066353 GMT-4",
    "contributors": [],
    "_content_type_text": "text/html",
    "text": "<h1>Sed emolumenta communia esse dicuntur, recte autem facta et peccata non habentur communia.</h1>\n\n<p>Lorem ipsum dolor sit amet, consectetur adipiscing elit. Cur iustitia laudatur? Qui-vere falsone, quaerere mittimus-dicitur oculis se privasse; Quae cum magnifice primo dici viderentur, considerata minus probabantur. Duo Reges: constructio interrete. Quae contraria sunt his, malane? </p>\n\n<dl>\n\t<dt><dfn>Quis istud, quaeso, nesciebat?</dfn></dt>\n\t<dd>Nec vero ut voluptatem expetat, natura movet infantem, sed tantum ut se ipse diligat, ut integrum se salvumque velit.</dd>\n\t<dt><dfn>Venit ad extremum;</dfn></dt>\n\t<dd>Qua ex cognitione facilior facta est investigatio rerum occultissimarum.</dd>\n\t<dt><dfn>Summae mihi videtur inscitiae.</dfn></dt>\n\t<dd>Facit enim ille duo seiuncta ultima bonorum, quae ut essent vera, coniungi debuerunt;</dd>\n</dl>\n\n\n<ol>\n\t<li>Polemoni et iam ante Aristoteli ea prima visa sunt, quae paulo ante dixi.</li>\n\t<li>Etenim nec iustitia nec amicitia esse omnino poterunt, nisi ipsae per se expetuntur.</li>\n\t<li>Non est ista, inquam, Piso, magna dissensio.</li>\n\t<li>Idem fecisset Epicurus, si sententiam hanc, quae nunc Hieronymi est, coniunxisset cum Aristippi vetere sententia.</li>\n</ol>\n\n\n<ul>\n\t<li>Intrandum est igitur in rerum naturam et penitus quid ea postulet pervidendum;</li>\n\t<li>Quamquam tu hanc copiosiorem etiam soles dicere.</li>\n\t<li>Qua tu etiam inprudens utebare non numquam.</li>\n\t<li>Ille vero, si insipiens-quo certe, quoniam tyrannus -, numquam beatus;</li>\n\t<li>Non enim, si omnia non sequebatur, idcirco non erat ortus illinc.</li>\n\t<li>Id enim volumus, id contendimus, ut officii fructus sit ipsum officium.</li>\n</ul>\n\n\n<p>De illis, cum volemus. Minime vero, inquit ille, consentit. Inquit, dasne adolescenti veniam? Aliter autem vobis placet. Summus dolor plures dies manere non potest? <a href='http://loripsum.net/' target='_blank'>Tubulo putas dicere?</a> Qui ita affectus, beatum esse numquam probabis; Non dolere, inquam, istud quam vim habeat postea videro; </p>\n\n<h2>Summus dolor plures dies manere non potest?</h2>\n\n<p>Falli igitur possumus. Sed nimis multa. Praeteritis, inquit, gaudeo. Aufert enim sensus actionemque tollit omnem. Itaque contra est, ac dicitis; Avaritiamne minuis? </p>\n\n<pre>\nEt summatim quidem haec erant de corpore animoque dicenda,\nquibus quasi informatum est quid hominis natura postulet.\n\nLegimus tamen Diogenem, Antipatrum, Mnesarchum, Panaetium,\nmultos alios in primisque familiarem nostrum Posidonium.\n</pre>\n\n\n",
    "eventUrl": "http://en.wikipedia.com/wiki/Lorem_ipsum",
    "creation_date": "2018/10/26 13:50:4.130103 GMT-4",
    "contactEmail": "loremipsum@mail.com",
    "_uid": "b1ecd1fb715f4604b045117bb44cd26f",
    "expirationDate": "None",
    "contactName": "Metus lorem.",
    "_content_type_id": "text/plain",
    "contactPhone": "Proin augue nec sem per eni.",
    "id": "lacus-class-senectus-non-morbi-euismod-enim-sollicitudin-vestibulum-orci-dolor.",
    "subject": [],
    "attendees": [],
    "effectiveDate": "2018/10/26 13:51:43.331394 GMT-4",
    "title": "Lacus class senectus non morbi euismod enim sollicitudin vestibulum orci dolor.",
    "_content_type_contactPhone": "text/plain",
    "_content_type_eventUrl": "text/plain",
    "_content_type_language": "text/plain",
    "_defaultpage": "",
    "location": "Purus porta natoque purus.",
    "_content_type_title": "text/plain",
    "excludeFromNav": false,
    "_content_type_contactName": "text/plain",
    "_type": "Event",
    "description": "Metus porta urna nulla vulputate hac sodales fames et dolor eu. Lacus morbi a diam ve imperdiet condimentum leo cursus pede mus. Ipsum magna nec. Morbi dolor. Morbi massa eget hac class tincidunt interdum ligula nullam eni nonummy volutpat magnis ornare. Vitae purus per. Lacus augue integer feugiat mattis sed eget rhoncus ac tristique diam orci metus dapibus. Porta vitae purus a pretium auctor fames et consequat et augue ac nulla primis. Massa netus nisi curabitur. Porta curae semper morbi praesent amet luctus. Curae nulla eni odio hac porta vulputate sociosqu magnis. Nulla magna sodales nisl adipiscing magnis inceptos venenatis nibh quisque ve enim ultrices habitant ornare. Vitae lorem porta condimentum interdum ante sapien adipiscing proin quam sed. Fusce justo non massa platea dis. Neque ipsum. Netus magna curae fringilla dictumst. Proin lorem magnis.",
    "_atrefs": {},
    "_layout": "event_view",
    "_workflow_history": {
        "simple_publication_workflow": [
            {
                "action": null,
                "review_state": "private",
                "actor": "admin",
                "comments": "",
                "time": "2018/10/26 13:50:4.135288 GMT-4"
            },
            {
                "action": "publish",
                "review_state": "published",
                "actor": "admin",
                "comments": "",
                "time": "2018/10/26 13:51:43.345665 GMT-4"
            }
        ]
    },
    "_content_type_rights": "text/plain",
    "_directly_provided": [],
    "_classname": "ATEvent",
    "_userdefined_roles": [],
    "_content_type_contactEmail": "text/plain",
    "_content_type": "text/html",
    "_id": "lacus-class-senectus-non-morbi-euismod-enim-sollicitudin-vestibulum-orci-dolor.",
    "modification_date": "2018/10/26 13:51:43.331662 GMT-4",
    "language": "en",
    "rights": "Neque fusce augue sapien ad bibendum primis arcu blandit ac mi. Morbi risus gravida dolor. Magna class libero lectus. Porta morbi montes metus etiam porta. Neque netus accumsan convallis pharetra. Fusce porta blandit urna ad. Nulla morbi. Lorem fusce laoreet phasellus. Augue metus nunc posuere urna enim interdum maecenas magna risus. Etiam porta magna. Metus nulla. Neque velit. Ipsum netus lacus hac enim id phasellus class mi luctus rhoncus urna lacus eu aenean. Netus neque maecenas eni vivamus torquent velit imperdiet rhoncus velit adipiscing ullamcorper platea id. Purus justo porta non duis mi.",
    "_atbrefs": {},
    "_content_type_description": "text/plain",
    "_owner": "admin",
    "_content_type_location": "text/plain",
    "_permissions": {
        "Modify portal content": {
            "acquire": false,
            "roles": [
                "Editor",
                "Manager",
                "Owner",
                "Site Administrator"
            ]
        },
        "Access contents information": {
            "acquire": false,
            "roles": [
                "Anonymous"
            ]
        },
        "View": {
            "acquire": false,
            "roles": [
                "Anonymous"
            ]
        }
    },
    "_properties": [
        [
            "title",
            "Lacus class senectus non morbi euismod enim sollicitudin vestibulum orci dolor.",
            "string"
        ]
    ],
    "allowDiscussion": false,
    "_gopip": 104,
    "creators": [
        "admin"
    ],
    "_ac_local_roles": {
        "admin": [
            "Owner"
        ]
    },
    "_path": "/Plone/events/lacus-class-senectus-non-morbi-euismod-enim-sollicitudin-vestibulum-orci-dolor."
}