{
    "startDate": "2018/11/13 06:47:1.144644 GMT-4",
    "endDate": "2018/11/14 18:55:29.071590 GMT-4",
    "contributors": [],
    "_content_type_text": "text/html",
    "text": "<h1>Quid igitur dubitamus in tota eius natura quaerere quid sit effectum?</h1>\n\n<p>Lorem ipsum dolor sit amet, consectetur adipiscing elit. Numquam facies. At multis se probavit. Hoc non est positum in nostra actione. Duo Reges: constructio interrete. </p>\n\n<pre>\nIta redarguitur ipse a sese, convincunturque scripta eius\nprobitate ipsius ac moribus.\n\nSin dicit obscurari quaedam nec apparere, quia valde parva\nsint, nos quoque concedimus;\n</pre>\n\n\n<h2>Bonum integritas corporis: misera debilitas.</h2>\n\n<p>Non semper, inquam; Idem iste, inquam, de voluptate quid sentit? Nulla erit controversia. Virtutis, magnitudinis animi, patientiae, fortitudinis fomentis dolor mitigari solet. Omnia peccata paria dicitis. Hic nihil fuit, quod quaereremus. </p>\n\n<ul>\n\t<li>Sed vos squalidius, illorum vides quam niteat oratio.</li>\n\t<li>Quid, de quo nulla dissensio est?</li>\n\t<li>Hoc non est positum in nostra actione.</li>\n\t<li>Hoc mihi cum tuo fratre convenit.</li>\n\t<li>Sed id ne cogitari quidem potest quale sit, ut non repugnet ipsum sibi.</li>\n\t<li>Illud urgueam, non intellegere eum quid sibi dicendum sit, cum dolorem summum malum esse dixerit.</li>\n</ul>\n\n\n<h3>Haec bene dicuntur, nec ego repugno, sed inter sese ipsa pugnant.</h3>\n\n<p>Ille enim occurrentia nescio quae comminiscebatur; <a href='http://loripsum.net/' target='_blank'>Negat esse eam, inquit, propter se expetendam.</a> Quae cum essent dicta, discessimus. Poterat autem inpune; </p>\n\n<ol>\n\t<li>Sed nunc, quod agimus;</li>\n\t<li>Quamvis enim depravatae non sint, pravae tamen esse possunt.</li>\n\t<li>Tum ille: Tu autem cum ipse tantum librorum habeas, quos hic tandem requiris?</li>\n</ol>\n\n\n<dl>\n\t<dt><dfn>Sit sane ista voluptas.</dfn></dt>\n\t<dd>Quodcumque in mentem incideret, et quodcumque tamquam occurreret.</dd>\n\t<dt><dfn>Ut pulsi recurrant?</dfn></dt>\n\t<dd>Respondent extrema primis, media utrisque, omnia omnibus.</dd>\n\t<dt><dfn>Quare attende, quaeso.</dfn></dt>\n\t<dd>Facile est hoc cernere in primis puerorum aetatulis.</dd>\n</dl>\n\n\n",
    "eventUrl": "http://en.wikipedia.com/wiki/Lorem_ipsum",
    "creation_date": "2018/10/26 13:50:5.558974 GMT-4",
    "contactEmail": "loremipsum@mail.com",
    "_uid": "53720cc4381f4d448b9a869e0d371d99",
    "expirationDate": "None",
    "contactName": "Porta vitae nunc.",
    "_content_type_id": "text/plain",
    "contactPhone": "Etiam donec sapien gravida potenti elit ut nam cras orci venenatis nullam tristique.",
    "id": "dolor-lacus-ridiculus-facilisi-sapien-dictum-sociosqu-eget-aenean.",
    "subject": [],
    "attendees": [],
    "effectiveDate": "2018/10/26 13:51:43.438321 GMT-4",
    "title": "Dolor lacus ridiculus facilisi sapien dictum sociosqu eget aenean.",
    "_content_type_contactPhone": "text/plain",
    "_content_type_eventUrl": "text/plain",
    "_content_type_language": "text/plain",
    "_defaultpage": "",
    "location": "Neque lacus.",
    "_content_type_title": "text/plain",
    "excludeFromNav": false,
    "_content_type_contactName": "text/plain",
    "_type": "Event",
    "description": "Velit ipsum cras accumsan ante mus sit consectetuer. Netus ipsum posuere hendrerit lobortis. Metus class litora nulla. Metus magna dui enim porttitor tellus lobortis sem justo nisi. Porta dolor porttitor. Purus donec tellus porta gravida congue. Fames nulla aenean felis tristique potenti class risus iaculis ve pretium et aptent sagittis enim.",
    "_atrefs": {},
    "_layout": "event_view",
    "_workflow_history": {
        "simple_publication_workflow": [
            {
                "action": null,
                "review_state": "private",
                "actor": "admin",
                "comments": "",
                "time": "2018/10/26 13:50:5.562137 GMT-4"
            },
            {
                "action": "publish",
                "review_state": "published",
                "actor": "admin",
                "comments": "",
                "time": "2018/10/26 13:51:43.450185 GMT-4"
            }
        ]
    },
    "_content_type_rights": "text/plain",
    "_directly_provided": [],
    "_classname": "ATEvent",
    "_userdefined_roles": [],
    "_content_type_contactEmail": "text/plain",
    "_content_type": "text/html",
    "_id": "dolor-lacus-ridiculus-facilisi-sapien-dictum-sociosqu-eget-aenean.",
    "modification_date": "2018/10/26 13:51:43.438580 GMT-4",
    "language": "en",
    "rights": "Fusce purus. Dolor magna orci cum primis porttitor malesuada urna tortor. Fames felis egestas quisque libero diam ad. Porta fusce est erat parturient. Netus class arcu cubilia duis interdum. Felis proin. Etiam velit. Porta metus magnis purus sodales quisque fames parturient et amet aenean cras fermentum hymenaeos. Class morbi aptent sociis blandit facilisis. Nulla netus sem tempor. Porta magna varius metus placerat risus a libero metus elit ac sit fermentum mollis ut.",
    "_atbrefs": {},
    "_content_type_description": "text/plain",
    "_owner": "admin",
    "_content_type_location": "text/plain",
    "_permissions": {
        "Modify portal content": {
            "acquire": false,
            "roles": [
                "Editor",
                "Manager",
                "Owner",
                "Site Administrator"
            ]
        },
        "Access contents information": {
            "acquire": false,
            "roles": [
                "Anonymous"
            ]
        },
        "View": {
            "acquire": false,
            "roles": [
                "Anonymous"
            ]
        }
    },
    "_properties": [
        [
            "title",
            "Dolor lacus ridiculus facilisi sapien dictum sociosqu eget aenean.",
            "string"
        ]
    ],
    "allowDiscussion": false,
    "_gopip": 108,
    "creators": [
        "admin"
    ],
    "_ac_local_roles": {
        "admin": [
            "Owner"
        ]
    },
    "_path": "/Plone/events/dolor-lacus-ridiculus-facilisi-sapien-dictum-sociosqu-eget-aenean."
}