{
    "startDate": "2018/11/11 16:28:35.749684 GMT-4",
    "endDate": "2018/11/14 09:59:9.807297 GMT-4",
    "contributors": [],
    "_content_type_text": "text/html",
    "text": "<h1>Sequitur disserendi ratio cognitioque naturae;</h1>\n\n<p>Lorem ipsum dolor sit amet, consectetur adipiscing elit. <a href='http://loripsum.net/' target='_blank'>An tu me de L.</a> Hic nihil fuit, quod quaereremus. Neutrum vero, inquit ille. </p>\n\n<dl>\n\t<dt><dfn>Reguli reiciendam;</dfn></dt>\n\t<dd>Nam illud quidem adduci vix possum, ut ea, quae senserit ille, tibi non vera videantur.</dd>\n\t<dt><dfn>Easdemne res?</dfn></dt>\n\t<dd>Quicquid enim a sapientia proficiscitur, id continuo debet expletum esse omnibus suis partibus;</dd>\n\t<dt><dfn>Sullae consulatum?</dfn></dt>\n\t<dd>Cum audissem Antiochum, Brute, ut solebam, cum M.</dd>\n</dl>\n\n\n<h2>Quid turpius quam sapientis vitam ex insipientium sermone pendere?</h2>\n\n<p>Videsne quam sit magna dissensio? <a href='http://loripsum.net/' target='_blank'>At, si voluptas esset bonum, desideraret.</a> </p>\n\n<ul>\n\t<li>At eum nihili facit;</li>\n\t<li>Huic ego, si negaret quicquam interesse ad beate vivendum quali uteretur victu, concederem, laudarem etiam;</li>\n</ul>\n\n\n<p>Invidiosum nomen est, infame, suspectum. Ita graviter et severe voluptatem secrevit a bono. Duo Reges: constructio interrete. <a href='http://loripsum.net/' target='_blank'>Itaque ad tempus ad Pisonem omnes.</a> </p>\n\n<ol>\n\t<li>Sed haec omittamus;</li>\n\t<li>Quid turpius quam sapientis vitam ex insipientium sermone pendere?</li>\n\t<li>Nam Pyrrho, Aristo, Erillus iam diu abiecti.</li>\n</ol>\n\n\n<pre>\nQuid dubitas igitur, inquam, summo bono a te ita constituto,\nut id totum in non dolendo sit, id tenere unum, id tueri, id\ndefendere?\n\nMihi vero, inquit, placet agi subtilius et, ut ipse dixisti,\npressius.\n</pre>\n\n\n",
    "eventUrl": "http://en.wikipedia.com/wiki/Lorem_ipsum",
    "creation_date": "2018/10/26 13:50:5.912078 GMT-4",
    "contactEmail": "loremipsum@mail.com",
    "_uid": "c6f187d022be47558bb9b6864a2850ac",
    "expirationDate": "None",
    "contactName": "Neque morbi tempus condimentum donec fringilla.",
    "_content_type_id": "text/plain",
    "contactPhone": "Curae lorem duis est iaculis id amet quam enim sodales gravida nisi diam porta torquent et.",
    "id": "dolor-magna.",
    "subject": [],
    "attendees": [],
    "effectiveDate": "2018/10/26 13:51:43.462133 GMT-4",
    "title": "Dolor magna.",
    "_content_type_contactPhone": "text/plain",
    "_content_type_eventUrl": "text/plain",
    "_content_type_language": "text/plain",
    "_defaultpage": "",
    "location": "Purus justo netus quis nascetur condimentum volutpat.",
    "_content_type_title": "text/plain",
    "excludeFromNav": true,
    "_content_type_contactName": "text/plain",
    "_type": "Event",
    "description": "Neque velit fames tempor at massa volutpat. Dolor porta ornare magnis sed torquent a sollicitudin orci blandit ve. Donec augue ullamcorper. Purus lorem per cras libero. Purus fusce gravida inceptos ac netus congue. Lacus risus lorem hac cras. Augue curae litora sollicitudin. Metus neque pretium ad. Morbi vitae. Class neque suspendisse sagittis fames erat dictumst bibendum risus habitasse scelerisque leo urna aliquam. Nulla etiam per nulla justo. Lacus netus penatibus quam tempus fusce parturient egestas urna at nibh ante adipiscing turpis elit. Nulla massa a turpis porta ve hac suspendisse.",
    "_atrefs": {},
    "_layout": "event_view",
    "_workflow_history": {
        "simple_publication_workflow": [
            {
                "action": null,
                "review_state": "private",
                "actor": "admin",
                "comments": "",
                "time": "2018/10/26 13:50:5.915511 GMT-4"
            },
            {
                "action": "publish",
                "review_state": "published",
                "actor": "admin",
                "comments": "",
                "time": "2018/10/26 13:51:43.474786 GMT-4"
            }
        ]
    },
    "_content_type_rights": "text/plain",
    "_directly_provided": [],
    "_classname": "ATEvent",
    "_userdefined_roles": [],
    "_content_type_contactEmail": "text/plain",
    "_content_type": "text/html",
    "_id": "dolor-magna.",
    "modification_date": "2018/10/26 13:51:43.462375 GMT-4",
    "language": "en",
    "rights": "Donec augue tempus suspendisse class semper nibh pretium litora ve. Risus lacus cubilia. Felis etiam varius. Justo lacus per primis ac nostra mattis massa commodo. Fusce proin. Proin vitae lacus dolor magnis ac morbi. Velit fusce taciti. Magna fames. Etiam risus augue tellus convallis vivamus. Etiam felis quisque. Purus nulla neque eleifend vestibulum. Fames velit nam. Etiam morbi. Fusce vitae risus sit nisl. Morbi curae scelerisque ve aenean maecenas dignissim magna nibh elit et elit. Lorem dolor a sodales ad eu arcu enim proin. Morbi dolor lectus class blandit volutpat mi luctus accumsan fusce ad convallis. Magna felis dictumst eget eleifend. Velit risus primis turpis in leo quam. Vitae class diam euismod porta quam placerat magna consequat. Justo lacus.",
    "_atbrefs": {},
    "_content_type_description": "text/plain",
    "_owner": "admin",
    "_content_type_location": "text/plain",
    "_permissions": {
        "Modify portal content": {
            "acquire": false,
            "roles": [
                "Editor",
                "Manager",
                "Owner",
                "Site Administrator"
            ]
        },
        "Access contents information": {
            "acquire": false,
            "roles": [
                "Anonymous"
            ]
        },
        "View": {
            "acquire": false,
            "roles": [
                "Anonymous"
            ]
        }
    },
    "_properties": [
        [
            "title",
            "Dolor magna.",
            "string"
        ]
    ],
    "allowDiscussion": false,
    "_gopip": 109,
    "creators": [
        "admin"
    ],
    "_ac_local_roles": {
        "admin": [
            "Owner"
        ]
    },
    "_path": "/Plone/events/dolor-magna."
}