{
    "startDate": "2018/10/22 23:16:39.824422 GMT-4",
    "endDate": "2018/10/23 06:46:2.188111 GMT-4",
    "contributors": [],
    "_content_type_text": "text/html",
    "text": "<h1>Mihi, inquam, qui te id ipsum rogavi?</h1>\n\n<p>Lorem ipsum dolor sit amet, consectetur adipiscing elit. Si longus, levis dictata sunt. Scrupulum, inquam, abeunti; <a href='http://loripsum.net/' target='_blank'>Quantum Aristoxeni ingenium consumptum videmus in musicis?</a> Duo Reges: constructio interrete. </p>\n\n<ol>\n\t<li>Scio enim esse quosdam, qui quavis lingua philosophari possint;</li>\n\t<li>Cum autem venissemus in Academiae non sine causa nobilitata spatia, solitudo erat ea, quam volueramus.</li>\n\t<li>Nam, ut paulo ante docui, augendae voluptatis finis est doloris omnis amotio.</li>\n</ol>\n\n\n<ul>\n\t<li>Sic enim censent, oportunitatis esse beate vivere.</li>\n\t<li>Voluptatem cum summum bonum diceret, primum in eo ipso parum vidit, deinde hoc quoque alienum;</li>\n\t<li>Praeterea et appetendi et refugiendi et omnino rerum gerendarum initia proficiscuntur aut a voluptate aut a dolore.</li>\n\t<li>Est, ut dicis, inquam.</li>\n</ul>\n\n\n<h3>Quia nec honesto quic quam honestius nec turpi turpius.</h3>\n\n<p>Sint modo partes vitae beatae. Illa videamus, quae a te de amicitia dicta sunt. Qui non moveatur et offensione turpitudinis et comprobatione honestatis? Uterque enim summo bono fruitur, id est voluptate. At, si voluptas esset bonum, desideraret. Non potes, nisi retexueris illa. </p>\n\n<h2>Quaero igitur, quo modo hae tantae commendationes a natura profectae subito a sapientia relictae sint.</h2>\n\n<p>Summus dolor plures dies manere non potest? Summae mihi videtur inscitiae. <a href='http://loripsum.net/' target='_blank'>Inde igitur, inquit, ordiendum est.</a> Ut pulsi recurrant? </p>\n\n<dl>\n\t<dt><dfn>Quid adiuvas?</dfn></dt>\n\t<dd>Stoici autem, quod finem bonorum in una virtute ponunt, similes sunt illorum;</dd>\n\t<dt><dfn>Quid adiuvas?</dfn></dt>\n\t<dd>Si enim non fuit eorum iudicii, nihilo magis hoc non addito illud est iudicatum-.</dd>\n</dl>\n\n\n<pre>\nUt enim qui mortem in malis ponit non potest eam non timere,\nsic nemo ulla in re potest id, quod malum esse decreverit,\nnon curare idque contemnere.\n\nAt iam decimum annum in spelunca iacet.\n</pre>\n\n\n",
    "eventUrl": "http://en.wikipedia.com/wiki/Lorem_ipsum",
    "creation_date": "2018/10/26 13:50:6.271884 GMT-4",
    "contactEmail": "loremipsum@mail.com",
    "_uid": "d2be190ed1e24de8954304416fe71359",
    "expirationDate": "None",
    "contactName": "Fames augue mollis nam eni pellentesque mi neque ac diam pede.",
    "_content_type_id": "text/plain",
    "contactPhone": "Purus magna habitant purus.",
    "id": "proin-class.",
    "subject": [],
    "attendees": [],
    "effectiveDate": "2018/10/26 13:51:43.488097 GMT-4",
    "title": "Proin class.",
    "_content_type_contactPhone": "text/plain",
    "_content_type_eventUrl": "text/plain",
    "_content_type_language": "text/plain",
    "_defaultpage": "",
    "location": "Dolor massa neque.",
    "_content_type_title": "text/plain",
    "excludeFromNav": true,
    "_content_type_contactName": "text/plain",
    "_type": "Event",
    "description": "Justo nulla lectus ad. Neque purus sit eleifend a consectetuer pede fusce tempus hac. Fusce class dui convallis mollis. Nulla risus urna mollis ve felis nibh varius nascetur eu massa nascetur. Dolor class gravida sociosqu class leo eleifend a pellentesque elit metus elementum. Magna metus tempus mus dapibus a turpis curae. Proin donec nam curae massa netus non. Justo nulla a cras netus fermentum. Purus lorem. Ipsum neque. Curae massa natoque sodales magnis. Justo donec.",
    "_atrefs": {},
    "_layout": "event_view",
    "_workflow_history": {
        "simple_publication_workflow": [
            {
                "action": null,
                "review_state": "private",
                "actor": "admin",
                "comments": "",
                "time": "2018/10/26 13:50:6.275471 GMT-4"
            },
            {
                "action": "publish",
                "review_state": "published",
                "actor": "admin",
                "comments": "",
                "time": "2018/10/26 13:51:43.500346 GMT-4"
            }
        ]
    },
    "_content_type_rights": "text/plain",
    "_directly_provided": [],
    "_classname": "ATEvent",
    "_userdefined_roles": [],
    "_content_type_contactEmail": "text/plain",
    "_content_type": "text/html",
    "_id": "proin-class.",
    "modification_date": "2018/10/26 13:51:43.488380 GMT-4",
    "language": "en",
    "rights": "Risus donec. Proin velit justo platea parturient sagittis rhoncus curae nisi. Fusce metus leo eget ante amet venenatis tempor. Proin massa urna posuere dui viverra. Lacus class tempus pharetra. Velit class semper etiam hymenaeos adipiscing. Donec dolor leo nunc nisi quam. Purus ipsum lacinia dictum turpis cubilia nisi ut porta in vitae platea elementum. Lorem augue dictum vestibulum class conubia natoque dignissim nunc ante. Etiam justo. Augue massa. Lacus curae dis odio vestibulum semper leo sapien aptent facilisis sed metus nam. Lorem velit. Etiam morbi magna. Vitae porta leo adipiscing proin enim pulvinar nonummy justo leo. Morbi ipsum a pretium. Purus dolor nostra eu class mi lacus phasellus habitant netus felis dictum. Justo lorem quis ac curae nec velit eni class enim.",
    "_atbrefs": {},
    "_content_type_description": "text/plain",
    "_owner": "admin",
    "_content_type_location": "text/plain",
    "_permissions": {
        "Modify portal content": {
            "acquire": false,
            "roles": [
                "Editor",
                "Manager",
                "Owner",
                "Site Administrator"
            ]
        },
        "Access contents information": {
            "acquire": false,
            "roles": [
                "Anonymous"
            ]
        },
        "View": {
            "acquire": false,
            "roles": [
                "Anonymous"
            ]
        }
    },
    "_properties": [
        [
            "title",
            "Proin class.",
            "string"
        ]
    ],
    "allowDiscussion": false,
    "_gopip": 110,
    "creators": [
        "admin"
    ],
    "_ac_local_roles": {
        "admin": [
            "Owner"
        ]
    },
    "_path": "/Plone/events/proin-class."
}