{
    "startDate": "2018/10/16 09:44:22.163013 GMT-4",
    "endDate": "2018/10/17 17:12:52.797272 GMT-4",
    "contributors": [],
    "_content_type_text": "text/html",
    "text": "<h1>Ita multa dicunt, quae vix intellegam.</h1>\n\n<p>Lorem ipsum dolor sit amet, consectetur adipiscing elit. Duo Reges: constructio interrete. Hunc vos beatum; Odium autem et invidiam facile vitabis. <a href='http://loripsum.net/' target='_blank'>Negat esse eam, inquit, propter se expetendam.</a> <a href='http://loripsum.net/' target='_blank'>Nos paucis ad haec additis finem faciamus aliquando;</a> </p>\n\n<dl>\n\t<dt><dfn>Itaque fecimus.</dfn></dt>\n\t<dd>In quo etsi est magnus, tamen nova pleraque et perpauca de moribus.</dd>\n\t<dt><dfn>Proclivi currit oratio.</dfn></dt>\n\t<dd>Hic Speusippus, hic Xenocrates, hic eius auditor Polemo, cuius illa ipsa sessio fuit, quam videmus.</dd>\n\t<dt><dfn>Moriatur, inquit.</dfn></dt>\n\t<dd>Quamquam tu hanc copiosiorem etiam soles dicere.</dd>\n\t<dt><dfn>Quonam modo?</dfn></dt>\n\t<dd>An eum locum libenter invisit, ubi Demosthenes et Aeschines inter se decertare soliti sunt?</dd>\n\t<dt><dfn>Sint ista Graecorum;</dfn></dt>\n\t<dd>Sed quanta sit alias, nunc tantum possitne esse tanta.</dd>\n\t<dt><dfn>Stoicos roga.</dfn></dt>\n\t<dd>Si alia sentit, inquam, alia loquitur, numquam intellegam quid sentiat;</dd>\n</dl>\n\n\n<ul>\n\t<li>Quaero igitur, quo modo hae tantae commendationes a natura profectae subito a sapientia relictae sint.</li>\n\t<li>Nam his libris eum malo quam reliquo ornatu villae delectari.</li>\n\t<li>Nonne odio multos dignos putamus, qui quodam motu aut statu videntur naturae legem et modum contempsisse?</li>\n\t<li>Et harum quidem rerum facilis est et expedita distinctio.</li>\n\t<li>Paulum, cum regem Persem captum adduceret, eodem flumine invectio?</li>\n\t<li>At miser, si in flagitiosa et vitiosa vita afflueret voluptatibus.</li>\n</ul>\n\n\n<p>An vero, inquit, quisquam potest probare, quod perceptfum, quod. Omnia contraria, quos etiam insanos esse vultis. Et nemo nimium beatus est; Id enim natura desiderat. </p>\n\n<pre>\nAtque adhuc ea dixi, causa cur Zenoni non fuisset, quam ob\nrem a superiorum auctoritate discederet.\n\nSi enim ad populum me vocas, eum.\n</pre>\n\n\n<ol>\n\t<li>Sed quid attinet de rebus tam apertis plura requirere?</li>\n\t<li>Tum Triarius: Posthac quidem, inquit, audacius.</li>\n\t<li>Commoda autem et incommoda in eo genere sunt, quae praeposita et reiecta diximus;</li>\n</ol>\n\n\n<p>Sed nunc, quod agimus; Illa tamen simplicia, vestra versuta. Negat enim summo bono afferre incrementum diem. Avaritiamne minuis? <code>Tu vero, inquam, ducas licet, si sequetur;</code> Nulla erit controversia. </p>\n\n",
    "eventUrl": "http://en.wikipedia.com/wiki/Lorem_ipsum",
    "creation_date": "2018/10/26 13:50:7.701621 GMT-4",
    "contactEmail": "loremipsum@mail.com",
    "_uid": "6866e76106a74cf0bf4f66053ee1c32a",
    "expirationDate": "None",
    "contactName": "Ipsum netus sem aenean sociis porta adipiscing torquent.",
    "_content_type_id": "text/plain",
    "contactPhone": "Dolor magna interdum vestibulum dapibus pede parturient.",
    "id": "felis-nulla-sociis-vulputate-velit-a-laoreet-in-gravida-et.",
    "subject": [],
    "attendees": [],
    "effectiveDate": "2018/10/26 13:51:43.591899 GMT-4",
    "title": "Felis nulla sociis vulputate velit a laoreet in gravida et.",
    "_content_type_contactPhone": "text/plain",
    "_content_type_eventUrl": "text/plain",
    "_content_type_language": "text/plain",
    "_defaultpage": "",
    "location": "Class vitae rutrum lectus inceptos purus mi phasellus et platea curae.",
    "_content_type_title": "text/plain",
    "excludeFromNav": false,
    "_content_type_contactName": "text/plain",
    "_type": "Event",
    "description": "Felis vitae sapien morbi adipiscing volutpat justo ut ligula nascetur ridiculus. Neque risus quisque montes non adipiscing parturient ad primis ultrices vestibulum fermentum lacus magna ipsum quam semper ultricies eleifend. Risus metus cum ipsum quam porttitor sociis hac gravida. Netus class suspendisse est montes erat suspendisse. Massa felis consequat. Class proin. Morbi lorem sociosqu nulla id rutrum porttitor dapibus. Fames class metus duis augue. Donec netus a dapibus varius ante eu ipsum montes. Lacus dolor. Lacus vitae. Morbi donec. Felis ipsum hac ultricies per blandit amet lorem suspendisse facilisi duis sed bibendum. Velit netus.",
    "_atrefs": {},
    "_layout": "event_view",
    "_workflow_history": {
        "simple_publication_workflow": [
            {
                "action": null,
                "review_state": "private",
                "actor": "admin",
                "comments": "",
                "time": "2018/10/26 13:50:7.704871 GMT-4"
            },
            {
                "action": "publish",
                "review_state": "published",
                "actor": "admin",
                "comments": "",
                "time": "2018/10/26 13:51:43.606861 GMT-4"
            }
        ]
    },
    "_content_type_rights": "text/plain",
    "_directly_provided": [],
    "_classname": "ATEvent",
    "_userdefined_roles": [],
    "_content_type_contactEmail": "text/plain",
    "_content_type": "text/html",
    "_id": "felis-nulla-sociis-vulputate-velit-a-laoreet-in-gravida-et.",
    "modification_date": "2018/10/26 13:51:43.592188 GMT-4",
    "language": "en",
    "rights": "Justo fames a. Magna class curae etiam montes ipsum donec dis. Lorem netus class sit. Fusce proin mattis massa nullam non adipiscing. Donec massa. Morbi etiam. Vitae class nostra ullamcorper netus vulputate per vivamus urna eu suscipit hac nisi. Fusce morbi turpis cras mi magna id lorem eleifend morbi a orci in odio lacus. Felis morbi. Ipsum risus a sapien. Vitae magna suscipit arcu elementum in fermentum adipiscing duis.",
    "_atbrefs": {},
    "_content_type_description": "text/plain",
    "_owner": "admin",
    "_content_type_location": "text/plain",
    "_permissions": {
        "Modify portal content": {
            "acquire": false,
            "roles": [
                "Editor",
                "Manager",
                "Owner",
                "Site Administrator"
            ]
        },
        "Access contents information": {
            "acquire": false,
            "roles": [
                "Anonymous"
            ]
        },
        "View": {
            "acquire": false,
            "roles": [
                "Anonymous"
            ]
        }
    },
    "_properties": [
        [
            "title",
            "Felis nulla sociis vulputate velit a laoreet in gravida et.",
            "string"
        ]
    ],
    "allowDiscussion": false,
    "_gopip": 114,
    "creators": [
        "admin"
    ],
    "_ac_local_roles": {
        "admin": [
            "Owner"
        ]
    },
    "_path": "/Plone/events/felis-nulla-sociis-vulputate-velit-a-laoreet-in-gravida-et."
}