{
    "startDate": "2018/10/17 15:22:50.461965 GMT-4",
    "endDate": "2018/10/20 02:34:36.816395 GMT-4",
    "contributors": [],
    "_content_type_text": "text/html",
    "text": "<h1>Eiuro, inquit adridens, iniquum, hac quidem de re;</h1>\n\n<p>Lorem ipsum dolor sit amet, consectetur adipiscing elit. Tria genera bonorum; Primum Theophrasti, Strato, physicum se voluit; Non potes, nisi retexueris illa. Graece donan, Latine voluptatem vocant. </p>\n\n<dl>\n\t<dt><dfn>Quid Zeno?</dfn></dt>\n\t<dd>An me, inquam, nisi te audire vellem, censes haec dicturum fuisse?</dd>\n\t<dt><dfn>Explanetur igitur.</dfn></dt>\n\t<dd>Post enim Chrysippum eum non sane est disputatum.</dd>\n</dl>\n\n\n<ul>\n\t<li>Somnum denique nobis, nisi requietem corporibus et is medicinam quandam laboris afferret, contra naturam putaremus datum;</li>\n\t<li>Hoc foedus facere si potuerunt, faciant etiam illud, ut aequitatem, modestiam, virtutes omnes per se ipsas gratis diligant.</li>\n\t<li>Quodsi ipsam honestatem undique pertectam atque absolutam.</li>\n\t<li>Nescio quo modo praetervolavit oratio.</li>\n</ul>\n\n\n<pre>\nNec enim ignoras his istud honestum non summum modo, sed\netiam, ut tu vis, solum bonum videri.\n\nNon enim in selectione virtus ponenda erat, ut id ipsum,\nquod erat bonorum ultimum, aliud aliquid adquireret.\n</pre>\n\n\n<p>Duo Reges: constructio interrete. Murenam te accusante defenderem. Ratio quidem vestra sic cogit. </p>\n\n<p>Tibi hoc incredibile, quod beatissimum. Tibi hoc incredibile, quod beatissimum. Igitur ne dolorem quidem. Qua tu etiam inprudens utebare non numquam. <code>An hoc usque quaque, aliter in vita?</code> Immo alio genere; </p>\n\n<ol>\n\t<li>Sed audiamus ipsum: Compensabatur, inquit, tamen cum his omnibus animi laetitia, quam capiebam memoria rationum inventorumque nostrorum.</li>\n\t<li>An potest cupiditas finiri?</li>\n\t<li>Qui enim voluptatem ipsam contemnunt, iis licet dicere se acupenserem maenae non anteponere.</li>\n\t<li>Nam ante Aristippus, et ille melius.</li>\n\t<li>Quod non faceret, si in voluptate summum bonum poneret.</li>\n</ol>\n\n\n",
    "eventUrl": "http://en.wikipedia.com/wiki/Lorem_ipsum",
    "creation_date": "2018/10/26 13:50:8.067540 GMT-4",
    "contactEmail": "loremipsum@mail.com",
    "_uid": "ba911afa1f8742bba2b10ce424adec32",
    "expirationDate": "None",
    "contactName": "Metus lacus.",
    "_content_type_id": "text/plain",
    "contactPhone": "Risus porta pharetra curae tempus aenean.",
    "id": "lorem-purus-tortor.",
    "subject": [],
    "attendees": [],
    "effectiveDate": "2018/10/26 13:51:43.619162 GMT-4",
    "title": "Lorem purus tortor.",
    "_content_type_contactPhone": "text/plain",
    "_content_type_eventUrl": "text/plain",
    "_content_type_language": "text/plain",
    "_defaultpage": "",
    "location": "Netus fames nisi natoque cursus cras ut pellentesque gravida.",
    "_content_type_title": "text/plain",
    "excludeFromNav": true,
    "_content_type_contactName": "text/plain",
    "_type": "Event",
    "description": "Curae porta sociis fringilla eu ve nulla mi magna sapien pellentesque. Vitae neque tristique ultrices varius tortor euismod rhoncus. Class magna ligula vulputate in felis at. Porta nulla fames. Purus risus. Felis justo pulvinar parturient. Lorem justo donec aenean sit sodales in leo imperdiet taciti molestie. Ipsum neque auctor enim scelerisque eni. Porta lorem. Purus augue. Risus curae accumsan massa lorem mus quis dis pede quam aptent ac. Massa magna integer.",
    "_atrefs": {},
    "_layout": "event_view",
    "_workflow_history": {
        "simple_publication_workflow": [
            {
                "action": null,
                "review_state": "private",
                "actor": "admin",
                "comments": "",
                "time": "2018/10/26 13:50:8.071431 GMT-4"
            },
            {
                "action": "publish",
                "review_state": "published",
                "actor": "admin",
                "comments": "",
                "time": "2018/10/26 13:51:43.630570 GMT-4"
            }
        ]
    },
    "_content_type_rights": "text/plain",
    "_directly_provided": [],
    "_classname": "ATEvent",
    "_userdefined_roles": [],
    "_content_type_contactEmail": "text/plain",
    "_content_type": "text/html",
    "_id": "lorem-purus-tortor.",
    "modification_date": "2018/10/26 13:51:43.619416 GMT-4",
    "language": "en",
    "rights": "Morbi lacus ligula consectetuer posuere. Neque augue dolor. Felis justo. Justo nulla congue luctus metus feugiat tellus et. Porta neque a pretium id purus ornare sagittis nonummy posuere ridiculus varius. Netus felis cum. Class vitae netus vitae sed cubilia arcu etiam ut porta at etiam et. Class metus varius ac suscipit nonummy sociis. Magna metus risus proin pulvinar eget taciti vel dis. Curae etiam varius hac vestibulum mi magnis urna in purus. Justo dolor aptent justo ultricies vehicula luctus eros nisl parturient. Metus curae sociis ultrices dictum litora proin.",
    "_atbrefs": {},
    "_content_type_description": "text/plain",
    "_owner": "admin",
    "_content_type_location": "text/plain",
    "_permissions": {
        "Modify portal content": {
            "acquire": false,
            "roles": [
                "Editor",
                "Manager",
                "Owner",
                "Site Administrator"
            ]
        },
        "Access contents information": {
            "acquire": false,
            "roles": [
                "Anonymous"
            ]
        },
        "View": {
            "acquire": false,
            "roles": [
                "Anonymous"
            ]
        }
    },
    "_properties": [
        [
            "title",
            "Lorem purus tortor.",
            "string"
        ]
    ],
    "allowDiscussion": false,
    "_gopip": 115,
    "creators": [
        "admin"
    ],
    "_ac_local_roles": {
        "admin": [
            "Owner"
        ]
    },
    "_path": "/Plone/events/lorem-purus-tortor."
}