{
    "startDate": "2018/10/14 07:53:16.355950 GMT-4",
    "endDate": "2018/10/14 13:46:8.534666 GMT-4",
    "contributors": [],
    "_content_type_text": "text/html",
    "text": "<h1>Me igitur ipsum ames oportet, non mea, si veri amici futuri sumus.</h1>\n\n<p>Lorem ipsum dolor sit amet, consectetur adipiscing elit. Nunc haec primum fortasse audientis servire debemus. Sed haec omittamus; Quodsi ipsam honestatem undique pertectam atque absolutam. Istam voluptatem, inquit, Epicurus ignorat? Duo Reges: constructio interrete. Nihil enim hoc differt. Itaque hic ipse iam pridem est reiectus; </p>\n\n<p><code>Quippe: habes enim a rhetoribus;</code> Huius, Lyco, oratione locuples, rebus ipsis ielunior. <code>Scisse enim te quis coarguere possit?</code> Illa tamen simplicia, vestra versuta. Recte, inquit, intellegis. Quamquam te quidem video minime esse deterritum. Non est igitur voluptas bonum. Haec igitur Epicuri non probo, inquam. </p>\n\n<ul>\n\t<li>Hoc est vim afferre, Torquate, sensibus, extorquere ex animis cognitiones verborum, quibus inbuti sumus.</li>\n\t<li>Sed quid attinet de rebus tam apertis plura requirere?</li>\n\t<li>Quae autem natura suae primae institutionis oblita est?</li>\n</ul>\n\n\n<pre>\nQuem quidem vos, cum improbis poenam proponitis, inpetibilem\nfacitis, cum sapientem semper boni plus habere vultis,\ntolerabilem.\n\nSed et illum, quem nominavi, et ceteros sophistas, ut e\nPlatone intellegi potest, lusos videmus a Socrate.\n</pre>\n\n\n<dl>\n\t<dt><dfn>Efficiens dici potest.</dfn></dt>\n\t<dd>Aliter enim explicari, quod quaeritur, non potest.</dd>\n\t<dt><dfn>Erat enim Polemonis.</dfn></dt>\n\t<dd>Addo etiam illud, multa iam mihi dare signa puerum et pudoris et ingenii, sed aetatem vides.</dd>\n</dl>\n\n\n<p><a href='http://loripsum.net/' target='_blank'>Et quod est munus, quod opus sapientiae?</a> <a href='http://loripsum.net/' target='_blank'>Eaedem res maneant alio modo.</a> Quod cum dixissent, ille contra. Ita credo. Quod ea non occurrentia fingunt, vincunt Aristonem; Invidiosum nomen est, infame, suspectum. Quod cum dixissent, ille contra. </p>\n\n<ol>\n\t<li>Videsne quam sit magna dissensio?</li>\n\t<li>Numquam hoc ita defendit Epicurus neque Metrodorus aut quisquam eorum, qui aut saperet aliquid aut ista didicisset.</li>\n</ol>\n\n\n",
    "eventUrl": "http://en.wikipedia.com/wiki/Lorem_ipsum",
    "creation_date": "2018/10/26 13:50:9.253847 GMT-4",
    "contactEmail": "loremipsum@mail.com",
    "_uid": "0ac6d226f73d4079ac65248f1febe333",
    "expirationDate": "None",
    "contactName": "Fames nulla pede pulvinar.",
    "_content_type_id": "text/plain",
    "contactPhone": "Augue lorem netus fusce est quam amet at.",
    "id": "neque-velit-commodo-per-porttitor-eleifend-mattis-primis-hymenaeos-iaculis.",
    "subject": [],
    "attendees": [],
    "effectiveDate": "2018/10/26 13:51:43.694213 GMT-4",
    "title": "Neque velit commodo per porttitor eleifend mattis primis hymenaeos iaculis.",
    "_content_type_contactPhone": "text/plain",
    "_content_type_eventUrl": "text/plain",
    "_content_type_language": "text/plain",
    "_defaultpage": "",
    "location": "Augue justo ultrices vel arcu a.",
    "_content_type_title": "text/plain",
    "excludeFromNav": false,
    "_content_type_contactName": "text/plain",
    "_type": "Event",
    "description": "Morbi felis per cursus neque feugiat. Fusce purus porta nisi auctor adipiscing ipsum quisque cum adipiscing ve platea posuere eu id ornare. Porta fusce rhoncus ante. Class dolor aenean id nec scelerisque gravida sit adipiscing penatibus. Porta netus praesent adipiscing. Lorem augue litora ut pharetra sociis quam purus vulputate convallis. Ipsum proin sem maecenas. Donec justo class urna. Vitae risus. Neque purus est porttitor ultrices. Fames justo montes sollicitudin facilisis nullam quam suspendisse. Vitae curae sit. Ipsum dolor nunc. Etiam massa nunc per ipsum orci eros. Vitae proin auctor adipiscing donec laoreet tortor. Class magna quam sociis commodo sodales nisl class mi varius integer.",
    "_atrefs": {},
    "_layout": "event_view",
    "_workflow_history": {
        "simple_publication_workflow": [
            {
                "action": null,
                "review_state": "private",
                "actor": "admin",
                "comments": "",
                "time": "2018/10/26 13:50:9.257564 GMT-4"
            },
            {
                "action": "publish",
                "review_state": "published",
                "actor": "admin",
                "comments": "",
                "time": "2018/10/26 13:51:43.707518 GMT-4"
            }
        ]
    },
    "_content_type_rights": "text/plain",
    "_directly_provided": [],
    "_classname": "ATEvent",
    "_userdefined_roles": [],
    "_content_type_contactEmail": "text/plain",
    "_content_type": "text/html",
    "_id": "neque-velit-commodo-per-porttitor-eleifend-mattis-primis-hymenaeos-iaculis.",
    "modification_date": "2018/10/26 13:51:43.694462 GMT-4",
    "language": "en",
    "rights": "Risus lacus interdum ac vitae phasellus nunc dapibus mi. Metus donec. Augue neque eni duis eu quis at odio velit proin inceptos nec. Dolor lacus erat euismod at per. Purus ipsum. Neque metus mattis quam ad. Fames magna hac per conubia volutpat metus convallis torquent nullam ultrices eni orci varius. Dolor class erat lobortis. Ipsum magna magnis sociis elementum natoque sapien eni. Purus ipsum habitasse parturient. Morbi felis mus proin lorem suspendisse enim amet curae condimentum suscipit vulputate duis. Massa fusce leo nisi mi. Morbi dolor quam. Class etiam faucibus fames ac nunc eleifend massa nec.",
    "_atbrefs": {},
    "_content_type_description": "text/plain",
    "_owner": "admin",
    "_content_type_location": "text/plain",
    "_permissions": {
        "Modify portal content": {
            "acquire": false,
            "roles": [
                "Editor",
                "Manager",
                "Owner",
                "Site Administrator"
            ]
        },
        "Access contents information": {
            "acquire": false,
            "roles": [
                "Anonymous"
            ]
        },
        "View": {
            "acquire": false,
            "roles": [
                "Anonymous"
            ]
        }
    },
    "_properties": [
        [
            "title",
            "Neque velit commodo per porttitor eleifend mattis primis hymenaeos iaculis.",
            "string"
        ]
    ],
    "allowDiscussion": false,
    "_gopip": 118,
    "creators": [
        "admin"
    ],
    "_ac_local_roles": {
        "admin": [
            "Owner"
        ]
    },
    "_path": "/Plone/events/neque-velit-commodo-per-porttitor-eleifend-mattis-primis-hymenaeos-iaculis."
}