{
    "startDate": "2018/11/03 11:55:52.072922 GMT-4",
    "endDate": "2018/11/04 22:45:54.478763 GMT-4",
    "contributors": [],
    "_content_type_text": "text/html",
    "text": "<h1>Cum id fugiunt, re eadem defendunt, quae Peripatetici, verba.</h1>\n\n<p>Lorem ipsum dolor sit amet, consectetur adipiscing elit. Nonne igitur tibi videntur, inquit, mala? Duo Reges: constructio interrete. Sed in rebus apertissimis nimium longi sumus. Beatus sibi videtur esse moriens. </p>\n\n<pre>\nOctavio fuit, cum illam severitatem in eo filio adhibuit,\nquem in adoptionem D.\n\nHuic ego, si negaret quicquam interesse ad beate vivendum\nquali uteretur victu, concederem, laudarem etiam;\n</pre>\n\n\n<p>Audeo dicere, inquit. Pugnant Stoici cum Peripateticis. <a href='http://loripsum.net/' target='_blank'>An tu me de L.</a> </p>\n\n<h2>Quam nemo umquam voluptatem appellavit, appellat;</h2>\n\n<p>Maximus dolor, inquit, brevis est. Qui convenit? <a href='http://loripsum.net/' target='_blank'>Eam stabilem appellas.</a> Iam id ipsum absurdum, maximum malum neglegi. Eadem fortitudinis ratio reperietur. </p>\n\n<ul>\n\t<li>Ita multo sanguine profuso in laetitia et in victoria est mortuus.</li>\n\t<li>Aliena dixit in physicis nec ea ipsa, quae tibi probarentur;</li>\n\t<li>Itaque hic ipse iam pridem est reiectus;</li>\n\t<li>Et nunc quidem quod eam tuetur, ut de vite potissimum loquar, est id extrinsecus;</li>\n</ul>\n\n\n<ol>\n\t<li>Si verbum sequimur, primum longius verbum praepositum quam bonum.</li>\n\t<li>Qua igitur re ab deo vincitur, si aeternitate non vincitur?</li>\n\t<li>Quid enim de amicitia statueris utilitatis causa expetenda vides.</li>\n\t<li>Ergo adhuc, quantum equidem intellego, causa non videtur fuisse mutandi nominis.</li>\n\t<li>An dolor longissimus quisque miserrimus, voluptatem non optabiliorem diuturnitas facit?</li>\n\t<li>Vos autem cum perspicuis dubia debeatis illustrare, dubiis perspicua conamini tollere.</li>\n\t<li>Graece donan, Latine voluptatem vocant.</li>\n</ol>\n\n\n<dl>\n\t<dt><dfn>Nihil illinc huc pervenit.</dfn></dt>\n\t<dd>Non quaero, quid dicat, sed quid convenienter possit rationi et sententiae suae dicere.</dd>\n\t<dt><dfn>Quid Zeno?</dfn></dt>\n\t<dd>Nisi enim id faceret, cur Plato Aegyptum peragravit, ut a sacerdotibus barbaris numeros et caelestia acciperet?</dd>\n\t<dt><dfn>Perge porro;</dfn></dt>\n\t<dd>Cur tantas regiones barbarorum pedibus obiit, tot maria transmisit?</dd>\n\t<dt><dfn>Immo videri fortasse.</dfn></dt>\n\t<dd>Hoc est non modo cor non habere, sed ne palatum quidem.</dd>\n\t<dt><dfn>Istic sum, inquit.</dfn></dt>\n\t<dd>Nullis enim partitionibus, nullis definitionibus utuntur ipsique dicunt ea se modo probare, quibus natura tacita adsentiatur.</dd>\n</dl>\n\n\n",
    "eventUrl": "http://en.wikipedia.com/wiki/Lorem_ipsum",
    "creation_date": "2018/10/26 13:50:9.631248 GMT-4",
    "contactEmail": "loremipsum@mail.com",
    "_uid": "9f451fb27a4a449188ba4be1292e9437",
    "expirationDate": "None",
    "contactName": "Augue lacus taciti accumsan magna nam dolor phasellus.",
    "_content_type_id": "text/plain",
    "contactPhone": "Fames velit.",
    "id": "nulla-lacus-aptent.",
    "subject": [],
    "attendees": [],
    "effectiveDate": "2018/10/26 13:51:43.720039 GMT-4",
    "title": "Nulla lacus aptent.",
    "_content_type_contactPhone": "text/plain",
    "_content_type_eventUrl": "text/plain",
    "_content_type_language": "text/plain",
    "_defaultpage": "",
    "location": "Etiam nulla mattis at augue ve vitae sollicitudin penatibus tempor porta adipiscing.",
    "_content_type_title": "text/plain",
    "excludeFromNav": false,
    "_content_type_contactName": "text/plain",
    "_type": "Event",
    "description": "Magna lorem cum vitae tellus. Lorem lacus dis quam amet. Felis magna. Velit ipsum natoque nec sapien in aptent etiam senectus. Magna etiam pharetra parturient nostra quis turpis vivamus mauris nec rhoncus. Class porta posuere mollis mauris arcu suspendisse vivamus. Massa porta a cubilia mi semper. Risus morbi potenti nec aptent dictum convallis senectus id netus penatibus euismod. Justo neque nullam congue. Neque nulla. Risus neque posuere aptent vel vestibulum lorem conubia non. Lacus nulla nisl hymenaeos.",
    "_atrefs": {},
    "_layout": "event_view",
    "_workflow_history": {
        "simple_publication_workflow": [
            {
                "action": null,
                "review_state": "private",
                "actor": "admin",
                "comments": "",
                "time": "2018/10/26 13:50:9.634677 GMT-4"
            },
            {
                "action": "publish",
                "review_state": "published",
                "actor": "admin",
                "comments": "",
                "time": "2018/10/26 13:51:43.732806 GMT-4"
            }
        ]
    },
    "_content_type_rights": "text/plain",
    "_directly_provided": [],
    "_classname": "ATEvent",
    "_userdefined_roles": [],
    "_content_type_contactEmail": "text/plain",
    "_content_type": "text/html",
    "_id": "nulla-lacus-aptent.",
    "modification_date": "2018/10/26 13:51:43.720322 GMT-4",
    "language": "en",
    "rights": "Justo velit. Lorem vitae tempor consequat gravida aenean varius erat. Neque lacus integer felis ante at justo dignissim dolor habitasse. Class justo eni quis sem fringilla volutpat tempor turpis volutpat dui nonummy torquent mauris dictum. Massa neque molestie curabitur. Lorem justo ornare sapien gravida enim. Morbi massa dui magnis semper non ultrices consequat erat eget nibh. Magna ipsum neque nascetur adipiscing rhoncus per convallis mus fusce erat suscipit a consectetuer nibh iaculis. Neque fusce viverra turpis arcu orci. Class metus. Class lacus etiam sed duis vestibulum urna sociis tempor nibh ut pede fames dis risus.",
    "_atbrefs": {},
    "_content_type_description": "text/plain",
    "_owner": "admin",
    "_content_type_location": "text/plain",
    "_permissions": {
        "Modify portal content": {
            "acquire": false,
            "roles": [
                "Editor",
                "Manager",
                "Owner",
                "Site Administrator"
            ]
        },
        "Access contents information": {
            "acquire": false,
            "roles": [
                "Anonymous"
            ]
        },
        "View": {
            "acquire": false,
            "roles": [
                "Anonymous"
            ]
        }
    },
    "_properties": [
        [
            "title",
            "Nulla lacus aptent.",
            "string"
        ]
    ],
    "allowDiscussion": false,
    "_gopip": 119,
    "creators": [
        "admin"
    ],
    "_ac_local_roles": {
        "admin": [
            "Owner"
        ]
    },
    "_path": "/Plone/events/nulla-lacus-aptent."
}