{
    "startDate": "2018/11/14 00:46:13.928321 GMT-4",
    "endDate": "2018/11/15 06:53:51.711854 GMT-4",
    "contributors": [],
    "_content_type_text": "text/html",
    "text": "<h1>Sed vos squalidius, illorum vides quam niteat oratio.</h1>\n\n<p>Lorem ipsum dolor sit amet, consectetur adipiscing elit. Quis istud possit, inquit, negare? Restatis igitur vos; Confecta res esset. Eadem fortitudinis ratio reperietur. Dat enim intervalla et relaxat. </p>\n\n<dl>\n\t<dt><dfn>Proclivi currit oratio.</dfn></dt>\n\t<dd>Sed non alienum est, quo facilius vis verbi intellegatur, rationem huius verbi faciendi Zenonis exponere.</dd>\n\t<dt><dfn>Proclivi currit oratio.</dfn></dt>\n\t<dd>Sed haec in pueris;</dd>\n\t<dt><dfn>Quid iudicant sensus?</dfn></dt>\n\t<dd>Ut optime, secundum naturam affectum esse possit.</dd>\n\t<dt><dfn>Ille incendat?</dfn></dt>\n\t<dd>Mihi vero, inquit, placet agi subtilius et, ut ipse dixisti, pressius.</dd>\n\t<dt><dfn>Quid adiuvas?</dfn></dt>\n\t<dd>Quae cum dixissem, Habeo, inquit Torquatus, ad quos ista referam, et, quamquam aliquid ipse poteram, tamen invenire malo paratiores.</dd>\n</dl>\n\n\n<p>Sed residamus, inquit, si placet. Qui ita affectus, beatum esse numquam probabis; Hoc loco tenere se Triarius non potuit. Vestri haec verecundius, illi fortasse constantius. Quae cum dixisset paulumque institisset, Quid est? Quis non odit sordidos, vanos, leves, futtiles? </p>\n\n<ul>\n\t<li>Erat enim Polemonis.</li>\n\t<li>Nosti, credo, illud: Nemo pius est, qui pietatem-;</li>\n\t<li>An potest, inquit ille, quicquam esse suavius quam nihil dolere?</li>\n\t<li>An haec ab eo non dicuntur?</li>\n</ul>\n\n\n<p>Contemnit enim disserendi elegantiam, confuse loquitur. Est, ut dicis, inquit; Duo Reges: constructio interrete. Murenam te accusante defenderem. Comprehensum, quod cognitum non habet? Sed quot homines, tot sententiae; </p>\n\n<ol>\n\t<li>Teneamus enim illud necesse est, cum consequens aliquod falsum sit, illud, cuius id consequens sit, non posse esse verum.</li>\n\t<li>In voluptate corporis-addam, si vis, animi, dum ea ipsa, ut vultis, sit e corpore-situm est vivere beate.</li>\n\t<li>Et hercule-fatendum est enim, quod sentio -mirabilis est apud illos contextus rerum.</li>\n\t<li>Cum id quoque, ut cupiebat, audivisset, evelli iussit eam, qua erat transfixus, hastam.</li>\n</ol>\n\n\n<pre>\nSic exclusis sententiis reliquorum cum praeterea nulla esse\npossit, haec antiquorum valeat necesse est.\n\nQuem si tenueris, non modo meum Ciceronem, sed etiam me\nipsum abducas licebit.\n</pre>\n\n\n",
    "eventUrl": "http://en.wikipedia.com/wiki/Lorem_ipsum",
    "creation_date": "2018/10/26 13:50:9.990122 GMT-4",
    "contactEmail": "loremipsum@mail.com",
    "_uid": "09e92b7cca8849a2aa51f868093f43e7",
    "expirationDate": "None",
    "contactName": "Lacus netus integer ut.",
    "_content_type_id": "text/plain",
    "contactPhone": "Justo donec magnis penatibus mi rutrum nec orci sollicitudin vestibulum.",
    "id": "ipsum-netus.",
    "subject": [],
    "attendees": [],
    "effectiveDate": "2018/10/26 13:51:43.744930 GMT-4",
    "title": "Ipsum netus.",
    "_content_type_contactPhone": "text/plain",
    "_content_type_eventUrl": "text/plain",
    "_content_type_language": "text/plain",
    "_defaultpage": "",
    "location": "Massa porta sit nibh aliquet netus risus dui erat nisi.",
    "_content_type_title": "text/plain",
    "excludeFromNav": true,
    "_content_type_contactName": "text/plain",
    "_type": "Event",
    "description": "Risus justo eni amet leo diam fermentum eleifend ve morbi mauris. Purus velit semper tristique. Neque velit vitae tellus. Curae fusce nunc egestas ad enim class felis curae congue donec potenti mus habitasse eget duis dignissim. Morbi fames. Class morbi porttitor fermentum dolor risus conubia elit quam. Donec morbi diam semper vehicula tristique ac tempus egestas vivamus arcu ve risus. Vitae fames.",
    "_atrefs": {},
    "_layout": "event_view",
    "_workflow_history": {
        "simple_publication_workflow": [
            {
                "action": null,
                "review_state": "private",
                "actor": "admin",
                "comments": "",
                "time": "2018/10/26 13:50:9.993728 GMT-4"
            },
            {
                "action": "publish",
                "review_state": "published",
                "actor": "admin",
                "comments": "",
                "time": "2018/10/26 13:51:43.757750 GMT-4"
            }
        ]
    },
    "_content_type_rights": "text/plain",
    "_directly_provided": [],
    "_classname": "ATEvent",
    "_userdefined_roles": [],
    "_content_type_contactEmail": "text/plain",
    "_content_type": "text/html",
    "_id": "ipsum-netus.",
    "modification_date": "2018/10/26 13:51:43.745208 GMT-4",
    "language": "en",
    "rights": "Metus lacus suscipit justo pellentesque praesent. Etiam augue etiam auctor parturient consectetuer euismod massa nec fringilla. Dolor magna nunc tincidunt mi tristique parturient mus metus. Magna fames. Lorem risus bibendum. Magna velit cum nibh pellentesque ad egestas. Metus ipsum aptent vehicula scelerisque sed dictum blandit luctus augue nisl. Donec netus enim. Curae massa. Fusce purus ornare eget elementum phasellus parturient sed adipiscing parturient et. Morbi porta pede magna lorem nisl dictumst felis. Magna risus vivamus urna parturient non ipsum mus. Lacus purus. Fusce augue vitae aptent sollicitudin euismod netus hac proin. Curae felis. Curae etiam ipsum ullamcorper sem diam fermentum.",
    "_atbrefs": {},
    "_content_type_description": "text/plain",
    "_owner": "admin",
    "_content_type_location": "text/plain",
    "_permissions": {
        "Modify portal content": {
            "acquire": false,
            "roles": [
                "Editor",
                "Manager",
                "Owner",
                "Site Administrator"
            ]
        },
        "Access contents information": {
            "acquire": false,
            "roles": [
                "Anonymous"
            ]
        },
        "View": {
            "acquire": false,
            "roles": [
                "Anonymous"
            ]
        }
    },
    "_properties": [
        [
            "title",
            "Ipsum netus.",
            "string"
        ]
    ],
    "allowDiscussion": false,
    "_gopip": 120,
    "creators": [
        "admin"
    ],
    "_ac_local_roles": {
        "admin": [
            "Owner"
        ]
    },
    "_path": "/Plone/events/ipsum-netus."
}