{
    "startDate": "2018/10/08 07:05:38.295699 GMT-4",
    "endDate": "2018/10/09 10:36:22.966687 GMT-4",
    "contributors": [],
    "_content_type_text": "text/html",
    "text": "<h1>Quia nec honesto quic quam honestius nec turpi turpius.</h1>\n\n<p>Lorem ipsum dolor sit amet, consectetur adipiscing elit. Quam nemo umquam voluptatem appellavit, appellat; <a href='http://loripsum.net/' target='_blank'>Duo Reges: constructio interrete.</a> </p>\n\n<ul>\n\t<li>An eum locum libenter invisit, ubi Demosthenes et Aeschines inter se decertare soliti sunt?</li>\n\t<li>Est igitur officium eius generis, quod nec in bonis ponatur nec in contrariis.</li>\n\t<li>Te ipsum, dignissimum maioribus tuis, voluptasne induxit, ut adolescentulus eriperes P.</li>\n\t<li>Et quidem, Cato, hanc totam copiam iam Lucullo nostro notam esse oportebit;</li>\n\t<li>Inde sermone vario sex illa a Dipylo stadia confecimus.</li>\n\t<li>Et quidem illud ipsum non nimium probo et tantum patior, philosophum loqui de cupiditatibus finiendis.</li>\n</ul>\n\n\n<p>Praeteritis, inquit, gaudeo. Qui est in parvis malis. Omnia peccata paria dicitis. <a href='http://loripsum.net/' target='_blank'>Hunc vos beatum;</a> </p>\n\n<pre>\nHoc autem tempore, etsi multa in omni parte Athenarum sunt\nin ipsis locis indicia summorum virorum, tamen ego illa\nmoveor exhedra.\n\nEgo vero isti, inquam, permitto.\n</pre>\n\n\n<ol>\n\t<li>Sed ad illum redeo.</li>\n\t<li>Hic, qui utrumque probat, ambobus debuit uti, sicut facit re, neque tamen dividit verbis.</li>\n\t<li>Illa argumenta propria videamus, cur omnia sint paria peccata.</li>\n</ol>\n\n\n<dl>\n\t<dt><dfn>Tenent mordicus.</dfn></dt>\n\t<dd>Atqui iste locus est, Piso, tibi etiam atque etiam confirmandus, inquam;</dd>\n\t<dt><dfn>Optime, inquam.</dfn></dt>\n\t<dd>Aliena dixit in physicis nec ea ipsa, quae tibi probarentur;</dd>\n\t<dt><dfn>Quonam, inquit, modo?</dfn></dt>\n\t<dd>Hi autem ponunt illi quidem prima naturae, sed ea seiungunt a finibus et a summa bonorum;</dd>\n\t<dt><dfn>Beatum, inquit.</dfn></dt>\n\t<dd>Et nemo nimium beatus est;</dd>\n</dl>\n\n\n<p><a href='http://loripsum.net/' target='_blank'>Cur deinde Metrodori liberos commendas?</a> Illi enim inter se dissentiunt. Non risu potius quam oratione eiciendum? <a href='http://loripsum.net/' target='_blank'>Tecum optime, deinde etiam cum mediocri amico.</a> Videsne quam sit magna dissensio? <a href='http://loripsum.net/' target='_blank'>Respondeat totidem verbis.</a> Et quod est munus, quod opus sapientiae? </p>\n\n",
    "eventUrl": "http://en.wikipedia.com/wiki/Lorem_ipsum",
    "creation_date": "2018/10/26 13:50:10.342211 GMT-4",
    "contactEmail": "loremipsum@mail.com",
    "_uid": "0a4b08be352c4d3eaa5955397751838d",
    "expirationDate": "None",
    "contactName": "Porta netus posuere mi vulputate parturient aliquet urna mi ridiculus lacinia.",
    "_content_type_id": "text/plain",
    "contactPhone": "Class augue.",
    "id": "velit-netus-duis-a-netus-in-a-amet-justo-viverra.",
    "subject": [],
    "attendees": [],
    "effectiveDate": "2018/10/26 13:51:43.771707 GMT-4",
    "title": "Velit netus duis a netus in a amet justo viverra.",
    "_content_type_contactPhone": "text/plain",
    "_content_type_eventUrl": "text/plain",
    "_content_type_language": "text/plain",
    "_defaultpage": "",
    "location": "Augue lacus est odio curabitur auctor parturient ipsum quam.",
    "_content_type_title": "text/plain",
    "excludeFromNav": false,
    "_content_type_contactName": "text/plain",
    "_type": "Event",
    "description": "Purus etiam luctus cras sollicitudin habitant massa per nulla. Lorem donec semper eu odio scelerisque dui congue ultricies adipiscing vivamus arcu cum. Risus massa facilisi. Dolor vitae libero eu. Purus proin tempor id nulla tortor. Morbi augue donec odio aptent odio. Lorem fames a aptent cras. Neque vitae primis facilisi. Felis augue netus dis curae arcu conubia. Ipsum etiam. Ipsum vitae nostra felis nonummy ut ultricies lorem libero magnis. Massa dolor sem. Felis nulla.",
    "_atrefs": {},
    "_layout": "event_view",
    "_workflow_history": {
        "simple_publication_workflow": [
            {
                "action": null,
                "review_state": "private",
                "actor": "admin",
                "comments": "",
                "time": "2018/10/26 13:50:10.345709 GMT-4"
            },
            {
                "action": "publish",
                "review_state": "published",
                "actor": "admin",
                "comments": "",
                "time": "2018/10/26 13:51:43.784452 GMT-4"
            }
        ]
    },
    "_content_type_rights": "text/plain",
    "_directly_provided": [],
    "_classname": "ATEvent",
    "_userdefined_roles": [],
    "_content_type_contactEmail": "text/plain",
    "_content_type": "text/html",
    "_id": "velit-netus-duis-a-netus-in-a-amet-justo-viverra.",
    "modification_date": "2018/10/26 13:51:43.771984 GMT-4",
    "language": "en",
    "rights": "Augue lorem ullamcorper senectus hymenaeos eu nunc. Etiam justo semper in nisi. Fusce fames duis ut felis tristique sodales netus. Felis fames. Purus lorem vel nulla. Magna vitae duis id lacus arcu tristique ve hendrerit lorem velit curae diam. Velit ipsum erat turpis lacinia et pulvinar interdum turpis rhoncus ac ad sed. Proin netus suspendisse.",
    "_atbrefs": {},
    "_content_type_description": "text/plain",
    "_owner": "admin",
    "_content_type_location": "text/plain",
    "_permissions": {
        "Modify portal content": {
            "acquire": false,
            "roles": [
                "Editor",
                "Manager",
                "Owner",
                "Site Administrator"
            ]
        },
        "Access contents information": {
            "acquire": false,
            "roles": [
                "Anonymous"
            ]
        },
        "View": {
            "acquire": false,
            "roles": [
                "Anonymous"
            ]
        }
    },
    "_properties": [
        [
            "title",
            "Velit netus duis a netus in a amet justo viverra.",
            "string"
        ]
    ],
    "allowDiscussion": false,
    "_gopip": 121,
    "creators": [
        "admin"
    ],
    "_ac_local_roles": {
        "admin": [
            "Owner"
        ]
    },
    "_path": "/Plone/events/velit-netus-duis-a-netus-in-a-amet-justo-viverra."
}