{
    "startDate": "2018/10/17 09:56:20.715813 GMT-4",
    "endDate": "2018/10/18 20:59:44.113744 GMT-4",
    "contributors": [],
    "_content_type_text": "text/html",
    "text": "<h1>Haec quo modo conveniant, non sane intellego.</h1>\n\n<p>Lorem ipsum dolor sit amet, consectetur adipiscing elit. Sed ad bona praeterita redeamus. Itaque contra est, ac dicitis; <a href='http://loripsum.net/' target='_blank'>Qui ita affectus, beatum esse numquam probabis;</a> Qualem igitur hominem natura inchoavit? Certe non potest. <a href='http://loripsum.net/' target='_blank'>Ego vero isti, inquam, permitto.</a> Gloriosa ostentatio in constituendo summo bono. </p>\n\n<p><code>Duo Reges: constructio interrete.</code> <a href='http://loripsum.net/' target='_blank'>Ille enim occurrentia nescio quae comminiscebatur;</a> Quis est, qui non oderit libidinosam, protervam adolescentiam? Reguli reiciendam; Dempta enim aeternitate nihilo beatior Iuppiter quam Epicurus; Quippe: habes enim a rhetoribus; </p>\n\n<h2>Non est igitur voluptas bonum.</h2>\n\n<p><code>Si quae forte-possumus.</code> Fortemne possumus dicere eundem illum Torquatum? Id enim natura desiderat. Sed residamus, inquit, si placet. Occultum facinus esse potuerit, gaudebit; </p>\n\n<ol>\n\t<li>Sed quid sentiat, non videtis.</li>\n\t<li>Perturbationes autem nulla naturae vi commoventur, omniaque ea sunt opiniones ac iudicia levitatis.</li>\n\t<li>A quibus propter discendi cupiditatem videmus ultimas terras esse peragratas.</li>\n</ol>\n\n\n<dl>\n\t<dt><dfn>Immo alio genere;</dfn></dt>\n\t<dd>Quia nec honesto quic quam honestius nec turpi turpius.</dd>\n\t<dt><dfn>Etiam beatissimum?</dfn></dt>\n\t<dd>Illa videamus, quae a te de amicitia dicta sunt.</dd>\n\t<dt><dfn>Idem adhuc;</dfn></dt>\n\t<dd>Ipse Epicurus fortasse redderet, ut Sextus Peducaeus, Sex.</dd>\n\t<dt><dfn>Nos commodius agimus.</dfn></dt>\n\t<dd>Verum esto: verbum ipsum voluptatis non habet dignitatem, nec nos fortasse intellegimus.</dd>\n\t<dt><dfn>Tenent mordicus.</dfn></dt>\n\t<dd>Bestiarum vero nullum iudicium puto.</dd>\n\t<dt><dfn>Scrupulum, inquam, abeunti;</dfn></dt>\n\t<dd>At habetur! Et ego id scilicet nesciebam! Sed ut sit, etiamne post mortem coletur?</dd>\n</dl>\n\n\n<ul>\n\t<li>Si de re disceptari oportet, nulla mihi tecum, Cato, potest esse dissensio.</li>\n\t<li>At ille non pertimuit saneque fidenter: Istis quidem ipsis verbis, inquit;</li>\n\t<li>Quo modo autem optimum, si bonum praeterea nullum est?</li>\n\t<li>Si enim non fuit eorum iudicii, nihilo magis hoc non addito illud est iudicatum-.</li>\n\t<li>Sextilio Rufo, cum is rem ad amicos ita deferret, se esse heredem Q.</li>\n</ul>\n\n\n<pre>\nNec vero potest quisquam de bonis et malis vere iudicare\nnisi omni cognita ratione naturae et vitae etiam deorum, et\nutrum conveniat necne natura hominis cum universa.\n\nNullis enim partitionibus, nullis definitionibus utuntur\nipsique dicunt ea se modo probare, quibus natura tacita\nadsentiatur.\n</pre>\n\n\n",
    "eventUrl": "http://en.wikipedia.com/wiki/Lorem_ipsum",
    "creation_date": "2018/10/26 13:50:11.524933 GMT-4",
    "contactEmail": "loremipsum@mail.com",
    "_uid": "91580e94ad0444d9b3d76d620f37596e",
    "expirationDate": "None",
    "contactName": "Lorem porta a gravida tempus eni.",
    "_content_type_id": "text/plain",
    "contactPhone": "Massa dolor nunc est ipsum eni etiam purus ipsum semper ut amet.",
    "id": "augue-felis-lectus-metus-aliquet-sociosqu-lorem-orci-viverra-eros-conubia-felis-in-et.",
    "subject": [],
    "attendees": [],
    "effectiveDate": "2018/10/26 13:51:43.854159 GMT-4",
    "title": "Augue felis lectus metus aliquet sociosqu lorem orci viverra eros conubia felis in et.",
    "_content_type_contactPhone": "text/plain",
    "_content_type_eventUrl": "text/plain",
    "_content_type_language": "text/plain",
    "_defaultpage": "",
    "location": "Risus metus congue primis lacus.",
    "_content_type_title": "text/plain",
    "excludeFromNav": false,
    "_content_type_contactName": "text/plain",
    "_type": "Event",
    "description": "Felis neque ullamcorper sed sociis dignissim. Class justo massa potenti mus. Ipsum vitae nec erat ad libero bibendum fringilla. Etiam felis sed nunc maecenas. Fusce lorem cubilia facilisi iaculis accumsan congue litora vel eget. Class donec ornare ipsum praesent felis eu cras praesent mattis. Fames morbi eni amet per. Nulla lorem nibh pede non pellentesque metus odio. Justo proin sociosqu nunc semper nostra vel duis vitae. Dolor velit conubia arcu adipiscing. Neque donec. Dolor ipsum pulvinar nunc orci pede. Velit ipsum est vitae cubilia dui id amet lorem in. Neque nulla sagittis sed nonummy. Lorem metus nisl pede senectus hac proin aptent. Class lacus senectus.",
    "_atrefs": {},
    "_layout": "event_view",
    "_workflow_history": {
        "simple_publication_workflow": [
            {
                "action": null,
                "review_state": "private",
                "actor": "admin",
                "comments": "",
                "time": "2018/10/26 13:50:11.530621 GMT-4"
            },
            {
                "action": "publish",
                "review_state": "published",
                "actor": "admin",
                "comments": "",
                "time": "2018/10/26 13:51:43.868573 GMT-4"
            }
        ]
    },
    "_content_type_rights": "text/plain",
    "_directly_provided": [],
    "_classname": "ATEvent",
    "_userdefined_roles": [],
    "_content_type_contactEmail": "text/plain",
    "_content_type": "text/html",
    "_id": "augue-felis-lectus-metus-aliquet-sociosqu-lorem-orci-viverra-eros-conubia-felis-in-et.",
    "modification_date": "2018/10/26 13:51:43.854430 GMT-4",
    "language": "en",
    "rights": "Curae massa suspendisse ultrices posuere in eget vel cursus. Nulla lorem nulla. Fusce metus leo nunc ad hendrerit enim dapibus blandit nisi habitasse et. Velit ipsum sed sit eu primis eu proin urna mollis. Velit dolor. Lorem nulla dui egestas purus metus blandit. Felis netus accumsan velit erat sit iaculis mattis lorem id donec enim. Lorem proin nascetur in class varius habitasse maecenas justo per neque.",
    "_atbrefs": {},
    "_content_type_description": "text/plain",
    "_owner": "admin",
    "_content_type_location": "text/plain",
    "_permissions": {
        "Modify portal content": {
            "acquire": false,
            "roles": [
                "Editor",
                "Manager",
                "Owner",
                "Site Administrator"
            ]
        },
        "Access contents information": {
            "acquire": false,
            "roles": [
                "Anonymous"
            ]
        },
        "View": {
            "acquire": false,
            "roles": [
                "Anonymous"
            ]
        }
    },
    "_properties": [
        [
            "title",
            "Augue felis lectus metus aliquet sociosqu lorem orci viverra eros conubia felis in et.",
            "string"
        ]
    ],
    "allowDiscussion": false,
    "_gopip": 124,
    "creators": [
        "admin"
    ],
    "_ac_local_roles": {
        "admin": [
            "Owner"
        ]
    },
    "_path": "/Plone/events/augue-felis-lectus-metus-aliquet-sociosqu-lorem-orci-viverra-eros-conubia-felis-in-et."
}