{
    "startDate": "2018/11/08 02:56:15.435239 GMT-4",
    "endDate": "2018/11/09 07:10:59.549984 GMT-4",
    "contributors": [],
    "_content_type_text": "text/html",
    "text": "<h1>Qua ex cognitione facilior facta est investigatio rerum occultissimarum.</h1>\n\n<p>Lorem ipsum dolor sit amet, consectetur adipiscing elit. Et quidem, inquit, vehementer errat; Utrum igitur tibi litteram videor an totas paginas commovere? Eadem nunc mea adversum te oratio est. Erat enim Polemonis. Duo Reges: constructio interrete. Esse enim, nisi eris, non potes. Nam quid possumus facere melius? </p>\n\n<p><code>Erat enim Polemonis.</code> Immo alio genere; Nos paucis ad haec additis finem faciamus aliquando; Et ille ridens: Video, inquit, quid agas; Quo tandem modo? Quod ea non occurrentia fingunt, vincunt Aristonem; </p>\n\n<dl>\n\t<dt><dfn>Efficiens dici potest.</dfn></dt>\n\t<dd>Suo genere perveniant ad extremum;</dd>\n\t<dt><dfn>Stoicos roga.</dfn></dt>\n\t<dd>Theophrasti igitur, inquit, tibi liber ille placet de beata vita?</dd>\n\t<dt><dfn>Scaevolam M.</dfn></dt>\n\t<dd>Quod non subducta utilitatis ratione effici solet, sed ipsum a se oritur et sua sponte nascitur.</dd>\n</dl>\n\n\n<ol>\n\t<li>Expectoque quid ad id, quod quaerebam, respondeas.</li>\n\t<li>Multoque hoc melius nos veriusque quam Stoici.</li>\n\t<li>Tum Piso: Quoniam igitur aliquid omnes, quid Lucius noster?</li>\n\t<li>Quid enim me prohiberet Epicureum esse, si probarem, quae ille diceret?</li>\n</ol>\n\n\n<h2>Superiores tres erant, quae esse possent, quarum est una sola defensa, eaque vehementer.</h2>\n\n<p><a href='http://loripsum.net/' target='_blank'>Duo enim genera quae erant, fecit tria.</a> Vide, quantum, inquam, fallare, Torquate. Proclivi currit oratio. </p>\n\n<pre>\nIn homine autem summa omnis animi est et in animo rationis,\nex qua virtus est, quae rationis absolutio definitur, quam\netiam atque etiam explicandam putant.\n\nSunt enim prima elementa naturae, quibus auctis v\u00edrtutis\nquasi germen efficitur.\n</pre>\n\n\n<ul>\n\t<li>Curium putes loqui, interdum ita laudat, ut quid praeterea sit bonum neget se posse ne suspicari quidem.</li>\n\t<li>At enim hic etiam dolore.</li>\n\t<li>Venit enim mihi Platonis in mentem, quem accepimus primum hic disputare solitum;</li>\n\t<li>Etenim semper illud extra est, quod arte comprehenditur.</li>\n</ul>\n\n\n",
    "eventUrl": "http://en.wikipedia.com/wiki/Lorem_ipsum",
    "creation_date": "2018/10/26 13:50:11.921239 GMT-4",
    "contactEmail": "loremipsum@mail.com",
    "_uid": "82dec6fb8c704f3b891e0c1e70dcdeb4",
    "expirationDate": "None",
    "contactName": "Magna neque nam neque varius eu platea.",
    "_content_type_id": "text/plain",
    "contactPhone": "Dolor fusce eros nam varius elit tortor ultricies ipsum aenean netus parturient condimentum magnis.",
    "id": "lorem-magna-nisl-bibendum-ipsum-nisl-viverra.",
    "subject": [],
    "attendees": [],
    "effectiveDate": "2018/10/26 13:51:43.882538 GMT-4",
    "title": "Lorem magna nisl bibendum ipsum nisl viverra.",
    "_content_type_contactPhone": "text/plain",
    "_content_type_eventUrl": "text/plain",
    "_content_type_language": "text/plain",
    "_defaultpage": "",
    "location": "Porta felis cursus condimentum dolor sociis elementum accumsan auctor nulla adipiscing suspendisse primis id.",
    "_content_type_title": "text/plain",
    "excludeFromNav": true,
    "_content_type_contactName": "text/plain",
    "_type": "Event",
    "description": "Lorem massa imperdiet vitae nibh sociis vel semper. Curae velit. Morbi velit. Class donec interdum imperdiet donec vel sociis pulvinar. Porta vitae elit scelerisque cubilia pellentesque malesuada velit et. Fusce donec. Massa morbi lectus semper consequat at auctor torquent. Massa curae. Metus risus interdum lacus sociis ve montes pharetra semper parturient. Massa proin cras potenti arcu curae lectus nulla pretium ac congue. Magna neque nisi tincidunt tempus nulla natoque diam accumsan a. Curae justo eget odio massa lorem diam vivamus. Donec nulla est lorem sit duis.",
    "_atrefs": {},
    "_layout": "event_view",
    "_workflow_history": {
        "simple_publication_workflow": [
            {
                "action": null,
                "review_state": "private",
                "actor": "admin",
                "comments": "",
                "time": "2018/10/26 13:50:11.927947 GMT-4"
            },
            {
                "action": "publish",
                "review_state": "published",
                "actor": "admin",
                "comments": "",
                "time": "2018/10/26 13:51:43.895580 GMT-4"
            }
        ]
    },
    "_content_type_rights": "text/plain",
    "_directly_provided": [],
    "_classname": "ATEvent",
    "_userdefined_roles": [],
    "_content_type_contactEmail": "text/plain",
    "_content_type": "text/html",
    "_id": "lorem-magna-nisl-bibendum-ipsum-nisl-viverra.",
    "modification_date": "2018/10/26 13:51:43.882836 GMT-4",
    "language": "en",
    "rights": "Proin dolor non cras adipiscing vel. Vitae netus arcu non odio commodo et ut vulputate. Porta fames leo. Massa fames. Justo proin varius netus ullamcorper duis urna. Porta risus morbi curabitur. Ipsum proin rhoncus class eget. Fames etiam urna. Velit vitae a nisi in tincidunt velit ac fusce fringilla volutpat ultrices tempor sociis risus feugiat. Lorem felis non. Porta vitae class quam morbi et. Donec ipsum senectus et rutrum hac lacinia eget duis fusce aliquet dui vestibulum eu ornare natoque et mus.",
    "_atbrefs": {},
    "_content_type_description": "text/plain",
    "_owner": "admin",
    "_content_type_location": "text/plain",
    "_permissions": {
        "Modify portal content": {
            "acquire": false,
            "roles": [
                "Editor",
                "Manager",
                "Owner",
                "Site Administrator"
            ]
        },
        "Access contents information": {
            "acquire": false,
            "roles": [
                "Anonymous"
            ]
        },
        "View": {
            "acquire": false,
            "roles": [
                "Anonymous"
            ]
        }
    },
    "_properties": [
        [
            "title",
            "Lorem magna nisl bibendum ipsum nisl viverra.",
            "string"
        ]
    ],
    "allowDiscussion": false,
    "_gopip": 125,
    "creators": [
        "admin"
    ],
    "_ac_local_roles": {
        "admin": [
            "Owner"
        ]
    },
    "_path": "/Plone/events/lorem-magna-nisl-bibendum-ipsum-nisl-viverra."
}