{
    "startDate": "2018/10/11 08:58:14.065763 GMT-4",
    "endDate": "2018/10/13 22:18:58.427341 GMT-4",
    "contributors": [],
    "_content_type_text": "text/html",
    "text": "<h1>Non quam nostram quidem, inquit Pomponius iocans;</h1>\n\n<p>Lorem ipsum dolor sit amet, consectetur adipiscing elit. <a href='http://loripsum.net/' target='_blank'>Quare conare, quaeso.</a> Primum quid tu dicis breve? Duo Reges: constructio interrete. Respondent extrema primis, media utrisque, omnia omnibus. Restatis igitur vos; Sumenda potius quam expetenda. </p>\n\n<dl>\n\t<dt><dfn>Respondeat totidem verbis.</dfn></dt>\n\t<dd>Aliam vero vim voluptatis esse, aliam nihil dolendi, nisi valde pertinax fueris, concedas necesse est.</dd>\n\t<dt><dfn>Poterat autem inpune;</dfn></dt>\n\t<dd>Nihil opus est exemplis hoc facere longius.</dd>\n\t<dt><dfn>Negare non possum.</dfn></dt>\n\t<dd>Quamvis enim depravatae non sint, pravae tamen esse possunt.</dd>\n\t<dt><dfn>Sullae consulatum?</dfn></dt>\n\t<dd>Ut pulsi recurrant?</dd>\n</dl>\n\n\n<pre>\nQui autem diffidet perpetuitati bonorum suorum, timeat\nnecesse est, ne aliquando amissis illis sit miser.\n\nIlla enim, quae prosunt aut quae nocent, aut bona sunt aut\nmala, quae sint paria necesse est.\n</pre>\n\n\n<ul>\n\t<li>Quo modo autem philosophus loquitur?</li>\n\t<li>Egone non intellego, quid sit don Graece, Latine voluptas?</li>\n\t<li>Utrum igitur tibi litteram videor an totas paginas commovere?</li>\n\t<li>Theophrastus mediocriterne delectat, cum tractat locos ab Aristotele ante tractatos?</li>\n\t<li>Ipse Epicurus fortasse redderet, ut Sextus Peducaeus, Sex.</li>\n\t<li>Itaque si aut requietem natura non quaereret aut eam posset alia quadam ratione consequi.</li>\n</ul>\n\n\n<ol>\n\t<li>Haec quo modo conveniant, non sane intellego.</li>\n\t<li>Ut necesse sit omnium rerum, quae natura vigeant, similem esse finem, non eundem.</li>\n\t<li>Et tamen ego a philosopho, si afferat eloquentiam, non asperner, si non habeat, non admodum flagitem.</li>\n\t<li>Non est enim vitium in oratione solum, sed etiam in moribus.</li>\n\t<li>Urgent tamen et nihil remittunt.</li>\n</ol>\n\n\n<p>Contemnit enim disserendi elegantiam, confuse loquitur. Quo igitur, inquit, modo? Iam enim adesse poterit. <code>Dici enim nihil potest verius.</code> </p>\n\n<h2>Dici enim nihil potest verius.</h2>\n\n<p>At certe gravius. Itaque ad tempus ad Pisonem omnes. Quantum Aristoxeni ingenium consumptum videmus in musicis? Quis non odit sordidos, vanos, leves, futtiles? </p>\n\n",
    "eventUrl": "http://en.wikipedia.com/wiki/Lorem_ipsum",
    "creation_date": "2018/10/26 13:50:13.052871 GMT-4",
    "contactEmail": "loremipsum@mail.com",
    "_uid": "9592f62d5666457fbc6e7d8e2885b2a9",
    "expirationDate": "None",
    "contactName": "Morbi risus nisl augue dictumst adipiscing aliquet.",
    "_content_type_id": "text/plain",
    "contactPhone": "Metus ipsum a.",
    "id": "risus-felis-tempor-quam-nullam.",
    "subject": [],
    "attendees": [],
    "effectiveDate": "2018/10/26 13:51:43.961825 GMT-4",
    "title": "Risus felis tempor quam nullam.",
    "_content_type_contactPhone": "text/plain",
    "_content_type_eventUrl": "text/plain",
    "_content_type_language": "text/plain",
    "_defaultpage": "",
    "location": "Vitae lacus.",
    "_content_type_title": "text/plain",
    "excludeFromNav": false,
    "_content_type_contactName": "text/plain",
    "_type": "Event",
    "description": "Augue dolor primis id massa id dolor. Porta massa magna fames taciti massa. Dolor vitae. Curae netus tempus parturient pellentesque vivamus velit ac. Velit fames pede est class tristique conubia elit montes laoreet. Morbi dolor potenti erat mauris lacinia semper metus eros a vitae aliquet lobortis. Donec ipsum. Metus massa sociosqu et ornare ac odio posuere magna pede eget habitasse ve. Nulla vitae nisi dui a tempor class iaculis orci purus. Justo lorem lacus fames semper. Nulla lacus. Justo class orci sem amet consectetuer ut vitae non ante amet aliquet enim. Lacus fames nam turpis faucibus fames. Justo vitae elit eget parturient. Lorem porta suspendisse non.",
    "_atrefs": {},
    "_layout": "event_view",
    "_workflow_history": {
        "simple_publication_workflow": [
            {
                "action": null,
                "review_state": "private",
                "actor": "admin",
                "comments": "",
                "time": "2018/10/26 13:50:13.058204 GMT-4"
            },
            {
                "action": "publish",
                "review_state": "published",
                "actor": "admin",
                "comments": "",
                "time": "2018/10/26 13:51:43.975549 GMT-4"
            }
        ]
    },
    "_content_type_rights": "text/plain",
    "_directly_provided": [],
    "_classname": "ATEvent",
    "_userdefined_roles": [],
    "_content_type_contactEmail": "text/plain",
    "_content_type": "text/html",
    "_id": "risus-felis-tempor-quam-nullam.",
    "modification_date": "2018/10/26 13:51:43.962072 GMT-4",
    "language": "en",
    "rights": "Metus fames vitae class. Vitae etiam feugiat varius mi amet. Justo augue a. Massa augue. Nulla risus magna. Neque porta nisi quam nonummy elementum arcu quis nunc inceptos facilisis. Netus dolor sed eget sollicitudin ve. Lacus felis. Justo neque. Ipsum risus curae suspendisse ut sociis viverra sodales eros. Porta donec. Class netus mus dictumst. Lorem massa nascetur morbi et convallis proin. Nulla fames cum justo. Magna netus turpis felis viverra litora cras eget proin mi sed et. Risus vitae gravida eu.",
    "_atbrefs": {},
    "_content_type_description": "text/plain",
    "_owner": "admin",
    "_content_type_location": "text/plain",
    "_permissions": {
        "Modify portal content": {
            "acquire": false,
            "roles": [
                "Editor",
                "Manager",
                "Owner",
                "Site Administrator"
            ]
        },
        "Access contents information": {
            "acquire": false,
            "roles": [
                "Anonymous"
            ]
        },
        "View": {
            "acquire": false,
            "roles": [
                "Anonymous"
            ]
        }
    },
    "_properties": [
        [
            "title",
            "Risus felis tempor quam nullam.",
            "string"
        ]
    ],
    "allowDiscussion": false,
    "_gopip": 128,
    "creators": [
        "admin"
    ],
    "_ac_local_roles": {
        "admin": [
            "Owner"
        ]
    },
    "_path": "/Plone/events/risus-felis-tempor-quam-nullam."
}