{
    "startDate": "2018/11/02 18:11:29.325137 GMT-4",
    "endDate": "2018/11/04 06:24:45.544294 GMT-4",
    "contributors": [],
    "_content_type_text": "text/html",
    "text": "<h1>Nunc haec primum fortasse audientis servire debemus.</h1>\n\n<p>Lorem ipsum dolor sit amet, consectetur adipiscing elit. At iste non dolendi status non vocatur voluptas. Tum mihi Piso: Quid ergo? Quid est enim aliud esse versutum? Audeo dicere, inquit. </p>\n\n<p><a href='http://loripsum.net/' target='_blank'>Quo modo autem philosophus loquitur?</a> Immo alio genere; Falli igitur possumus. Nos commodius agimus. <code>Praeteritis, inquit, gaudeo.</code> Quid ergo? </p>\n\n<pre>\nHic homo severus luxuriam ipsam per se reprehendendam non\nputat, et hercule, Torquate, ut verum loquamur, si summum\nbonum voluptas est, rectissime non putat.\n\nNon enim quaero quid verum, sed quid cuique dicendum sit.\n</pre>\n\n\n<dl>\n\t<dt><dfn>Quid adiuvas?</dfn></dt>\n\t<dd>Et quae per vim oblatum stuprum volontaria morte lueret inventa est et qui interficeret filiam, ne stupraretur.</dd>\n\t<dt><dfn>Ille incendat?</dfn></dt>\n\t<dd>Res enim fortasse verae, certe graves, non ita tractantur, ut debent, sed aliquanto minutius.</dd>\n</dl>\n\n\n<p><a href='http://loripsum.net/' target='_blank'>Eaedem res maneant alio modo.</a> <code>Quod cum dixissent, ille contra.</code> Duo Reges: constructio interrete. Minime vero, inquit ille, consentit. Tria genera bonorum; </p>\n\n<ol>\n\t<li>Atqui haec patefactio quasi rerum opertarum, cum quid quidque sit aperitur, definitio est.</li>\n\t<li>At enim, qua in vita est aliquid mali, ea beata esse non potest.</li>\n\t<li>Res enim se praeclare habebat, et quidem in utraque parte.</li>\n\t<li>Qua ex cognitione facilior facta est investigatio rerum occultissimarum.</li>\n\t<li>Qui si ea, quae dicit, ita sentiret, ut verba significant, quid inter eum et vel Pyrrhonem vel Aristonem interesset?</li>\n\t<li>Sed id ne cogitari quidem potest quale sit, ut non repugnet ipsum sibi.</li>\n</ol>\n\n\n<ul>\n\t<li>Quantum Aristoxeni ingenium consumptum videmus in musicis?</li>\n\t<li>Res enim concurrent contrariae.</li>\n\t<li>Aliam vero vim voluptatis esse, aliam nihil dolendi, nisi valde pertinax fueris, concedas necesse est.</li>\n\t<li>Itaque quantum adiit periculum! ad honestatem enim illum omnem conatum suum referebat, non ad voluptatem.</li>\n</ul>\n\n\n",
    "eventUrl": "http://en.wikipedia.com/wiki/Lorem_ipsum",
    "creation_date": "2018/10/26 13:50:13.795192 GMT-4",
    "contactEmail": "loremipsum@mail.com",
    "_uid": "3e02354a453c4c0ea2cece7f4ea8e5cf",
    "expirationDate": "None",
    "contactName": "Class donec nisi quisque et eni venenatis molestie mollis.",
    "_content_type_id": "text/plain",
    "contactPhone": "Netus velit nunc id elit venenatis dui erat.",
    "id": "dolor-lorem-pede-mauris-aliquet-cubilia-maecenas.",
    "subject": [],
    "attendees": [],
    "effectiveDate": "2018/10/26 13:51:44.016764 GMT-4",
    "title": "Dolor lorem pede mauris aliquet cubilia maecenas.",
    "_content_type_contactPhone": "text/plain",
    "_content_type_eventUrl": "text/plain",
    "_content_type_language": "text/plain",
    "_defaultpage": "",
    "location": "Proin etiam.",
    "_content_type_title": "text/plain",
    "excludeFromNav": false,
    "_content_type_contactName": "text/plain",
    "_type": "Event",
    "description": "Augue etiam nisi vivamus arcu ante. Lacus nulla. Risus neque risus nibh massa. Lorem purus hac. Velit neque. Velit risus dis felis nunc condimentum sem ac lorem ante id. Donec proin dictumst. Lorem augue. Dolor justo facilisi porttitor est. Ipsum fames. Fusce lacus a. Netus purus molestie fusce ornare. Metus felis aenean accumsan condimentum. Lacus augue elit diam velit convallis curabitur lacus. Class neque. Lorem etiam. Curae magna auctor eu nunc habitant tristique netus sem integer vehicula magna ornare sem. Lorem felis cum netus vestibulum suspendisse auctor et primis dui torquent blandit rutrum nibh sollicitudin eu. Morbi massa. Velit class torquent adipiscing nostra vel duis per a tellus.",
    "_atrefs": {},
    "_layout": "event_view",
    "_workflow_history": {
        "simple_publication_workflow": [
            {
                "action": null,
                "review_state": "private",
                "actor": "admin",
                "comments": "",
                "time": "2018/10/26 13:50:13.799038 GMT-4"
            },
            {
                "action": "publish",
                "review_state": "published",
                "actor": "admin",
                "comments": "",
                "time": "2018/10/26 13:51:44.029980 GMT-4"
            }
        ]
    },
    "_content_type_rights": "text/plain",
    "_directly_provided": [],
    "_classname": "ATEvent",
    "_userdefined_roles": [],
    "_content_type_contactEmail": "text/plain",
    "_content_type": "text/html",
    "_id": "dolor-lorem-pede-mauris-aliquet-cubilia-maecenas.",
    "modification_date": "2018/10/26 13:51:44.017072 GMT-4",
    "language": "en",
    "rights": "Velit porta hac erat vel augue. Ipsum purus convallis magnis nascetur eros volutpat vel etiam hymenaeos. Felis morbi. Massa fusce primis ullamcorper proin. Neque curae urna netus venenatis. Morbi neque. Purus netus ullamcorper mus arcu sollicitudin nascetur nulla in rutrum. Velit porta. Proin porta. Felis velit condimentum ac lectus bibendum. Proin velit mauris ad nisl quam dui congue sodales natoque quam. Fusce etiam. Magna fusce aenean praesent laoreet pede sed quisque. Proin lacus mauris velit. Nulla class magna cras leo. Augue lacus mattis curabitur. Class nulla est urna id sagittis dis ve morbi fermentum. Justo velit morbi dictum justo ridiculus non blandit mi felis taciti eni adipiscing. Felis donec. Curae lacus pede etiam fermentum penatibus magna in.",
    "_atbrefs": {},
    "_content_type_description": "text/plain",
    "_owner": "admin",
    "_content_type_location": "text/plain",
    "_permissions": {
        "Modify portal content": {
            "acquire": false,
            "roles": [
                "Editor",
                "Manager",
                "Owner",
                "Site Administrator"
            ]
        },
        "Access contents information": {
            "acquire": false,
            "roles": [
                "Anonymous"
            ]
        },
        "View": {
            "acquire": false,
            "roles": [
                "Anonymous"
            ]
        }
    },
    "_properties": [
        [
            "title",
            "Dolor lorem pede mauris aliquet cubilia maecenas.",
            "string"
        ]
    ],
    "allowDiscussion": false,
    "_gopip": 130,
    "creators": [
        "admin"
    ],
    "_ac_local_roles": {
        "admin": [
            "Owner"
        ]
    },
    "_path": "/Plone/events/dolor-lorem-pede-mauris-aliquet-cubilia-maecenas."
}