{
    "startDate": "2018/11/06 11:44:47.701531 GMT-4",
    "endDate": "2018/11/08 17:48:49.926530 GMT-4",
    "contributors": [],
    "_content_type_text": "text/html",
    "text": "<h1>De vacuitate doloris eadem sententia erit.</h1>\n\n<p>Lorem ipsum dolor sit amet, consectetur adipiscing elit. Age sane, inquam. Duo Reges: constructio interrete. Erat enim Polemonis. </p>\n\n<ul>\n\t<li>Videamus animi partes, quarum est conspectus illustrior;</li>\n\t<li>Partim cursu et peragratione laetantur, congregatione aliae coetum quodam modo civitatis imitantur;</li>\n\t<li>Scaevola tribunus plebis ferret ad plebem vellentne de ea re quaeri.</li>\n\t<li>Nescio quo modo praetervolavit oratio.</li>\n</ul>\n\n\n<p>Addidisti ad extremum etiam indoctum fuisse. Nihil ad rem! Ne sit sane; Nihilo beatiorem esse Metellum quam Regulum. Haec para/doca illi, nos admirabilia dicamus. </p>\n\n<pre>\nSic faciam igitur, inquit: unam rem explicabo, eamque\nmaximam, de physicis alias, et quidem tibi et declinationem\nistam atomorum et magnitudinem solis probabo et Democriti\nerrata ab Epicuro reprehensa et correcta permulta.\n\nNemo enim est, qui aliter dixerit quin omnium naturarum\nsimile esset id, ad quod omnia referrentur, quod est ultimum\nrerum appetendarum.\n</pre>\n\n\n<p>Quid vero? Quae cum essent dicta, discessimus. Sin aliud quid voles, postea. Ego vero isti, inquam, permitto. Negat enim summo bono afferre incrementum diem. </p>\n\n<dl>\n\t<dt><dfn>Quare conare, quaeso.</dfn></dt>\n\t<dd>Nec lapathi suavitatem acupenseri Galloni Laelius anteponebat, sed suavitatem ipsam neglegebat;</dd>\n\t<dt><dfn>Quid enim?</dfn></dt>\n\t<dd>Ratio quidem vestra sic cogit.</dd>\n\t<dt><dfn>Beatum, inquit.</dfn></dt>\n\t<dd>Sed tamen omne, quod de re bona dilucide dicitur, mihi praeclare dici videtur.</dd>\n\t<dt><dfn>Efficiens dici potest.</dfn></dt>\n\t<dd>Sed tamen intellego quid velit.</dd>\n</dl>\n\n\n<ol>\n\t<li>Potius ergo illa dicantur: turpe esse, viri non esse debilitari dolore, frangi, succumbere.</li>\n\t<li>Compensabatur, inquit, cum summis doloribus laetitia.</li>\n\t<li>Universa enim illorum ratione cum tota vestra confligendum puto.</li>\n\t<li>Putabam equidem satis, inquit, me dixisse.</li>\n\t<li>Qua tu etiam inprudens utebare non numquam.</li>\n\t<li>Sed quid sentiat, non videtis.</li>\n</ol>\n\n\n",
    "eventUrl": "http://en.wikipedia.com/wiki/Lorem_ipsum",
    "creation_date": "2018/10/26 13:50:14.157071 GMT-4",
    "contactEmail": "loremipsum@mail.com",
    "_uid": "1270da6f174e48e4b9a5b7d5df2f72b8",
    "expirationDate": "None",
    "contactName": "Curae netus.",
    "_content_type_id": "text/plain",
    "contactPhone": "Dolor fames.",
    "id": "porta-etiam-porta-feugiat-montes-in-pharetra-iaculis-duis-ad.",
    "subject": [],
    "attendees": [],
    "effectiveDate": "2018/10/26 13:51:44.043047 GMT-4",
    "title": "Porta etiam porta feugiat montes in pharetra iaculis duis ad.",
    "_content_type_contactPhone": "text/plain",
    "_content_type_eventUrl": "text/plain",
    "_content_type_language": "text/plain",
    "_defaultpage": "",
    "location": "Neque metus suscipit orci arcu convallis auctor senectus fringilla turpis ut.",
    "_content_type_title": "text/plain",
    "excludeFromNav": false,
    "_content_type_contactName": "text/plain",
    "_type": "Event",
    "description": "Morbi justo lacinia ad enim nunc laoreet. Netus justo. Velit neque condimentum ultrices natoque vivamus quam. Vitae fames iaculis vulputate tortor. Felis curae tempus nascetur scelerisque eni. Fusce vitae donec. Lorem velit lacinia vivamus dictum mi. Netus morbi tempus proin tincidunt. Vitae neque velit nibh egestas in et erat quam. Felis lacus sapien scelerisque velit mattis at nibh ac. Neque vitae mauris consequat nostra magna hendrerit volutpat tortor quis.",
    "_atrefs": {},
    "_layout": "event_view",
    "_workflow_history": {
        "simple_publication_workflow": [
            {
                "action": null,
                "review_state": "private",
                "actor": "admin",
                "comments": "",
                "time": "2018/10/26 13:50:14.161482 GMT-4"
            },
            {
                "action": "publish",
                "review_state": "published",
                "actor": "admin",
                "comments": "",
                "time": "2018/10/26 13:51:44.055360 GMT-4"
            }
        ]
    },
    "_content_type_rights": "text/plain",
    "_directly_provided": [],
    "_classname": "ATEvent",
    "_userdefined_roles": [],
    "_content_type_contactEmail": "text/plain",
    "_content_type": "text/html",
    "_id": "porta-etiam-porta-feugiat-montes-in-pharetra-iaculis-duis-ad.",
    "modification_date": "2018/10/26 13:51:44.043294 GMT-4",
    "language": "en",
    "rights": "Nulla proin dolor hac. Magna justo dolor non velit venenatis vestibulum eros. Lacus curae suspendisse diam enim sociosqu augue ac netus ornare aenean dignissim eu rutrum. Lacus nulla. Dolor donec hac vehicula felis nonummy habitasse nisi quam parturient rutrum faucibus sed. Purus felis dui morbi nisl eni quis. Neque fames ligula scelerisque felis penatibus nascetur platea metus vestibulum. Lacus lorem. Vitae nulla egestas natoque semper metus parturient. Etiam justo sit quam mus netus nisi lorem dapibus. Donec curae viverra taciti sem eget leo. Class donec. Proin nulla dis ipsum massa velit lacus cubilia netus ac. Vitae metus congue consectetuer pretium dis vestibulum nullam vehicula. Curae augue justo est urna nisi penatibus. Ipsum dolor. Class donec diam.",
    "_atbrefs": {},
    "_content_type_description": "text/plain",
    "_owner": "admin",
    "_content_type_location": "text/plain",
    "_permissions": {
        "Modify portal content": {
            "acquire": false,
            "roles": [
                "Editor",
                "Manager",
                "Owner",
                "Site Administrator"
            ]
        },
        "Access contents information": {
            "acquire": false,
            "roles": [
                "Anonymous"
            ]
        },
        "View": {
            "acquire": false,
            "roles": [
                "Anonymous"
            ]
        }
    },
    "_properties": [
        [
            "title",
            "Porta etiam porta feugiat montes in pharetra iaculis duis ad.",
            "string"
        ]
    ],
    "allowDiscussion": false,
    "_gopip": 131,
    "creators": [
        "admin"
    ],
    "_ac_local_roles": {
        "admin": [
            "Owner"
        ]
    },
    "_path": "/Plone/events/porta-etiam-porta-feugiat-montes-in-pharetra-iaculis-duis-ad."
}