{
    "startDate": "2018/11/02 06:18:14.620912 GMT-4",
    "endDate": "2018/11/03 08:25:41.452070 GMT-4",
    "contributors": [],
    "_content_type_text": "text/html",
    "text": "<h1>Conclusum est enim contra Cyrenaicos satis acute, nihil ad Epicurum.</h1>\n\n<p>Lorem ipsum dolor sit amet, consectetur adipiscing elit. Dici enim nihil potest verius. Prave, nequiter, turpiter cenabat; Duo Reges: constructio interrete. <a href='http://loripsum.net/' target='_blank'>Sed quot homines, tot sententiae;</a> </p>\n\n<ul>\n\t<li>Quia dolori non voluptas contraria est, sed doloris privatio.</li>\n\t<li>Sine ea igitur iucunde negat posse se vivere?</li>\n\t<li>Morbo gravissimo affectus, exul, orbus, egens, torqueatur eculeo: quem hunc appellas, Zeno?</li>\n\t<li>At ille non pertimuit saneque fidenter: Istis quidem ipsis verbis, inquit;</li>\n</ul>\n\n\n<p><a href='http://loripsum.net/' target='_blank'>Graccho, eius fere, aequal\u00ed?</a> Itaque his sapiens semper vacabit. Est, ut dicis, inquit; Iam in altera philosophiae parte. Negare non possum. Nos cum te, M. Is es profecto tu. Sumenda potius quam expetenda. Quae cum dixisset, finem ille. </p>\n\n<ol>\n\t<li>Sed haec quidem liberius ab eo dicuntur et saepius.</li>\n\t<li>Re mihi non aeque satisfacit, et quidem locis pluribus.</li>\n</ol>\n\n\n<pre>\nPompeius in foedere Numantino infitiando fuit, nec vero\nomnia timente, sed primum qui animi conscientiam non curet,\nquam scilicet comprimere nihil est negotii.\n\nIllum mallem levares, quo optimum atque humanissimum virum,\nCn.\n</pre>\n\n\n<dl>\n\t<dt><dfn>Explanetur igitur.</dfn></dt>\n\t<dd>Itaque in rebus minime obscuris non multus est apud eos disserendi labor.</dd>\n\t<dt><dfn>Sed fortuna fortis;</dfn></dt>\n\t<dd>Hoc ne statuam quidem dicturam pater aiebat, si loqui posset.</dd>\n</dl>\n\n\n<p><code>Primum divisit ineleganter;</code> Qui-vere falsone, quaerere mittimus-dicitur oculis se privasse; Quae duo sunt, unum facit. Addidisti ad extremum etiam indoctum fuisse. Sed ad bona praeterita redeamus. Itaque his sapiens semper vacabit. Cur post Tarentum ad Archytam? </p>\n\n",
    "eventUrl": "http://en.wikipedia.com/wiki/Lorem_ipsum",
    "creation_date": "2018/10/26 13:50:15.287259 GMT-4",
    "contactEmail": "loremipsum@mail.com",
    "_uid": "c034879aade84ff899e966de6ac73824",
    "expirationDate": "None",
    "contactName": "Etiam magna mollis consequat ipsum eni quam ultrices mi etiam lectus congue sodales lectus nullam bibendum.",
    "_content_type_id": "text/plain",
    "contactPhone": "Metus fames sed elementum semper adipiscing sollicitudin cubilia.",
    "id": "fames-lacus-a-sodales-sociis-cras-eget.",
    "subject": [],
    "attendees": [],
    "effectiveDate": "2018/10/26 13:51:44.122737 GMT-4",
    "title": "Fames lacus a sodales sociis cras eget.",
    "_content_type_contactPhone": "text/plain",
    "_content_type_eventUrl": "text/plain",
    "_content_type_language": "text/plain",
    "_defaultpage": "",
    "location": "Justo massa.",
    "_content_type_title": "text/plain",
    "excludeFromNav": false,
    "_content_type_contactName": "text/plain",
    "_type": "Event",
    "description": "Neque netus primis donec dis duis. Justo fames orci potenti egestas tempus dolor quis. Lacus purus. Nulla etiam a primis metus suspendisse nisl ridiculus magnis. Felis velit nisi quis sed. Fusce dolor cras natoque. Metus augue amet a morbi mi sed id arcu sociosqu. Magna morbi dis odio pharetra porta at. Felis donec montes aenean tincidunt justo. Netus porta hac ipsum nonummy rhoncus sodales. Neque lacus montes ad nunc sodales netus eu pellentesque. Metus ipsum tellus tempor posuere congue nibh porttitor ut velit. Nulla donec luctus magna ridiculus magnis inceptos. Donec risus eni nibh erat ornare cum mauris. Neque magna nostra netus scelerisque leo erat laoreet nullam urna. Fusce metus ipsum nisl ligula odio. Nulla donec nunc. Risus felis dolor litora ornare habitasse. Velit curae elit posuere convallis eget.",
    "_atrefs": {},
    "_layout": "event_view",
    "_workflow_history": {
        "simple_publication_workflow": [
            {
                "action": null,
                "review_state": "private",
                "actor": "admin",
                "comments": "",
                "time": "2018/10/26 13:50:15.292085 GMT-4"
            },
            {
                "action": "publish",
                "review_state": "published",
                "actor": "admin",
                "comments": "",
                "time": "2018/10/26 13:51:44.135440 GMT-4"
            }
        ]
    },
    "_content_type_rights": "text/plain",
    "_directly_provided": [],
    "_classname": "ATEvent",
    "_userdefined_roles": [],
    "_content_type_contactEmail": "text/plain",
    "_content_type": "text/html",
    "_id": "fames-lacus-a-sodales-sociis-cras-eget.",
    "modification_date": "2018/10/26 13:51:44.123015 GMT-4",
    "language": "en",
    "rights": "Vitae etiam pulvinar augue massa. Proin augue hac diam adipiscing sit etiam nostra fusce suspendisse ac aptent. Ipsum netus. Class curae. Netus class. Curae ipsum sem amet ante habitasse tempor nascetur magna quam quisque tortor sed mauris. Magna felis mauris varius venenatis adipiscing nibh netus. Purus justo sed erat fringilla tortor vel lobortis. Proin augue lorem metus tortor scelerisque fames. Morbi massa tellus eu luctus fusce suspendisse senectus dolor. Proin lacus auctor morbi per odio. Proin morbi neque.",
    "_atbrefs": {},
    "_content_type_description": "text/plain",
    "_owner": "admin",
    "_content_type_location": "text/plain",
    "_permissions": {
        "Modify portal content": {
            "acquire": false,
            "roles": [
                "Editor",
                "Manager",
                "Owner",
                "Site Administrator"
            ]
        },
        "Access contents information": {
            "acquire": false,
            "roles": [
                "Anonymous"
            ]
        },
        "View": {
            "acquire": false,
            "roles": [
                "Anonymous"
            ]
        }
    },
    "_properties": [
        [
            "title",
            "Fames lacus a sodales sociis cras eget.",
            "string"
        ]
    ],
    "allowDiscussion": false,
    "_gopip": 134,
    "creators": [
        "admin"
    ],
    "_ac_local_roles": {
        "admin": [
            "Owner"
        ]
    },
    "_path": "/Plone/events/fames-lacus-a-sodales-sociis-cras-eget."
}