{
    "startDate": "2018/11/05 08:45:43.633572 GMT-4",
    "endDate": "2018/11/06 06:58:20.077266 GMT-4",
    "contributors": [],
    "_content_type_text": "text/html",
    "text": "<h1>Venit ad extremum;</h1>\n\n<p>Lorem ipsum dolor sit amet, consectetur adipiscing elit. Haec dicuntur inconstantissime. Estne, quaeso, inquam, sitienti in bibendo voluptas? Sed quid sentiat, non videtis. Duo Reges: constructio interrete. </p>\n\n<p>Stoicos roga. <a href='http://loripsum.net/' target='_blank'>Qui-vere falsone, quaerere mittimus-dicitur oculis se privasse;</a> </p>\n\n<p>Eam tum adesse, cum dolor omnis absit; De illis, cum volemus. Aeque enim contingit omnibus fidibus, ut incontentae sint. Qui est in parvis malis. </p>\n\n<dl>\n\t<dt><dfn>Tenent mordicus.</dfn></dt>\n\t<dd>Consequens enim est et post oritur, ut dixi.</dd>\n\t<dt><dfn>Nihil sane.</dfn></dt>\n\t<dd>Hoc Hieronymus summum bonum esse dixit.</dd>\n\t<dt><dfn>Qui convenit?</dfn></dt>\n\t<dd>An vero, inquit, quisquam potest probare, quod perceptfum, quod.</dd>\n\t<dt><dfn>Sed haec omittamus;</dfn></dt>\n\t<dd>Nec lapathi suavitatem acupenseri Galloni Laelius anteponebat, sed suavitatem ipsam neglegebat;</dd>\n\t<dt><dfn>Proclivi currit oratio.</dfn></dt>\n\t<dd>Cui Tubuli nomen odio non est?</dd>\n\t<dt><dfn>Non igitur bene.</dfn></dt>\n\t<dd>Facile est hoc cernere in primis puerorum aetatulis.</dd>\n\t<dt><dfn>Quid Zeno?</dfn></dt>\n\t<dd>Hunc vos beatum;</dd>\n</dl>\n\n\n<ul>\n\t<li>Et hunc idem dico, inquieta sed ad virtutes et ad vitia nihil interesse.</li>\n\t<li>Nunc ita separantur, ut disiuncta sint, quo nihil potest esse perversius.</li>\n</ul>\n\n\n<ol>\n\t<li>Nondum autem explanatum satis, erat, quid maxime natura vellet.</li>\n\t<li>Si stante, hoc natura videlicet vult, salvam esse se, quod concedimus;</li>\n\t<li>Dicam, inquam, et quidem discendi causa magis, quam quo te aut Epicurum reprehensum velim.</li>\n\t<li>Sed ille, ut dixi, vitiose.</li>\n</ol>\n\n\n<pre>\nAdsint etiam formosi pueri, qui ministrent, respondeat his\nvestis, argentum, Corinthium, locus ipse, aedificium-hos\nergo asotos bene quidem vivere aut beate numquam dixerim.\n\nAtque ita re simpliciter primo collocata reliqua subtilius\npersequentes corporis bona facilem quandam rationem habere\ncensebant;\n</pre>\n\n\n",
    "eventUrl": "http://en.wikipedia.com/wiki/Lorem_ipsum",
    "creation_date": "2018/10/26 13:50:15.645507 GMT-4",
    "contactEmail": "loremipsum@mail.com",
    "_uid": "dd9993eefc6a4e0e9b8860825ff49806",
    "expirationDate": "None",
    "contactName": "Netus proin quis dis elementum amet nibh ad erat lobortis pulvinar semper varius pharetra.",
    "_content_type_id": "text/plain",
    "contactPhone": "Nulla proin etiam nec erat sollicitudin.",
    "id": "proin-fusce-quisque-hac-ve-dictum-magna-parturient-praesent-odio-per-magna-lorem.",
    "subject": [],
    "attendees": [],
    "effectiveDate": "2018/10/26 13:51:44.149526 GMT-4",
    "title": "Proin fusce quisque hac ve dictum magna parturient praesent odio per magna lorem.",
    "_content_type_contactPhone": "text/plain",
    "_content_type_eventUrl": "text/plain",
    "_content_type_language": "text/plain",
    "_defaultpage": "",
    "location": "Augue magna quam feugiat erat molestie ullamcorper dictumst morbi orci sem pellentesque ad class.",
    "_content_type_title": "text/plain",
    "excludeFromNav": true,
    "_content_type_contactName": "text/plain",
    "_type": "Event",
    "description": "Ipsum nulla accumsan. Augue porta litora. Felis massa morbi erat rhoncus a mauris donec. Fusce porta habitasse vel orci dictum hendrerit at ullamcorper duis tristique. Proin neque. Purus curae etiam curabitur fusce elit dictum nam nisl bibendum velit diam platea. Justo velit ligula risus est adipiscing purus. Fusce massa quam orci fames curae dui nisi vestibulum. Nulla lacus. Risus metus nulla cursus odio ve sollicitudin nibh. Purus ipsum aptent. Class nulla diam iaculis quisque libero curae duis hac mauris mollis etiam. Lorem dolor pretium est id consectetuer potenti morbi ac tellus pellentesque natoque odio eu. Lacus donec dis cras vestibulum et.",
    "_atrefs": {},
    "_layout": "event_view",
    "_workflow_history": {
        "simple_publication_workflow": [
            {
                "action": null,
                "review_state": "private",
                "actor": "admin",
                "comments": "",
                "time": "2018/10/26 13:50:15.650250 GMT-4"
            },
            {
                "action": "publish",
                "review_state": "published",
                "actor": "admin",
                "comments": "",
                "time": "2018/10/26 13:51:44.163866 GMT-4"
            }
        ]
    },
    "_content_type_rights": "text/plain",
    "_directly_provided": [],
    "_classname": "ATEvent",
    "_userdefined_roles": [],
    "_content_type_contactEmail": "text/plain",
    "_content_type": "text/html",
    "_id": "proin-fusce-quisque-hac-ve-dictum-magna-parturient-praesent-odio-per-magna-lorem.",
    "modification_date": "2018/10/26 13:51:44.149970 GMT-4",
    "language": "en",
    "rights": "Lacus purus. Morbi fusce euismod. Class vitae. Justo risus platea tempus porta ligula suspendisse massa fermentum. Morbi etiam. Vitae metus. Risus felis luctus purus etiam. Purus metus. Massa etiam lorem. Donec velit laoreet iaculis hendrerit. Fusce etiam. Curae magna luctus proin blandit ut inceptos. Ipsum curae vitae per tincidunt tellus tortor lobortis curae tincidunt cum potenti ut. Vitae felis per cras duis fermentum. Morbi justo suspendisse. Netus neque nascetur hendrerit cum vitae. Etiam porta. Purus porta potenti faucibus nullam augue.",
    "_atbrefs": {},
    "_content_type_description": "text/plain",
    "_owner": "admin",
    "_content_type_location": "text/plain",
    "_permissions": {
        "Modify portal content": {
            "acquire": false,
            "roles": [
                "Editor",
                "Manager",
                "Owner",
                "Site Administrator"
            ]
        },
        "Access contents information": {
            "acquire": false,
            "roles": [
                "Anonymous"
            ]
        },
        "View": {
            "acquire": false,
            "roles": [
                "Anonymous"
            ]
        }
    },
    "_properties": [
        [
            "title",
            "Proin fusce quisque hac ve dictum magna parturient praesent odio per magna lorem.",
            "string"
        ]
    ],
    "allowDiscussion": false,
    "_gopip": 135,
    "creators": [
        "admin"
    ],
    "_ac_local_roles": {
        "admin": [
            "Owner"
        ]
    },
    "_path": "/Plone/events/proin-fusce-quisque-hac-ve-dictum-magna-parturient-praesent-odio-per-magna-lorem."
}