{
    "startDate": "2018/10/07 05:43:28.344934 GMT-4",
    "endDate": "2018/10/08 08:37:5.703243 GMT-4",
    "contributors": [],
    "_content_type_text": "text/html",
    "text": "<h1>Teneo, inquit, finem illi videri nihil dolere.</h1>\n\n<p>Lorem ipsum dolor sit amet, consectetur adipiscing elit. Memini me adesse P. In schola desinis. Nemo igitur esse beatus potest. Habent enim et bene longam et satis litigiosam disputationem. Duo Reges: constructio interrete. Qui ita affectus, beatum esse numquam probabis; Sed hoc sane concedamus. </p>\n\n<p>Verum hoc idem saepe faciamus. An hoc usque quaque, aliter in vita? <a href='http://loripsum.net/' target='_blank'>Praeclare hoc quidem.</a> Qui convenit? </p>\n\n<ul>\n\t<li>Haec dicuntur fortasse ieiunius;</li>\n\t<li>Fortasse id optimum, sed ubi illud: Plus semper voluptatis?</li>\n\t<li>Quamquam tu hanc copiosiorem etiam soles dicere.</li>\n\t<li>Et harum quidem rerum facilis est et expedita distinctio.</li>\n\t<li>At ille pellit, qui permulcet sensum voluptate.</li>\n</ul>\n\n\n<ol>\n\t<li>Quibusnam praeteritis?</li>\n\t<li>Habent enim et bene longam et satis litigiosam disputationem.</li>\n\t<li>Varietates autem iniurasque fortunae facile veteres philosophorum praeceptis instituta vita superabat.</li>\n</ol>\n\n\n<pre>\nNe tu, inquam, Cato, verbis illustribus et id, quod vis,\ndeclarantibus! itaque mihi videris Latine docere\nphilosophiam et ei quasi civitatem dare.\n\nSensibus enim ornavit ad res percipiendas idoneis, ut nihil\naut non multum adiumento ullo ad suam confirmationem\nindigerent;\n</pre>\n\n\n<p>Quis enim redargueret? Scaevolam M. Stoici scilicet. Prioris generis est docilitas, memoria; Quamquam te quidem video minime esse deterritum. </p>\n\n<dl>\n\t<dt><dfn>Immo alio genere;</dfn></dt>\n\t<dd>Numquam hoc ita defendit Epicurus neque Metrodorus aut quisquam eorum, qui aut saperet aliquid aut ista didicisset.</dd>\n\t<dt><dfn>Moriatur, inquit.</dfn></dt>\n\t<dd>Sed nimis multa.</dd>\n\t<dt><dfn>Disserendi artem nullam habuit.</dfn></dt>\n\t<dd>Nullum inveniri verbum potest quod magis idem declaret Latine, quod Graece, quam declarat voluptas.</dd>\n\t<dt><dfn>Poterat autem inpune;</dfn></dt>\n\t<dd>Apparet statim, quae sint officia, quae actiones.</dd>\n</dl>\n\n\n",
    "eventUrl": "http://en.wikipedia.com/wiki/Lorem_ipsum",
    "creation_date": "2018/10/26 13:50:16.762313 GMT-4",
    "contactEmail": "loremipsum@mail.com",
    "_uid": "5b89cca3eecb43639af4911e8f7b6323",
    "expirationDate": "None",
    "contactName": "Augue fames netus mus eget imperdiet.",
    "_content_type_id": "text/plain",
    "contactPhone": "Massa porta fusce morbi felis penatibus adipiscing pede tristique.",
    "id": "magna-massa-dis-cras-cum-orci.",
    "subject": [],
    "attendees": [],
    "effectiveDate": "2018/10/26 13:51:44.231626 GMT-4",
    "title": "Magna massa dis cras cum orci.",
    "_content_type_contactPhone": "text/plain",
    "_content_type_eventUrl": "text/plain",
    "_content_type_language": "text/plain",
    "_defaultpage": "",
    "location": "Felis netus nonummy aenean vel elit netus.",
    "_content_type_title": "text/plain",
    "excludeFromNav": true,
    "_content_type_contactName": "text/plain",
    "_type": "Event",
    "description": "Lacus lorem per. Massa purus natoque venenatis cursus semper lorem facilisi ve nec mollis aliquet. Fames donec bibendum purus tincidunt adipiscing viverra vel mi. Purus curae iaculis taciti urna ve sem hymenaeos mattis a. Nulla dolor amet facilisi. Justo massa risus conubia et justo dictumst. Justo metus. Felis porta ultrices malesuada id nullam eu nascetur congue adipiscing. Porta augue nam duis mus enim tristique lectus fermentum massa neque sodales nulla. Class lorem lobortis hac laoreet a. Felis velit nascetur purus. Dolor neque mattis mi pulvinar mus augue. Dolor nulla inceptos habitasse class ve mi. Proin purus. Felis massa praesent consequat risus pulvinar nibh sit arcu a quis.",
    "_atrefs": {},
    "_layout": "event_view",
    "_workflow_history": {
        "simple_publication_workflow": [
            {
                "action": null,
                "review_state": "private",
                "actor": "admin",
                "comments": "",
                "time": "2018/10/26 13:50:16.765874 GMT-4"
            },
            {
                "action": "publish",
                "review_state": "published",
                "actor": "admin",
                "comments": "",
                "time": "2018/10/26 13:51:44.244945 GMT-4"
            }
        ]
    },
    "_content_type_rights": "text/plain",
    "_directly_provided": [],
    "_classname": "ATEvent",
    "_userdefined_roles": [],
    "_content_type_contactEmail": "text/plain",
    "_content_type": "text/html",
    "_id": "magna-massa-dis-cras-cum-orci.",
    "modification_date": "2018/10/26 13:51:44.231924 GMT-4",
    "language": "en",
    "rights": "Felis justo. Nulla velit. Donec proin sed ipsum tristique eros hac. Proin massa fusce sem. Proin fames congue neque scelerisque ultrices tincidunt lacus cras velit pulvinar ve condimentum. Nulla purus suspendisse maecenas viverra et dictumst blandit tristique pharetra massa dignissim. Fusce etiam eni tincidunt tempor facilisi. Etiam felis. Class vitae sit metus morbi magna mollis. Felis proin congue cursus porttitor mi varius. Dolor neque rutrum primis ridiculus lectus arcu. Lacus nulla tempor eu ultricies magna dignissim nunc erat adipiscing. Porta lacus platea felis in semper iaculis posuere aptent quam. Magna augue ante a quam ve fermentum a. Proin vitae. Donec justo fringilla curabitur justo morbi duis est quis fringilla sed. Augue risus proin imperdiet.",
    "_atbrefs": {},
    "_content_type_description": "text/plain",
    "_owner": "admin",
    "_content_type_location": "text/plain",
    "_permissions": {
        "Modify portal content": {
            "acquire": false,
            "roles": [
                "Editor",
                "Manager",
                "Owner",
                "Site Administrator"
            ]
        },
        "Access contents information": {
            "acquire": false,
            "roles": [
                "Anonymous"
            ]
        },
        "View": {
            "acquire": false,
            "roles": [
                "Anonymous"
            ]
        }
    },
    "_properties": [
        [
            "title",
            "Magna massa dis cras cum orci.",
            "string"
        ]
    ],
    "allowDiscussion": false,
    "_gopip": 138,
    "creators": [
        "admin"
    ],
    "_ac_local_roles": {
        "admin": [
            "Owner"
        ]
    },
    "_path": "/Plone/events/magna-massa-dis-cras-cum-orci."
}