{
    "startDate": "2018/11/11 00:17:13.781204 GMT-4",
    "endDate": "2018/11/13 03:10:29.431460 GMT-4",
    "contributors": [],
    "_content_type_text": "text/html",
    "text": "<h1>Dic in quovis conventu te omnia facere, ne doleas.</h1>\n\n<p>Lorem ipsum dolor sit amet, consectetur adipiscing elit. Si enim ad populum me vocas, eum. Quicquid porro animo cernimus, id omne oritur a sensibus; </p>\n\n<p>At certe gravius. <code>Quo modo?</code> De quibus cupio scire quid sentias. </p>\n\n<ol>\n\t<li>An hoc usque quaque, aliter in vita?</li>\n\t<li>Quaesita enim virtus est, non quae relinqueret naturam, sed quae tueretur.</li>\n\t<li>Itaque vides, quo modo loquantur, nova verba fingunt, deserunt usitata.</li>\n\t<li>Saepe ab Aristotele, a Theophrasto mirabiliter est laudata per se ipsa rerum scientia;</li>\n</ol>\n\n\n<h2>Duo Reges: constructio interrete.</h2>\n\n<p>Immo alio genere; Pollicetur certe. Deprehensus omnem poenam contemnet. Ad eos igitur converte te, quaeso. </p>\n\n<pre>\nAufidio, praetorio, erudito homine, oculis capto, saepe\naudiebam, cum se lucis magis quam utilitatis desiderio\nmoveri diceret.\n\nCuius oratio attende, quaeso, Brute, satisne videatur\nAntiochi complexa esse sententiam, quam tibi, qui fratrem\neius Aristum frequenter audieris, maxime probatam existimo.\n</pre>\n\n\n<ul>\n\t<li>Ergo et avarus erit, sed finite, et adulter, verum habebit modum, et luxuriosus eodem modo.</li>\n\t<li>Laelius clamores sof\u00f2w ille so lebat Edere compellans gumias ex ordine nostros.</li>\n\t<li>Ex rebus enim timiditas, non ex vocabulis nascitur.</li>\n\t<li>Tantum dico, magis fuisse vestrum agere Epicuri diem natalem, quam illius testamento cavere ut ageretur.</li>\n\t<li>Levatio igitur vitiorum magna fit in iis, qui habent ad virtutem progressionis aliquantum.</li>\n</ul>\n\n\n<dl>\n\t<dt><dfn>Si longus, levis.</dfn></dt>\n\t<dd>Alia quaedam dicent, credo, magna antiquorum esse peccata, quae ille veri investigandi cupidus nullo modo ferre potuerit.</dd>\n\t<dt><dfn>Tu quidem reddes;</dfn></dt>\n\t<dd>Ergo hoc quidem apparet, nos ad agendum esse natos.</dd>\n\t<dt><dfn>Si longus, levis;</dfn></dt>\n\t<dd>Praeteritis, inquit, gaudeo.</dd>\n\t<dt><dfn>Erat enim Polemonis.</dfn></dt>\n\t<dd>Ita relinquet duas, de quibus etiam atque etiam consideret.</dd>\n</dl>\n\n\n",
    "eventUrl": "http://en.wikipedia.com/wiki/Lorem_ipsum",
    "creation_date": "2018/10/26 13:50:17.145518 GMT-4",
    "contactEmail": "loremipsum@mail.com",
    "_uid": "77db4914c61a4f199624250908e404cc",
    "expirationDate": "None",
    "contactName": "Fames massa magna semper platea ac dui ridiculus velit netus.",
    "_content_type_id": "text/plain",
    "contactPhone": "Felis risus.",
    "id": "lorem-purus-donec-placerat-ac-vitae-montes.",
    "subject": [],
    "attendees": [],
    "effectiveDate": "2018/10/26 13:51:44.258672 GMT-4",
    "title": "Lorem purus donec placerat ac vitae montes.",
    "_content_type_contactPhone": "text/plain",
    "_content_type_eventUrl": "text/plain",
    "_content_type_language": "text/plain",
    "_defaultpage": "",
    "location": "Morbi neque ullamcorper vehicula ante aliquam.",
    "_content_type_title": "text/plain",
    "excludeFromNav": true,
    "_content_type_contactName": "text/plain",
    "_type": "Event",
    "description": "Dolor morbi cubilia eni elementum fames donec euismod rhoncus. Nulla netus augue eni diam ut consectetuer. Velit fames. Class fames. Magna lacus platea id lacus placerat arcu sociis mi. Ipsum magna donec. Felis fames nullam id nascetur elit urna mi curae eu libero mattis dui elit pulvinar orci taciti lacinia diam. Risus class dictumst imperdiet proin a blandit lectus class interdum risus phasellus viverra consectetuer cubilia. Proin neque purus interdum. Vitae class. Magna dolor. Lacus purus. Neque metus ante id consectetuer euismod. Donec fusce ullamcorper cum eros. Risus nulla etiam justo augue rutrum nam feugiat neque. Nulla curae. Class dolor.",
    "_atrefs": {},
    "_layout": "event_view",
    "_workflow_history": {
        "simple_publication_workflow": [
            {
                "action": null,
                "review_state": "private",
                "actor": "admin",
                "comments": "",
                "time": "2018/10/26 13:50:17.148823 GMT-4"
            },
            {
                "action": "publish",
                "review_state": "published",
                "actor": "admin",
                "comments": "",
                "time": "2018/10/26 13:51:44.272395 GMT-4"
            }
        ]
    },
    "_content_type_rights": "text/plain",
    "_directly_provided": [],
    "_classname": "ATEvent",
    "_userdefined_roles": [],
    "_content_type_contactEmail": "text/plain",
    "_content_type": "text/html",
    "_id": "lorem-purus-donec-placerat-ac-vitae-montes.",
    "modification_date": "2018/10/26 13:51:44.258957 GMT-4",
    "language": "en",
    "rights": "Magna netus ipsum lacinia tristique at hendrerit fusce tristique viverra. Ipsum velit dui. Purus lacus leo nunc adipiscing turpis justo convallis sapien habitant vulputate. Purus vitae. Class metus. Lacus justo congue nonummy in vel ridiculus magnis a faucibus elit hac. Neque felis. Lacus magna. Justo felis montes urna. Lorem ipsum lorem ornare ut volutpat integer consectetuer. Augue velit sem orci a odio. Purus augue lorem non amet sed per ve. Velit etiam quam per. Velit magna.",
    "_atbrefs": {},
    "_content_type_description": "text/plain",
    "_owner": "admin",
    "_content_type_location": "text/plain",
    "_permissions": {
        "Modify portal content": {
            "acquire": false,
            "roles": [
                "Editor",
                "Manager",
                "Owner",
                "Site Administrator"
            ]
        },
        "Access contents information": {
            "acquire": false,
            "roles": [
                "Anonymous"
            ]
        },
        "View": {
            "acquire": false,
            "roles": [
                "Anonymous"
            ]
        }
    },
    "_properties": [
        [
            "title",
            "Lorem purus donec placerat ac vitae montes.",
            "string"
        ]
    ],
    "allowDiscussion": false,
    "_gopip": 139,
    "creators": [
        "admin"
    ],
    "_ac_local_roles": {
        "admin": [
            "Owner"
        ]
    },
    "_path": "/Plone/events/lorem-purus-donec-placerat-ac-vitae-montes."
}