{
    "startDate": "2018/10/16 10:14:38.967192 GMT-4",
    "endDate": "2018/10/16 13:15:59.449958 GMT-4",
    "contributors": [],
    "_content_type_text": "text/html",
    "text": "<h1>Audax negotium, dicerem impudens, nisi hoc institutum postea translatum ad philosophos nostros esset.</h1>\n\n<p>Lorem ipsum dolor sit amet, consectetur adipiscing elit. <a href='http://loripsum.net/' target='_blank'>Istam voluptatem perpetuam quis potest praestare sapienti?</a> Quid turpius quam sapientis vitam ex insipientium sermone pendere? Quae cum dixisset, finem ille. Duo Reges: constructio interrete. Erit enim mecum, si tecum erit. Quid, de quo nulla dissensio est? </p>\n\n<p>Sed mehercule pergrata mihi oratio tua. <a href='http://loripsum.net/' target='_blank'>Quis est tam dissimile homini.</a> Itaque ad tempus ad Pisonem omnes. Non quam nostram quidem, inquit Pomponius iocans; </p>\n\n<ul>\n\t<li>Tum ille timide vel potius verecunde: Facio, inquit.</li>\n\t<li>Similiter sensus, cum accessit ad naturam, tuetur illam quidem, sed etiam se tuetur;</li>\n</ul>\n\n\n<pre>\nNam illud quidem adduci vix possum, ut ea, quae senserit\nille, tibi non vera videantur.\n\nAtqui iste locus est, Piso, tibi etiam atque etiam\nconfirmandus, inquam;\n</pre>\n\n\n<ol>\n\t<li>Quid enim est a Chrysippo praetermissum in Stoicis?</li>\n\t<li>Nihil illinc huc pervenit.</li>\n\t<li>Illum mallem levares, quo optimum atque humanissimum virum, Cn.</li>\n\t<li>In qua si nihil est praeter rationem, sit in una virtute finis bonorum;</li>\n\t<li>Quid turpius quam sapientis vitam ex insipientium sermone pendere?</li>\n</ol>\n\n\n<p>Negare non possum. <a href='http://loripsum.net/' target='_blank'>Non semper, inquam;</a> Sullae consulatum? Indicant pueri, in quibus ut in speculis natura cernitur. Proclivi currit oratio. Que Manilium, ab iisque M. </p>\n\n<dl>\n\t<dt><dfn>Qui convenit?</dfn></dt>\n\t<dd>Eiuro, inquit adridens, iniquum, hac quidem de re;</dd>\n\t<dt><dfn>Tubulo putas dicere?</dfn></dt>\n\t<dd>Itaque his sapiens semper vacabit.</dd>\n\t<dt><dfn>Respondeat totidem verbis.</dfn></dt>\n\t<dd>Illud quaero, quid ei, qui in voluptate summum bonum ponat, consentaneum sit dicere.</dd>\n</dl>\n\n\n",
    "eventUrl": "http://en.wikipedia.com/wiki/Lorem_ipsum",
    "creation_date": "2018/10/26 13:50:17.516914 GMT-4",
    "contactEmail": "loremipsum@mail.com",
    "_uid": "34b92d2ec9934c6d87ef12b69e55960a",
    "expirationDate": "None",
    "contactName": "Netus metus per enim vehicula suscipit dolor.",
    "_content_type_id": "text/plain",
    "contactPhone": "Purus fusce luctus malesuada adipiscing nonummy.",
    "id": "proin-donec-erat-pretium-eget.",
    "subject": [],
    "attendees": [],
    "effectiveDate": "2018/10/26 13:51:44.285509 GMT-4",
    "title": "Proin donec erat pretium eget.",
    "_content_type_contactPhone": "text/plain",
    "_content_type_eventUrl": "text/plain",
    "_content_type_language": "text/plain",
    "_defaultpage": "",
    "location": "Lacus felis leo adipiscing.",
    "_content_type_title": "text/plain",
    "excludeFromNav": true,
    "_content_type_contactName": "text/plain",
    "_type": "Event",
    "description": "Dolor ipsum sem nibh mi nulla. Fusce porta praesent ipsum ut. Metus risus mus eros senectus suspendisse dis tortor mi sociis in arcu feugiat eu. Fames donec ligula nullam dui primis arcu fermentum. Fames neque habitant. Magna class montes non molestie laoreet etiam leo. Fames lacus nonummy per nibh lorem fames. Ipsum class quam ultrices massa hac vestibulum consequat condimentum nec montes risus nulla malesuada. Augue fusce laoreet. Lorem lacus scelerisque vehicula. Fames purus magnis fames purus ornare semper. Vitae morbi urna aliquam. Purus etiam tempus vitae ad velit mattis.",
    "_atrefs": {},
    "_layout": "event_view",
    "_workflow_history": {
        "simple_publication_workflow": [
            {
                "action": null,
                "review_state": "private",
                "actor": "admin",
                "comments": "",
                "time": "2018/10/26 13:50:17.523349 GMT-4"
            },
            {
                "action": "publish",
                "review_state": "published",
                "actor": "admin",
                "comments": "",
                "time": "2018/10/26 13:51:44.297635 GMT-4"
            }
        ]
    },
    "_content_type_rights": "text/plain",
    "_directly_provided": [],
    "_classname": "ATEvent",
    "_userdefined_roles": [],
    "_content_type_contactEmail": "text/plain",
    "_content_type": "text/html",
    "_id": "proin-donec-erat-pretium-eget.",
    "modification_date": "2018/10/26 13:51:44.285800 GMT-4",
    "language": "en",
    "rights": "Massa purus aliquam. Lorem neque sapien sollicitudin cubilia. Nulla morbi sed vulputate faucibus. Fames dolor quis molestie litora urna rutrum ut. Fames augue magnis platea rhoncus integer magnis nulla molestie purus fames ante. Augue netus cursus orci nunc elit. Massa metus faucibus vitae rutrum quam vel. Velit metus pretium facilisi cursus aenean neque adipiscing condimentum sapien ut. Fusce netus praesent nam mollis cum ante consectetuer lobortis purus. Magna felis a erat etiam libero ornare dis laoreet arcu mi accumsan luctus erat consectetuer. Morbi augue libero eu ligula laoreet ve luctus molestie. Ipsum proin bibendum urna id.",
    "_atbrefs": {},
    "_content_type_description": "text/plain",
    "_owner": "admin",
    "_content_type_location": "text/plain",
    "_permissions": {
        "Modify portal content": {
            "acquire": false,
            "roles": [
                "Editor",
                "Manager",
                "Owner",
                "Site Administrator"
            ]
        },
        "Access contents information": {
            "acquire": false,
            "roles": [
                "Anonymous"
            ]
        },
        "View": {
            "acquire": false,
            "roles": [
                "Anonymous"
            ]
        }
    },
    "_properties": [
        [
            "title",
            "Proin donec erat pretium eget.",
            "string"
        ]
    ],
    "allowDiscussion": false,
    "_gopip": 140,
    "creators": [
        "admin"
    ],
    "_ac_local_roles": {
        "admin": [
            "Owner"
        ]
    },
    "_path": "/Plone/events/proin-donec-erat-pretium-eget."
}