{
    "startDate": "2018/11/14 07:22:54.793766 GMT-4",
    "endDate": "2018/11/17 05:43:16.330824 GMT-4",
    "contributors": [],
    "_content_type_text": "text/html",
    "text": "<h1>Est enim effectrix multarum et magnarum voluptatum.</h1>\n\n<p>Lorem ipsum dolor sit amet, consectetur adipiscing elit. Quare ad ea primum, si videtur; <code>Invidiosum nomen est, infame, suspectum.</code> Laboro autem non sine causa; Prave, nequiter, turpiter cenabat; Duo Reges: constructio interrete. </p>\n\n<p>Id mihi magnum videtur. Est enim effectrix multarum et magnarum voluptatum. </p>\n\n<pre>\nItaque homo in primis ingenuus et gravis, dignus illa\nfamiliaritate Scipionis et Laelii, Panaetius, cum ad Q.\n\nAtque ut a corpore ordiar, videsne ut, si quae in membris\nprava aut debilitata aut inminuta sint, occultent homines?\n</pre>\n\n\n<ol>\n\t<li>Quis Aristidem non mortuum diligit?</li>\n\t<li>Qua tu etiam inprudens utebare non numquam.</li>\n\t<li>Maximeque eos videre possumus res gestas audire et legere velle, qui a spe gerendi absunt confecti senectute.</li>\n</ol>\n\n\n<ul>\n\t<li>Habent enim et bene longam et satis litigiosam disputationem.</li>\n\t<li>Magna laus.</li>\n\t<li>Non ego tecum iam ita iocabor, ut isdem his de rebus, cum L.</li>\n\t<li>Quid turpius quam sapientis vitam ex insipientium sermone pendere?</li>\n\t<li>Mihi, inquam, qui te id ipsum rogavi?</li>\n</ul>\n\n\n<p>Nonne videmus quanta perturbatio rerum omnium consequatur, quanta confusio? <a href='http://loripsum.net/' target='_blank'>Is es profecto tu.</a> Istic sum, inquit. Tu vero, inquam, ducas licet, si sequetur; Efficiens dici potest. </p>\n\n<dl>\n\t<dt><dfn>Reguli reiciendam;</dfn></dt>\n\t<dd>Sed utrum hortandus es nobis, Luci, inquit, an etiam tua sponte propensus es?</dd>\n\t<dt><dfn>Pollicetur certe.</dfn></dt>\n\t<dd>Quae duo sunt, unum facit.</dd>\n\t<dt><dfn>Res enim concurrent contrariae.</dfn></dt>\n\t<dd>Quo modo autem philosophus loquitur?</dd>\n\t<dt><dfn>Quid vero?</dfn></dt>\n\t<dd>Ac ne plura complectar-sunt enim innumerabilia-, bene laudata virtus voluptatis aditus intercludat necesse est.</dd>\n</dl>\n\n\n",
    "eventUrl": "http://en.wikipedia.com/wiki/Lorem_ipsum",
    "creation_date": "2018/10/26 13:50:17.886244 GMT-4",
    "contactEmail": "loremipsum@mail.com",
    "_uid": "d4abca8a9eb441b98d4804a7feda42df",
    "expirationDate": "None",
    "contactName": "Dolor proin nullam justo tortor netus suspendisse volutpat nibh amet aliquam at nulla cum erat ante.",
    "_content_type_id": "text/plain",
    "contactPhone": "Velit netus scelerisque nam ornare orci potenti rutrum per.",
    "id": "augue-purus-cubilia-nam-eros-sit-risus-neque-phasellus-primis-habitant-parturient.",
    "subject": [],
    "attendees": [],
    "effectiveDate": "2018/10/26 13:51:44.311418 GMT-4",
    "title": "Augue purus cubilia nam eros sit risus neque phasellus primis habitant parturient.",
    "_content_type_contactPhone": "text/plain",
    "_content_type_eventUrl": "text/plain",
    "_content_type_language": "text/plain",
    "_defaultpage": "",
    "location": "Magna risus felis augue nullam mattis cum.",
    "_content_type_title": "text/plain",
    "excludeFromNav": true,
    "_content_type_contactName": "text/plain",
    "_type": "Event",
    "description": "Etiam porta class molestie mus ac varius accumsan scelerisque. Class morbi fringilla non ipsum est curabitur risus diam. Etiam massa. Nulla lorem. Felis curae odio blandit ve arcu tortor. Felis neque pretium ultrices ut suspendisse orci hendrerit. Ipsum justo hac sed ad consectetuer aenean. Ipsum fusce. Lacus velit sed urna elit pede commodo cras. Justo purus eros pretium ut. Netus curae pretium habitant sodales aliquam. Vitae lorem augue litora. Donec metus luctus facilisis per. Justo etiam. Justo dolor cum duis bibendum habitasse massa eu venenatis hymenaeos purus ut netus ac senectus. Fames felis nisi justo mi neque tempor fermentum facilisi. Magna porta. Curae porta hac venenatis mattis. Vitae purus montes at suscipit luctus mollis cubilia natoque diam.",
    "_atrefs": {},
    "_layout": "event_view",
    "_workflow_history": {
        "simple_publication_workflow": [
            {
                "action": null,
                "review_state": "private",
                "actor": "admin",
                "comments": "",
                "time": "2018/10/26 13:50:17.890030 GMT-4"
            },
            {
                "action": "publish",
                "review_state": "published",
                "actor": "admin",
                "comments": "",
                "time": "2018/10/26 13:51:44.325751 GMT-4"
            }
        ]
    },
    "_content_type_rights": "text/plain",
    "_directly_provided": [],
    "_classname": "ATEvent",
    "_userdefined_roles": [],
    "_content_type_contactEmail": "text/plain",
    "_content_type": "text/html",
    "_id": "augue-purus-cubilia-nam-eros-sit-risus-neque-phasellus-primis-habitant-parturient.",
    "modification_date": "2018/10/26 13:51:44.311692 GMT-4",
    "language": "en",
    "rights": "Netus curae. Etiam lacus blandit nam id imperdiet. Netus nulla suspendisse at tempor conubia ac nec fringilla magnis. Magna metus primis dis interdum facilisis dolor hendrerit. Metus curae. Velit justo fermentum ullamcorper vel eget placerat. Fusce neque felis. Dolor ipsum fusce sed platea vivamus conubia odio eget arcu. Nulla class amet feugiat amet ante interdum. Metus augue. Fusce fames vel nisl dis. Nulla morbi. Nulla metus. Ipsum proin sodales litora vitae iaculis dictumst cursus elit. Curae magna. Massa porta erat lacinia phasellus id at fames dis. Risus ipsum blandit cum vivamus tempor eu.",
    "_atbrefs": {},
    "_content_type_description": "text/plain",
    "_owner": "admin",
    "_content_type_location": "text/plain",
    "_permissions": {
        "Modify portal content": {
            "acquire": false,
            "roles": [
                "Editor",
                "Manager",
                "Owner",
                "Site Administrator"
            ]
        },
        "Access contents information": {
            "acquire": false,
            "roles": [
                "Anonymous"
            ]
        },
        "View": {
            "acquire": false,
            "roles": [
                "Anonymous"
            ]
        }
    },
    "_properties": [
        [
            "title",
            "Augue purus cubilia nam eros sit risus neque phasellus primis habitant parturient.",
            "string"
        ]
    ],
    "allowDiscussion": false,
    "_gopip": 141,
    "creators": [
        "admin"
    ],
    "_ac_local_roles": {
        "admin": [
            "Owner"
        ]
    },
    "_path": "/Plone/events/augue-purus-cubilia-nam-eros-sit-risus-neque-phasellus-primis-habitant-parturient."
}