{
    "startDate": "2018/10/16 08:19:46.022518 GMT-4",
    "endDate": "2018/10/16 10:44:15.475413 GMT-4",
    "contributors": [],
    "_content_type_text": "text/html",
    "text": "<h1>Tu enim ista lenius, hic Stoicorum more nos vexat.</h1>\n\n<p>Lorem ipsum dolor sit amet, consectetur adipiscing elit. Quamquam te quidem video minime esse deterritum. Quae cum dixisset paulumque institisset, Quid est? <a href='http://loripsum.net/' target='_blank'>Quid igitur, inquit, eos responsuros putas?</a> Duo Reges: constructio interrete. </p>\n\n<pre>\nHanc se tuus Epicurus omnino ignorare dicit quam aut qualem\nesse velint qui honestate summum bonum metiantur.\n\nSed ut iis bonis erigimur, quae expectamus, sic laetamur\niis, quae recordamur.\n</pre>\n\n\n<p>Quid igitur, inquit, eos responsuros putas? <a href='http://loripsum.net/' target='_blank'>Audeo dicere, inquit.</a> Non potes, nisi retexueris illa. Si longus, levis; Est, ut dicis, inquit; Tubulo putas dicere? Vide, quantum, inquam, fallare, Torquate. Quid iudicant sensus? </p>\n\n<p>Et nemo nimium beatus est; Addidisti ad extremum etiam indoctum fuisse. <code>Hic ambiguo ludimur.</code> </p>\n\n<ul>\n\t<li>Sed nonne merninisti licere mihi ista probare, quae sunt a te dicta?</li>\n\t<li>Iis igitur est difficilius satis facere, qui se Latina scripta dicunt contemnere.</li>\n</ul>\n\n\n<dl>\n\t<dt><dfn>Si quae forte-possumus.</dfn></dt>\n\t<dd>Quem Tiberina descensio festo illo die tanto gaudio affecit, quanto L.</dd>\n\t<dt><dfn>Primum divisit ineleganter;</dfn></dt>\n\t<dd>Luxuriam non reprehendit, modo sit vacua infinita cupiditate et timore.</dd>\n\t<dt><dfn>Quare attende, quaeso.</dfn></dt>\n\t<dd>Sic enim censent, oportunitatis esse beate vivere.</dd>\n\t<dt><dfn>Explanetur igitur.</dfn></dt>\n\t<dd>Sed quid minus probandum quam esse aliquem beatum nec satis beatum?</dd>\n</dl>\n\n\n<ol>\n\t<li>Si enim ita est, vide ne facinus facias, cum mori suadeas.</li>\n\t<li>Certe, nisi voluptatem tanti aestimaretis.</li>\n\t<li>Atque ab isto capite fluere necesse est omnem rationem bonorum et malorum.</li>\n\t<li>Mihi quidem Homerus huius modi quiddam vidisse videatur in iis, quae de Sirenum cantibus finxerit.</li>\n\t<li>Cupit enim d\u00edcere nihil posse ad beatam vitam deesse sapienti.</li>\n\t<li>Nihil opus est exemplis hoc facere longius.</li>\n</ol>\n\n\n",
    "eventUrl": "http://en.wikipedia.com/wiki/Lorem_ipsum",
    "creation_date": "2018/10/26 13:50:19.340952 GMT-4",
    "contactEmail": "loremipsum@mail.com",
    "_uid": "12d3828293654bea828445c4359c0ffe",
    "expirationDate": "None",
    "contactName": "Donec justo commodo vulputate quam ullamcorper cubilia eni mi rutrum.",
    "_content_type_id": "text/plain",
    "contactPhone": "Porta magna massa nulla a pede.",
    "id": "augue-velit.",
    "subject": [],
    "attendees": [],
    "effectiveDate": "2018/10/26 13:51:44.415687 GMT-4",
    "title": "Augue velit.",
    "_content_type_contactPhone": "text/plain",
    "_content_type_eventUrl": "text/plain",
    "_content_type_language": "text/plain",
    "_defaultpage": "",
    "location": "Augue nulla leo elit cras ultricies praesent ornare nisl.",
    "_content_type_title": "text/plain",
    "excludeFromNav": false,
    "_content_type_contactName": "text/plain",
    "_type": "Event",
    "description": "Massa justo. Fusce proin enim a eget morbi viverra auctor. Neque proin hac fusce feugiat ridiculus cum vivamus a. Neque metus. Massa neque eget sem posuere lobortis augue mi consectetuer egestas fames felis sagittis tristique. Purus ipsum litora. Augue metus pharetra. Massa metus habitasse libero maecenas. Class ipsum tellus nibh sollicitudin volutpat metus iaculis dictum arcu ut eros dictumst. Dolor felis lobortis mus eu libero hac magnis nonummy. Morbi massa ligula quam sociis posuere potenti nisl parturient. Neque risus donec fusce turpis risus leo duis. Donec netus felis sociis justo imperdiet leo cum consectetuer tempus. Purus fames enim in arcu nec nulla nam quis pulvinar. Fusce felis imperdiet vitae felis lacus. Dolor fames fusce mus adipiscing ve vehicula urna pretium. Massa class lacus donec lacus habitasse orci.",
    "_atrefs": {},
    "_layout": "event_view",
    "_workflow_history": {
        "simple_publication_workflow": [
            {
                "action": null,
                "review_state": "private",
                "actor": "admin",
                "comments": "",
                "time": "2018/10/26 13:50:19.344534 GMT-4"
            },
            {
                "action": "publish",
                "review_state": "published",
                "actor": "admin",
                "comments": "",
                "time": "2018/10/26 13:51:44.428978 GMT-4"
            }
        ]
    },
    "_content_type_rights": "text/plain",
    "_directly_provided": [],
    "_classname": "ATEvent",
    "_userdefined_roles": [],
    "_content_type_contactEmail": "text/plain",
    "_content_type": "text/html",
    "_id": "augue-velit.",
    "modification_date": "2018/10/26 13:51:44.415986 GMT-4",
    "language": "en",
    "rights": "Lacus fames suspendisse cum ve. Massa etiam hymenaeos. Magna justo. Ipsum morbi sed consequat quis elit eget enim pede. Vitae netus nunc natoque sapien in pede. Netus lacus a platea malesuada ac dolor tempus. Dolor felis ornare. Neque morbi congue odio metus vulputate pulvinar.",
    "_atbrefs": {},
    "_content_type_description": "text/plain",
    "_owner": "admin",
    "_content_type_location": "text/plain",
    "_permissions": {
        "Modify portal content": {
            "acquire": false,
            "roles": [
                "Editor",
                "Manager",
                "Owner",
                "Site Administrator"
            ]
        },
        "Access contents information": {
            "acquire": false,
            "roles": [
                "Anonymous"
            ]
        },
        "View": {
            "acquire": false,
            "roles": [
                "Anonymous"
            ]
        }
    },
    "_properties": [
        [
            "title",
            "Augue velit.",
            "string"
        ]
    ],
    "allowDiscussion": false,
    "_gopip": 145,
    "creators": [
        "admin"
    ],
    "_ac_local_roles": {
        "admin": [
            "Owner"
        ]
    },
    "_path": "/Plone/events/augue-velit."
}