{
    "startDate": "2018/11/13 13:47:59.730650 GMT-4",
    "endDate": "2018/11/14 14:43:14.758249 GMT-4",
    "contributors": [],
    "_content_type_text": "text/html",
    "text": "<h1>Quam ob rem tandem, inquit, non satisfacit?</h1>\n\n<p>Lorem ipsum dolor sit amet, consectetur adipiscing elit. <code>Quamquam ab iis philosophiam et omnes ingenuas disciplinas habemus;</code> Suo genere perveniant ad extremum; Collige omnia, quae soletis: Praesidium amicorum. Sin aliud quid voles, postea. Sed virtutem ipsam inchoavit, nihil amplius. </p>\n\n<ol>\n\t<li>Satisne vobis videor pro meo iure in vestris auribus commentatus?</li>\n\t<li>Quae cum dixisset paulumque institisset, Quid est?</li>\n\t<li>Quod maxime efficit Theophrasti de beata vita liber, in quo multum admodum fortunae datur.</li>\n\t<li>Restinguet citius, si ardentem acceperit.</li>\n\t<li>Eadem nunc mea adversum te oratio est.</li>\n\t<li>At hoc in eo M.</li>\n</ol>\n\n\n<p>Duo Reges: constructio interrete. <a href='http://loripsum.net/' target='_blank'>Quae cum dixisset, finem ille.</a> Immo alio genere; Haec igitur Epicuri non probo, inquam. Sint modo partes vitae beatae. </p>\n\n<pre>\nQuis enim potest istis, quae te, ut ais, delectant, brevibus\net acutis auditis de sententia decedere?\n\nAt quanta conantur! Mundum hunc omnem oppidum esse nostrum!\nIncendi igitur eos, qui audiunt, vides.\n</pre>\n\n\n<p>Cum praesertim illa perdiscere ludus esset. Nihil illinc huc pervenit. Mene ergo et Triarium dignos existimas, apud quos turpiter loquare? Hoc simile tandem est? </p>\n\n<ul>\n\t<li>Ita multo sanguine profuso in laetitia et in victoria est mortuus.</li>\n\t<li>Iam id ipsum absurdum, maximum malum neglegi.</li>\n\t<li>Age nunc isti doceant, vel tu potius quis enim ista melius?</li>\n\t<li>Utinam quidem dicerent alium alio beatiorem! Iam ruinas videres.</li>\n\t<li>Illa argumenta propria videamus, cur omnia sint paria peccata.</li>\n</ul>\n\n\n<dl>\n\t<dt><dfn>Proclivi currit oratio.</dfn></dt>\n\t<dd>Ab his oratores, ab his imperatores ac rerum publicarum principes extiterunt.</dd>\n\t<dt><dfn>Recte, inquit, intellegis.</dfn></dt>\n\t<dd>Nihil enim iam habes, quod ad corpus referas;</dd>\n\t<dt><dfn>Venit ad extremum;</dfn></dt>\n\t<dd>Cupit enim d\u00edcere nihil posse ad beatam vitam deesse sapienti.</dd>\n</dl>\n\n\n",
    "eventUrl": "http://en.wikipedia.com/wiki/Lorem_ipsum",
    "creation_date": "2018/10/26 13:50:20.423035 GMT-4",
    "contactEmail": "loremipsum@mail.com",
    "_uid": "b276923edeb64ed7a5310330c2cd8253",
    "expirationDate": "None",
    "contactName": "Vitae felis pulvinar morbi sed per at massa faucibus.",
    "_content_type_id": "text/plain",
    "contactPhone": "Justo dolor sit.",
    "id": "lorem-fames-est-luctus-ac-at.",
    "subject": [],
    "attendees": [],
    "effectiveDate": "2018/10/26 13:51:44.493658 GMT-4",
    "title": "Lorem fames est luctus ac at.",
    "_content_type_contactPhone": "text/plain",
    "_content_type_eventUrl": "text/plain",
    "_content_type_language": "text/plain",
    "_defaultpage": "",
    "location": "Vitae massa lobortis magna et hymenaeos adipiscing est vestibulum ut.",
    "_content_type_title": "text/plain",
    "excludeFromNav": false,
    "_content_type_contactName": "text/plain",
    "_type": "Event",
    "description": "Netus velit. Netus curae massa sem cras nunc magnis porta nisi molestie. Neque lacus torquent. Lacus neque. Curae nulla aptent venenatis mi. Netus donec sed turpis ultrices nibh est dolor vestibulum conubia. Metus ipsum sapien taciti imperdiet penatibus parturient dis dolor. Curae risus tincidunt feugiat consectetuer tincidunt lacus viverra dapibus porttitor sagittis justo cubilia sem. Felis lacus netus amet potenti magna per montes ac accumsan cum vivamus sociosqu neque curae. Vitae justo proin morbi taciti. Nulla metus lacus posuere. Nulla velit fames.",
    "_atrefs": {},
    "_layout": "event_view",
    "_workflow_history": {
        "simple_publication_workflow": [
            {
                "action": null,
                "review_state": "private",
                "actor": "admin",
                "comments": "",
                "time": "2018/10/26 13:50:20.427372 GMT-4"
            },
            {
                "action": "publish",
                "review_state": "published",
                "actor": "admin",
                "comments": "",
                "time": "2018/10/26 13:51:44.508449 GMT-4"
            }
        ]
    },
    "_content_type_rights": "text/plain",
    "_directly_provided": [],
    "_classname": "ATEvent",
    "_userdefined_roles": [],
    "_content_type_contactEmail": "text/plain",
    "_content_type": "text/html",
    "_id": "lorem-fames-est-luctus-ac-at.",
    "modification_date": "2018/10/26 13:51:44.493990 GMT-4",
    "language": "en",
    "rights": "Etiam neque enim proin commodo leo tristique erat scelerisque quisque ullamcorper eget. Etiam neque vel. Ipsum proin sapien ut et ornare. Porta curae ligula auctor. Morbi fames odio et curabitur. Fames dolor primis sollicitudin. Etiam velit quisque amet vel ante quisque. Lorem felis a cubilia at torquent. Porta risus eget aliquet habitasse nisi pede. Morbi class vulputate accumsan auctor magnis nunc. Neque vitae. Nulla dolor felis dis parturient curabitur dolor. Massa purus sapien quam turpis et at montes ultrices venenatis. Neque curae nisl feugiat. Lacus dolor torquent dignissim. Morbi felis justo. Ipsum netus. Class vitae libero dictum arcu aliquam mi aliquet quis torquent pellentesque.",
    "_atbrefs": {},
    "_content_type_description": "text/plain",
    "_owner": "admin",
    "_content_type_location": "text/plain",
    "_permissions": {
        "Modify portal content": {
            "acquire": false,
            "roles": [
                "Editor",
                "Manager",
                "Owner",
                "Site Administrator"
            ]
        },
        "Access contents information": {
            "acquire": false,
            "roles": [
                "Anonymous"
            ]
        },
        "View": {
            "acquire": false,
            "roles": [
                "Anonymous"
            ]
        }
    },
    "_properties": [
        [
            "title",
            "Lorem fames est luctus ac at.",
            "string"
        ]
    ],
    "allowDiscussion": false,
    "_gopip": 148,
    "creators": [
        "admin"
    ],
    "_ac_local_roles": {
        "admin": [
            "Owner"
        ]
    },
    "_path": "/Plone/events/lorem-fames-est-luctus-ac-at."
}