{
    "startDate": "2018/10/13 02:25:16.191474 GMT-4",
    "endDate": "2018/10/13 17:17:37.527591 GMT-4",
    "contributors": [],
    "_content_type_text": "text/html",
    "text": "<h1>Aperiendum est igitur, quid sit voluptas;</h1>\n\n<p>Lorem ipsum dolor sit amet, consectetur adipiscing elit. Sedulo, inquam, faciam. Nunc de hominis summo bono quaeritur; Quod cum dixissent, ille contra. Proclivi currit oratio. <code>Duo Reges: constructio interrete.</code> <a href='http://loripsum.net/' target='_blank'>Certe non potest.</a> </p>\n\n<p>Multoque hoc melius nos veriusque quam Stoici. Quid iudicant sensus? Nondum autem explanatum satis, erat, quid maxime natura vellet. Sed in rebus apertissimis nimium longi sumus. Falli igitur possumus. </p>\n\n<ul>\n\t<li>Diodorus, eius auditor, adiungit ad honestatem vacuitatem doloris.</li>\n\t<li>Quod non faceret, si in voluptate summum bonum poneret.</li>\n\t<li>Ut id aliis narrare gestiant?</li>\n\t<li>Piso igitur hoc modo, vir optimus tuique, ut scis, amantissimus.</li>\n</ul>\n\n\n<ol>\n\t<li>Post enim Chrysippum eum non sane est disputatum.</li>\n\t<li>Morbo gravissimo affectus, exul, orbus, egens, torqueatur eculeo: quem hunc appellas, Zeno?</li>\n\t<li>Quod eo liquidius faciet, si perspexerit rerum inter eas verborumne sit controversia.</li>\n\t<li>Num igitur eum postea censes anxio animo aut sollicito fuisse?</li>\n</ol>\n\n\n<p>Comprehensum, quod cognitum non habet? Sed residamus, inquit, si placet. </p>\n\n<dl>\n\t<dt><dfn>Confecta res esset.</dfn></dt>\n\t<dd>Ex ea difficultate illae fallaciloquae, ut ait Accius, malitiae natae sunt.</dd>\n\t<dt><dfn>Quare attende, quaeso.</dfn></dt>\n\t<dd>Nec vero alia sunt quaerenda contra Carneadeam illam sententiam.</dd>\n\t<dt><dfn>Nihilo magis.</dfn></dt>\n\t<dd>Istam voluptatem perpetuam quis potest praestare sapienti?</dd>\n\t<dt><dfn>Scrupulum, inquam, abeunti;</dfn></dt>\n\t<dd>Quae cum praeponunt, ut sit aliqua rerum selectio, naturam videntur sequi;</dd>\n</dl>\n\n\n<pre>\nEt hanc quidem primam exigam a te operam, ut audias me quae\na te dicta sunt refellentem.\n\nBonum appello quicquid secundurn naturam est, quod contra\nmalum, nec ego solus, sed tu etiam, Chrysippe, in foro,\ndomi;\n</pre>\n\n\n",
    "eventUrl": "http://en.wikipedia.com/wiki/Lorem_ipsum",
    "creation_date": "2018/10/26 13:50:20.787073 GMT-4",
    "contactEmail": "loremipsum@mail.com",
    "_uid": "f552520c868b49a9b2f2cb330536837b",
    "expirationDate": "None",
    "contactName": "Dolor lacus.",
    "_content_type_id": "text/plain",
    "contactPhone": "Vitae risus bibendum vulputate mus accumsan hymenaeos.",
    "id": "massa-velit-feugiat-hendrerit-nisi-mus-in-sociis-nostra-risus-eleifend-id.",
    "subject": [],
    "attendees": [],
    "effectiveDate": "2018/10/26 13:51:44.527269 GMT-4",
    "title": "Massa velit feugiat hendrerit nisi mus in sociis nostra risus eleifend id.",
    "_content_type_contactPhone": "text/plain",
    "_content_type_eventUrl": "text/plain",
    "_content_type_language": "text/plain",
    "_defaultpage": "",
    "location": "Magna neque ultrices adipiscing mauris molestie urna nonummy nunc adipiscing nibh tincidunt maecenas placerat eu hac.",
    "_content_type_title": "text/plain",
    "excludeFromNav": true,
    "_content_type_contactName": "text/plain",
    "_type": "Event",
    "description": "Nulla etiam vitae molestie risus nascetur vestibulum iaculis eget arcu. Vitae curae blandit aliquet montes est vestibulum litora dolor posuere odio lorem lacus velit. Risus justo pede orci commodo montes. Felis vitae. Fusce massa class nec etiam neque iaculis aptent est nibh fringilla penatibus odio mus. Velit ipsum cursus dapibus ve. Vitae purus dui auctor a dictumst elit quisque etiam mus lacus vel. Netus velit habitant morbi sollicitudin curabitur curae praesent ut etiam. Class netus nisi. Purus velit taciti condimentum. Ipsum neque placerat penatibus. Neque lacus netus primis mi hac pede cras porta gravida arcu vehicula eu. Lorem curae sem vel est quisque a ullamcorper sem. Metus proin nibh mollis feugiat sapien. Augue velit facilisi nisi vulputate in imperdiet adipiscing elit. Porta vitae.",
    "_atrefs": {},
    "_layout": "event_view",
    "_workflow_history": {
        "simple_publication_workflow": [
            {
                "action": null,
                "review_state": "private",
                "actor": "admin",
                "comments": "",
                "time": "2018/10/26 13:50:20.791687 GMT-4"
            },
            {
                "action": "publish",
                "review_state": "published",
                "actor": "admin",
                "comments": "",
                "time": "2018/10/26 13:51:44.541520 GMT-4"
            }
        ]
    },
    "_content_type_rights": "text/plain",
    "_directly_provided": [],
    "_classname": "ATEvent",
    "_userdefined_roles": [],
    "_content_type_contactEmail": "text/plain",
    "_content_type": "text/html",
    "_id": "massa-velit-feugiat-hendrerit-nisi-mus-in-sociis-nostra-risus-eleifend-id.",
    "modification_date": "2018/10/26 13:51:44.527539 GMT-4",
    "language": "en",
    "rights": "Lorem donec felis urna nam nisl placerat. Augue class aptent et mi ut et urna sagittis. Neque risus nullam ullamcorper lorem taciti consectetuer ridiculus morbi. Dolor porta montes amet curae fusce dui morbi tellus mauris est nam quisque curae quis. Ipsum curae faucibus proin. Fusce morbi nullam venenatis pharetra vitae ut habitant. Justo proin duis. Vitae magna sem tristique duis sed a. Netus proin.",
    "_atbrefs": {},
    "_content_type_description": "text/plain",
    "_owner": "admin",
    "_content_type_location": "text/plain",
    "_permissions": {
        "Modify portal content": {
            "acquire": false,
            "roles": [
                "Editor",
                "Manager",
                "Owner",
                "Site Administrator"
            ]
        },
        "Access contents information": {
            "acquire": false,
            "roles": [
                "Anonymous"
            ]
        },
        "View": {
            "acquire": false,
            "roles": [
                "Anonymous"
            ]
        }
    },
    "_properties": [
        [
            "title",
            "Massa velit feugiat hendrerit nisi mus in sociis nostra risus eleifend id.",
            "string"
        ]
    ],
    "allowDiscussion": false,
    "_gopip": 149,
    "creators": [
        "admin"
    ],
    "_ac_local_roles": {
        "admin": [
            "Owner"
        ]
    },
    "_path": "/Plone/events/massa-velit-feugiat-hendrerit-nisi-mus-in-sociis-nostra-risus-eleifend-id."
}