{
    "contributors": [],
    "_content_type_text": "text/html",
    "text": "<h1>At ille non pertimuit saneque fidenter: Istis quidem ipsis verbis, inquit;</h1>\n\n<p>Lorem ipsum dolor sit amet, consectetur adipiscing elit. Non dolere, inquam, istud quam vim habeat postea videro; Si longus, levis; Ut optime, secundum naturam affectum esse possit. </p>\n\n<p>Duo Reges: constructio interrete. Quare attende, quaeso. Nihil opus est exemplis hoc facere longius. Haeret in salebra. </p>\n\n<ol>\n\t<li>Stoici restant, ei quidem non unam aliquam aut alteram rem a nobis, sed totam ad se nostram philosophiam transtulerunt;</li>\n\t<li>Non semper, inquam;</li>\n</ol>\n\n\n<h2>Tamen a proposito, inquam, aberramus.</h2>\n\n<p>Pauca mutat vel plura sane; Sed quod proximum fuit non vidit. Illa tamen simplicia, vestra versuta. Ac tamen hic mallet non dolere. Putabam equidem satis, inquit, me dixisse. Contemnit enim disserendi elegantiam, confuse loquitur. Summum en\u00edm bonum exposuit vacuitatem doloris; </p>\n\n<dl>\n\t<dt><dfn>Paria sunt igitur.</dfn></dt>\n\t<dd>Hic Speusippus, hic Xenocrates, hic eius auditor Polemo, cuius illa ipsa sessio fuit, quam videmus.</dd>\n\t<dt><dfn>Quare conare, quaeso.</dfn></dt>\n\t<dd>Ita ne hoc quidem modo paria peccata sunt.</dd>\n\t<dt><dfn>Venit ad extremum;</dfn></dt>\n\t<dd>Addo etiam illud, multa iam mihi dare signa puerum et pudoris et ingenii, sed aetatem vides.</dd>\n</dl>\n\n\n<ul>\n\t<li>Sed emolumenta communia esse dicuntur, recte autem facta et peccata non habentur communia.</li>\n\t<li>Inde sermone vario sex illa a Dipylo stadia confecimus.</li>\n\t<li>Ista ipsa, quae tu breviter: regem, dictatorem, divitem solum esse sapientem, a te quidem apte ac rotunde;</li>\n\t<li>Nulla erit controversia.</li>\n</ul>\n\n\n",
    "creation_date": "2018/10/26 17:56:1.086011 GMT-4",
    "_uid": "2b1f436d9e214d68a24dd8e77b8bd7a9",
    "expirationDate": "None",
    "_content_type_id": "text/plain",
    "id": "porta-massa-commodo-ut-arcu-vitae-ligula-et-maecenas.",
    "subject": [],
    "effectiveDate": "None",
    "title": "Porta massa commodo ut arcu vitae ligula et maecenas.",
    "_ac_local_roles": {
        "admin": [
            "Owner"
        ]
    },
    "_content_type_language": "text/plain",
    "_defaultpage": "",
    "location": "Class neque mus vestibulum facilisis.",
    "_content_type_title": "text/plain",
    "excludeFromNav": false,
    "presentation": false,
    "_type": "Document",
    "description": "Curae dolor. Purus nulla primis sociosqu phasellus pellentesque parturient nibh tempor. Massa neque ligula dictumst. Purus massa eleifend vitae id nullam. Augue netus nec mauris placerat magna eni quis leo donec eros. Fusce class nunc est phasellus nullam. Donec magna. Purus morbi dictum dolor in luctus eu purus in dolor pede cum tortor a iaculis. Augue fusce ante. Felis lacus pede maecenas orci. Porta donec varius molestie fermentum duis. Netus felis etiam vel cum mi a tempor dolor arcu. Donec purus nullam suspendisse dolor aenean. Lorem donec sagittis adipiscing elementum fames justo feugiat. Proin risus sapien praesent nibh dignissim consectetuer parturient amet. Etiam felis. Felis risus.",
    "_atrefs": {},
    "_layout": "document_view",
    "_workflow_history": {
        "simple_publication_workflow": [
            {
                "action": null,
                "review_state": "private",
                "actor": "admin",
                "comments": "",
                "time": "2018/10/26 17:56:1.109763 GMT-4"
            },
            {
                "action": "publish",
                "review_state": "published",
                "actor": "admin",
                "comments": "",
                "time": "2018/10/26 17:56:2.793267 GMT-4"
            }
        ]
    },
    "_content_type_rights": "text/plain",
    "_directly_provided": [],
    "language": "en",
    "tableContents": false,
    "_classname": "ATDocument",
    "banner": "<h1>Scio enim esse quosdam, qui quavis lingua philosophari possint;</h1>\n\n<p>Lorem ipsum dolor sit amet, consectetur adipiscing elit. Duo Reges: constructio interrete. <a href='http://loripsum.net/' target='_blank'>Moriatur, inquit.</a> </p>\n\n<dl>\n\t<dt><dfn>Ille incendat?</dfn></dt>\n\t<dd>Qui non moveatur et offensione turpitudinis et comprobatione honestatis?</dd>\n\t<dt><dfn>Quid iudicant sensus?</dfn></dt>\n\t<dd>Re mihi non aeque satisfacit, et quidem locis pluribus.</dd>\n\t<dt><dfn>Itaque fecimus.</dfn></dt>\n\t<dd>Nullis enim partitionibus, nullis definitionibus utuntur ipsique dicunt ea se modo probare, quibus natura tacita adsentiatur.</dd>\n</dl>\n\n\n<p>Non quam nostram quidem, inquit Pomponius iocans; Non enim quaero quid verum, sed quid cuique dicendum sit. Quae contraria sunt his, malane? Sed haec in pueris; <a href='http://loripsum.net/' target='_blank'>Pauca mutat vel plura sane;</a> </p>\n\n<p>Quaerimus enim finem bonorum. Aperiendum est igitur, quid sit voluptas; Non autem hoc: igitur ne illud quidem. Cur, nisi quod turpis oratio est? </p>\n\n<ul>\n\t<li>Illa sunt similia: hebes acies est cuipiam oculorum, corpore alius senescit;</li>\n\t<li>Quid, cum fictas fabulas, e quibus utilitas nulla elici potest, cum voluptate legimus?</li>\n\t<li>Isto modo, ne si avia quidem eius nata non esset.</li>\n\t<li>Quamquam haec quidem praeposita recte et reiecta dicere licebit.</li>\n\t<li>Et quod est munus, quod opus sapientiae?</li>\n\t<li>Negat esse eam, inquit, propter se expetendam.</li>\n</ul>\n\n\n<ol>\n\t<li>Si longus, levis;</li>\n\t<li>Cum sciret confestim esse moriendum eamque mortem ardentiore studio peteret, quam Epicurus voluptatem petendam putat.</li>\n</ol>\n\n\n",
    "_userdefined_roles": [],
    "_content_type": "text/html",
    "_id": "porta-massa-commodo-ut-arcu-vitae-ligula-et-maecenas.",
    "modification_date": "2018/10/26 17:56:2.806242 GMT-4",
    "_content_type_banner": "text/html",
    "rights": "Lacus augue nisl magnis imperdiet faucibus nullam. Ipsum purus nibh eget conubia iaculis dignissim tellus volutpat fames. Lorem class netus sit interdum. Etiam morbi nostra pulvinar curae eu elit tempus mollis malesuada. Proin lorem condimentum sociosqu massa vivamus. Augue magna. Netus justo scelerisque sem litora facilisi porta in quis felis faucibus ut condimentum. Massa nulla curae quisque quam non ipsum. Netus porta lorem tortor sociosqu ridiculus inceptos tortor duis ac. Augue curae quis hymenaeos curae pede facilisi vel egestas lobortis fames purus neque nisl litora hendrerit morbi hac. Vitae nulla taciti. Lorem fusce nullam pellentesque gravida hac tristique est convallis nostra donec. Risus augue eni parturient vestibulum ad ridiculus id curabitur a neque. Purus lacus habitant. Velit fames sociis mattis augue ad ipsum ullamcorper senectus penatibus risus sem magnis. Class lorem nulla scelerisque cum at consectetuer vivamus.",
    "_atbrefs": {},
    "_content_type_description": "text/plain",
    "_owner": "admin",
    "_content_type_location": "text/plain",
    "_permissions": {
        "Modify portal content": {
            "acquire": false,
            "roles": [
                "Editor",
                "Manager",
                "Owner",
                "Site Administrator"
            ]
        },
        "Access contents information": {
            "acquire": false,
            "roles": [
                "Anonymous"
            ]
        },
        "View": {
            "acquire": false,
            "roles": [
                "Anonymous"
            ]
        }
    },
    "_properties": [
        [
            "title",
            "Porta massa commodo ut arcu vitae ligula et maecenas.",
            "string"
        ]
    ],
    "allowDiscussion": false,
    "_gopip": 0,
    "creators": [
        "admin"
    ],
    "_path": "/Plone/about/porta-massa-commodo-ut-arcu-vitae-ligula-et-maecenas."
}