{
    "contributors": [],
    "_content_type_text": "text/html",
    "text": "<h1>Quae in controversiam veniunt, de iis, si placet, disseramus.</h1>\n\n<p>Lorem ipsum dolor sit amet, consectetur adipiscing elit. Sint modo partes vitae beatae. Age, inquies, ista parva sunt. Quantum Aristoxeni ingenium consumptum videmus in musicis? Duo Reges: constructio interrete. Honesta oratio, Socratica, Platonis etiam. Ut pulsi recurrant? </p>\n\n<p>Uterque enim summo bono fruitur, id est voluptate. Si longus, levis dictata sunt. Erat enim Polemonis. Suo enim quisque studio maxime ducitur. Mihi enim satis est, ipsis non satis. </p>\n\n<ol>\n\t<li>Si id dicis, vicimus.</li>\n\t<li>Roges enim Aristonem, bonane ei videantur haec: vacuitas doloris, divitiae, valitudo;</li>\n\t<li>Equidem etiam Epicurum, in physicis quidem, Democriteum puto.</li>\n\t<li>Potius ergo illa dicantur: turpe esse, viri non esse debilitari dolore, frangi, succumbere.</li>\n</ol>\n\n\n<p>Quae cum dixisset, finem ille. Eaedem enim utilitates poterunt eas labefactare atque pervertere. <a href='http://loripsum.net/' target='_blank'>Nos commodius agimus.</a> Suo genere perveniant ad extremum; Certe, nisi voluptatem tanti aestimaretis. </p>\n\n<ul>\n\t<li>Illum mallem levares, quo optimum atque humanissimum virum, Cn.</li>\n\t<li>Tantum dico, magis fuisse vestrum agere Epicuri diem natalem, quam illius testamento cavere ut ageretur.</li>\n\t<li>Morbo gravissimo affectus, exul, orbus, egens, torqueatur eculeo: quem hunc appellas, Zeno?</li>\n\t<li>Erit enim instructus ad mortem contemnendam, ad exilium, ad ipsum etiam dolorem.</li>\n</ul>\n\n\n<dl>\n\t<dt><dfn>Si longus, levis.</dfn></dt>\n\t<dd>Nam, ut sint illa vendibiliora, haec uberiora certe sunt.</dd>\n\t<dt><dfn>Efficiens dici potest.</dfn></dt>\n\t<dd>Illa sunt similia: hebes acies est cuipiam oculorum, corpore alius senescit;</dd>\n\t<dt><dfn>Explanetur igitur.</dfn></dt>\n\t<dd>Haec bene dicuntur, nec ego repugno, sed inter sese ipsa pugnant.</dd>\n</dl>\n\n\n",
    "creation_date": "2018/10/26 17:56:6.293563 GMT-4",
    "_uid": "aff28bfa1ea54fec99883fdf0ac57fd2",
    "expirationDate": "None",
    "_content_type_id": "text/plain",
    "id": "justo-netus-lorem-tortor-maecenas-diam-suscipit.",
    "subject": [],
    "effectiveDate": "None",
    "title": "Justo netus lorem tortor maecenas diam suscipit.",
    "_ac_local_roles": {
        "admin": [
            "Owner"
        ]
    },
    "_content_type_language": "text/plain",
    "_defaultpage": "",
    "location": "Donec felis feugiat aliquet cursus est.",
    "_content_type_title": "text/plain",
    "excludeFromNav": true,
    "presentation": false,
    "_type": "Document",
    "description": "Fames ipsum dolor lacus suscipit magna torquent dignissim varius lobortis non posuere lacus vestibulum facilisi nisl. Porta donec sit orci pellentesque dictumst felis. Fames magna placerat porta dictum cubilia quis penatibus mauris. Fusce neque rutrum scelerisque donec tempor porttitor netus ut netus tempor. Neque felis ullamcorper arcu quis malesuada taciti cras mollis tempor egestas conubia nisi neque nascetur. Nulla velit nostra cras ante neque malesuada ultrices netus ut. Curae netus vel quam consectetuer vestibulum eros augue etiam sem mus sollicitudin id. Lacus curae non elit erat phasellus sapien at mattis pharetra odio vivamus curabitur at hendrerit. Porta etiam. Felis lorem. Risus felis mollis torquent adipiscing phasellus condimentum malesuada eget etiam.",
    "_atrefs": {},
    "_layout": "document_view",
    "_workflow_history": {
        "simple_publication_workflow": [
            {
                "action": null,
                "review_state": "private",
                "actor": "admin",
                "comments": "",
                "time": "2018/10/26 17:56:6.299224 GMT-4"
            },
            {
                "action": "publish",
                "review_state": "published",
                "actor": "admin",
                "comments": "",
                "time": "2018/10/26 17:56:6.941038 GMT-4"
            }
        ]
    },
    "_content_type_rights": "text/plain",
    "_directly_provided": [],
    "language": "en",
    "tableContents": true,
    "_classname": "ATDocument",
    "banner": "<h1>Nec enim, dum metuit, iustus est, et certe, si metuere destiterit, non erit;</h1>\n\n<p>Lorem ipsum dolor sit amet, consectetur adipiscing elit. Aut haec tibi, Torquate, sunt vituperanda aut patrocinium voluptatis repudiandum. Duo Reges: constructio interrete. Negat esse eam, inquit, propter se expetendam. <a href='http://loripsum.net/' target='_blank'>Numquam facies.</a> </p>\n\n<ol>\n\t<li>Quo studio Aristophanem putamus aetatem in litteris duxisse?</li>\n\t<li>Quid de Platone aut de Democrito loquar?</li>\n\t<li>An me, inquam, nisi te audire vellem, censes haec dicturum fuisse?</li>\n</ol>\n\n\n<ul>\n\t<li>Atque haec coniunctio confusioque virtutum tamen a philosophis ratione quadam distinguitur.</li>\n\t<li>Et quidem iure fortasse, sed tamen non gravissimum est testimonium multitudinis.</li>\n\t<li>Quod eo liquidius faciet, si perspexerit rerum inter eas verborumne sit controversia.</li>\n</ul>\n\n\n<p><a href='http://loripsum.net/' target='_blank'>Deinde dolorem quem maximum?</a> <a href='http://loripsum.net/' target='_blank'>Idemne potest esse dies saepius, qui semel fuit?</a> Que Manilium, ab iisque M. Respondent extrema primis, media utrisque, omnia omnibus. </p>\n\n<dl>\n\t<dt><dfn>Immo alio genere;</dfn></dt>\n\t<dd>Omnia contraria, quos etiam insanos esse vultis.</dd>\n\t<dt><dfn>Quae sequuntur igitur?</dfn></dt>\n\t<dd>Ut placet, inquit, etsi enim illud erat aptius, aequum cuique concedere.</dd>\n</dl>\n\n\n<p><a href='http://loripsum.net/' target='_blank'>Nihil opus est exemplis hoc facere longius.</a> <a href='http://loripsum.net/' target='_blank'>Oratio me istius philosophi non offendit;</a> <a href='http://loripsum.net/' target='_blank'>Nam ante Aristippus, et ille melius.</a> </p>\n\n",
    "_userdefined_roles": [],
    "_content_type": "text/html",
    "_id": "justo-netus-lorem-tortor-maecenas-diam-suscipit.",
    "modification_date": "2018/10/26 17:56:6.947047 GMT-4",
    "_content_type_banner": "text/html",
    "rights": "Fames morbi pede curabitur convallis metus amet nec tristique sociosqu. Metus felis. Neque metus nam curae euismod leo et. Netus metus dolor phasellus sed curae amet orci diam porttitor at ac ultricies. Metus velit. Velit proin. Proin lacus. Dolor ipsum mus nisl hac rhoncus at felis mi pellentesque gravida. Purus metus ante diam suscipit hac laoreet maecenas cubilia urna fusce augue nostra tincidunt.",
    "_atbrefs": {},
    "_content_type_description": "text/plain",
    "_owner": "admin",
    "_content_type_location": "text/plain",
    "_permissions": {
        "Modify portal content": {
            "acquire": false,
            "roles": [
                "Editor",
                "Manager",
                "Owner",
                "Site Administrator"
            ]
        },
        "Access contents information": {
            "acquire": false,
            "roles": [
                "Anonymous"
            ]
        },
        "View": {
            "acquire": false,
            "roles": [
                "Anonymous"
            ]
        }
    },
    "_properties": [
        [
            "title",
            "Justo netus lorem tortor maecenas diam suscipit.",
            "string"
        ]
    ],
    "allowDiscussion": false,
    "_gopip": 3,
    "creators": [
        "admin"
    ],
    "_path": "/Plone/about/justo-netus-lorem-tortor-maecenas-diam-suscipit."
}