{
    "contributors": [],
    "_content_type_text": "text/html",
    "text": "<h1>Idcirco enim non desideraret, quia, quod dolore caret, id in voluptate est.</h1>\n\n<p>Lorem ipsum dolor sit amet, consectetur adipiscing elit. Hos contra singulos dici est melius. Graece donan, Latine voluptatem vocant. Non enim iam stirpis bonum quaeret, sed animalis. </p>\n\n<h2>Duo Reges: constructio interrete.</h2>\n\n<p>Quamquam tu hanc copiosiorem etiam soles dicere. Quod cum dixissent, ille contra. </p>\n\n<ul>\n\t<li>Nunc dicam de voluptate, nihil scilicet novi, ea tamen, quae te ipsum probaturum esse confidam.</li>\n\t<li>Polemoni et iam ante Aristoteli ea prima visa sunt, quae paulo ante dixi.</li>\n\t<li>Atqui haec patefactio quasi rerum opertarum, cum quid quidque sit aperitur, definitio est.</li>\n\t<li>Traditur, inquit, ab Epicuro ratio neglegendi doloris.</li>\n\t<li>Aufert enim sensus actionemque tollit omnem.</li>\n</ul>\n\n\n<p><a href='http://loripsum.net/' target='_blank'>Praeclarae mortes sunt imperatoriae;</a> Tum mihi Piso: Quid ergo? Hunc vos beatum; Tum Torquatus: Prorsus, inquit, assentior; </p>\n\n<dl>\n\t<dt><dfn>Poterat autem inpune;</dfn></dt>\n\t<dd>Non pugnem cum homine, cur tantum habeat in natura boni;</dd>\n\t<dt><dfn>Quo tandem modo?</dfn></dt>\n\t<dd>Sed potestne rerum maior esse dissensio?</dd>\n\t<dt><dfn>Hunc vos beatum;</dfn></dt>\n\t<dd>Nam diligi et carum esse iucundum est propterea, quia tutiorem vitam et voluptatem pleniorem efficit.</dd>\n\t<dt><dfn>Quid enim?</dfn></dt>\n\t<dd>Itaque hoc frequenter dici solet a vobis, non intellegere nos, quam dicat Epicurus voluptatem.</dd>\n\t<dt><dfn>Quibusnam praeteritis?</dfn></dt>\n\t<dd>Diodorus, eius auditor, adiungit ad honestatem vacuitatem doloris.</dd>\n\t<dt><dfn>Quid enim?</dfn></dt>\n\t<dd>Sapientem locupletat ipsa natura, cuius divitias Epicurus parabiles esse docuit.</dd>\n\t<dt><dfn>Erat enim Polemonis.</dfn></dt>\n\t<dd>Bona autem corporis huic sunt, quod posterius posui, similiora.</dd>\n</dl>\n\n\n<ol>\n\t<li>Ne in odium veniam, si amicum destitero tueri.</li>\n\t<li>Quare si potest esse beatus is, qui est in asperis reiciendisque rebus, potest is quoque esse.</li>\n\t<li>Duae sunt enim res quoque, ne tu verba solum putes.</li>\n\t<li>Deinde qui fit, ut ego nesciam, sciant omnes, quicumque Epicurei esse voluerunt?</li>\n\t<li>Tum Lucius: Mihi vero ista valde probata sunt, quod item fratri puto.</li>\n</ol>\n\n\n",
    "creation_date": "2018/10/26 17:56:7.270386 GMT-4",
    "_uid": "74c8d14900fd4b46951d80b829fad6f9",
    "expirationDate": "None",
    "_content_type_id": "text/plain",
    "id": "velit-lorem.",
    "subject": [],
    "effectiveDate": "None",
    "title": "Velit lorem.",
    "_ac_local_roles": {
        "admin": [
            "Owner"
        ]
    },
    "_content_type_language": "text/plain",
    "_defaultpage": "",
    "location": "Netus proin cursus diam et class condimentum habitant.",
    "_content_type_title": "text/plain",
    "excludeFromNav": false,
    "presentation": false,
    "_type": "Document",
    "description": "Ipsum metus. Donec fusce donec tempor taciti donec. Ipsum massa luctus at ante volutpat. Augue metus. Lacus nulla morbi. Porta neque. Proin fusce dui amet sagittis sollicitudin semper neque molestie. Massa magna quisque sapien leo. Donec porta morbi justo pede dictum ve id sociis. Lacus curae eget ligula inceptos. Dolor augue mollis aenean felis lorem aptent arcu libero.",
    "_atrefs": {},
    "_layout": "document_view",
    "_workflow_history": {
        "simple_publication_workflow": [
            {
                "action": null,
                "review_state": "private",
                "actor": "admin",
                "comments": "",
                "time": "2018/10/26 17:56:7.274996 GMT-4"
            },
            {
                "action": "publish",
                "review_state": "published",
                "actor": "admin",
                "comments": "",
                "time": "2018/10/26 17:56:8.619607 GMT-4"
            }
        ]
    },
    "_content_type_rights": "text/plain",
    "_directly_provided": [],
    "language": "en",
    "tableContents": false,
    "_classname": "ATDocument",
    "banner": "<h1>Quid ergo attinet dicere: Nihil haberem, quod reprehenderem, si finitas cupiditates haberent?</h1>\n\n<p>Lorem ipsum dolor sit amet, consectetur adipiscing elit. Fortasse id optimum, sed ubi illud: Plus semper voluptatis? Duo Reges: constructio interrete. Quis istud possit, inquit, negare? Quae cum dixisset, finem ille. Summus dolor plures dies manere non potest? </p>\n\n<h2>Bona autem corporis huic sunt, quod posterius posui, similiora.</h2>\n\n<p>Immo videri fortasse. Aliter enim nosmet ipsos nosse non possumus. Quae hic rei publicae vulnera inponebat, eadem ille sanabat. </p>\n\n<p>Tria genera bonorum; Aufert enim sensus actionemque tollit omnem. Consequens enim est et post oritur, ut dixi. Cur, nisi quod turpis oratio est? Mihi enim satis est, ipsis non satis. </p>\n\n<ol>\n\t<li>An eum discere ea mavis, quae cum plane perdidiceriti nihil sciat?</li>\n\t<li>Tum Piso: Atqui, Cicero, inquit, ista studia, si ad imitandos summos viros spectant, ingeniosorum sunt;</li>\n\t<li>Qui autem voluptate vitam effici beatam putabit, qui sibi is conveniet, si negabit voluptatem crescere longinquitate?</li>\n\t<li>Expressa vero in iis aetatibus, quae iam confirmatae sunt.</li>\n</ol>\n\n\n<dl>\n\t<dt><dfn>Stoicos roga.</dfn></dt>\n\t<dd>Sin tantum modo ad indicia veteris memoriae cognoscenda, curiosorum.</dd>\n\t<dt><dfn>Quonam, inquit, modo?</dfn></dt>\n\t<dd>Quae quidem sapientes sequuntur duce natura tamquam videntes;</dd>\n\t<dt><dfn>Haeret in salebra.</dfn></dt>\n\t<dd>Itaque hic ipse iam pridem est reiectus;</dd>\n\t<dt><dfn>Praeteritis, inquit, gaudeo.</dfn></dt>\n\t<dd>Quid enim me prohiberet Epicureum esse, si probarem, quae ille diceret?</dd>\n</dl>\n\n\n<ul>\n\t<li>Videmusne ut pueri ne verberibus quidem a contemplandis rebus perquirendisque deterreantur?</li>\n\t<li>Quo modo autem philosophus loquitur?</li>\n\t<li>Ergo et avarus erit, sed finite, et adulter, verum habebit modum, et luxuriosus eodem modo.</li>\n\t<li>Quod autem meum munus dicis non equidem recuso, sed te adiungo socium.</li>\n\t<li>Qui autem de summo bono dissentit de tota philosophiae ratione dissentit.</li>\n\t<li>Ad corpus diceres pertinere-, sed ea, quae dixi, ad corpusne refers?</li>\n</ul>\n\n\n",
    "_userdefined_roles": [],
    "_content_type": "text/html",
    "_id": "velit-lorem.",
    "modification_date": "2018/10/26 17:56:8.623273 GMT-4",
    "_content_type_banner": "text/html",
    "rights": "Augue nulla senectus ad ipsum mattis proin. Lacus augue nisi pretium eu. Purus class a sapien duis ullamcorper eu tortor. Fames curae porta luctus cras. Risus lacus fusce diam eros diam posuere nisl est orci adipiscing vel netus vestibulum placerat. Proin augue dignissim per consectetuer magna duis elit. Lorem nulla semper tellus vulputate. Netus morbi. Fusce porta eni congue dignissim volutpat orci tellus. Vitae netus eget laoreet quam quis fames sed. Felis lacus natoque luctus et sociosqu mollis neque. Metus justo aliquet odio duis felis ipsum fusce. Class justo fermentum felis eni. Lorem velit. Justo fusce est quam vestibulum venenatis etiam ad erat cras accumsan. Netus massa fames gravida viverra nisi purus et a congue fusce leo molestie potenti. Porta purus etiam tellus dictum purus arcu a.",
    "_atbrefs": {},
    "_content_type_description": "text/plain",
    "_owner": "admin",
    "_content_type_location": "text/plain",
    "_permissions": {
        "Modify portal content": {
            "acquire": false,
            "roles": [
                "Editor",
                "Manager",
                "Owner",
                "Site Administrator"
            ]
        },
        "Access contents information": {
            "acquire": false,
            "roles": [
                "Anonymous"
            ]
        },
        "View": {
            "acquire": false,
            "roles": [
                "Anonymous"
            ]
        }
    },
    "_properties": [
        [
            "title",
            "Velit lorem.",
            "string"
        ]
    ],
    "allowDiscussion": false,
    "_gopip": 4,
    "creators": [
        "admin"
    ],
    "_path": "/Plone/about/velit-lorem."
}