{
    "contributors": [],
    "_content_type_text": "text/html",
    "text": "<h1>Quodcumque in mentem incideret, et quodcumque tamquam occurreret.</h1>\n\n<p>Lorem ipsum dolor sit amet, consectetur adipiscing elit. Quid autem habent admirationis, cum prope accesseris? <a href='http://loripsum.net/' target='_blank'>Duo Reges: constructio interrete.</a> Graece donan, Latine voluptatem vocant. Prodest, inquit, mihi eo esse animo. </p>\n\n<p>Dat enim intervalla et relaxat. Et ille ridens: Video, inquit, quid agas; Rationis enim perfectio est virtus; Quodsi ipsam honestatem undique pertectam atque absolutam. </p>\n\n<h2>Bona autem corporis huic sunt, quod posterius posui, similiora.</h2>\n\n<p><a href='http://loripsum.net/' target='_blank'>Bonum incolumis acies: misera caecitas.</a> <a href='http://loripsum.net/' target='_blank'>Si enim ad populum me vocas, eum.</a> Itaque his sapiens semper vacabit. Facete M. Omnia contraria, quos etiam insanos esse vultis. Quid, quod res alia tota est? </p>\n\n<ol>\n\t<li>Roges enim Aristonem, bonane ei videantur haec: vacuitas doloris, divitiae, valitudo;</li>\n\t<li>Quorum sine causa fieri nihil putandum est.</li>\n\t<li>Pugnant Stoici cum Peripateticis.</li>\n</ol>\n\n\n<ul>\n\t<li>Quorum sine causa fieri nihil putandum est.</li>\n\t<li>Quid est igitur, cur ita semper deum appellet Epicurus beatum et aeternum?</li>\n\t<li>Quare attende, quaeso.</li>\n\t<li>Itaque primos congressus copulationesque et consuetudinum instituendarum voluntates fieri propter voluptatem;</li>\n</ul>\n\n\n<dl>\n\t<dt><dfn>Age sane, inquam.</dfn></dt>\n\t<dd>Re mihi non aeque satisfacit, et quidem locis pluribus.</dd>\n\t<dt><dfn>Beatum, inquit.</dfn></dt>\n\t<dd>Sed ne, dum huic obsequor, vobis molestus sim.</dd>\n</dl>\n\n\n",
    "creation_date": "2018/10/26 17:56:10.576724 GMT-4",
    "_uid": "b8d5e86cf5d04c7fb22e636fcf0af4a6",
    "expirationDate": "None",
    "_content_type_id": "text/plain",
    "id": "lacus-justo-orci-natoque-a-mollis.",
    "subject": [],
    "effectiveDate": "None",
    "title": "Lacus justo orci natoque a mollis.",
    "_ac_local_roles": {
        "admin": [
            "Owner"
        ]
    },
    "_content_type_language": "text/plain",
    "_defaultpage": "",
    "location": "Fusce morbi sed ante praesent iaculis habitant risus odio mauris aptent.",
    "_content_type_title": "text/plain",
    "excludeFromNav": true,
    "presentation": false,
    "_type": "Document",
    "description": "Lorem justo sociosqu est amet adipiscing nullam pede id. Purus magna dolor per cum non. Metus felis fermentum inceptos mattis sociis fusce at libero velit vestibulum suspendisse libero. Vitae neque. Vitae etiam. Justo etiam nulla mattis ve dictumst quam eget. Porta neque mus metus adipiscing odio. Velit vitae eni etiam sed risus posuere mollis curae platea quam tempus laoreet. Ipsum justo natoque rhoncus dictumst. Class velit iaculis luctus mattis non. Velit porta. Fames etiam mus eni per ad nunc placerat sociosqu. Netus risus nullam eu interdum aliquam. Massa felis blandit phasellus ante nam leo sit pellentesque etiam eros gravida. Class velit rutrum urna tempor iaculis enim eu dignissim mi scelerisque orci. Ipsum proin placerat habitasse quam ullamcorper conubia condimentum ante mattis lacinia. Purus fusce augue scelerisque enim mattis nec platea euismod at. Felis neque nam hac non per potenti curae parturient viverra hac ut tempus a facilisi vel. Ipsum nulla. Donec porta.",
    "_atrefs": {},
    "_layout": "document_view",
    "_workflow_history": {
        "simple_publication_workflow": [
            {
                "action": null,
                "review_state": "private",
                "actor": "admin",
                "comments": "",
                "time": "2018/10/26 17:56:10.581131 GMT-4"
            },
            {
                "action": "publish",
                "review_state": "published",
                "actor": "admin",
                "comments": "",
                "time": "2018/10/26 17:56:11.176443 GMT-4"
            }
        ]
    },
    "_content_type_rights": "text/plain",
    "_directly_provided": [],
    "language": "en",
    "tableContents": false,
    "_classname": "ATDocument",
    "banner": "<h1>Ex rebus enim timiditas, non ex vocabulis nascitur.</h1>\n\n<p>Lorem ipsum dolor sit amet, consectetur adipiscing elit. Audeo dicere, inquit. Sed ad haec, nisi molestum est, habeo quae velim. Nihil ad rem! Ne sit sane; Sed quot homines, tot sententiae; Quoniam, si dis placet, ab Epicuro loqui discimus. Duo Reges: constructio interrete. Praeteritis, inquit, gaudeo. </p>\n\n<p>Quid sequatur, quid repugnet, vident. Restinguet citius, si ardentem acceperit. Multoque hoc melius nos veriusque quam Stoici. Ratio enim nostra consentit, pugnat oratio. Respondent extrema primis, media utrisque, omnia omnibus. Torquatus, is qui consul cum Cn. </p>\n\n<ol>\n\t<li>Quid affers, cur Thorius, cur Caius Postumius, cur omnium horum magister, Orata, non iucundissime vixerit?</li>\n\t<li>Quae cum dixisset paulumque institisset, Quid est?</li>\n\t<li>Honesta oratio, Socratica, Platonis etiam.</li>\n\t<li>Maximeque eos videre possumus res gestas audire et legere velle, qui a spe gerendi absunt confecti senectute.</li>\n\t<li>An dubium est, quin virtus ita maximam partem optineat in rebus humanis, ut reliquas obruat?</li>\n\t<li>Et quidem Arcesilas tuus, etsi fuit in disserendo pertinacior, tamen noster fuit;</li>\n</ol>\n\n\n<ul>\n\t<li>Nummus in Croesi divitiis obscuratur, pars est tamen divitiarum.</li>\n\t<li>Sint modo partes vitae beatae.</li>\n\t<li>Qui autem esse poteris, nisi te amor ipse ceperit?</li>\n\t<li>Quare, quoniam de primis naturae commodis satis dietum est nunc de maioribus consequentibusque videamus.</li>\n</ul>\n\n\n<p>Invidiosum nomen est, infame, suspectum. Traditur, inquit, ab Epicuro ratio neglegendi doloris. Sed tamen intellego quid velit. Hos contra singulos dici est melius. </p>\n\n<dl>\n\t<dt><dfn>ALIO MODO.</dfn></dt>\n\t<dd>Hic ego: Pomponius quidem, inquam, noster iocari videtur, et fortasse suo iure.</dd>\n\t<dt><dfn>Quis enim redargueret?</dfn></dt>\n\t<dd>Quare hoc videndum est, possitne nobis hoc ratio philosophorum dare.</dd>\n</dl>\n\n\n",
    "_userdefined_roles": [],
    "_content_type": "text/html",
    "_id": "lacus-justo-orci-natoque-a-mollis.",
    "modification_date": "2018/10/26 17:56:11.180660 GMT-4",
    "_content_type_banner": "text/html",
    "rights": "Dolor proin pede vehicula semper varius volutpat dignissim in. Risus velit fringilla quam aliquet a semper habitasse ut. Augue proin risus. Curae etiam varius sapien. Lorem metus tempus nunc ante. Augue netus cum vitae tincidunt vitae. Etiam class urna nibh hymenaeos hac mus fringilla ornare risus adipiscing. Velit lorem dapibus dis adipiscing vestibulum ad nisi nulla egestas nascetur arcu natoque eget sapien euismod. Risus felis sit augue adipiscing condimentum platea. Massa velit pharetra in etiam mollis dictumst. Justo magna ullamcorper. Felis neque euismod amet leo cras mollis tempor habitasse molestie ve.",
    "_atbrefs": {},
    "_content_type_description": "text/plain",
    "_owner": "admin",
    "_content_type_location": "text/plain",
    "_permissions": {
        "Modify portal content": {
            "acquire": false,
            "roles": [
                "Editor",
                "Manager",
                "Owner",
                "Site Administrator"
            ]
        },
        "Access contents information": {
            "acquire": false,
            "roles": [
                "Anonymous"
            ]
        },
        "View": {
            "acquire": false,
            "roles": [
                "Anonymous"
            ]
        }
    },
    "_properties": [
        [
            "title",
            "Lacus justo orci natoque a mollis.",
            "string"
        ]
    ],
    "allowDiscussion": false,
    "_gopip": 7,
    "creators": [
        "admin"
    ],
    "_path": "/Plone/about/lacus-justo-orci-natoque-a-mollis."
}