{
    "contributors": [],
    "_content_type_text": "text/html",
    "text": "<h1>Certe nihil nisi quod possit ipsum propter se iure laudari.</h1>\n\n<p>Lorem ipsum dolor sit amet, consectetur adipiscing elit. Bonum valitudo: miser morbus. Restinguet citius, si ardentem acceperit. Duo Reges: constructio interrete. Solum praeterea formosum, solum liberum, solum civem, stultost; </p>\n\n<ol>\n\t<li>Sed ille, ut dixi, vitiose.</li>\n\t<li>Cuius tanta tormenta sunt, ut in iis beata vita, si modo dolor summum malum est, esse non possit.</li>\n\t<li>Vides igitur te aut ea sumere, quae non concedantur, aut ea, quae etiam concessa te nihil iuvent.</li>\n\t<li>Scientiam pollicentur, quam non erat mirum sapientiae cupido patria esse cariorem.</li>\n\t<li>Laboro autem non sine causa;</li>\n\t<li>Apud ceteros autem philosophos, qui quaesivit aliquid, tacet;</li>\n</ol>\n\n\n<p>Audeo dicere, inquit. Ex rebus enim timiditas, non ex vocabulis nascitur. <a href='http://loripsum.net/' target='_blank'>Nihilo beatiorem esse Metellum quam Regulum.</a> Quibusnam praeteritis? Quonam, inquit, modo? Beatus sibi videtur esse moriens. </p>\n\n<h2>Traditur, inquit, ab Epicuro ratio neglegendi doloris.</h2>\n\n<p>Eadem fortitudinis ratio reperietur. Utram tandem linguam nescio? Et ille ridens: Video, inquit, quid agas; Collige omnia, quae soletis: Praesidium amicorum. Polycratem Samium felicem appellabant. Et quidem, inquit, vehementer errat; </p>\n\n<ul>\n\t<li>Sextilio Rufo, cum is rem ad amicos ita deferret, se esse heredem Q.</li>\n\t<li>Ergo, inquit, tibi Q.</li>\n\t<li>Ut necesse sit omnium rerum, quae natura vigeant, similem esse finem, non eundem.</li>\n\t<li>Quibus natura iure responderit non esse verum aliunde finem beate vivendi, a se principia rei gerendae peti;</li>\n\t<li>Immo istud quidem, inquam, quo loco quidque, nisi iniquum postulo, arbitratu meo.</li>\n</ul>\n\n\n<dl>\n\t<dt><dfn>ALIO MODO.</dfn></dt>\n\t<dd>Qui non moveatur et offensione turpitudinis et comprobatione honestatis?</dd>\n\t<dt><dfn>Si quae forte-possumus.</dfn></dt>\n\t<dd>Deinde prima illa, quae in congressu solemus: Quid tu, inquit, huc?</dd>\n</dl>\n\n\n",
    "creation_date": "2018/10/26 17:56:11.397880 GMT-4",
    "_uid": "e224ad5e65b04abb8f071944b8b76ee2",
    "expirationDate": "None",
    "_content_type_id": "text/plain",
    "id": "lorem-felis.",
    "subject": [],
    "effectiveDate": "None",
    "title": "Lorem felis.",
    "_ac_local_roles": {
        "admin": [
            "Owner"
        ]
    },
    "_content_type_language": "text/plain",
    "_defaultpage": "",
    "location": "Curae morbi eget convallis eget metus.",
    "_content_type_title": "text/plain",
    "excludeFromNav": false,
    "presentation": false,
    "_type": "Document",
    "description": "Vitae ipsum fusce dictum magna ullamcorper volutpat. Metus fames tortor molestie nulla mi congue integer. Fusce netus aenean pellentesque laoreet molestie at proin dui quisque eu diam suscipit. Curae lacus. Magna massa metus hymenaeos euismod sollicitudin. Curae augue. Fames netus. Porta lorem mauris ac. Netus lorem sed nec quisque nam. Fusce fames cubilia mauris vel ve a. Vitae lorem primis felis parturient egestas. Fusce lacus risus class dui nunc dis. Class porta enim et orci vivamus neque nisi.",
    "_atrefs": {},
    "_layout": "document_view",
    "_workflow_history": {
        "simple_publication_workflow": [
            {
                "action": null,
                "review_state": "private",
                "actor": "admin",
                "comments": "",
                "time": "2018/10/26 17:56:11.402379 GMT-4"
            },
            {
                "action": "publish",
                "review_state": "published",
                "actor": "admin",
                "comments": "",
                "time": "2018/10/26 17:56:12.006582 GMT-4"
            }
        ]
    },
    "_content_type_rights": "text/plain",
    "_directly_provided": [],
    "language": "en",
    "tableContents": false,
    "_classname": "ATDocument",
    "banner": "<h1>Qualem igitur hominem natura inchoavit?</h1>\n\n<p>Lorem ipsum dolor sit amet, consectetur adipiscing elit. Tibi hoc incredibile, quod beatissimum. Duo Reges: constructio interrete. Idemque diviserunt naturam hominis in animum et corpus. Dici enim nihil potest verius. </p>\n\n<ol>\n\t<li>Atqui haec patefactio quasi rerum opertarum, cum quid quidque sit aperitur, definitio est.</li>\n\t<li>Multoque hoc melius nos veriusque quam Stoici.</li>\n\t<li>Neque enim civitas in seditione beata esse potest nec in discordia dominorum domus;</li>\n\t<li>Non quam nostram quidem, inquit Pomponius iocans;</li>\n\t<li>Quae cum dixisset paulumque institisset, Quid est?</li>\n</ol>\n\n\n<p>Collatio igitur ista te nihil iuvat. Negat esse eam, inquit, propter se expetendam. Peccata paria. Cur deinde Metrodori liberos commendas? Ego vero volo in virtute vim esse quam maximam; Obsecro, inquit, Torquate, haec dicit Epicurus? Quo modo autem philosophus loquitur? </p>\n\n<ul>\n\t<li>Quasi ego id curem, quid ille aiat aut neget.</li>\n\t<li>Tertium autem omnibus aut maximis rebus iis, quae secundum naturam sint, fruentem vivere.</li>\n\t<li>Non igitur potestis voluptate omnia dirigentes aut tueri aut retinere virtutem.</li>\n</ul>\n\n\n<h2>Hinc ceteri particulas arripere conati suam quisque videro voluit afferre sententiam.</h2>\n\n<p>Que Manilium, ab iisque M. Quae sequuntur igitur? Collige omnia, quae soletis: Praesidium amicorum. Sed tamen intellego quid velit. Ut pulsi recurrant? </p>\n\n<dl>\n\t<dt><dfn>Quid enim?</dfn></dt>\n\t<dd>Luxuriam non reprehendit, modo sit vacua infinita cupiditate et timore.</dd>\n\t<dt><dfn>Sed nunc, quod agimus;</dfn></dt>\n\t<dd>Sin dicit obscurari quaedam nec apparere, quia valde parva sint, nos quoque concedimus;</dd>\n\t<dt><dfn>Quibusnam praeteritis?</dfn></dt>\n\t<dd>Quod, inquit, quamquam voluptatibus quibusdam est saepe iucundius, tamen expetitur propter voluptatem.</dd>\n\t<dt><dfn>Si longus, levis;</dfn></dt>\n\t<dd>Quia nec honesto quic quam honestius nec turpi turpius.</dd>\n</dl>\n\n\n",
    "_userdefined_roles": [],
    "_content_type": "text/html",
    "_id": "lorem-felis.",
    "modification_date": "2018/10/26 17:56:12.010445 GMT-4",
    "_content_type_banner": "text/html",
    "rights": "Vitae etiam cum eros vestibulum consequat scelerisque hendrerit odio vel a ornare. Justo metus non tempor mi. Justo felis massa sociis ipsum parturient et malesuada. Justo curae suspendisse pulvinar fermentum at porta lacus a magnis class parturient aliquam vel. Massa morbi facilisi magna in. Dolor magna natoque tellus non aliquam. Dolor magna. Metus dolor. Lorem morbi hac risus rhoncus. Metus curae aptent sem urna inceptos netus felis venenatis. Netus purus litora in eget fringilla tempor morbi lacinia libero eni blandit maecenas. Massa justo amet sodales feugiat ultrices tellus eget ac montes. Metus lorem est consequat sapien dui laoreet turpis dolor nam. Velit curae cras venenatis turpis praesent vestibulum aptent. Class neque.",
    "_atbrefs": {},
    "_content_type_description": "text/plain",
    "_owner": "admin",
    "_content_type_location": "text/plain",
    "_permissions": {
        "Modify portal content": {
            "acquire": false,
            "roles": [
                "Editor",
                "Manager",
                "Owner",
                "Site Administrator"
            ]
        },
        "Access contents information": {
            "acquire": false,
            "roles": [
                "Anonymous"
            ]
        },
        "View": {
            "acquire": false,
            "roles": [
                "Anonymous"
            ]
        }
    },
    "_properties": [
        [
            "title",
            "Lorem felis.",
            "string"
        ]
    ],
    "allowDiscussion": false,
    "_gopip": 8,
    "creators": [
        "admin"
    ],
    "_path": "/Plone/about/lorem-felis."
}