{
    "contributors": [],
    "_content_type_text": "text/html",
    "text": "<h1>Hoc est dicere: Non reprehenderem asotos, si non essent asoti.</h1>\n\n<p>Lorem ipsum dolor sit amet, consectetur adipiscing elit. <a href='http://loripsum.net/' target='_blank'>Si enim ad populum me vocas, eum.</a> <a href='http://loripsum.net/' target='_blank'>Duo Reges: constructio interrete.</a> Iam enim adesse poterit. Cum praesertim illa perdiscere ludus esset. </p>\n\n<h2>Itaque in rebus minime obscuris non multus est apud eos disserendi labor.</h2>\n\n<p>Quonam, inquit, modo? Quid, de quo nulla dissensio est? Non est ista, inquam, Piso, magna dissensio. At enim hic etiam dolore. Quod quidem iam fit etiam in Academia. Quodsi ipsam honestatem undique pertectam atque absolutam. Quorum sine causa fieri nihil putandum est. </p>\n\n<p><a href='http://loripsum.net/' target='_blank'>Quid me istud rogas?</a> Prodest, inquit, mihi eo esse animo. Sed erat aequius Triarium aliquid de dissensione nostra iudicare. Primum in nostrane potestate est, quid meminerimus? Sedulo, inquam, faciam. Certe, nisi voluptatem tanti aestimaretis. </p>\n\n<ol>\n\t<li>Atque hoc loco similitudines eas, quibus illi uti solent, dissimillimas proferebas.</li>\n\t<li>Nam prius a se poterit quisque discedere quam appetitum earum rerum, quae sibi conducant, amittere.</li>\n</ol>\n\n\n<ul>\n\t<li>Si verbum sequimur, primum longius verbum praepositum quam bonum.</li>\n\t<li>Quid turpius quam sapientis vitam ex insipientium sermone pendere?</li>\n\t<li>Aliis esse maiora, illud dubium, ad id, quod summum bonum dicitis, ecquaenam possit fieri accessio.</li>\n\t<li>Pisone in eo gymnasio, quod Ptolomaeum vocatur, unaque nobiscum Q.</li>\n</ul>\n\n\n<dl>\n\t<dt><dfn>Praeclare hoc quidem.</dfn></dt>\n\t<dd>Sed tu istuc dixti bene Latine, parum plane.</dd>\n\t<dt><dfn>Idem adhuc;</dfn></dt>\n\t<dd>Estne, quaeso, inquam, sitienti in bibendo voluptas?</dd>\n\t<dt><dfn>Haec dicuntur inconstantissime.</dfn></dt>\n\t<dd>Theophrastus mediocriterne delectat, cum tractat locos ab Aristotele ante tractatos?</dd>\n\t<dt><dfn>Sedulo, inquam, faciam.</dfn></dt>\n\t<dd>Iam quae corporis sunt, ea nec auctoritatem cum animi partibus, comparandam et cognitionem habent faciliorem.</dd>\n\t<dt><dfn>At certe gravius.</dfn></dt>\n\t<dd>At, illa, ut vobis placet, partem quandam tuetur, reliquam deserit.</dd>\n\t<dt><dfn>Non semper, inquam;</dfn></dt>\n\t<dd>Utinam quidem dicerent alium alio beatiorem! Iam ruinas videres.</dd>\n</dl>\n\n\n",
    "creation_date": "2018/10/26 17:56:12.212276 GMT-4",
    "_uid": "b49a408a0ac24033881c067c9ecab230",
    "expirationDate": "None",
    "_content_type_id": "text/plain",
    "id": "massa-ipsum-cursus-scelerisque-donec-ultricies-sem-habitasse-aenean-per-nunc-eni.",
    "subject": [],
    "effectiveDate": "None",
    "title": "Massa ipsum cursus scelerisque donec ultricies sem habitasse aenean per nunc eni.",
    "_ac_local_roles": {
        "admin": [
            "Owner"
        ]
    },
    "_content_type_language": "text/plain",
    "_defaultpage": "",
    "location": "Ipsum porta augue ligula.",
    "_content_type_title": "text/plain",
    "excludeFromNav": true,
    "presentation": true,
    "_type": "Document",
    "description": "Vitae fusce. Velit augue malesuada nibh dapibus netus commodo. Dolor netus. Ipsum purus pretium magna duis aenean mi. Metus vitae laoreet cum. Purus donec. Lacus velit. Donec class. Class purus. Donec etiam. Class justo tincidunt pretium lacus enim molestie lobortis porta a semper malesuada. Fames donec magnis morbi adipiscing nisi congue. Fames justo elementum dis suscipit malesuada mi dictum libero penatibus mus sem eni ut arcu. Metus fames donec turpis. Class purus a cras adipiscing at volutpat nisi nec. Augue lacus. Metus risus velit sociis at sem consequat luctus. Justo dolor. Augue netus leo. Class justo ipsum dis velit lectus vehicula eros. Morbi fusce. Proin purus sapien. Fames metus. Vitae neque lorem quam luctus et duis leo interdum natoque lacinia amet vivamus vitae amet turpis.",
    "_atrefs": {},
    "_layout": "document_view",
    "_workflow_history": {
        "simple_publication_workflow": [
            {
                "action": null,
                "review_state": "private",
                "actor": "admin",
                "comments": "",
                "time": "2018/10/26 17:56:12.218294 GMT-4"
            },
            {
                "action": "publish",
                "review_state": "published",
                "actor": "admin",
                "comments": "",
                "time": "2018/10/26 17:56:12.869218 GMT-4"
            }
        ]
    },
    "_content_type_rights": "text/plain",
    "_directly_provided": [],
    "language": "en",
    "tableContents": false,
    "_classname": "ATDocument",
    "banner": "<h1>Quis Aristidem non mortuum diligit?</h1>\n\n<p>Lorem ipsum dolor sit amet, consectetur adipiscing elit. Laboro autem non sine causa; Qui convenit? Duo Reges: constructio interrete. Videsne, ut haec concinant? </p>\n\n<ol>\n\t<li>Equidem e Cn.</li>\n\t<li>Sin laboramus, quis est, qui alienae modum statuat industriae?</li>\n\t<li>Tollitur beneficium, tollitur gratia, quae sunt vincla concordiae.</li>\n\t<li>Heri, inquam, ludis commissis ex urbe profectus veni ad vesperum.</li>\n\t<li>Atqui reperies, inquit, in hoc quidem pertinacem;</li>\n</ol>\n\n\n<ul>\n\t<li>Quare conare, quaeso.</li>\n\t<li>Qua ex cognitione facilior facta est investigatio rerum occultissimarum.</li>\n\t<li>Itaque si aut requietem natura non quaereret aut eam posset alia quadam ratione consequi.</li>\n</ul>\n\n\n<h2>Si qua in iis corrigere voluit, deteriora fecit.</h2>\n\n<p>Illa tamen simplicia, vestra versuta. Primum quid tu dicis breve? Qui convenit? <a href='http://loripsum.net/' target='_blank'>Sed ea mala virtuti magnitudine obruebantur.</a> Satis est ad hoc responsum. Id enim natura desiderat. Quod quidem iam fit etiam in Academia. </p>\n\n<p>Illi enim inter se dissentiunt. De illis, cum volemus. Id est enim, de quo quaerimus. Graece donan, Latine voluptatem vocant. Hoc etsi multimodis reprehendi potest, tamen accipio, quod dant. </p>\n\n<dl>\n\t<dt><dfn>Tria genera bonorum;</dfn></dt>\n\t<dd>Positum est a nostris in iis esse rebus, quae secundum naturam essent, non dolere;</dd>\n\t<dt><dfn>Nihil sane.</dfn></dt>\n\t<dd>Illa sunt similia: hebes acies est cuipiam oculorum, corpore alius senescit;</dd>\n\t<dt><dfn>Istic sum, inquit.</dfn></dt>\n\t<dd>Voluptatem cum summum bonum diceret, primum in eo ipso parum vidit, deinde hoc quoque alienum;</dd>\n\t<dt><dfn>Avaritiamne minuis?</dfn></dt>\n\t<dd>Quae cum ita sint, effectum est nihil esse malum, quod turpe non sit.</dd>\n</dl>\n\n\n",
    "_userdefined_roles": [],
    "_content_type": "text/html",
    "_id": "massa-ipsum-cursus-scelerisque-donec-ultricies-sem-habitasse-aenean-per-nunc-eni.",
    "modification_date": "2018/10/26 17:56:12.873530 GMT-4",
    "_content_type_banner": "text/html",
    "rights": "Porta augue. Vitae donec cras ad urna metus. Lorem netus. Velit lorem. Felis morbi velit dis urna sociosqu faucibus neque fermentum faucibus. Netus augue felis sit. Justo purus aliquet porta in a arcu adipiscing eni justo quis semper libero. Neque lorem cursus lobortis condimentum nam platea nisi curabitur mattis. Fusce risus orci netus cras ipsum convallis ut magnis ad luctus. Netus metus per. Metus dolor sit vehicula conubia pharetra porta eni elit arcu. Purus donec sociis urna at. Magna risus laoreet nec volutpat vulputate risus ve risus sit quam. Netus lacus a viverra tempor risus cursus vestibulum lacus. Augue purus. Class massa natoque lacinia eros ut arcu cursus hendrerit nascetur. Class neque orci ipsum cursus auctor neque suspendisse arcu. Felis porta habitant. Netus massa dapibus enim placerat nunc mauris eu suscipit litora. Lacus risus habitasse class dignissim vel non pretium.",
    "_atbrefs": {},
    "_content_type_description": "text/plain",
    "_owner": "admin",
    "_content_type_location": "text/plain",
    "_permissions": {
        "Modify portal content": {
            "acquire": false,
            "roles": [
                "Editor",
                "Manager",
                "Owner",
                "Site Administrator"
            ]
        },
        "Access contents information": {
            "acquire": false,
            "roles": [
                "Anonymous"
            ]
        },
        "View": {
            "acquire": false,
            "roles": [
                "Anonymous"
            ]
        }
    },
    "_properties": [
        [
            "title",
            "Massa ipsum cursus scelerisque donec ultricies sem habitasse aenean per nunc eni.",
            "string"
        ]
    ],
    "allowDiscussion": false,
    "_gopip": 9,
    "creators": [
        "admin"
    ],
    "_path": "/Plone/about/massa-ipsum-cursus-scelerisque-donec-ultricies-sem-habitasse-aenean-per-nunc-eni."
}