{
    "startDate": "2018/11/05 15:42:54.876438 GMT-4",
    "endDate": "2018/11/07 09:48:18.549842 GMT-4",
    "contributors": [],
    "_content_type_text": "text/html",
    "text": "<h1>Aut, Pylades cum sis, dices te esse Orestem, ut moriare pro amico?</h1>\n\n<p>Lorem ipsum dolor sit amet, consectetur adipiscing elit. Et ille ridens: Video, inquit, quid agas; Maximus dolor, inquit, brevis est. Cur iustitia laudatur? Habes, inquam, Cato, formam eorum, de quibus loquor, philosophorum. Duo Reges: constructio interrete. <a href='http://loripsum.net/' target='_blank'>Haeret in salebra.</a> </p>\n\n<ul>\n\t<li>Et hunc idem dico, inquieta sed ad virtutes et ad vitia nihil interesse.</li>\n\t<li>Nam bonum ex quo appellatum sit, nescio, praepositum ex eo credo, quod praeponatur aliis.</li>\n\t<li>Tecum optime, deinde etiam cum mediocri amico.</li>\n\t<li>Sed haec quidem liberius ab eo dicuntur et saepius.</li>\n</ul>\n\n\n<p>Itaque his sapiens semper vacabit. Sed haec nihil sane ad rem; Paria sunt igitur. Et nemo nimium beatus est; Quod totum contra est. Iam id ipsum absurdum, maximum malum neglegi. </p>\n\n<dl>\n\t<dt><dfn>Quid iudicant sensus?</dfn></dt>\n\t<dd>An est aliquid per se ipsum flagitiosum, etiamsi nulla comitetur infamia?</dd>\n\t<dt><dfn>Quid de Pythagora?</dfn></dt>\n\t<dd>Si longus, levis.</dd>\n\t<dt><dfn>Praeclare hoc quidem.</dfn></dt>\n\t<dd>Quod autem principium officii quaerunt, melius quam Pyrrho;</dd>\n\t<dt><dfn>Negare non possum.</dfn></dt>\n\t<dd>Sit, inquam, tam facilis, quam vultis, comparatio voluptatis, quid de dolore dicemus?</dd>\n</dl>\n\n\n<p>Bonum liberi: misera orbitas. <a href='http://loripsum.net/' target='_blank'>Quae quo sunt excelsiores, eo dant clariora indicia naturae.</a> Negare non possum. <a href='http://loripsum.net/' target='_blank'>Honesta oratio, Socratica, Platonis etiam.</a> Quis enim redargueret? Recte, inquit, intellegis. Quae cum dixisset paulumque institisset, Quid est? Quae ista amicitia est? </p>\n\n<ol>\n\t<li>Sed ad haec, nisi molestum est, habeo quae velim.</li>\n\t<li>In quibus doctissimi illi veteres inesse quiddam caeleste et divinum putaverunt.</li>\n\t<li>Non enim quaero quid verum, sed quid cuique dicendum sit.</li>\n\t<li>Hoc tu nunc in illo probas.</li>\n</ol>\n\n\n",
    "eventUrl": "http://en.wikipedia.com/wiki/Lorem_ipsum",
    "creation_date": "2018/10/26 17:56:14.992157 GMT-4",
    "contactEmail": "loremipsum@mail.com",
    "_uid": "997a311c32dc481a9e0b0c1cd831ce04",
    "expirationDate": "None",
    "contactName": "Fusce porta ullamcorper.",
    "_content_type_id": "text/plain",
    "contactPhone": "Fusce lacus massa leo neque vitae convallis ultricies morbi.",
    "id": "neque-dolor-erat-in-platea-non-nibh.",
    "subject": [],
    "attendees": [],
    "effectiveDate": "None",
    "title": "Neque dolor erat in platea non nibh.",
    "_content_type_contactPhone": "text/plain",
    "_content_type_eventUrl": "text/plain",
    "_content_type_language": "text/plain",
    "_defaultpage": "",
    "location": "Justo ipsum.",
    "_content_type_title": "text/plain",
    "excludeFromNav": false,
    "_content_type_contactName": "text/plain",
    "_type": "Event",
    "description": "Curae proin aenean malesuada ad habitasse nulla tincidunt dictum. Augue purus a quis adipiscing arcu curae ullamcorper in mattis. Purus lorem leo vestibulum at imperdiet a. Nulla purus morbi hac morbi venenatis nisi nam interdum integer. Neque vitae facilisis nascetur id mauris euismod. Metus justo augue morbi. Donec fusce condimentum faucibus dignissim a hac elementum. Nulla vitae tempor platea vitae ultrices donec nulla. Magna lorem aptent inceptos eros nunc. Vitae morbi curae a. Augue dolor felis mattis tellus purus platea suscipit quis. Fames etiam. Donec justo aliquam lacinia nisi at nam imperdiet torquent duis. Fames dolor mauris neque magnis ad inceptos. Fames lacus vehicula vestibulum aliquam eros elit luctus iaculis cum parturient. Velit netus. Fames proin cras est eget pede lorem dignissim. Neque class commodo tellus ipsum adipiscing pulvinar gravida quis. Proin magna pulvinar parturient egestas mus amet. Fames augue morbi ridiculus parturient. Curae ipsum justo fermentum mauris massa non metus.",
    "_atrefs": {},
    "_layout": "event_view",
    "_workflow_history": {
        "simple_publication_workflow": [
            {
                "action": null,
                "review_state": "private",
                "actor": "admin",
                "comments": "",
                "time": "2018/10/26 17:56:14.995790 GMT-4"
            },
            {
                "action": "publish",
                "review_state": "published",
                "actor": "admin",
                "comments": "",
                "time": "2018/10/26 17:56:15.321769 GMT-4"
            }
        ]
    },
    "_content_type_rights": "text/plain",
    "_directly_provided": [],
    "_classname": "ATEvent",
    "_userdefined_roles": [],
    "_content_type_contactEmail": "text/plain",
    "_content_type": "text/html",
    "_id": "neque-dolor-erat-in-platea-non-nibh.",
    "modification_date": "2018/10/26 17:56:15.325579 GMT-4",
    "language": "en",
    "rights": "Neque velit. Donec risus scelerisque vel nisl feugiat natoque dignissim dui sagittis aliquet. Lacus metus amet ad odio netus viverra justo. Nulla velit dis. Class metus conubia id nec quam magna tincidunt nascetur ipsum. Class netus a commodo mi aptent auctor purus dapibus sociis est quam leo porta. Porta neque. Class proin per eget at. Massa netus ipsum pharetra erat ornare hac nisl. Lorem donec interdum. Fames metus. Vitae proin nam aptent ad pulvinar lacinia netus quam quis erat. Lorem metus erat magnis montes posuere conubia convallis. Felis nulla vel penatibus tortor sociosqu elit cras. Dolor donec commodo leo vestibulum semper. Magna metus quam pretium.",
    "_atbrefs": {},
    "_content_type_description": "text/plain",
    "_owner": "admin",
    "_content_type_location": "text/plain",
    "_permissions": {
        "Modify portal content": {
            "acquire": false,
            "roles": [
                "Editor",
                "Manager",
                "Owner",
                "Site Administrator"
            ]
        },
        "Access contents information": {
            "acquire": false,
            "roles": [
                "Anonymous"
            ]
        },
        "View": {
            "acquire": false,
            "roles": [
                "Anonymous"
            ]
        }
    },
    "_properties": [
        [
            "title",
            "Neque dolor erat in platea non nibh.",
            "string"
        ]
    ],
    "allowDiscussion": false,
    "_gopip": 13,
    "creators": [
        "admin"
    ],
    "_ac_local_roles": {
        "admin": [
            "Owner"
        ]
    },
    "_path": "/Plone/about/neque-dolor-erat-in-platea-non-nibh."
}