{
    "startDate": "2018/10/31 15:37:1.567265 GMT-4",
    "endDate": "2018/11/02 16:09:10.441235 GMT-4",
    "contributors": [],
    "_content_type_text": "text/html",
    "text": "<h1>Causa autem fuit huc veniendi ut quosdam hinc libros promerem.</h1>\n\n<p>Lorem ipsum dolor sit amet, consectetur adipiscing elit. Haec dicuntur inconstantissime. Ne discipulum abducam, times. <a href='http://loripsum.net/' target='_blank'>Duo Reges: constructio interrete.</a> Quae contraria sunt his, malane? Ut pulsi recurrant? <a href='http://loripsum.net/' target='_blank'>Negat enim summo bono afferre incrementum diem.</a> </p>\n\n<ol>\n\t<li>Si quicquam extra virtutem habeatur in bonis.</li>\n\t<li>Quae quidem sapientes sequuntur duce natura tamquam videntes;</li>\n\t<li>Ita fit cum gravior, tum etiam splendidior oratio.</li>\n\t<li>Coniunctio autem cum honestate vel voluptatis vel non dolendi id ipsum honestum, quod amplecti vult, id efficit turpe.</li>\n</ol>\n\n\n<ul>\n\t<li>Scrupulum, inquam, abeunti;</li>\n\t<li>Res enim fortasse verae, certe graves, non ita tractantur, ut debent, sed aliquanto minutius.</li>\n\t<li>Ut scias me intellegere, primum idem esse dico voluptatem, quod ille don.</li>\n\t<li>Et hunc idem dico, inquieta sed ad virtutes et ad vitia nihil interesse.</li>\n</ul>\n\n\n<p>Si quicquam extra virtutem habeatur in bonis. An eiusdem modi? Quid igitur, inquit, eos responsuros putas? Diodorus, eius auditor, adiungit ad honestatem vacuitatem doloris. <a href='http://loripsum.net/' target='_blank'>Ut aliquid scire se gaudeant?</a> Philosophi autem in suis lectulis plerumque moriuntur. <a href='http://loripsum.net/' target='_blank'>Comprehensum, quod cognitum non habet?</a> Stoicos roga. </p>\n\n<dl>\n\t<dt><dfn>Idem adhuc;</dfn></dt>\n\t<dd>Si verbum sequimur, primum longius verbum praepositum quam bonum.</dd>\n\t<dt><dfn>Immo alio genere;</dfn></dt>\n\t<dd>Quasi ego id curem, quid ille aiat aut neget.</dd>\n\t<dt><dfn>Idemne, quod iucunde?</dfn></dt>\n\t<dd>Verum tamen cum de rebus grandioribus dicas, ipsae res verba rapiunt;</dd>\n</dl>\n\n\n<p>Certe, nisi voluptatem tanti aestimaretis. Quod vestri non item. Illa argumenta propria videamus, cur omnia sint paria peccata. At multis malis affectus. </p>\n\n",
    "eventUrl": "http://en.wikipedia.com/wiki/Lorem_ipsum",
    "creation_date": "2018/10/26 17:56:15.555514 GMT-4",
    "contactEmail": "loremipsum@mail.com",
    "_uid": "cf2bfe93938943229a7a4dcf85594f4d",
    "expirationDate": "None",
    "contactName": "Felis proin rutrum convallis vestibulum vivamus odio dis.",
    "_content_type_id": "text/plain",
    "contactPhone": "Donec justo.",
    "id": "etiam-metus-quisque-litora.",
    "subject": [],
    "attendees": [],
    "effectiveDate": "None",
    "title": "Etiam metus quisque litora.",
    "_content_type_contactPhone": "text/plain",
    "_content_type_eventUrl": "text/plain",
    "_content_type_language": "text/plain",
    "_defaultpage": "",
    "location": "Justo lacus a eros.",
    "_content_type_title": "text/plain",
    "excludeFromNav": true,
    "_content_type_contactName": "text/plain",
    "_type": "Event",
    "description": "Class velit ullamcorper leo ve cursus at netus tempus. Felis lacus metus torquent convallis pellentesque vestibulum cras nostra mollis orci magna sodales cras pede proin. Lorem dolor. Purus dolor porta eros urna ultricies. Felis massa netus rutrum eu tempus a volutpat per. Proin class sagittis ut ullamcorper. Dolor metus ligula consequat viverra sollicitudin. Augue fusce. Justo porta arcu accumsan hac proin dignissim laoreet massa adipiscing interdum natoque. Velit massa. Augue justo dictum facilisi quis potenti curae urna ac pharetra vel. Velit dolor risus felis platea aptent bibendum quam sit orci duis. Ipsum nulla lobortis. Dolor augue eni metus ridiculus ullamcorper habitasse erat cum platea natoque tellus cursus odio. Fames justo sem eros nam elit.",
    "_atrefs": {},
    "_layout": "event_view",
    "_workflow_history": {
        "simple_publication_workflow": [
            {
                "action": null,
                "review_state": "private",
                "actor": "admin",
                "comments": "",
                "time": "2018/10/26 17:56:15.559412 GMT-4"
            },
            {
                "action": "publish",
                "review_state": "published",
                "actor": "admin",
                "comments": "",
                "time": "2018/10/26 17:56:15.890049 GMT-4"
            }
        ]
    },
    "_content_type_rights": "text/plain",
    "_directly_provided": [],
    "_classname": "ATEvent",
    "_userdefined_roles": [],
    "_content_type_contactEmail": "text/plain",
    "_content_type": "text/html",
    "_id": "etiam-metus-quisque-litora.",
    "modification_date": "2018/10/26 17:56:15.893848 GMT-4",
    "language": "en",
    "rights": "Ipsum etiam metus pulvinar per lacus nunc semper nulla et non at iaculis. Porta class a aliquam libero vulputate eleifend. Netus neque feugiat montes mus nostra et. Netus donec mattis tristique fusce. Class curae scelerisque sagittis quis turpis ut. Velit lacus ultrices lorem curae auctor neque laoreet. Risus purus. Ipsum class. Porta vitae montes risus sodales. Proin dolor. Donec dolor suspendisse mi nullam hymenaeos ac suspendisse odio. Purus netus condimentum et ligula sollicitudin dapibus cras netus mattis ligula. Purus velit. Lacus curae condimentum molestie velit. Lorem ipsum. Neque justo.",
    "_atbrefs": {},
    "_content_type_description": "text/plain",
    "_owner": "admin",
    "_content_type_location": "text/plain",
    "_permissions": {
        "Modify portal content": {
            "acquire": false,
            "roles": [
                "Editor",
                "Manager",
                "Owner",
                "Site Administrator"
            ]
        },
        "Access contents information": {
            "acquire": false,
            "roles": [
                "Anonymous"
            ]
        },
        "View": {
            "acquire": false,
            "roles": [
                "Anonymous"
            ]
        }
    },
    "_properties": [
        [
            "title",
            "Etiam metus quisque litora.",
            "string"
        ]
    ],
    "allowDiscussion": false,
    "_gopip": 14,
    "creators": [
        "admin"
    ],
    "_ac_local_roles": {
        "admin": [
            "Owner"
        ]
    },
    "_path": "/Plone/about/etiam-metus-quisque-litora."
}