{
    "startDate": "2018/10/30 16:04:45.523738 GMT-4",
    "endDate": "2018/11/02 11:32:31.082060 GMT-4",
    "contributors": [],
    "_content_type_text": "text/html",
    "text": "<h1>Inde sermone vario sex illa a Dipylo stadia confecimus.</h1>\n\n<p>Lorem ipsum dolor sit amet, consectetur adipiscing elit. Tria genera bonorum; Honesta oratio, Socratica, Platonis etiam. Duo Reges: constructio interrete. <a href='http://loripsum.net/' target='_blank'>An hoc usque quaque, aliter in vita?</a> Nam de isto magna dissensio est. </p>\n\n<p>Si longus, levis; Tu quidem reddes; Eam tum adesse, cum dolor omnis absit; Non est ista, inquam, Piso, magna dissensio. </p>\n\n<ol>\n\t<li>At enim, qua in vita est aliquid mali, ea beata esse non potest.</li>\n\t<li>Potius ergo illa dicantur: turpe esse, viri non esse debilitari dolore, frangi, succumbere.</li>\n\t<li>Item de contrariis, a quibus ad genera formasque generum venerunt.</li>\n\t<li>Nam quibus rebus efficiuntur voluptates, eae non sunt in potestate sapientis.</li>\n</ol>\n\n\n<h2>Quid ergo attinet gloriose loqui, nisi constanter loquare?</h2>\n\n<p><a href='http://loripsum.net/' target='_blank'>Qui-vere falsone, quaerere mittimus-dicitur oculis se privasse;</a> Non igitur bene. Contemnit enim disserendi elegantiam, confuse loquitur. <a href='http://loripsum.net/' target='_blank'>Eademne, quae restincta siti?</a> Tum Triarius: Posthac quidem, inquit, audacius. Age sane, inquam. </p>\n\n<ul>\n\t<li>Sed quia studebat laudi et dignitati, multum in virtute processerat.</li>\n\t<li>Age sane, inquam.</li>\n\t<li>Te ipsum, dignissimum maioribus tuis, voluptasne induxit, ut adolescentulus eriperes P.</li>\n\t<li>Verum esto: verbum ipsum voluptatis non habet dignitatem, nec nos fortasse intellegimus.</li>\n</ul>\n\n\n<dl>\n\t<dt><dfn>Sed videbimus.</dfn></dt>\n\t<dd>Magni enim aestimabat pecuniam non modo non contra leges, sed etiam legibus partam.</dd>\n\t<dt><dfn>Nihilo magis.</dfn></dt>\n\t<dd>Ut in geometria, prima si dederis, danda sunt omnia.</dd>\n\t<dt><dfn>Immo videri fortasse.</dfn></dt>\n\t<dd>Mihi, inquam, qui te id ipsum rogavi?</dd>\n\t<dt><dfn>Quo modo?</dfn></dt>\n\t<dd>Moriatur, inquit.</dd>\n</dl>\n\n\n",
    "eventUrl": "http://en.wikipedia.com/wiki/Lorem_ipsum",
    "creation_date": "2018/10/26 17:56:17.358546 GMT-4",
    "contactEmail": "loremipsum@mail.com",
    "_uid": "637abef298c94f279c33cfcdb7e1509e",
    "expirationDate": "None",
    "contactName": "Dolor neque facilisi purus in convallis imperdiet.",
    "_content_type_id": "text/plain",
    "contactPhone": "Metus proin magna lorem montes dui at a.",
    "id": "porta-morbi.",
    "subject": [],
    "attendees": [],
    "effectiveDate": "None",
    "title": "Porta morbi.",
    "_content_type_contactPhone": "text/plain",
    "_content_type_eventUrl": "text/plain",
    "_content_type_language": "text/plain",
    "_defaultpage": "",
    "location": "Curae lorem sed cras litora conubia est parturient montes accumsan.",
    "_content_type_title": "text/plain",
    "excludeFromNav": false,
    "_content_type_contactName": "text/plain",
    "_type": "Event",
    "description": "Fames morbi sit dolor cum curabitur mattis dictumst. Neque massa lectus nascetur vivamus elementum aptent sociis accumsan. Felis fusce litora ac sit condimentum aliquet suspendisse. Massa felis. Lorem risus. Ipsum proin dictum mollis felis ullamcorper pulvinar. Fusce metus hac nunc lorem nibh phasellus magnis. Fames massa. Porta etiam nulla eni fames mus lacus nec erat tellus per. Dolor class netus nunc pretium orci ad amet condimentum est arcu eleifend montes tellus porttitor felis orci. Massa ipsum vivamus mus duis sed aptent ridiculus non. Morbi felis condimentum enim elit.",
    "_atrefs": {},
    "_layout": "event_view",
    "_workflow_history": {
        "simple_publication_workflow": [
            {
                "action": null,
                "review_state": "private",
                "actor": "admin",
                "comments": "",
                "time": "2018/10/26 17:56:17.362825 GMT-4"
            },
            {
                "action": "publish",
                "review_state": "published",
                "actor": "admin",
                "comments": "",
                "time": "2018/10/26 17:56:17.687835 GMT-4"
            }
        ]
    },
    "_content_type_rights": "text/plain",
    "_directly_provided": [],
    "_classname": "ATEvent",
    "_userdefined_roles": [],
    "_content_type_contactEmail": "text/plain",
    "_content_type": "text/html",
    "_id": "porta-morbi.",
    "modification_date": "2018/10/26 17:56:17.691922 GMT-4",
    "language": "en",
    "rights": "Vitae risus dis eget ut consectetuer blandit. Dolor nulla quam ullamcorper iaculis scelerisque diam semper et habitasse urna. Magna lacus. Fusce donec. Lacus morbi rutrum ve dictum blandit nisl senectus consequat. Nulla velit suscipit donec quam praesent laoreet fusce lacinia nam et platea ligula etiam tempus in. Etiam lorem cras orci vestibulum hendrerit erat tristique hac. Fames netus aenean eu. Ipsum dolor placerat neque ad bibendum conubia natoque dictum dis eget sollicitudin lobortis. Neque risus. Morbi risus varius facilisi pulvinar aptent. Justo felis nec etiam duis. Vitae metus pharetra. Lorem metus proin. Dolor purus sit donec fringilla eu phasellus sodales lorem. Lacus netus quis auctor et facilisi turpis mauris. Ipsum purus vel tristique taciti ut nisl amet quisque magnis. Felis fusce primis netus. Dolor augue montes cum natoque duis arcu. Curae donec integer dapibus posuere erat a eros ve cras eu elementum adipiscing dapibus nec.",
    "_atbrefs": {},
    "_content_type_description": "text/plain",
    "_owner": "admin",
    "_content_type_location": "text/plain",
    "_permissions": {
        "Modify portal content": {
            "acquire": false,
            "roles": [
                "Editor",
                "Manager",
                "Owner",
                "Site Administrator"
            ]
        },
        "Access contents information": {
            "acquire": false,
            "roles": [
                "Anonymous"
            ]
        },
        "View": {
            "acquire": false,
            "roles": [
                "Anonymous"
            ]
        }
    },
    "_properties": [
        [
            "title",
            "Porta morbi.",
            "string"
        ]
    ],
    "allowDiscussion": false,
    "_gopip": 17,
    "creators": [
        "admin"
    ],
    "_ac_local_roles": {
        "admin": [
            "Owner"
        ]
    },
    "_path": "/Plone/about/porta-morbi."
}