{
    "startDate": "2018/11/09 17:55:56.280355 GMT-4",
    "endDate": "2018/11/10 02:44:53.629269 GMT-4",
    "contributors": [],
    "_content_type_text": "text/html",
    "text": "<h1>Sed id ne cogitari quidem potest quale sit, ut non repugnet ipsum sibi.</h1>\n\n<p>Lorem ipsum dolor sit amet, consectetur adipiscing elit. Praeteritis, inquit, gaudeo. Ut pulsi recurrant? Huius ego nunc auctoritatem sequens idem faciam. Duo Reges: constructio interrete. </p>\n\n<ul>\n\t<li>Quamvis enim depravatae non sint, pravae tamen esse possunt.</li>\n\t<li>An haec ab eo non dicuntur?</li>\n\t<li>At ille non pertimuit saneque fidenter: Istis quidem ipsis verbis, inquit;</li>\n\t<li>At Zeno eum non beatum modo, sed etiam divitem dicere ausus est.</li>\n</ul>\n\n\n<h2>Callipho ad virtutem nihil adiunxit nisi voluptatem, Diodorus vacuitatem doloris.</h2>\n\n<p>Ex rebus enim timiditas, non ex vocabulis nascitur. Quid me istud rogas? Est enim effectrix multarum et magnarum voluptatum. Primum quid tu dicis breve? Tum Torquatus: Prorsus, inquit, assentior; At coluit ipse amicitias. </p>\n\n<dl>\n\t<dt><dfn>Cur iustitia laudatur?</dfn></dt>\n\t<dd>Ille vero, si insipiens-quo certe, quoniam tyrannus -, numquam beatus;</dd>\n\t<dt><dfn>Ita credo.</dfn></dt>\n\t<dd>Venit ad extremum;</dd>\n\t<dt><dfn>Sumenda potius quam expetenda.</dfn></dt>\n\t<dd>Ab his oratores, ab his imperatores ac rerum publicarum principes extiterunt.</dd>\n\t<dt><dfn>Tenent mordicus.</dfn></dt>\n\t<dd>Honesta oratio, Socratica, Platonis etiam.</dd>\n</dl>\n\n\n<p>Non laboro, inquit, de nomine. Haec para/doca illi, nos admirabilia dicamus. Summum en\u00edm bonum exposuit vacuitatem doloris; Negare non possum. Sed haec omittamus; </p>\n\n<ol>\n\t<li>Et ille ridens: Video, inquit, quid agas;</li>\n\t<li>Ait enim se, si uratur, Quam hoc suave! dicturum.</li>\n</ol>\n\n\n",
    "eventUrl": "http://en.wikipedia.com/wiki/Lorem_ipsum",
    "creation_date": "2018/10/26 17:56:17.890738 GMT-4",
    "contactEmail": "loremipsum@mail.com",
    "_uid": "7479d26d2b0042c5aebf76aae756de48",
    "expirationDate": "None",
    "contactName": "Ipsum felis pulvinar nulla sit nisi id sollicitudin lacinia curabitur est nibh praesent a.",
    "_content_type_id": "text/plain",
    "contactPhone": "Donec curae.",
    "id": "curae-dolor-dis-elit.",
    "subject": [],
    "attendees": [],
    "effectiveDate": "None",
    "title": "Curae dolor dis elit.",
    "_content_type_contactPhone": "text/plain",
    "_content_type_eventUrl": "text/plain",
    "_content_type_language": "text/plain",
    "_defaultpage": "",
    "location": "Velit massa tempor ad nisl cras pulvinar.",
    "_content_type_title": "text/plain",
    "excludeFromNav": false,
    "_content_type_contactName": "text/plain",
    "_type": "Event",
    "description": "Risus netus molestie magna eu at platea cras et consectetuer elit. Ipsum nulla. Neque proin. Lorem magna varius. Nulla neque a congue curae etiam interdum neque hac elit curae commodo mattis. Risus ipsum mauris suspendisse dolor tempus habitasse curae a arcu. Risus dolor. Dolor augue ornare ultricies ve consequat. Magna ipsum viverra dapibus turpis. Metus curae cras a eget adipiscing facilisis purus praesent vestibulum hendrerit. Lacus curae etiam hac nec fermentum nibh tristique varius massa eleifend ac libero. Nulla fames dis eget mauris libero penatibus faucibus primis etiam euismod dignissim ornare taciti. Massa magna conubia sociis erat suspendisse at tempus bibendum imperdiet. Risus lacus lobortis eros blandit donec et tellus. Dolor lacus nisi nisl conubia metus parturient sociosqu. Etiam risus tortor sollicitudin commodo. Velit donec nisl in erat bibendum nulla at nulla accumsan ac risus mi hendrerit nunc eget. Netus curae. Curae nulla duis volutpat habitant lorem augue primis in eleifend habitant fusce. Metus porta rutrum hymenaeos accumsan sapien tempor faucibus posuere pede ve. Fames lacus a pede parturient sem lorem nisl hac diam. Vitae etiam scelerisque nibh pede viverra ve. Massa lacus fames rutrum in.",
    "_atrefs": {},
    "_layout": "event_view",
    "_workflow_history": {
        "simple_publication_workflow": [
            {
                "action": null,
                "review_state": "private",
                "actor": "admin",
                "comments": "",
                "time": "2018/10/26 17:56:17.894367 GMT-4"
            },
            {
                "action": "publish",
                "review_state": "published",
                "actor": "admin",
                "comments": "",
                "time": "2018/10/26 17:56:18.223106 GMT-4"
            }
        ]
    },
    "_content_type_rights": "text/plain",
    "_directly_provided": [],
    "_classname": "ATEvent",
    "_userdefined_roles": [],
    "_content_type_contactEmail": "text/plain",
    "_content_type": "text/html",
    "_id": "curae-dolor-dis-elit.",
    "modification_date": "2018/10/26 17:56:18.227878 GMT-4",
    "language": "en",
    "rights": "Velit porta ipsum mauris. Class felis elit sem eni id tellus in purus ve penatibus. Netus felis vivamus enim. Morbi metus a ornare donec felis potenti maecenas etiam et a. Augue risus inceptos justo sem sapien inceptos suspendisse molestie vivamus. Felis curae nulla netus metus aenean justo sagittis. Justo felis. Purus nulla blandit netus enim hendrerit mus convallis tempus dolor scelerisque. Porta augue quam curabitur mattis bibendum suspendisse. Risus augue dui sed dui ut. Netus etiam laoreet urna vulputate metus diam nonummy magna. Morbi etiam primis quam odio dis elit ac pellentesque tortor id cras etiam.",
    "_atbrefs": {},
    "_content_type_description": "text/plain",
    "_owner": "admin",
    "_content_type_location": "text/plain",
    "_permissions": {
        "Modify portal content": {
            "acquire": false,
            "roles": [
                "Editor",
                "Manager",
                "Owner",
                "Site Administrator"
            ]
        },
        "Access contents information": {
            "acquire": false,
            "roles": [
                "Anonymous"
            ]
        },
        "View": {
            "acquire": false,
            "roles": [
                "Anonymous"
            ]
        }
    },
    "_properties": [
        [
            "title",
            "Curae dolor dis elit.",
            "string"
        ]
    ],
    "allowDiscussion": false,
    "_gopip": 18,
    "creators": [
        "admin"
    ],
    "_ac_local_roles": {
        "admin": [
            "Owner"
        ]
    },
    "_path": "/Plone/about/curae-dolor-dis-elit."
}