{
    "contributors": [],
    "creation_date": "2018/10/26 17:56:19.926496 GMT-4",
    "_uid": "39edf55a6ff94589810dadebab10ca75",
    "expirationDate": "None",
    "_content_type_id": "text/plain",
    "id": "risus-netus-nostra-ad.",
    "subject": [],
    "modification_date": "2018/10/26 17:56:19.983734 GMT-4",
    "title": "Risus netus nostra ad.",
    "_ac_local_roles": {
        "admin": [
            "Owner"
        ]
    },
    "_content_type_language": "text/plain",
    "_defaultpage": "index_html",
    "location": "Curae etiam semper nibh nisi vestibulum mi ante commodo et dolor turpis.",
    "_content_type_title": "text/plain",
    "excludeFromNav": false,
    "_atbrefs": {},
    "_type": "File",
    "description": "Purus augue hac proin curabitur non eget nisl nibh varius tristique ut. Morbi fames. Justo class ornare proin. Purus lorem suspendisse volutpat laoreet cubilia ornare quis eget eros. Velit lacus risus morbi. Nulla velit elit sodales velit orci hac sapien in id hymenaeos. Morbi fusce leo magna pretium blandit dolor sit pulvinar vivamus. Nulla justo diam justo primis cras aliquam ac cum eget nam a lectus cras. Etiam justo dui tristique netus. Fames justo consequat aliquet. Magna neque massa maecenas eu ullamcorper ve cursus pede eros arcu porttitor interdum massa. Ipsum lacus. Magna vitae metus eget auctor maecenas tincidunt in arcu. Dolor donec. Morbi massa odio nullam est id velit tortor.",
    "_atrefs": {},
    "_layout": "file_view",
    "_workflow_history": {
        "simple_publication_workflow": [
            {
                "action": null,
                "review_state": "private",
                "actor": "admin",
                "comments": "",
                "time": "2018/10/26 13:54:2.052253 GMT-4"
            }
        ]
    },
    "_datafield_file": {
        "encoding": "base64",
        "filename": "natoque..dat",
        "data": "R0lGODlhAQABAPAAAPj8+AAAACH5BAEAAAAALAAAAAABAAEAAAICRAEAOw==",
        "content_type": "chemical/x-mopac-input",
        "size": [
            1,
            1
        ]
    },
    "_content_type_rights": "text/plain",
    "_classname": "ATBlob",
    "_directly_provided": [
        "plone.app.blob.interfaces.IATBlobFile",
        "Products.ATContentTypes.interfaces.file.IATFile",
        "Products.ATContentTypes.interfaces.file.IFileContent"
    ],
    "_userdefined_roles": [],
    "_content_type": "chemical/x-mopac-input",
    "_id": "risus-netus-nostra-ad.",
    "effectiveDate": "None",
    "language": "en",
    "rights": "Massa felis congue sem nisl nec. Felis velit tortor aenean accumsan quam vel quis adipiscing dui proin rutrum. Proin augue nunc commodo etiam. Magna augue justo ornare litora lorem. Nulla felis. Etiam neque blandit fermentum interdum luctus. Porta neque. Augue proin taciti felis ad. Fames nulla. Massa risus. Netus magna cum curabitur turpis accumsan tellus aptent lorem vestibulum. Fusce lorem a eget curae magna. Lorem vitae odio nunc cras dui purus dis arcu sem dolor potenti tempor libero sagittis.",
    "_content_type_description": "text/plain",
    "_owner": "admin",
    "_content_type_location": "text/plain",
    "_permissions": {},
    "_properties": [
        [
            "title",
            "Risus netus nostra ad.",
            "string"
        ]
    ],
    "allowDiscussion": false,
    "_gopip": 24,
    "creators": [
        "admin"
    ],
    "_path": "/Plone/about/risus-netus-nostra-ad."
}