{
    "contributors": [],
    "creation_date": "2018/10/26 17:56:20.173581 GMT-4",
    "_uid": "240603adc2be499ca12303d3fcbdbe90",
    "expirationDate": "None",
    "_content_type_id": "text/plain",
    "id": "magna-augue-congue-neque-est-sodales-a-condimentum-sem.",
    "subject": [],
    "modification_date": "2018/10/26 17:56:20.227804 GMT-4",
    "title": "Magna augue congue neque est sodales a condimentum sem.",
    "_ac_local_roles": {
        "admin": [
            "Owner"
        ]
    },
    "_content_type_language": "text/plain",
    "_defaultpage": "index_html",
    "location": "Netus porta turpis proin consequat.",
    "_content_type_title": "text/plain",
    "excludeFromNav": true,
    "_atbrefs": {},
    "_type": "File",
    "description": "Ipsum donec auctor tincidunt praesent amet non orci vestibulum cras donec pharetra nec aliquet class sem eros curabitur tortor ut. Neque felis cubilia molestie class eu porttitor nunc pede habitasse aptent duis at ante morbi. Fusce curae leo fusce rhoncus sodales tortor neque cum eros. Netus vitae. Lorem class morbi volutpat curae etiam a. Curae etiam molestie. Fames neque non etiam ridiculus. Fames vitae class. Felis dolor cras nisi parturient est justo libero bibendum sociosqu. Vitae curae a mollis quam conubia. Lacus felis laoreet nullam etiam eleifend non dapibus. Fusce proin ultrices pede. Morbi purus nibh maecenas condimentum mus cursus a. Lacus ipsum ornare platea class curae netus.",
    "_atrefs": {},
    "_layout": "file_view",
    "_workflow_history": {
        "simple_publication_workflow": [
            {
                "action": null,
                "review_state": "private",
                "actor": "admin",
                "comments": "",
                "time": "2018/10/26 13:54:2.052253 GMT-4"
            }
        ]
    },
    "_datafield_file": {
        "encoding": "base64",
        "filename": "massa..dat",
        "data": "R0lGODlhAQABAPAAAPj8+AAAACH5BAEAAAAALAAAAAABAAEAAAICRAEAOw==",
        "content_type": "chemical/x-mopac-input",
        "size": [
            1,
            1
        ]
    },
    "_content_type_rights": "text/plain",
    "_classname": "ATBlob",
    "_directly_provided": [
        "plone.app.blob.interfaces.IATBlobFile",
        "Products.ATContentTypes.interfaces.file.IATFile",
        "Products.ATContentTypes.interfaces.file.IFileContent"
    ],
    "_userdefined_roles": [],
    "_content_type": "chemical/x-mopac-input",
    "_id": "magna-augue-congue-neque-est-sodales-a-condimentum-sem.",
    "effectiveDate": "None",
    "language": "en",
    "rights": "Fames donec pede nonummy commodo imperdiet. Class proin semper consectetuer nonummy dolor vel ipsum sit integer at cum vulputate tortor. Purus etiam pulvinar habitasse eu sociis ipsum adipiscing condimentum. Lorem etiam penatibus eleifend ut donec. Risus lacus odio turpis magnis. Class dolor mauris mi et quam felis eget ullamcorper. Porta fusce dis orci mus faucibus posuere rhoncus suscipit. Class magna tortor curae porttitor orci aenean dictum etiam blandit sociis ante dignissim tempor placerat. Dolor fames urna quam nibh facilisis interdum arcu mus. Massa nulla odio conubia class proin nam.",
    "_content_type_description": "text/plain",
    "_owner": "admin",
    "_content_type_location": "text/plain",
    "_permissions": {},
    "_properties": [
        [
            "title",
            "Magna augue congue neque est sodales a condimentum sem.",
            "string"
        ]
    ],
    "allowDiscussion": false,
    "_gopip": 25,
    "creators": [
        "admin"
    ],
    "_path": "/Plone/about/magna-augue-congue-neque-est-sodales-a-condimentum-sem."
}