{
    "contributors": [],
    "_content_type_text": "text/html",
    "text": "<h1>Non enim ipsa genuit hominem, sed accepit a natura inchoatum.</h1>\n\n<p>Lorem ipsum dolor sit amet, consectetur adipiscing elit. Tubulo putas dicere? Respondeat totidem verbis. Sed nimis multa. <a href='http://loripsum.net/' target='_blank'>Duo Reges: constructio interrete.</a> </p>\n\n<dl>\n\t<dt><dfn>Quid enim?</dfn></dt>\n\t<dd>Si enim sapiens aliquis miser esse possit, ne ego istam gloriosam memorabilemque virtutem non magno aestimandam putem.</dd>\n\t<dt><dfn>Istic sum, inquit.</dfn></dt>\n\t<dd>Utilitatis causa amicitia est quaesita.</dd>\n\t<dt><dfn>Quis enim redargueret?</dfn></dt>\n\t<dd>Nihilne est in his rebus, quod dignum libero aut indignum esse ducamus?</dd>\n\t<dt><dfn>Equidem e Cn.</dfn></dt>\n\t<dd>Nam illud vehementer repugnat, eundem beatum esse et multis malis oppressum.</dd>\n\t<dt><dfn>Praeteritis, inquit, gaudeo.</dfn></dt>\n\t<dd>Negat esse eam, inquit, propter se expetendam.</dd>\n</dl>\n\n\n<h2>Utinam quidem dicerent alium alio beatiorem! Iam ruinas videres.</h2>\n\n<p>Tum ille: Ain tandem? Sed ad rem redeamus; Tollenda est atque extrahenda radicitus. <a href='http://loripsum.net/' target='_blank'>Sed tamen intellego quid velit.</a> </p>\n\n<ol>\n\t<li>Quae autem natura suae primae institutionis oblita est?</li>\n\t<li>Conferam tecum, quam cuique verso rem subicias;</li>\n</ol>\n\n\n<ul>\n\t<li>Sextilio Rufo, cum is rem ad amicos ita deferret, se esse heredem Q.</li>\n\t<li>Suo genere perveniant ad extremum;</li>\n\t<li>Nam si +omnino nos+ neglegemus, in Aristonea vitia incidemus et peccata obliviscemurque quae virtuti ipsi principia dederimus;</li>\n\t<li>Nisi enim id faceret, cur Plato Aegyptum peragravit, ut a sacerdotibus barbaris numeros et caelestia acciperet?</li>\n</ul>\n\n\n<p>Praeclare hoc quidem. A mene tu? Sin aliud quid voles, postea. <a href='http://loripsum.net/' target='_blank'>Id mihi magnum videtur.</a> Qui est in parvis malis. Sed quid sentiat, non videtis. </p>\n\n",
    "creation_date": "2018/10/26 17:56:21.862654 GMT-4",
    "_uid": "638ab73d66754c4aa2f8f2b75b1d2549",
    "expirationDate": "None",
    "_content_type_id": "text/plain",
    "id": "vitae-ipsum-cursus-ante-sodales-a-ullamcorper-nam-odio.",
    "subject": [],
    "effectiveDate": "None",
    "title": "Vitae ipsum cursus ante sodales a ullamcorper nam odio.",
    "_ac_local_roles": {
        "admin": [
            "Owner"
        ]
    },
    "_content_type_language": "text/plain",
    "_defaultpage": "",
    "location": "Massa proin molestie venenatis dolor laoreet nisi elit convallis sed.",
    "_content_type_title": "text/plain",
    "excludeFromNav": true,
    "presentation": false,
    "_type": "Document",
    "description": "Vitae etiam a elit netus primis aenean eget phasellus maecenas primis magnis augue per odio risus ve aptent torquent. Ipsum purus sem erat amet adipiscing aptent. Augue fames. Justo massa aptent consectetuer natoque arcu cras. Augue morbi amet nostra. Morbi etiam cum arcu. Donec felis nascetur etiam ante nibh posuere at cras pede. Lorem magna elit. Proin morbi sit erat consectetuer parturient odio. Lorem velit netus vitae nunc senectus habitasse.",
    "_atrefs": {},
    "_layout": "document_view",
    "_workflow_history": {
        "simple_publication_workflow": [
            {
                "action": null,
                "review_state": "private",
                "actor": "admin",
                "comments": "",
                "time": "2018/10/26 17:56:21.867476 GMT-4"
            },
            {
                "action": "publish",
                "review_state": "published",
                "actor": "admin",
                "comments": "",
                "time": "2018/10/26 17:56:22.466987 GMT-4"
            }
        ]
    },
    "_content_type_rights": "text/plain",
    "_directly_provided": [],
    "language": "en",
    "tableContents": false,
    "_classname": "ATDocument",
    "banner": "<h1>Quis Aristidem non mortuum diligit?</h1>\n\n<p>Lorem ipsum dolor sit amet, consectetur adipiscing elit. Istam voluptatem perpetuam quis potest praestare sapienti? Ipse Epicurus fortasse redderet, ut Sextus Peducaeus, Sex. Duo Reges: constructio interrete. </p>\n\n<p>Deprehensus omnem poenam contemnet. Memini me adesse P. Quae duo sunt, unum facit. Haec para/doca illi, nos admirabilia dicamus. </p>\n\n<ul>\n\t<li>Sed hoc sane concedamus.</li>\n\t<li>Quem si tenueris, non modo meum Ciceronem, sed etiam me ipsum abducas licebit.</li>\n\t<li>Qui bonum omne in virtute ponit, is potest dicere perfici beatam vitam perfectione virtutis;</li>\n\t<li>Nam et complectitur verbis, quod vult, et dicit plane, quod intellegam;</li>\n\t<li>Si enim non fuit eorum iudicii, nihilo magis hoc non addito illud est iudicatum-.</li>\n</ul>\n\n\n<h2>Theophrasti igitur, inquit, tibi liber ille placet de beata vita?</h2>\n\n<p>Frater et T. Quis istud, quaeso, nesciebat? Traditur, inquit, ab Epicuro ratio neglegendi doloris. Suo genere perveniant ad extremum; </p>\n\n<dl>\n\t<dt><dfn>Paria sunt igitur.</dfn></dt>\n\t<dd>Istam voluptatem perpetuam quis potest praestare sapienti?</dd>\n\t<dt><dfn>Idemne, quod iucunde?</dfn></dt>\n\t<dd>Bona autem corporis huic sunt, quod posterius posui, similiora.</dd>\n</dl>\n\n\n<ol>\n\t<li>Tertium autem omnibus aut maximis rebus iis, quae secundum naturam sint, fruentem vivere.</li>\n\t<li>Amicitiae vero locus ubi esse potest aut quis amicus esse cuiquam, quem non ipsum amet propter ipsum?</li>\n\t<li>Ex rebus enim timiditas, non ex vocabulis nascitur.</li>\n\t<li>Utinam quidem dicerent alium alio beatiorem! Iam ruinas videres.</li>\n\t<li>Tum Piso: Quoniam igitur aliquid omnes, quid Lucius noster?</li>\n\t<li>Sed vobis voluptatum perceptarum recordatio vitam beatam facit, et quidem corpore perceptarum.</li>\n</ol>\n\n\n",
    "_userdefined_roles": [],
    "_content_type": "text/html",
    "_id": "vitae-ipsum-cursus-ante-sodales-a-ullamcorper-nam-odio.",
    "modification_date": "2018/10/26 17:56:22.471952 GMT-4",
    "_content_type_banner": "text/html",
    "rights": "Etiam curae donec bibendum quam nec purus malesuada vehicula lectus nisl amet. Justo felis duis sem. Lorem dolor arcu dapibus ad donec consectetuer habitasse justo purus est. Magna lorem dolor orci. Class fames. Donec augue porta fames eget litora. Augue magna nec urna dui. Fusce vitae odio facilisi malesuada dolor vulputate eros arcu venenatis litora. Vitae risus nulla dictumst class dictum primis. Metus magna. Ipsum purus tempor condimentum proin consequat lobortis ad augue. Proin magna tincidunt hac. Augue lacus. Class porta luctus nisi ve arcu ut tristique a fringilla neque commodo cras conubia integer eleifend ve ligula. Netus metus. Fusce curae augue nam pede.",
    "_atbrefs": {},
    "_content_type_description": "text/plain",
    "_owner": "admin",
    "_content_type_location": "text/plain",
    "_permissions": {
        "Modify portal content": {
            "acquire": false,
            "roles": [
                "Editor",
                "Manager",
                "Owner",
                "Site Administrator"
            ]
        },
        "Access contents information": {
            "acquire": false,
            "roles": [
                "Anonymous"
            ]
        },
        "View": {
            "acquire": false,
            "roles": [
                "Anonymous"
            ]
        }
    },
    "_properties": [
        [
            "title",
            "Vitae ipsum cursus ante sodales a ullamcorper nam odio.",
            "string"
        ]
    ],
    "allowDiscussion": false,
    "_gopip": 0,
    "creators": [
        "admin"
    ],
    "_path": "/Plone/about/lacus-purus-sit-augue-facilisis-ultricies-pede./vitae-ipsum-cursus-ante-sodales-a-ullamcorper-nam-odio."
}