{
    "contributors": [],
    "_content_type_text": "text/html",
    "text": "<h1>Si verbum sequimur, primum longius verbum praepositum quam bonum.</h1>\n\n<p>Lorem ipsum dolor sit amet, consectetur adipiscing elit. Itaque his sapiens semper vacabit. Omnia contraria, quos etiam insanos esse vultis. Quae duo sunt, unum facit. Quod quidem nobis non saepe contingit. </p>\n\n<ol>\n\t<li>Quae tamen a te agetur non melior, quam illae sunt, quas interdum optines.</li>\n\t<li>Erat enim Polemonis.</li>\n\t<li>Quid enim ab antiquis ex eo genere, quod ad disserendum valet, praetermissum est?</li>\n\t<li>Solum praeterea formosum, solum liberum, solum civem, stultost;</li>\n\t<li>Proclivi currit oratio.</li>\n\t<li>Addo etiam illud, multa iam mihi dare signa puerum et pudoris et ingenii, sed aetatem vides.</li>\n</ol>\n\n\n<p>Quamquam tu hanc copiosiorem etiam soles dicere. Rationis enim perfectio est virtus; Eaedem res maneant alio modo. Sin aliud quid voles, postea. Tu quidem reddes; </p>\n\n<p><a href='http://loripsum.net/' target='_blank'>Duo Reges: constructio interrete.</a> Quis hoc dicit? <a href='http://loripsum.net/' target='_blank'>Iam in altera philosophiae parte.</a> Collige omnia, quae soletis: Praesidium amicorum. Quid de Platone aut de Democrito loquar? Scrupulum, inquam, abeunti; <a href='http://loripsum.net/' target='_blank'>Sumenda potius quam expetenda.</a> Itaque ad tempus ad Pisonem omnes. </p>\n\n<dl>\n\t<dt><dfn>Scaevolam M.</dfn></dt>\n\t<dd>Quis est, qui non oderit libidinosam, protervam adolescentiam?</dd>\n\t<dt><dfn>Quo tandem modo?</dfn></dt>\n\t<dd>Ad corpus diceres pertinere-, sed ea, quae dixi, ad corpusne refers?</dd>\n\t<dt><dfn>ALIO MODO.</dfn></dt>\n\t<dd>Ergo hoc quidem apparet, nos ad agendum esse natos.</dd>\n\t<dt><dfn>Tenent mordicus.</dfn></dt>\n\t<dd>Apud imperitos tum illa dicta sunt, aliquid etiam coronae datum;</dd>\n</dl>\n\n\n<ul>\n\t<li>Quare, quoniam de primis naturae commodis satis dietum est nunc de maioribus consequentibusque videamus.</li>\n\t<li>Te autem hortamur omnes, currentem quidem, ut spero, ut eos, quos novisse vis, imitari etiam velis.</li>\n\t<li>Si stante, hoc natura videlicet vult, salvam esse se, quod concedimus;</li>\n\t<li>Modo etiam paulum ad dexteram de via declinavi, ut ad Pericli sepulcrum accederem.</li>\n</ul>\n\n\n",
    "creation_date": "2018/10/26 17:56:22.648674 GMT-4",
    "_uid": "31f5a85f950b45178d2c467d95ee3d2c",
    "expirationDate": "None",
    "_content_type_id": "text/plain",
    "id": "risus-neque-nunc-vel.",
    "subject": [],
    "effectiveDate": "None",
    "title": "Risus neque nunc vel.",
    "_ac_local_roles": {
        "admin": [
            "Owner"
        ]
    },
    "_content_type_language": "text/plain",
    "_defaultpage": "",
    "location": "Lorem fames eros nisi fusce purus turpis auctor.",
    "_content_type_title": "text/plain",
    "excludeFromNav": false,
    "presentation": true,
    "_type": "Document",
    "description": "Vitae nulla senectus metus eu mollis porttitor aptent. Purus ipsum aliquet quis hac id. Morbi nulla luctus pede aenean dapibus mi. Etiam curae sit elit per eros vestibulum platea. Class lorem. Dolor purus facilisis est class ornare luctus laoreet magnis sit duis amet cras dictumst sed commodo ipsum nulla. Purus augue feugiat nostra leo quis. Porta lacus enim. Vitae felis fames hymenaeos penatibus proin vivamus integer rhoncus urna felis lacinia conubia. Donec metus condimentum diam tempus varius. Donec justo proin magna ullamcorper pharetra. Magna neque. Lacus netus lectus. Augue massa integer. Metus etiam magnis lacus praesent metus id fringilla condimentum donec ornare eros mus. Metus dolor a sociis eros conubia.",
    "_atrefs": {},
    "_layout": "document_view",
    "_workflow_history": {
        "simple_publication_workflow": [
            {
                "action": null,
                "review_state": "private",
                "actor": "admin",
                "comments": "",
                "time": "2018/10/26 17:56:22.652768 GMT-4"
            },
            {
                "action": "publish",
                "review_state": "published",
                "actor": "admin",
                "comments": "",
                "time": "2018/10/26 17:56:23.248798 GMT-4"
            }
        ]
    },
    "_content_type_rights": "text/plain",
    "_directly_provided": [],
    "language": "en",
    "tableContents": true,
    "_classname": "ATDocument",
    "banner": "<h1>Ita relinquet duas, de quibus etiam atque etiam consideret.</h1>\n\n<p>Lorem ipsum dolor sit amet, consectetur adipiscing elit. Compensabatur, inquit, cum summis doloribus laetitia. Quamquam haec quidem praeposita recte et reiecta dicere licebit. Duo Reges: constructio interrete. Prioris generis est docilitas, memoria; </p>\n\n<ul>\n\t<li>Tum Piso: Quoniam igitur aliquid omnes, quid Lucius noster?</li>\n\t<li>Non pugnem cum homine, cur tantum habeat in natura boni;</li>\n\t<li>Quis enim confidit semper sibi illud stabile et firmum permansurum, quod fragile et caducum sit?</li>\n\t<li>Si est nihil nisi corpus, summa erunt illa: valitudo, vacuitas doloris, pulchritudo, cetera.</li>\n</ul>\n\n\n<ol>\n\t<li>Ergo id est convenienter naturae vivere, a natura discedere.</li>\n\t<li>Septem autem illi non suo, sed populorum suffragio omnium nominati sunt.</li>\n</ol>\n\n\n<dl>\n\t<dt><dfn>Beatum, inquit.</dfn></dt>\n\t<dd>Quis non odit sordidos, vanos, leves, futtiles?</dd>\n\t<dt><dfn>Negare non possum.</dfn></dt>\n\t<dd>Haec et tu ita posuisti, et verba vestra sunt.</dd>\n</dl>\n\n\n<p>Nos cum te, M. Quid iudicant sensus? Negat enim summo bono afferre incrementum diem. Nihil opus est exemplis hoc facere longius. At hoc in eo M. </p>\n\n<p>Cave putes quicquam esse verius. Hoc mihi cum tuo fratre convenit. Diodorus, eius auditor, adiungit ad honestatem vacuitatem doloris. Sed haec omittamus; <a href='http://loripsum.net/' target='_blank'>Que Manilium, ab iisque M.</a> </p>\n\n",
    "_userdefined_roles": [],
    "_content_type": "text/html",
    "_id": "risus-neque-nunc-vel.",
    "modification_date": "2018/10/26 17:56:23.253282 GMT-4",
    "_content_type_banner": "text/html",
    "rights": "Velit metus cras habitasse non nunc. Netus augue diam id porttitor etiam eu a tempus diam platea mus. Neque velit mus orci facilisi suscipit etiam sed nibh eu augue. Porta fusce. Fames class dis justo. Felis porta felis neque. Neque augue nostra mi primis et ac purus class lacus integer sociis. Risus nulla lectus ante eu consectetuer conubia vitae quam lacinia ac ipsum id luctus eleifend. Massa magna nostra libero consequat nascetur in fames. Fames fusce eni enim adipiscing nisi neque netus turpis elit in porttitor. Neque massa lacinia sociis in elementum dignissim justo. Porta felis justo pede erat ante neque vitae laoreet. Porta magna donec eget mi penatibus nulla sed orci vestibulum. Vitae massa ornare purus litora dolor. Magna lorem. Fames morbi. Class metus netus orci venenatis taciti nisi eu pede justo. Felis magna a cubilia auctor quam mauris. Lorem magna blandit nisl at sapien viverra aliquet imperdiet molestie aenean.",
    "_atbrefs": {},
    "_content_type_description": "text/plain",
    "_owner": "admin",
    "_content_type_location": "text/plain",
    "_permissions": {
        "Modify portal content": {
            "acquire": false,
            "roles": [
                "Editor",
                "Manager",
                "Owner",
                "Site Administrator"
            ]
        },
        "Access contents information": {
            "acquire": false,
            "roles": [
                "Anonymous"
            ]
        },
        "View": {
            "acquire": false,
            "roles": [
                "Anonymous"
            ]
        }
    },
    "_properties": [
        [
            "title",
            "Risus neque nunc vel.",
            "string"
        ]
    ],
    "allowDiscussion": false,
    "_gopip": 1,
    "creators": [
        "admin"
    ],
    "_path": "/Plone/about/lacus-purus-sit-augue-facilisis-ultricies-pede./risus-neque-nunc-vel."
}