{
    "contributors": [],
    "_content_type_text": "text/html",
    "text": "<h1>Verum tamen cum de rebus grandioribus dicas, ipsae res verba rapiunt;</h1>\n\n<p>Lorem ipsum dolor sit amet, consectetur adipiscing elit. Quod vestri non item. Quo modo autem philosophus loquitur? Ita multa dicunt, quae vix intellegam. Ergo, inquit, tibi Q. Nam quid possumus facere melius? Duo Reges: constructio interrete. </p>\n\n<dl>\n\t<dt><dfn>ALIO MODO.</dfn></dt>\n\t<dd>Facit enim ille duo seiuncta ultima bonorum, quae ut essent vera, coniungi debuerunt;</dd>\n\t<dt><dfn>Quis enim redargueret?</dfn></dt>\n\t<dd>Ac ne plura complectar-sunt enim innumerabilia-, bene laudata virtus voluptatis aditus intercludat necesse est.</dd>\n</dl>\n\n\n<h2>Levatio igitur vitiorum magna fit in iis, qui habent ad virtutem progressionis aliquantum.</h2>\n\n<p><a href='http://loripsum.net/' target='_blank'>Zenonis est, inquam, hoc Stoici.</a> Quid ergo attinet gloriose loqui, nisi constanter loquare? Nam ista vestra: Si gravis, brevis; Quis istud possit, inquit, negare? </p>\n\n<ul>\n\t<li>Quod autem principium officii quaerunt, melius quam Pyrrho;</li>\n\t<li>Quod autem satis est, eo quicquid accessit, nimium est;</li>\n</ul>\n\n\n<ol>\n\t<li>Quis contra in illa aetate pudorem, constantiam, etiamsi sua nihil intersit, non tamen diligat?</li>\n\t<li>Sapientem locupletat ipsa natura, cuius divitias Epicurus parabiles esse docuit.</li>\n\t<li>Miserum hominem! Si dolor summum malum est, dici aliter non potest.</li>\n\t<li>Sed quid minus probandum quam esse aliquem beatum nec satis beatum?</li>\n</ol>\n\n\n<p>Non est igitur voluptas bonum. <a href='http://loripsum.net/' target='_blank'>In schola desinis.</a> Quamquam te quidem video minime esse deterritum. Quodsi ipsam honestatem undique pertectam atque absolutam. </p>\n\n",
    "creation_date": "2018/10/26 17:56:25.191860 GMT-4",
    "_uid": "09597d0f55424f57936ea51e826d436b",
    "expirationDate": "None",
    "_content_type_id": "text/plain",
    "id": "felis-vitae.",
    "subject": [],
    "effectiveDate": "None",
    "title": "Felis vitae.",
    "_ac_local_roles": {
        "admin": [
            "Owner"
        ]
    },
    "_content_type_language": "text/plain",
    "_defaultpage": "",
    "location": "Ipsum risus.",
    "_content_type_title": "text/plain",
    "excludeFromNav": true,
    "presentation": true,
    "_type": "Document",
    "description": "Porta fusce etiam nascetur purus id elementum ipsum habitant. Risus proin nulla lorem nunc mi pellentesque cras. Vitae etiam per elit habitant habitasse duis odio taciti cras. Porta class diam a. Lorem justo tortor fames purus torquent nisl ve pulvinar dis in diam. Ipsum magna lacus arcu velit lorem nec elit. Magna neque morbi mattis porta pretium feugiat. Massa fusce. Proin fames donec orci sapien. Massa justo sit platea consequat. Augue lorem. Curae massa. Felis fames viverra rhoncus pede amet nec nulla rhoncus lorem. Magna nulla taciti etiam egestas sagittis etiam.",
    "_atrefs": {},
    "_layout": "document_view",
    "_workflow_history": {
        "simple_publication_workflow": [
            {
                "action": null,
                "review_state": "private",
                "actor": "admin",
                "comments": "",
                "time": "2018/10/26 17:56:25.195531 GMT-4"
            },
            {
                "action": "publish",
                "review_state": "published",
                "actor": "admin",
                "comments": "",
                "time": "2018/10/26 17:56:25.791731 GMT-4"
            }
        ]
    },
    "_content_type_rights": "text/plain",
    "_directly_provided": [],
    "language": "en",
    "tableContents": true,
    "_classname": "ATDocument",
    "banner": "<h1>Ille enim occurrentia nescio quae comminiscebatur;</h1>\n\n<p>Lorem ipsum dolor sit amet, consectetur adipiscing elit. Praeclare hoc quidem. Sed quod proximum fuit non vidit. Nulla erit controversia. <a href='http://loripsum.net/' target='_blank'>Restinguet citius, si ardentem acceperit.</a> At enim sequor utilitatem. Duo Reges: constructio interrete. </p>\n\n<p>Quid est igitur, inquit, quod requiras? Beatus sibi videtur esse moriens. Quod cum dixissent, ille contra. Quis hoc dicit? Quae cum dixisset, finem ille. </p>\n\n<ul>\n\t<li>Hoc non est positum in nostra actione.</li>\n\t<li>Summus dolor plures dies manere non potest?</li>\n</ul>\n\n\n<ol>\n\t<li>Est, ut dicis, inquit;</li>\n\t<li>Ne amores quidem sanctos a sapiente alienos esse arbitrantur.</li>\n\t<li>Quis est enim aut quotus quisque, cui, mora cum adpropinquet, non refugiat timido sanguen \u00e1tque exalbesc\u00e1t metu?</li>\n\t<li>Sed ut iis bonis erigimur, quae expectamus, sic laetamur iis, quae recordamur.</li>\n</ol>\n\n\n<dl>\n\t<dt><dfn>Si longus, levis.</dfn></dt>\n\t<dd>Atque haec coniunctio confusioque virtutum tamen a philosophis ratione quadam distinguitur.</dd>\n\t<dt><dfn>Beatum, inquit.</dfn></dt>\n\t<dd>Iubet igitur nos Pythius Apollo noscere nosmet ipsos.</dd>\n\t<dt><dfn>Recte dicis;</dfn></dt>\n\t<dd>Primum in nostrane potestate est, quid meminerimus?</dd>\n\t<dt><dfn>Nihil sane.</dfn></dt>\n\t<dd>Nam si amitti vita beata potest, beata esse non potest.</dd>\n</dl>\n\n\n<p>Odium autem et invidiam facile vitabis. Pugnant Stoici cum Peripateticis. Itaque hic ipse iam pridem est reiectus; </p>\n\n",
    "_userdefined_roles": [],
    "_content_type": "text/html",
    "_id": "felis-vitae.",
    "modification_date": "2018/10/26 17:56:25.795424 GMT-4",
    "_content_type_banner": "text/html",
    "rights": "Dolor lorem nascetur ad ullamcorper arcu erat sodales cubilia ultricies nibh blandit. Porta proin. Felis augue. Vitae augue a elit augue morbi amet. Massa nulla dui vestibulum lorem. Etiam lacus ipsum nostra proin placerat. Proin fames pede neque donec consequat suscipit id morbi. Porta justo luctus phasellus porttitor lacus id class sollicitudin. Neque morbi auctor at elementum a eni fringilla enim. Fusce risus laoreet porttitor turpis velit eros nam lorem dapibus hendrerit. Massa risus suspendisse vel litora ut faucibus. Netus nulla nullam dictumst malesuada felis. Vitae ipsum. Neque lorem praesent lacus eu proin consectetuer eleifend proin. Neque curae nullam vitae vestibulum ad. Augue morbi nisi dui porta parturient diam mauris. Curae magna sapien class condimentum. Metus lorem neque velit varius in litora et lobortis sed id. Donec porta etiam lobortis massa a.",
    "_atbrefs": {},
    "_content_type_description": "text/plain",
    "_owner": "admin",
    "_content_type_location": "text/plain",
    "_permissions": {
        "Modify portal content": {
            "acquire": false,
            "roles": [
                "Editor",
                "Manager",
                "Owner",
                "Site Administrator"
            ]
        },
        "Access contents information": {
            "acquire": false,
            "roles": [
                "Anonymous"
            ]
        },
        "View": {
            "acquire": false,
            "roles": [
                "Anonymous"
            ]
        }
    },
    "_properties": [
        [
            "title",
            "Felis vitae.",
            "string"
        ]
    ],
    "allowDiscussion": false,
    "_gopip": 4,
    "creators": [
        "admin"
    ],
    "_path": "/Plone/about/lacus-purus-sit-augue-facilisis-ultricies-pede./felis-vitae."
}