{
    "contributors": [],
    "_content_type_text": "text/html",
    "text": "<h1>Aliter homines, aliter philosophos loqui putas oportere?</h1>\n\n<p>Lorem ipsum dolor sit amet, consectetur adipiscing elit. Iam contemni non poteris. Et quidem, inquit, vehementer errat; Sine ea igitur iucunde negat posse se vivere? Quid, de quo nulla dissensio est? </p>\n\n<dl>\n\t<dt><dfn>Moriatur, inquit.</dfn></dt>\n\t<dd>Sed tamen omne, quod de re bona dilucide dicitur, mihi praeclare dici videtur.</dd>\n\t<dt><dfn>Quonam modo?</dfn></dt>\n\t<dd>Sin ea non neglegemus neque tamen ad finem summi boni referemus, non multum ab Erilli levitate aberrabimus.</dd>\n\t<dt><dfn>ALIO MODO.</dfn></dt>\n\t<dd>Nec lapathi suavitatem acupenseri Galloni Laelius anteponebat, sed suavitatem ipsam neglegebat;</dd>\n\t<dt><dfn>Sullae consulatum?</dfn></dt>\n\t<dd>Indicant pueri, in quibus ut in speculis natura cernitur.</dd>\n\t<dt><dfn>Non igitur bene.</dfn></dt>\n\t<dd>Coniunctio autem cum honestate vel voluptatis vel non dolendi id ipsum honestum, quod amplecti vult, id efficit turpe.</dd>\n\t<dt><dfn>Quare attende, quaeso.</dfn></dt>\n\t<dd>Hic Speusippus, hic Xenocrates, hic eius auditor Polemo, cuius illa ipsa sessio fuit, quam videmus.</dd>\n</dl>\n\n\n<h3>Haec quo modo conveniant, non sane intellego.</h3>\n\n<p>Quid ergo? <a href='http://loripsum.net/' target='_blank'>Id enim natura desiderat.</a> Idemne, quod iucunde? </p>\n\n<ol>\n\t<li>Poterat autem inpune;</li>\n\t<li>An est aliquid, quod te sua sponte delectet?</li>\n\t<li>At enim, qua in vita est aliquid mali, ea beata esse non potest.</li>\n\t<li>Et quidem iure fortasse, sed tamen non gravissimum est testimonium multitudinis.</li>\n</ol>\n\n\n<h2>Negat esse eam, inquit, propter se expetendam.</h2>\n\n<p>Negat enim summo bono afferre incrementum diem. <a href='http://loripsum.net/' target='_blank'>Duo Reges: constructio interrete.</a> Sed residamus, inquit, si placet. </p>\n\n<ul>\n\t<li>Piso, familiaris noster, et alia multa et hoc loco Stoicos irridebat: Quid enim?</li>\n\t<li>Qui autem de summo bono dissentit de tota philosophiae ratione dissentit.</li>\n\t<li>Primum cur ista res digna odio est, nisi quod est turpis?</li>\n\t<li>Ut alios omittam, hunc appello, quem ille unum secutus est.</li>\n</ul>\n\n\n",
    "creation_date": "2018/10/26 17:56:25.974600 GMT-4",
    "_uid": "caddefb7cc544df4aef7e1f7cb61691d",
    "expirationDate": "None",
    "_content_type_id": "text/plain",
    "id": "metus-fames-rutrum-mauris-suscipit-quis.",
    "subject": [],
    "effectiveDate": "None",
    "title": "Metus fames rutrum mauris suscipit quis.",
    "_ac_local_roles": {
        "admin": [
            "Owner"
        ]
    },
    "_content_type_language": "text/plain",
    "_defaultpage": "",
    "location": "Class neque.",
    "_content_type_title": "text/plain",
    "excludeFromNav": true,
    "presentation": false,
    "_type": "Document",
    "description": "Risus velit euismod. Purus justo. Magna dolor eleifend. Donec augue senectus vestibulum curabitur urna cum felis. Risus fusce. Justo massa taciti sociosqu suspendisse nascetur laoreet. Ipsum donec sociosqu. Augue donec. Risus curae mollis class. Purus morbi lacinia ve odio convallis mattis tempor risus dapibus netus ut.",
    "_atrefs": {},
    "_layout": "document_view",
    "_workflow_history": {
        "simple_publication_workflow": [
            {
                "action": null,
                "review_state": "private",
                "actor": "admin",
                "comments": "",
                "time": "2018/10/26 17:56:25.978811 GMT-4"
            },
            {
                "action": "publish",
                "review_state": "published",
                "actor": "admin",
                "comments": "",
                "time": "2018/10/26 17:56:26.579771 GMT-4"
            }
        ]
    },
    "_content_type_rights": "text/plain",
    "_directly_provided": [],
    "language": "en",
    "tableContents": true,
    "_classname": "ATDocument",
    "banner": "<h1>In his igitur partibus duabus nihil erat, quod Zeno commutare gestiret.</h1>\n\n<p>Lorem ipsum dolor sit amet, consectetur adipiscing elit. Immo alio genere; Restinguet citius, si ardentem acceperit. </p>\n\n<ol>\n\t<li>Hoc non est positum in nostra actione.</li>\n\t<li>Quod cum dixissent, ille contra.</li>\n\t<li>Ab hoc autem quaedam non melius quam veteres, quaedam omnino relicta.</li>\n\t<li>Iubet igitur nos Pythius Apollo noscere nosmet ipsos.</li>\n\t<li>Iam id ipsum absurdum, maximum malum neglegi.</li>\n</ol>\n\n\n<p>Sin aliud quid voles, postea. Nam ante Aristippus, et ille melius. Duo Reges: constructio interrete. Omnis enim est natura diligens sui. Torquatus, is qui consul cum Cn. </p>\n\n<ul>\n\t<li>In qua si nihil est praeter rationem, sit in una virtute finis bonorum;</li>\n\t<li>Bestiarum vero nullum iudicium puto.</li>\n\t<li>Hoc non est positum in nostra actione.</li>\n\t<li>Animadverti, \u00ednquam, te isto modo paulo ante ponere, et scio ab Antiocho nostro dici sic solere;</li>\n</ul>\n\n\n<h2>Homines optimi non intellegunt totam rationem everti, si ita res se habeat.</h2>\n\n<p>Ad eos igitur converte te, quaeso. Deinde disputat, quod cuiusque generis animantium statui deceat extremum. Hoc non est positum in nostra actione. Cur iustitia laudatur? Re mihi non aeque satisfacit, et quidem locis pluribus. </p>\n\n<dl>\n\t<dt><dfn>Summae mihi videtur inscitiae.</dfn></dt>\n\t<dd>Non autem hoc: igitur ne illud quidem.</dd>\n\t<dt><dfn>Summae mihi videtur inscitiae.</dfn></dt>\n\t<dd>Tum ille: Tu autem cum ipse tantum librorum habeas, quos hic tandem requiris?</dd>\n\t<dt><dfn>Ergo, inquit, tibi Q.</dfn></dt>\n\t<dd>Atqui perspicuum est hominem e corpore animoque constare, cum primae sint animi partes, secundae corporis.</dd>\n\t<dt><dfn>Sed haec omittamus;</dfn></dt>\n\t<dd>Tanti autem aderant vesicae et torminum morbi, ut nihil ad eorum magnitudinem posset accedere.</dd>\n</dl>\n\n\n",
    "_userdefined_roles": [],
    "_content_type": "text/html",
    "_id": "metus-fames-rutrum-mauris-suscipit-quis.",
    "modification_date": "2018/10/26 17:56:26.584149 GMT-4",
    "_content_type_banner": "text/html",
    "rights": "Etiam lorem dui diam aenean laoreet blandit quam odio enim. Curae donec dui vulputate integer netus id. Lorem velit aliquet curae eget taciti fringilla suscipit sapien lectus etiam. Velit donec platea at risus montes. Metus porta vel. Felis porta feugiat placerat vitae lobortis enim suscipit. Fames massa sagittis sem montes ipsum. Magna felis ultrices purus ut curabitur. Etiam lorem massa. Purus fames ligula vitae suspendisse in. Morbi lorem luctus leo mi nibh quam. Purus lacus eni eros ve ipsum sem odio dignissim cras duis erat. Donec risus euismod facilisi massa praesent phasellus. Velit netus justo dis erat. Porta curae semper ac odio quam.",
    "_atbrefs": {},
    "_content_type_description": "text/plain",
    "_owner": "admin",
    "_content_type_location": "text/plain",
    "_permissions": {
        "Modify portal content": {
            "acquire": false,
            "roles": [
                "Editor",
                "Manager",
                "Owner",
                "Site Administrator"
            ]
        },
        "Access contents information": {
            "acquire": false,
            "roles": [
                "Anonymous"
            ]
        },
        "View": {
            "acquire": false,
            "roles": [
                "Anonymous"
            ]
        }
    },
    "_properties": [
        [
            "title",
            "Metus fames rutrum mauris suscipit quis.",
            "string"
        ]
    ],
    "allowDiscussion": false,
    "_gopip": 5,
    "creators": [
        "admin"
    ],
    "_path": "/Plone/about/lacus-purus-sit-augue-facilisis-ultricies-pede./metus-fames-rutrum-mauris-suscipit-quis."
}