{
    "startDate": "2018/10/27 06:26:18.799676 GMT-4",
    "endDate": "2018/10/27 10:54:27.341657 GMT-4",
    "contributors": [],
    "_content_type_text": "text/html",
    "text": "<h1>Primum quid tu dicis breve?</h1>\n\n<p>Lorem ipsum dolor sit amet, consectetur adipiscing elit. Deinde dolorem quem maximum? <a href='http://loripsum.net/' target='_blank'>Qualem igitur hominem natura inchoavit?</a> Nihil enim hoc differt. Iam contemni non poteris. At multis se probavit. Duo Reges: constructio interrete. </p>\n\n<dl>\n\t<dt><dfn>Peccata paria.</dfn></dt>\n\t<dd>Habes, inquam, Cato, formam eorum, de quibus loquor, philosophorum.</dd>\n\t<dt><dfn>Non semper, inquam;</dfn></dt>\n\t<dd>Nam si amitti vita beata potest, beata esse non potest.</dd>\n\t<dt><dfn>Istic sum, inquit.</dfn></dt>\n\t<dd>Et quod est munus, quod opus sapientiae?</dd>\n\t<dt><dfn>Quonam modo?</dfn></dt>\n\t<dd>Quae duo sunt, unum facit.</dd>\n</dl>\n\n\n<h2>Theophrasti igitur, inquit, tibi liber ille placet de beata vita?</h2>\n\n<p>Hoc ipsum elegantius poni meliusque potuit. Quod equidem non reprehendo; Easdemne res? Tum ille: Ain tandem? <a href='http://loripsum.net/' target='_blank'>Occultum facinus esse potuerit, gaudebit;</a> </p>\n\n<ul>\n\t<li>Sapiens autem semper beatus est et est aliquando in dolore;</li>\n\t<li>Multa sunt dicta ab antiquis de contemnendis ac despiciendis rebus humanis;</li>\n\t<li>Quod si ita se habeat, non possit beatam praestare vitam sapientia.</li>\n\t<li>Apud imperitos tum illa dicta sunt, aliquid etiam coronae datum;</li>\n</ul>\n\n\n<ol>\n\t<li>Et quidem iure fortasse, sed tamen non gravissimum est testimonium multitudinis.</li>\n\t<li>Eam tum adesse, cum dolor omnis absit;</li>\n\t<li>Quis non odit sordidos, vanos, leves, futtiles?</li>\n\t<li>Sit ista in Graecorum levitate perversitas, qui maledictis insectantur eos, a quibus de veritate dissentiunt.</li>\n\t<li>Atque haec coniunctio confusioque virtutum tamen a philosophis ratione quadam distinguitur.</li>\n</ol>\n\n\n<p>Sed fortuna fortis; Haeret in salebra. <a href='http://loripsum.net/' target='_blank'>Audeo dicere, inquit.</a> Ea possunt paria non esse. Omnia peccata paria dicitis. Nihil opus est exemplis hoc facere longius. </p>\n\n",
    "eventUrl": "http://en.wikipedia.com/wiki/Lorem_ipsum",
    "creation_date": "2018/10/26 17:56:30.021112 GMT-4",
    "contactEmail": "loremipsum@mail.com",
    "_uid": "68c4443d8a8f42eb8da8cf777cc96367",
    "expirationDate": "None",
    "contactName": "Proin porta sem nostra lorem at placerat elit quisque.",
    "_content_type_id": "text/plain",
    "contactPhone": "Morbi massa aenean odio sollicitudin.",
    "id": "morbi-justo-taciti-elit.",
    "subject": [],
    "attendees": [],
    "effectiveDate": "None",
    "title": "Morbi justo taciti elit.",
    "_content_type_contactPhone": "text/plain",
    "_content_type_eventUrl": "text/plain",
    "_content_type_language": "text/plain",
    "_defaultpage": "",
    "location": "Netus lacus magnis penatibus pretium quis.",
    "_content_type_title": "text/plain",
    "excludeFromNav": true,
    "_content_type_contactName": "text/plain",
    "_type": "Event",
    "description": "Fusce vitae senectus per morbi augue diam vel viverra sagittis. Massa risus elit vel class. Morbi class. Class velit vivamus egestas ridiculus duis non mattis nec tempus porttitor. Nulla justo sed maecenas phasellus curae diam vehicula potenti. Morbi etiam dictumst mi vitae taciti proin cubilia eros fusce cursus mi. Dolor risus nulla inceptos eget iaculis pede interdum. Dolor etiam nonummy enim. Dolor massa ligula urna mollis sociosqu natoque vivamus taciti nulla. Dolor nulla pede dictumst ipsum. Risus morbi dis imperdiet mattis faucibus vehicula porta iaculis porttitor nam nisl inceptos cursus odio. Neque ipsum. Nulla lacus vitae aptent. Massa magna ipsum lectus eni posuere ultrices. Vitae dolor erat ullamcorper et nullam consequat interdum. Lacus etiam neque taciti lectus odio egestas class at nostra pretium. Ipsum proin nam quam parturient ad hymenaeos fringilla.",
    "_atrefs": {},
    "_layout": "event_view",
    "_workflow_history": {
        "simple_publication_workflow": [
            {
                "action": null,
                "review_state": "private",
                "actor": "admin",
                "comments": "",
                "time": "2018/10/26 17:56:30.024387 GMT-4"
            },
            {
                "action": "publish",
                "review_state": "published",
                "actor": "admin",
                "comments": "",
                "time": "2018/10/26 17:56:30.430346 GMT-4"
            }
        ]
    },
    "_content_type_rights": "text/plain",
    "_directly_provided": [],
    "_classname": "ATEvent",
    "_userdefined_roles": [],
    "_content_type_contactEmail": "text/plain",
    "_content_type": "text/html",
    "_id": "morbi-justo-taciti-elit.",
    "modification_date": "2018/10/26 17:56:30.434716 GMT-4",
    "language": "en",
    "rights": "Nulla proin dictum eleifend amet habitasse. Purus donec condimentum habitant sodales. Velit proin. Curae magna dui massa quisque tortor per duis eleifend senectus magna sollicitudin. Risus fames a pede morbi senectus ad scelerisque urna erat. Netus vitae nullam pellentesque porttitor tellus lectus sit cursus lobortis quis cum mi. Netus magna a tortor lorem ac augue elementum. Donec porta. Ipsum justo eros sem etiam pede torquent malesuada dictumst varius parturient vitae blandit. Ipsum fusce dapibus id quam ac phasellus justo eni eros. Lorem ipsum. Curae donec tellus dis elit quam massa viverra potenti nostra. Curae netus. Velit donec.",
    "_atbrefs": {},
    "_content_type_description": "text/plain",
    "_owner": "admin",
    "_content_type_location": "text/plain",
    "_permissions": {
        "Modify portal content": {
            "acquire": false,
            "roles": [
                "Editor",
                "Manager",
                "Owner",
                "Site Administrator"
            ]
        },
        "Access contents information": {
            "acquire": false,
            "roles": [
                "Anonymous"
            ]
        },
        "View": {
            "acquire": false,
            "roles": [
                "Anonymous"
            ]
        }
    },
    "_properties": [
        [
            "title",
            "Morbi justo taciti elit.",
            "string"
        ]
    ],
    "allowDiscussion": false,
    "_gopip": 10,
    "creators": [
        "admin"
    ],
    "_ac_local_roles": {
        "admin": [
            "Owner"
        ]
    },
    "_path": "/Plone/about/lacus-purus-sit-augue-facilisis-ultricies-pede./morbi-justo-taciti-elit."
}