{
    "startDate": "2018/10/06 23:31:1.604093 GMT-4",
    "endDate": "2018/10/07 23:14:42.938370 GMT-4",
    "contributors": [],
    "_content_type_text": "text/html",
    "text": "<h1>Videmus igitur ut conquiescere ne infantes quidem possint.</h1>\n\n<p>Lorem ipsum dolor sit amet, consectetur adipiscing elit. Qui-vere falsone, quaerere mittimus-dicitur oculis se privasse; Sed quid sentiat, non videtis. Proclivi currit oratio. Duo Reges: constructio interrete. Ea possunt paria non esse. Sint modo partes vitae beatae. </p>\n\n<p>Quae est igitur causa istarum angustiarum? Minime vero istorum quidem, inquit. </p>\n\n<ol>\n\t<li>Philosophi autem in suis lectulis plerumque moriuntur.</li>\n\t<li>Quasi ego id curem, quid ille aiat aut neget.</li>\n\t<li>Quippe: habes enim a rhetoribus;</li>\n\t<li>Satisne vobis videor pro meo iure in vestris auribus commentatus?</li>\n\t<li>Summus dolor plures dies manere non potest?</li>\n</ol>\n\n\n<h2>Utrum igitur tibi litteram videor an totas paginas commovere?</h2>\n\n<p>Ea possunt paria non esse. <a href='http://loripsum.net/' target='_blank'>Id enim natura desiderat.</a> Beatum, inquit. Efficiens dici potest. </p>\n\n<dl>\n\t<dt><dfn>Si longus, levis.</dfn></dt>\n\t<dd>Ita finis bonorum existit secundum naturam vivere sic affectum, ut optime is affici possit ad naturamque accommodatissime.</dd>\n\t<dt><dfn>Quid ergo?</dfn></dt>\n\t<dd>Omnia contraria, quos etiam insanos esse vultis.</dd>\n\t<dt><dfn>Quae sequuntur igitur?</dfn></dt>\n\t<dd>Sic enim censent, oportunitatis esse beate vivere.</dd>\n\t<dt><dfn>Quonam, inquit, modo?</dfn></dt>\n\t<dd>Age nunc isti doceant, vel tu potius quis enim ista melius?</dd>\n\t<dt><dfn>Numquam facies.</dfn></dt>\n\t<dd>Iam in altera philosophiae parte.</dd>\n</dl>\n\n\n<ul>\n\t<li>In his igitur partibus duabus nihil erat, quod Zeno commutare gestiret.</li>\n\t<li>Cuius quidem, quoniam Stoicus fuit, sententia condemnata mihi videtur esse inanitas ista verborum.</li>\n\t<li>Ac ne plura complectar-sunt enim innumerabilia-, bene laudata virtus voluptatis aditus intercludat necesse est.</li>\n\t<li>Quod dicit Epicurus etiam de voluptate, quae minime sint voluptates, eas obscurari saepe et obrui.</li>\n\t<li>Utrum igitur percurri omnem Epicuri disciplinam placet an de una voluptate quaeri, de qua omne certamen est?</li>\n\t<li>Tum mihi Piso: Quid ergo?</li>\n</ul>\n\n\n",
    "eventUrl": "http://en.wikipedia.com/wiki/Lorem_ipsum",
    "creation_date": "2018/10/26 17:56:30.641987 GMT-4",
    "contactEmail": "loremipsum@mail.com",
    "_uid": "c71ec5ed7df64f65ac2e36f9d87a42a5",
    "expirationDate": "None",
    "contactName": "Donec class ornare sed ut cursus aptent augue commodo semper risus lectus morbi.",
    "_content_type_id": "text/plain",
    "contactPhone": "Risus magna.",
    "id": "netus-velit-egestas-dictum-odio-egestas-consequat-senectus-diam-eget.",
    "subject": [],
    "attendees": [],
    "effectiveDate": "None",
    "title": "Netus velit egestas dictum odio egestas consequat senectus diam eget.",
    "_content_type_contactPhone": "text/plain",
    "_content_type_eventUrl": "text/plain",
    "_content_type_language": "text/plain",
    "_defaultpage": "",
    "location": "Nulla proin quis nisi leo dui malesuada tempus tempor.",
    "_content_type_title": "text/plain",
    "excludeFromNav": false,
    "_content_type_contactName": "text/plain",
    "_type": "Event",
    "description": "Velit class lorem nisl dapibus tempus ut in mollis ad aenean pellentesque. Magna morbi primis dignissim praesent magnis primis proin nam purus. Ipsum porta dapibus hendrerit eros vitae vel urna. Porta class luctus suspendisse proin dignissim natoque dictum. Felis justo. Netus risus suspendisse torquent facilisis eros quisque cras. Lorem proin tempus blandit in nisi scelerisque. Augue fames rutrum habitant class ut magna. Ipsum justo proin integer penatibus orci dui eget. Purus felis. Massa morbi augue varius ligula metus neque. Morbi donec justo dis arcu erat phasellus. Ipsum neque vitae curabitur nunc rutrum.",
    "_atrefs": {},
    "_layout": "event_view",
    "_workflow_history": {
        "simple_publication_workflow": [
            {
                "action": null,
                "review_state": "private",
                "actor": "admin",
                "comments": "",
                "time": "2018/10/26 17:56:30.645494 GMT-4"
            },
            {
                "action": "publish",
                "review_state": "published",
                "actor": "admin",
                "comments": "",
                "time": "2018/10/26 17:56:31.044962 GMT-4"
            }
        ]
    },
    "_content_type_rights": "text/plain",
    "_directly_provided": [],
    "_classname": "ATEvent",
    "_userdefined_roles": [],
    "_content_type_contactEmail": "text/plain",
    "_content_type": "text/html",
    "_id": "netus-velit-egestas-dictum-odio-egestas-consequat-senectus-diam-eget.",
    "modification_date": "2018/10/26 17:56:31.049360 GMT-4",
    "language": "en",
    "rights": "Donec purus diam a purus egestas. Ipsum fames natoque facilisis nisl hac ad quam duis accumsan. Lorem lacus. Lacus fusce feugiat commodo lorem fames quam. Metus velit blandit. Curae risus nec purus natoque sit aenean. Velit proin placerat id condimentum orci ultricies dui. Velit morbi. Risus proin. Curae justo est aptent enim. Vitae fusce mollis cursus non varius in sociis nonummy ve in. Fames magna vehicula nunc mollis aenean nec in a tempor eget diam nec consectetuer magnis dolor. Ipsum donec. Proin dolor hac nunc curabitur at scelerisque nisl nisi. Curae neque metus sodales leo porttitor lectus curae phasellus.",
    "_atbrefs": {},
    "_content_type_description": "text/plain",
    "_owner": "admin",
    "_content_type_location": "text/plain",
    "_permissions": {
        "Modify portal content": {
            "acquire": false,
            "roles": [
                "Editor",
                "Manager",
                "Owner",
                "Site Administrator"
            ]
        },
        "Access contents information": {
            "acquire": false,
            "roles": [
                "Anonymous"
            ]
        },
        "View": {
            "acquire": false,
            "roles": [
                "Anonymous"
            ]
        }
    },
    "_properties": [
        [
            "title",
            "Netus velit egestas dictum odio egestas consequat senectus diam eget.",
            "string"
        ]
    ],
    "allowDiscussion": false,
    "_gopip": 11,
    "creators": [
        "admin"
    ],
    "_ac_local_roles": {
        "admin": [
            "Owner"
        ]
    },
    "_path": "/Plone/about/lacus-purus-sit-augue-facilisis-ultricies-pede./netus-velit-egestas-dictum-odio-egestas-consequat-senectus-diam-eget."
}