{
    "startDate": "2018/11/03 00:51:18.037406 GMT-4",
    "endDate": "2018/11/05 05:16:19.726671 GMT-4",
    "contributors": [],
    "_content_type_text": "text/html",
    "text": "<h1>Quod cum accidisset ut alter alterum necopinato videremus, surrexit statim.</h1>\n\n<p>Lorem ipsum dolor sit amet, consectetur adipiscing elit. Bestiarum vero nullum iudicium puto. Quod ea non occurrentia fingunt, vincunt Aristonem; Et quidem, inquit, vehementer errat; Idem iste, inquam, de voluptate quid sentit? </p>\n\n<ul>\n\t<li>An eum discere ea mavis, quae cum plane perdidiceriti nihil sciat?</li>\n\t<li>Ita est quoddam commune officium sapientis et insipientis, ex quo efficitur versari in iis, quae media dicamus.</li>\n\t<li>Commoda autem et incommoda in eo genere sunt, quae praeposita et reiecta diximus;</li>\n\t<li>Sapiens autem semper beatus est et est aliquando in dolore;</li>\n\t<li>Non elogia monimentorum id significant, velut hoc ad portam: Hunc unum plurimae consentiunt gentes populi primarium fuisse virum.</li>\n</ul>\n\n\n<dl>\n\t<dt><dfn>Ita credo.</dfn></dt>\n\t<dd>Illud non continuo, ut aeque incontentae.</dd>\n\t<dt><dfn>Perge porro;</dfn></dt>\n\t<dd>Semper enim ex eo, quod maximas partes continet latissimeque funditur, tota res appellatur.</dd>\n\t<dt><dfn>Nulla erit controversia.</dfn></dt>\n\t<dd>Eiuro, inquit adridens, iniquum, hac quidem de re;</dd>\n\t<dt><dfn>Restatis igitur vos;</dfn></dt>\n\t<dd>An est aliquid, quod te sua sponte delectet?</dd>\n</dl>\n\n\n<p>Quare attende, quaeso. <a href='http://loripsum.net/' target='_blank'>Frater et T.</a> Conferam avum tuum Drusum cum C. Ostendit pedes et pectus. </p>\n\n<ol>\n\t<li>Cum ageremus, inquit, vitae beatum et eundem supremum diem, scribebamus haec.</li>\n\t<li>Octavio fuit, cum illam severitatem in eo filio adhibuit, quem in adoptionem D.</li>\n\t<li>Nonne videmus quanta perturbatio rerum omnium consequatur, quanta confusio?</li>\n\t<li>Est autem a te semper dictum nec gaudere quemquam nisi propter corpus nec dolere.</li>\n</ol>\n\n\n<h2>A quibus propter discendi cupiditatem videmus ultimas terras esse peragratas.</h2>\n\n<p>Duo Reges: constructio interrete. Negare non possum. <a href='http://loripsum.net/' target='_blank'>Scaevolam M.</a> <a href='http://loripsum.net/' target='_blank'>Multoque hoc melius nos veriusque quam Stoici.</a> Quid censes in Latino fore? Is es profecto tu. </p>\n\n",
    "eventUrl": "http://en.wikipedia.com/wiki/Lorem_ipsum",
    "creation_date": "2018/10/26 17:56:32.441795 GMT-4",
    "contactEmail": "loremipsum@mail.com",
    "_uid": "bf55adb1af22427c9246c0c1ad0f4f58",
    "expirationDate": "None",
    "contactName": "Porta lorem tincidunt enim cras ante malesuada litora interdum in.",
    "_content_type_id": "text/plain",
    "contactPhone": "Neque class leo nisi ve sollicitudin sapien.",
    "id": "vitae-metus-feugiat.",
    "subject": [],
    "attendees": [],
    "effectiveDate": "None",
    "title": "Vitae metus feugiat.",
    "_content_type_contactPhone": "text/plain",
    "_content_type_eventUrl": "text/plain",
    "_content_type_language": "text/plain",
    "_defaultpage": "",
    "location": "Etiam purus.",
    "_content_type_title": "text/plain",
    "excludeFromNav": false,
    "_content_type_contactName": "text/plain",
    "_type": "Event",
    "description": "Netus massa lacinia fermentum quam hac. Augue dolor per nisi hac massa dignissim ultrices erat quisque tellus eget laoreet. Fames magna litora. Porta justo morbi vel felis justo litora tellus ridiculus facilisis neque ac. Metus velit. Fusce purus per sociis consequat velit. Etiam neque massa montes proin. Lorem morbi libero orci ad nulla et facilisis purus. Etiam magna. Etiam curae taciti torquent sodales iaculis amet. Purus nulla.",
    "_atrefs": {},
    "_layout": "event_view",
    "_workflow_history": {
        "simple_publication_workflow": [
            {
                "action": null,
                "review_state": "private",
                "actor": "admin",
                "comments": "",
                "time": "2018/10/26 17:56:32.445329 GMT-4"
            },
            {
                "action": "publish",
                "review_state": "published",
                "actor": "admin",
                "comments": "",
                "time": "2018/10/26 17:56:32.779249 GMT-4"
            }
        ]
    },
    "_content_type_rights": "text/plain",
    "_directly_provided": [],
    "_classname": "ATEvent",
    "_userdefined_roles": [],
    "_content_type_contactEmail": "text/plain",
    "_content_type": "text/html",
    "_id": "vitae-metus-feugiat.",
    "modification_date": "2018/10/26 17:56:32.783869 GMT-4",
    "language": "en",
    "rights": "Morbi porta aenean ve lobortis sem lacus. Lorem lacus. Dolor curae arcu. Velit proin urna vitae euismod aliquet. Risus metus torquent nec arcu. Donec class pretium aptent pede magnis mauris metus. Neque etiam pede dis quis cras est a. Proin ipsum orci enim ut pellentesque iaculis nisl leo eros accumsan hendrerit duis laoreet. Lorem etiam dis egestas urna nulla ligula id. Neque fusce cursus nostra sociosqu ve amet eleifend ut scelerisque eu. Velit fames quis duis venenatis eleifend.",
    "_atbrefs": {},
    "_content_type_description": "text/plain",
    "_owner": "admin",
    "_content_type_location": "text/plain",
    "_permissions": {
        "Modify portal content": {
            "acquire": false,
            "roles": [
                "Editor",
                "Manager",
                "Owner",
                "Site Administrator"
            ]
        },
        "Access contents information": {
            "acquire": false,
            "roles": [
                "Anonymous"
            ]
        },
        "View": {
            "acquire": false,
            "roles": [
                "Anonymous"
            ]
        }
    },
    "_properties": [
        [
            "title",
            "Vitae metus feugiat.",
            "string"
        ]
    ],
    "allowDiscussion": false,
    "_gopip": 14,
    "creators": [
        "admin"
    ],
    "_ac_local_roles": {
        "admin": [
            "Owner"
        ]
    },
    "_path": "/Plone/about/lacus-purus-sit-augue-facilisis-ultricies-pede./vitae-metus-feugiat."
}