{
    "startDate": "2018/10/14 23:09:52.119178 GMT-4",
    "endDate": "2018/10/15 23:43:49.513878 GMT-4",
    "contributors": [],
    "_content_type_text": "text/html",
    "text": "<h1>Bonum liberi: misera orbitas.</h1>\n\n<p>Lorem ipsum dolor sit amet, consectetur adipiscing elit. Quod quidem iam fit etiam in Academia. <a href='http://loripsum.net/' target='_blank'>Non est igitur summum malum dolor.</a> Comprehensum, quod cognitum non habet? Stoicos roga. </p>\n\n<p>Ut id aliis narrare gestiant? Duo Reges: constructio interrete. Quae sequuntur igitur? Efficiens dici potest. Idem iste, inquam, de voluptate quid sentit? Hunc vos beatum; </p>\n\n<p>Nam de isto magna dissensio est. <a href='http://loripsum.net/' target='_blank'>Quis non odit sordidos, vanos, leves, futtiles?</a> Laboro autem non sine causa; Nescio quo modo praetervolavit oratio. </p>\n\n<dl>\n\t<dt><dfn>Quid ergo?</dfn></dt>\n\t<dd>Sin dicit obscurari quaedam nec apparere, quia valde parva sint, nos quoque concedimus;</dd>\n\t<dt><dfn>Etiam beatissimum?</dfn></dt>\n\t<dd>Vide, quaeso, rectumne sit.</dd>\n\t<dt><dfn>Quae sequuntur igitur?</dfn></dt>\n\t<dd>Atque ut a corpore ordiar, videsne ut, si quae in membris prava aut debilitata aut inminuta sint, occultent homines?</dd>\n\t<dt><dfn>Tenent mordicus.</dfn></dt>\n\t<dd>Quid igitur, inquit, eos responsuros putas?</dd>\n</dl>\n\n\n<ul>\n\t<li>Beatum, inquit.</li>\n\t<li>Non semper, inquam;</li>\n\t<li>Haec para/doca illi, nos admirabilia dicamus.</li>\n\t<li>Quae cum magnifice primo dici viderentur, considerata minus probabantur.</li>\n\t<li>Illum mallem levares, quo optimum atque humanissimum virum, Cn.</li>\n\t<li>Non enim, si omnia non sequebatur, idcirco non erat ortus illinc.</li>\n</ul>\n\n\n<ol>\n\t<li>An est aliquid, quod te sua sponte delectet?</li>\n\t<li>Atqui reperies, inquit, in hoc quidem pertinacem;</li>\n</ol>\n\n\n",
    "eventUrl": "http://en.wikipedia.com/wiki/Lorem_ipsum",
    "creation_date": "2018/10/26 17:56:32.975334 GMT-4",
    "contactEmail": "loremipsum@mail.com",
    "_uid": "dab38723c2e448df8f0655517b510195",
    "expirationDate": "None",
    "contactName": "Fames netus.",
    "_content_type_id": "text/plain",
    "contactPhone": "Metus nulla facilisis hymenaeos.",
    "id": "justo-morbi-varius-placerat-odio-per-sollicitudin-velit-id.",
    "subject": [],
    "attendees": [],
    "effectiveDate": "None",
    "title": "Justo morbi varius placerat odio per sollicitudin velit id.",
    "_content_type_contactPhone": "text/plain",
    "_content_type_eventUrl": "text/plain",
    "_content_type_language": "text/plain",
    "_defaultpage": "",
    "location": "Porta velit lacinia eu in aenean hymenaeos rhoncus fames et tincidunt.",
    "_content_type_title": "text/plain",
    "excludeFromNav": true,
    "_content_type_contactName": "text/plain",
    "_type": "Event",
    "description": "Risus neque dapibus phasellus varius vestibulum senectus ipsum netus. Curae velit. Fusce dolor. Felis purus risus magnis donec id velit pellentesque dolor orci ultrices netus class. Justo fusce curae gravida euismod elit placerat morbi ve. Netus augue aenean diam sollicitudin. Netus morbi. Justo ipsum bibendum at sem orci dictumst primis. Risus lacus taciti cursus pharetra taciti cursus convallis massa sit. Vitae netus pulvinar hymenaeos. Purus felis. Vitae felis est. Lorem fames. Proin fusce maecenas cras libero conubia eget mi dis scelerisque natoque suspendisse nibh diam ligula. Metus augue cursus risus conubia malesuada. Lorem massa elit tellus euismod at nam elementum. Justo ipsum. Fames purus cursus pharetra litora. Justo ipsum semper class duis ve consectetuer primis id magna nisl.",
    "_atrefs": {},
    "_layout": "event_view",
    "_workflow_history": {
        "simple_publication_workflow": [
            {
                "action": null,
                "review_state": "private",
                "actor": "admin",
                "comments": "",
                "time": "2018/10/26 17:56:32.979297 GMT-4"
            },
            {
                "action": "publish",
                "review_state": "published",
                "actor": "admin",
                "comments": "",
                "time": "2018/10/26 17:56:33.305765 GMT-4"
            }
        ]
    },
    "_content_type_rights": "text/plain",
    "_directly_provided": [],
    "_classname": "ATEvent",
    "_userdefined_roles": [],
    "_content_type_contactEmail": "text/plain",
    "_content_type": "text/html",
    "_id": "justo-morbi-varius-placerat-odio-per-sollicitudin-velit-id.",
    "modification_date": "2018/10/26 17:56:33.309366 GMT-4",
    "language": "en",
    "rights": "Neque massa. Massa felis class amet quisque. Augue donec ullamcorper pede venenatis augue senectus parturient sodales eget in pellentesque. Lacus nulla a rhoncus ad dignissim fames ante. Justo donec nec arcu sed fames ornare ad dictum ligula. Velit nulla. Fusce dolor tincidunt ante nunc adipiscing nibh massa pede malesuada mauris ac mi. Augue neque nec cum mus non dui id sollicitudin blandit class urna odio nunc velit. Purus magna taciti suspendisse porta ridiculus per sit. Etiam risus quam iaculis consequat odio suspendisse et turpis. Velit porta hac litora commodo arcu odio. Velit vitae condimentum leo eu viverra nisl cras aliquet a ullamcorper. Augue class. Etiam lorem. Porta vitae magnis felis laoreet sit erat dui fames vulputate rhoncus.",
    "_atbrefs": {},
    "_content_type_description": "text/plain",
    "_owner": "admin",
    "_content_type_location": "text/plain",
    "_permissions": {
        "Modify portal content": {
            "acquire": false,
            "roles": [
                "Editor",
                "Manager",
                "Owner",
                "Site Administrator"
            ]
        },
        "Access contents information": {
            "acquire": false,
            "roles": [
                "Anonymous"
            ]
        },
        "View": {
            "acquire": false,
            "roles": [
                "Anonymous"
            ]
        }
    },
    "_properties": [
        [
            "title",
            "Justo morbi varius placerat odio per sollicitudin velit id.",
            "string"
        ]
    ],
    "allowDiscussion": false,
    "_gopip": 15,
    "creators": [
        "admin"
    ],
    "_ac_local_roles": {
        "admin": [
            "Owner"
        ]
    },
    "_path": "/Plone/about/lacus-purus-sit-augue-facilisis-ultricies-pede./justo-morbi-varius-placerat-odio-per-sollicitudin-velit-id."
}