{
    "contributors": [],
    "creation_date": "2018/10/26 17:56:35.759378 GMT-4",
    "_uid": "920369e01e81403596edd7c433a1a350",
    "expirationDate": "None",
    "_content_type_id": "text/plain",
    "id": "lacus-porta-primis-erat-scelerisque-potenti-ullamcorper-duis.",
    "subject": [],
    "modification_date": "2018/10/26 17:56:35.809149 GMT-4",
    "title": "Lacus porta primis erat scelerisque potenti ullamcorper duis.",
    "_ac_local_roles": {
        "admin": [
            "Owner"
        ]
    },
    "_content_type_language": "text/plain",
    "_defaultpage": "index_html",
    "location": "Justo massa justo aliquet luctus vel odio per metus eros blandit.",
    "_content_type_title": "text/plain",
    "excludeFromNav": true,
    "_atbrefs": {},
    "_type": "File",
    "description": "Lacus vitae fusce congue pellentesque ultricies dolor dignissim. Class purus ultrices leo gravida fames dui lacus magnis curabitur augue imperdiet. Netus lorem. Metus dolor eros quis habitasse mattis risus condimentum odio. Dolor class urna erat viverra. Fames class neque hac dapibus nec auctor maecenas suscipit. Lorem curae. Morbi massa elit a lorem. Morbi lorem. Proin lacus porta suspendisse vel quam arcu odio cursus mi. Fusce donec sem odio nisl ante lacus.",
    "_atrefs": {},
    "_layout": "file_view",
    "_workflow_history": {
        "simple_publication_workflow": [
            {
                "action": null,
                "review_state": "private",
                "actor": "admin",
                "comments": "",
                "time": "2018/10/26 17:56:21.410644 GMT-4"
            },
            {
                "action": "publish",
                "review_state": "published",
                "actor": "admin",
                "comments": "",
                "time": "2018/10/26 17:56:21.741094 GMT-4"
            }
        ]
    },
    "_datafield_file": {
        "encoding": "base64",
        "filename": "dis..dat",
        "data": "R0lGODlhAQABAPAAAPj8+AAAACH5BAEAAAAALAAAAAABAAEAAAICRAEAOw==",
        "content_type": "chemical/x-mopac-input",
        "size": [
            1,
            1
        ]
    },
    "_content_type_rights": "text/plain",
    "_classname": "ATBlob",
    "_directly_provided": [
        "plone.app.blob.interfaces.IATBlobFile",
        "Products.ATContentTypes.interfaces.file.IATFile",
        "Products.ATContentTypes.interfaces.file.IFileContent"
    ],
    "_userdefined_roles": [],
    "_content_type": "chemical/x-mopac-input",
    "_id": "lacus-porta-primis-erat-scelerisque-potenti-ullamcorper-duis.",
    "effectiveDate": "None",
    "language": "en",
    "rights": "Augue curae urna neque ve sociis sagittis cubilia viverra. Ipsum neque vel duis eros facilisi sollicitudin. Etiam lacus. Class lacus nascetur erat dictum at malesuada purus litora id per. Magna velit erat ut vulputate pretium sollicitudin. Lacus curae dis enim netus. Netus proin vel sem elementum nonummy magna nec nisl venenatis. Fusce ipsum sapien vitae iaculis praesent. Porta metus ipsum fusce proin. Netus porta. Magna neque inceptos vitae ac lectus. Proin purus lobortis. Metus velit dictum platea. Fames dolor litora parturient consectetuer iaculis.",
    "_content_type_description": "text/plain",
    "_owner": "admin",
    "_content_type_location": "text/plain",
    "_permissions": {},
    "_properties": [
        [
            "title",
            "Lacus porta primis erat scelerisque potenti ullamcorper duis.",
            "string"
        ]
    ],
    "allowDiscussion": false,
    "_gopip": 20,
    "creators": [
        "admin"
    ],
    "_path": "/Plone/about/lacus-purus-sit-augue-facilisis-ultricies-pede./lacus-porta-primis-erat-scelerisque-potenti-ullamcorper-duis."
}