{
    "contributors": [],
    "creation_date": "2018/10/26 17:56:36.771369 GMT-4",
    "_uid": "932e9b68a16b437d8e06747f53ee45c2",
    "expirationDate": "None",
    "_content_type_id": "text/plain",
    "id": "fusce-justo-porta-lobortis-parturient-tellus-dis-adipiscing-curabitur-scelerisque-velit-aptent-hendrerit.",
    "subject": [],
    "modification_date": "2018/10/26 17:56:36.820832 GMT-4",
    "title": "Fusce justo porta lobortis parturient tellus dis adipiscing curabitur scelerisque velit aptent hendrerit.",
    "_ac_local_roles": {
        "admin": [
            "Owner"
        ]
    },
    "_content_type_language": "text/plain",
    "_defaultpage": "index_html",
    "location": "Justo risus praesent porttitor netus a nostra malesuada.",
    "_content_type_title": "text/plain",
    "excludeFromNav": false,
    "_atbrefs": {},
    "_type": "File",
    "description": "Morbi massa condimentum placerat lacus mi vel at semper elit. Nulla justo vehicula ut risus. Etiam metus orci ultrices bibendum integer. Nulla porta. Purus curae sed pede eu nunc. Nulla netus accumsan dis rhoncus mattis cursus vivamus ut sem elit. Curae augue amet habitasse dignissim. Donec dolor euismod porttitor. Justo magna amet pharetra in magna ve diam. Donec vitae pharetra. Ipsum fames per. Netus class elit. Class risus purus nisi odio fames posuere conubia luctus at volutpat. Justo felis sociis facilisis adipiscing. Nulla velit fusce nibh nullam congue proin molestie lorem. Fusce neque commodo vitae class eni magna aenean proin metus. Fusce augue integer cum ac conubia mi auctor justo neque rhoncus lacinia nisi amet faucibus consectetuer. Augue neque accumsan vitae nullam lectus penatibus dictumst.",
    "_atrefs": {},
    "_layout": "file_view",
    "_workflow_history": {
        "simple_publication_workflow": [
            {
                "action": null,
                "review_state": "private",
                "actor": "admin",
                "comments": "",
                "time": "2018/10/26 17:56:21.410644 GMT-4"
            },
            {
                "action": "publish",
                "review_state": "published",
                "actor": "admin",
                "comments": "",
                "time": "2018/10/26 17:56:21.741094 GMT-4"
            }
        ]
    },
    "_datafield_file": {
        "encoding": "base64",
        "filename": "fringilla..dat",
        "data": "R0lGODlhAQABAPAAAPj8+AAAACH5BAEAAAAALAAAAAABAAEAAAICRAEAOw==",
        "content_type": "chemical/x-mopac-input",
        "size": [
            1,
            1
        ]
    },
    "_content_type_rights": "text/plain",
    "_classname": "ATBlob",
    "_directly_provided": [
        "plone.app.blob.interfaces.IATBlobFile",
        "Products.ATContentTypes.interfaces.file.IATFile",
        "Products.ATContentTypes.interfaces.file.IFileContent"
    ],
    "_userdefined_roles": [],
    "_content_type": "chemical/x-mopac-input",
    "_id": "fusce-justo-porta-lobortis-parturient-tellus-dis-adipiscing-curabitur-scelerisque-velit-aptent-hendrerit.",
    "effectiveDate": "None",
    "language": "en",
    "rights": "Neque porta velit faucibus ultricies mattis a feugiat semper nec enim orci ridiculus vitae. Lacus lorem enim pulvinar vel nulla. Vitae nulla aenean id taciti rhoncus. Magna proin nonummy. Ipsum morbi. Massa fusce dictumst in cum ante vehicula montes eget quis venenatis id. Class lacus erat tortor malesuada massa metus. Augue netus dignissim iaculis ante eleifend fermentum nunc ullamcorper quisque. Felis metus aptent ve sagittis gravida congue sit tempus turpis. Velit fusce sociis at mattis penatibus at hendrerit ac hymenaeos potenti turpis cras gravida. Massa fames morbi conubia donec velit a duis adipiscing eni etiam. Risus augue aptent pede ridiculus libero curabitur massa hac donec vestibulum. Etiam ipsum lectus ornare malesuada ut condimentum ac nullam a bibendum mus dolor sed diam.",
    "_content_type_description": "text/plain",
    "_owner": "admin",
    "_content_type_location": "text/plain",
    "_permissions": {},
    "_properties": [
        [
            "title",
            "Fusce justo porta lobortis parturient tellus dis adipiscing curabitur scelerisque velit aptent hendrerit.",
            "string"
        ]
    ],
    "allowDiscussion": false,
    "_gopip": 25,
    "creators": [
        "admin"
    ],
    "_path": "/Plone/about/lacus-purus-sit-augue-facilisis-ultricies-pede./fusce-justo-porta-lobortis-parturient-tellus-dis-adipiscing-curabitur-scelerisque-velit-aptent-hendrerit."
}