{
    "contributors": [],
    "_content_type_text": "text/html",
    "text": "<h1>Piso igitur hoc modo, vir optimus tuique, ut scis, amantissimus.</h1>\n\n<p>Lorem ipsum dolor sit amet, consectetur adipiscing elit. De vacuitate doloris eadem sententia erit. Summus dolor plures dies manere non potest? Sic consequentibus vestris sublatis prima tolluntur. Non igitur bene. Egone quaeris, inquit, quid sentiam? De vacuitate doloris eadem sententia erit. </p>\n\n<dl>\n\t<dt><dfn>Quo tandem modo?</dfn></dt>\n\t<dd>Bona autem corporis huic sunt, quod posterius posui, similiora.</dd>\n\t<dt><dfn>Prave, nequiter, turpiter cenabat;</dfn></dt>\n\t<dd>Tu autem, si tibi illa probabantur, cur non propriis verbis ea tenebas?</dd>\n\t<dt><dfn>Hic ambiguo ludimur.</dfn></dt>\n\t<dd>Cum praesertim illa perdiscere ludus esset.</dd>\n\t<dt><dfn>Negare non possum.</dfn></dt>\n\t<dd>Sint modo partes vitae beatae.</dd>\n\t<dt><dfn>Quo igitur, inquit, modo?</dfn></dt>\n\t<dd>Haec et tu ita posuisti, et verba vestra sunt.</dd>\n</dl>\n\n\n<ol>\n\t<li>Qui est in parvis malis.</li>\n\t<li>Quamquam non negatis nos intellegere quid sit voluptas, sed quid ille dicat.</li>\n\t<li>Et quidem saepe quaerimus verbum Latinum par Graeco et quod idem valeat;</li>\n</ol>\n\n\n<ul>\n\t<li>Quae qui non vident, nihil umquam magnum ac cognitione dignum amaverunt.</li>\n\t<li>Quae cum essent dicta, discessimus.</li>\n</ul>\n\n\n<p>Sint modo partes vitae beatae. Graccho, eius fere, aequal\u00ed? Ut optime, secundum naturam affectum esse possit. Neutrum vero, inquit ille. Ut optime, secundum naturam affectum esse possit. Numquam facies. Tum Quintus: Est plane, Piso, ut dicis, inquit. Invidiosum nomen est, infame, suspectum. </p>\n\n<p>Duo Reges: constructio interrete. Qui est in parvis malis. Quid iudicant sensus? Sin aliud quid voles, postea. Urgent tamen et nihil remittunt. Velut ego nunc moveor. Verum hoc idem saepe faciamus. Satis est ad hoc responsum. </p>\n\n",
    "creation_date": "2018/10/26 17:56:41.245344 GMT-4",
    "_uid": "178567af516f4b22af9e655cb03a1283",
    "expirationDate": "None",
    "_content_type_id": "text/plain",
    "id": "neque-risus-fusce-nibh-pede-conubia.",
    "subject": [],
    "effectiveDate": "None",
    "title": "Neque risus fusce nibh pede conubia.",
    "_ac_local_roles": {
        "admin": [
            "Owner"
        ]
    },
    "_content_type_language": "text/plain",
    "_defaultpage": "",
    "location": "Risus nulla conubia dis eu dolor quis sit praesent blandit elit senectus mattis semper.",
    "_content_type_title": "text/plain",
    "excludeFromNav": true,
    "presentation": false,
    "_type": "Document",
    "description": "Netus curae eni arcu dis ac purus hac placerat natoque amet aliquam dictum vel rhoncus non. Justo fames eget mus vel. Felis augue urna purus ad ridiculus. Risus massa litora primis nec odio eu maecenas fusce feugiat pretium malesuada. Augue donec sem nisl dui pulvinar quisque molestie ligula eget sodales. Fusce etiam iaculis mi platea sodales enim felis feugiat nulla eros at neque leo enim consectetuer et donec augue aliquet. Proin ipsum nonummy feugiat phasellus. Morbi risus augue aliquam tortor nibh erat ut tristique nibh hac. Magna dolor cum etiam dapibus nec. Fames porta odio quis habitasse facilisi urna auctor. Vitae magna conubia erat a class ve hymenaeos a per habitasse aptent. Lacus dolor curae leo vitae fringilla. Donec porta neque nunc facilisi. Metus velit tellus fermentum dolor per.",
    "_atrefs": {},
    "_layout": "document_view",
    "_workflow_history": {
        "simple_publication_workflow": [
            {
                "action": null,
                "review_state": "private",
                "actor": "admin",
                "comments": "",
                "time": "2018/10/26 17:56:41.250211 GMT-4"
            },
            {
                "action": "publish",
                "review_state": "published",
                "actor": "admin",
                "comments": "",
                "time": "2018/10/26 17:56:41.856279 GMT-4"
            }
        ]
    },
    "_content_type_rights": "text/plain",
    "_directly_provided": [],
    "language": "en",
    "tableContents": true,
    "_classname": "ATDocument",
    "banner": "<h1>Sin eam, quam Hieronymus, ne fecisset idem, ut voluptatem illam Aristippi in prima commendatione poneret.</h1>\n\n<p>Lorem ipsum dolor sit amet, consectetur adipiscing elit. <a href='http://loripsum.net/' target='_blank'>Summum en\u00edm bonum exposuit vacuitatem doloris;</a> <a href='http://loripsum.net/' target='_blank'>Addidisti ad extremum etiam indoctum fuisse.</a> Qui-vere falsone, quaerere mittimus-dicitur oculis se privasse; Falli igitur possumus. </p>\n\n<p>Duo Reges: constructio interrete. Age, inquies, ista parva sunt. An hoc usque quaque, aliter in vita? Si enim ad populum me vocas, eum. </p>\n\n<dl>\n\t<dt><dfn>Tu quidem reddes;</dfn></dt>\n\t<dd>Videsne ut, quibus summa est in voluptate, perspicuum sit quid iis faciendum sit aut non faciendum?</dd>\n\t<dt><dfn>Quibusnam praeteritis?</dfn></dt>\n\t<dd>Quo invento omnis ab eo quasi capite de summo bono et malo disputatio ducitur.</dd>\n\t<dt><dfn>Moriatur, inquit.</dfn></dt>\n\t<dd>An ea, quae per vinitorem antea consequebatur, per se ipsa curabit?</dd>\n\t<dt><dfn>Quid vero?</dfn></dt>\n\t<dd>Quem Tiberina descensio festo illo die tanto gaudio affecit, quanto L.</dd>\n</dl>\n\n\n<ol>\n\t<li>Qui non moveatur et offensione turpitudinis et comprobatione honestatis?</li>\n\t<li>Prioris generis est docilitas, memoria;</li>\n</ol>\n\n\n<h2>Eam tum adesse, cum dolor omnis absit;</h2>\n\n<p>Iam id ipsum absurdum, maximum malum neglegi. <a href='http://loripsum.net/' target='_blank'>Sed ad rem redeamus;</a> Sedulo, inquam, faciam. Est, ut dicis, inquit; Nam ista vestra: Si gravis, brevis; Hunc vos beatum; Vide, quantum, inquam, fallare, Torquate. Restinguet citius, si ardentem acceperit. </p>\n\n<ul>\n\t<li>Quae tamen a te agetur non melior, quam illae sunt, quas interdum optines.</li>\n\t<li>Aliter enim explicari, quod quaeritur, non potest.</li>\n\t<li>Non enim iam stirpis bonum quaeret, sed animalis.</li>\n</ul>\n\n\n",
    "_userdefined_roles": [],
    "_content_type": "text/html",
    "_id": "neque-risus-fusce-nibh-pede-conubia.",
    "modification_date": "2018/10/26 17:56:41.860448 GMT-4",
    "_content_type_banner": "text/html",
    "rights": "Felis risus eleifend tincidunt proin cursus ligula magna augue. Curae justo a semper neque lacinia placerat nisi dui taciti pharetra amet. Risus velit interdum fermentum in primis aliquet quam a ante proin sapien elit augue taciti fusce mus. Vitae massa. Porta morbi litora nunc per neque lorem massa ornare massa condimentum suscipit vulputate pellentesque parturient duis metus consequat et. Neque fusce. Proin netus per dis consectetuer et euismod arcu nisi quisque proin eros nam quam. Porta curae.",
    "_atbrefs": {},
    "_content_type_description": "text/plain",
    "_owner": "admin",
    "_content_type_location": "text/plain",
    "_permissions": {
        "Modify portal content": {
            "acquire": false,
            "roles": [
                "Editor",
                "Manager",
                "Owner",
                "Site Administrator"
            ]
        },
        "Access contents information": {
            "acquire": false,
            "roles": [
                "Anonymous"
            ]
        },
        "View": {
            "acquire": false,
            "roles": [
                "Anonymous"
            ]
        }
    },
    "_properties": [
        [
            "title",
            "Neque risus fusce nibh pede conubia.",
            "string"
        ]
    ],
    "allowDiscussion": false,
    "_gopip": 3,
    "creators": [
        "admin"
    ],
    "_path": "/Plone/about/lacus-purus-sit-augue-facilisis-ultricies-pede./justo-morbi-porta-suspendisse-sed-sapien-lobortis-malesuada-arcu./neque-risus-fusce-nibh-pede-conubia."
}