{
    "contributors": [],
    "_content_type_text": "text/html",
    "text": "<h1>Audeo dicere, inquit.</h1>\n\n<p>Lorem ipsum dolor sit amet, consectetur adipiscing elit. Poterat autem inpune; Sed haec in pueris; Duo Reges: constructio interrete. Quare ad ea primum, si videtur; Haeret in salebra. </p>\n\n<p>Mihi quidem Antiochum, quem audis, satis belle videris attendere. Bonum integritas corporis: misera debilitas. Tu quidem reddes; Omnes enim iucundum motum, quo sensus hilaretur. Quo modo autem philosophus loquitur? </p>\n\n<ol>\n\t<li>Addebat etiam se in legem Voconiam iuratum contra eam facere non audere, nisi aliter amicis videretur.</li>\n\t<li>Nunc de hominis summo bono quaeritur;</li>\n</ol>\n\n\n<dl>\n\t<dt><dfn>Memini vero, inquam;</dfn></dt>\n\t<dd>Hoc loco tenere se Triarius non potuit.</dd>\n\t<dt><dfn>Quis negat?</dfn></dt>\n\t<dd>Quantam rem agas, ut Circeis qui habitet totum hunc mundum suum municipium esse existimet?</dd>\n\t<dt><dfn>Reguli reiciendam;</dfn></dt>\n\t<dd>Positum est a nostris in iis esse rebus, quae secundum naturam essent, non dolere;</dd>\n\t<dt><dfn>ALIO MODO.</dfn></dt>\n\t<dd>Unum nescio, quo modo possit, si luxuriosus sit, finitas cupiditates habere.</dd>\n</dl>\n\n\n<h2>Hoc non est positum in nostra actione.</h2>\n\n<p>Idemne potest esse dies saepius, qui semel fuit? Istic sum, inquit. Virtutis, magnitudinis animi, patientiae, fortitudinis fomentis dolor mitigari solet. Aufert enim sensus actionemque tollit omnem. Sed ille, ut dixi, vitiose. Traditur, inquit, ab Epicuro ratio neglegendi doloris. </p>\n\n<ul>\n\t<li>Qui autem esse poteris, nisi te amor ipse ceperit?</li>\n\t<li>Polemoni et iam ante Aristoteli ea prima visa sunt, quae paulo ante dixi.</li>\n\t<li>Videmusne ut pueri ne verberibus quidem a contemplandis rebus perquirendisque deterreantur?</li>\n\t<li>Igitur neque stultorum quisquam beatus neque sapientium non beatus.</li>\n</ul>\n\n\n",
    "creation_date": "2018/10/26 17:56:42.066852 GMT-4",
    "_uid": "00d57735ab2a425e848b96cc9260d7ec",
    "expirationDate": "None",
    "_content_type_id": "text/plain",
    "id": "dolor-etiam-a-nibh-justo-nullam-id-sem-magnis-cubilia-potenti.",
    "subject": [],
    "effectiveDate": "None",
    "title": "Dolor etiam a nibh justo nullam id sem magnis cubilia potenti.",
    "_ac_local_roles": {
        "admin": [
            "Owner"
        ]
    },
    "_content_type_language": "text/plain",
    "_defaultpage": "",
    "location": "Dolor lorem tempor non laoreet.",
    "_content_type_title": "text/plain",
    "excludeFromNav": true,
    "presentation": true,
    "_type": "Document",
    "description": "Proin class non amet sollicitudin ut potenti et. Donec lorem ante arcu fringilla odio integer arcu ut sociosqu est integer in. Donec lorem. Lorem donec orci platea adipiscing. Metus etiam arcu euismod purus felis lobortis felis. Felis metus feugiat nec cursus porta scelerisque. Metus massa purus. Donec lorem elit curae tristique est arcu sit. Class donec nunc sodales ac nec vulputate. Nulla fames placerat id erat. Augue neque purus eni orci facilisis dictumst elit magnis id ut erat. Donec netus magna non pede ac ante cursus ad pede. Dolor neque sed inceptos habitasse.",
    "_atrefs": {},
    "_layout": "document_view",
    "_workflow_history": {
        "simple_publication_workflow": [
            {
                "action": null,
                "review_state": "private",
                "actor": "admin",
                "comments": "",
                "time": "2018/10/26 17:56:42.071221 GMT-4"
            },
            {
                "action": "publish",
                "review_state": "published",
                "actor": "admin",
                "comments": "",
                "time": "2018/10/26 17:56:42.672036 GMT-4"
            }
        ]
    },
    "_content_type_rights": "text/plain",
    "_directly_provided": [],
    "language": "en",
    "tableContents": true,
    "_classname": "ATDocument",
    "banner": "<h1>Ita relinquet duas, de quibus etiam atque etiam consideret.</h1>\n\n<p>Lorem ipsum dolor sit amet, consectetur adipiscing elit. Duo Reges: constructio interrete. <a href='http://loripsum.net/' target='_blank'>Ita relinquet duas, de quibus etiam atque etiam consideret.</a> Qualem igitur hominem natura inchoavit? Si longus, levis dictata sunt. Sed ille, ut dixi, vitiose. <a href='http://loripsum.net/' target='_blank'>Atqui reperies, inquit, in hoc quidem pertinacem;</a> </p>\n\n<p>Estne, quaeso, inquam, sitienti in bibendo voluptas? Omnia peccata paria dicitis. Qui non moveatur et offensione turpitudinis et comprobatione honestatis? Ea possunt paria non esse. Sed ille, ut dixi, vitiose. Quis non odit sordidos, vanos, leves, futtiles? </p>\n\n<dl>\n\t<dt><dfn>At certe gravius.</dfn></dt>\n\t<dd>Et hercule-fatendum est enim, quod sentio -mirabilis est apud illos contextus rerum.</dd>\n\t<dt><dfn>Age sane, inquam.</dfn></dt>\n\t<dd>Itaque a sapientia praecipitur se ipsam, si usus sit, sapiens ut relinquat.</dd>\n\t<dt><dfn>Sint ista Graecorum;</dfn></dt>\n\t<dd>Hanc ergo intuens debet institutum illud quasi signum absolvere.</dd>\n\t<dt><dfn>Si quae forte-possumus.</dfn></dt>\n\t<dd>Cupiditates non Epicuri divisione finiebat, sed sua satietate.</dd>\n\t<dt><dfn>Quis hoc dicit?</dfn></dt>\n\t<dd>Qui potest igitur habitare in beata vita summi mali metus?</dd>\n</dl>\n\n\n<ul>\n\t<li>Serpere anguiculos, nare anaticulas, evolare merulas, cornibus uti videmus boves, nepas aculeis.</li>\n\t<li>Quid autem habent admirationis, cum prope accesseris?</li>\n\t<li>Est enim effectrix multarum et magnarum voluptatum.</li>\n\t<li>An ea, quae per vinitorem antea consequebatur, per se ipsa curabit?</li>\n</ul>\n\n\n<p>Illa tamen simplicia, vestra versuta. Consequens enim est et post oritur, ut dixi. Nullus est igitur cuiusquam dies natalis. <a href='http://loripsum.net/' target='_blank'>Omnia peccata paria dicitis.</a> </p>\n\n<ol>\n\t<li>Quod autem magnum dolorem brevem, longinquum levem esse dicitis, id non intellego quale sit.</li>\n\t<li>Summus dolor plures dies manere non potest?</li>\n\t<li>Scaevola tribunus plebis ferret ad plebem vellentne de ea re quaeri.</li>\n\t<li>Summum en\u00edm bonum exposuit vacuitatem doloris;</li>\n</ol>\n\n\n",
    "_userdefined_roles": [],
    "_content_type": "text/html",
    "_id": "dolor-etiam-a-nibh-justo-nullam-id-sem-magnis-cubilia-potenti.",
    "modification_date": "2018/10/26 17:56:42.676017 GMT-4",
    "_content_type_banner": "text/html",
    "rights": "Justo class. Justo morbi integer morbi nunc libero primis porttitor. Proin felis curae eleifend phasellus per augue tempus vulputate in. Purus vitae nonummy mus curabitur purus. Netus risus. Neque fusce egestas primis proin laoreet nonummy inceptos dictum. Metus magna mattis porta ad maecenas semper euismod dapibus porttitor nisl. Etiam porta lacus commodo mi velit. Vitae proin nam cubilia amet urna turpis nunc consectetuer. Curae vitae nibh at. Fames curae suscipit purus semper ad sociis accumsan. Morbi augue nec pede natoque laoreet pulvinar. Proin metus.",
    "_atbrefs": {},
    "_content_type_description": "text/plain",
    "_owner": "admin",
    "_content_type_location": "text/plain",
    "_permissions": {
        "Modify portal content": {
            "acquire": false,
            "roles": [
                "Editor",
                "Manager",
                "Owner",
                "Site Administrator"
            ]
        },
        "Access contents information": {
            "acquire": false,
            "roles": [
                "Anonymous"
            ]
        },
        "View": {
            "acquire": false,
            "roles": [
                "Anonymous"
            ]
        }
    },
    "_properties": [
        [
            "title",
            "Dolor etiam a nibh justo nullam id sem magnis cubilia potenti.",
            "string"
        ]
    ],
    "allowDiscussion": false,
    "_gopip": 4,
    "creators": [
        "admin"
    ],
    "_path": "/Plone/about/lacus-purus-sit-augue-facilisis-ultricies-pede./justo-morbi-porta-suspendisse-sed-sapien-lobortis-malesuada-arcu./dolor-etiam-a-nibh-justo-nullam-id-sem-magnis-cubilia-potenti."
}