{
    "contributors": [],
    "_content_type_text": "text/html",
    "text": "<h1>Eiuro, inquit adridens, iniquum, hac quidem de re;</h1>\n\n<p>Lorem ipsum dolor sit amet, consectetur adipiscing elit. Aperiendum est igitur, quid sit voluptas; <a href='http://loripsum.net/' target='_blank'>Ex rebus enim timiditas, non ex vocabulis nascitur.</a> Immo alio genere; At certe gravius. Duo Reges: constructio interrete. </p>\n\n<p>Vide, quantum, inquam, fallare, Torquate. Philosophi autem in suis lectulis plerumque moriuntur. Quam ob rem tandem, inquit, non satisfacit? Poterat autem inpune; Aliter homines, aliter philosophos loqui putas oportere? </p>\n\n<p>Quod cum dixissent, ille contra. Istic sum, inquit. Cave putes quicquam esse verius. Collige omnia, quae soletis: Praesidium amicorum. </p>\n\n<ol>\n\t<li>Suam denique cuique naturam esse ad vivendum ducem.</li>\n\t<li>Tu enim ista lenius, hic Stoicorum more nos vexat.</li>\n\t<li>Sed eum qui audiebant, quoad poterant, defendebant sententiam suam.</li>\n\t<li>Earum etiam rerum, quas terra gignit, educatio quaedam et perfectio est non dissimilis animantium.</li>\n\t<li>Mene ergo et Triarium dignos existimas, apud quos turpiter loquare?</li>\n\t<li>Quis contra in illa aetate pudorem, constantiam, etiamsi sua nihil intersit, non tamen diligat?</li>\n\t<li>Nam quibus rebus efficiuntur voluptates, eae non sunt in potestate sapientis.</li>\n</ol>\n\n\n<ul>\n\t<li>Quibus natura iure responderit non esse verum aliunde finem beate vivendi, a se principia rei gerendae peti;</li>\n\t<li>Primum in nostrane potestate est, quid meminerimus?</li>\n</ul>\n\n\n<dl>\n\t<dt><dfn>Ita prorsus, inquam;</dfn></dt>\n\t<dd>Magna laus.</dd>\n\t<dt><dfn>Numquam facies.</dfn></dt>\n\t<dd>Sit, inquam, tam facilis, quam vultis, comparatio voluptatis, quid de dolore dicemus?</dd>\n</dl>\n\n\n",
    "creation_date": "2018/10/26 17:56:45.995790 GMT-4",
    "_uid": "cdfa979bfe04475fb648509ef2ce3837",
    "expirationDate": "None",
    "_content_type_id": "text/plain",
    "id": "purus-nulla.",
    "subject": [],
    "effectiveDate": "None",
    "title": "Purus nulla.",
    "_ac_local_roles": {
        "admin": [
            "Owner"
        ]
    },
    "_content_type_language": "text/plain",
    "_defaultpage": "",
    "location": "Curae neque netus ultrices dignissim a.",
    "_content_type_title": "text/plain",
    "excludeFromNav": false,
    "presentation": false,
    "_type": "Document",
    "description": "Netus vitae turpis adipiscing purus. Lorem risus magna a sociis. Justo lacus. Class netus. Augue felis tortor sapien velit vestibulum viverra urna nec. Ipsum morbi purus nibh ad lacus montes ullamcorper velit. Morbi dolor aptent. Lorem porta. Proin purus cubilia rhoncus varius ac est. Magna purus suspendisse ve sapien convallis gravida porta parturient. Vitae lorem eni vitae hac eni tincidunt eros hac magna blandit.",
    "_atrefs": {},
    "_layout": "document_view",
    "_workflow_history": {
        "simple_publication_workflow": [
            {
                "action": null,
                "review_state": "private",
                "actor": "admin",
                "comments": "",
                "time": "2018/10/26 17:56:46.000461 GMT-4"
            },
            {
                "action": "publish",
                "review_state": "published",
                "actor": "admin",
                "comments": "",
                "time": "2018/10/26 17:56:46.683099 GMT-4"
            }
        ]
    },
    "_content_type_rights": "text/plain",
    "_directly_provided": [],
    "language": "en",
    "tableContents": false,
    "_classname": "ATDocument",
    "banner": "<h1>Quorum altera prosunt, nocent altera.</h1>\n\n<p>Lorem ipsum dolor sit amet, consectetur adipiscing elit. Gerendus est mos, modo recte sentiat. Quis est tam dissimile homini. Sit sane ista voluptas. <a href='http://loripsum.net/' target='_blank'>Avaritiamne minuis?</a> Duo Reges: constructio interrete. Quid autem habent admirationis, cum prope accesseris? </p>\n\n<ol>\n\t<li>Haec quo modo conveniant, non sane intellego.</li>\n\t<li>Quid in isto egregio tuo officio et tanta fide-sic enim existimo-ad corpus refers?</li>\n\t<li>Hic ego: Pomponius quidem, inquam, noster iocari videtur, et fortasse suo iure.</li>\n\t<li>Audax negotium, dicerem impudens, nisi hoc institutum postea translatum ad philosophos nostros esset.</li>\n</ol>\n\n\n<dl>\n\t<dt><dfn>Ita credo.</dfn></dt>\n\t<dd>Levatio igitur vitiorum magna fit in iis, qui habent ad virtutem progressionis aliquantum.</dd>\n\t<dt><dfn>Istic sum, inquit.</dfn></dt>\n\t<dd>Ergo illi intellegunt quid Epicurus dicat, ego non intellego?</dd>\n</dl>\n\n\n<ul>\n\t<li>Ad corpus diceres pertinere-, sed ea, quae dixi, ad corpusne refers?</li>\n\t<li>Quae similitudo in genere etiam humano apparet.</li>\n\t<li>Si de re disceptari oportet, nulla mihi tecum, Cato, potest esse dissensio.</li>\n\t<li>Et hanc quidem primam exigam a te operam, ut audias me quae a te dicta sunt refellentem.</li>\n\t<li>Teneo, inquit, finem illi videri nihil dolere.</li>\n\t<li>Virtutis, magnitudinis animi, patientiae, fortitudinis fomentis dolor mitigari solet.</li>\n</ul>\n\n\n<p><a href='http://loripsum.net/' target='_blank'>Nihil ad rem! Ne sit sane;</a> <a href='http://loripsum.net/' target='_blank'>Quorum altera prosunt, nocent altera.</a> Quid de Platone aut de Democrito loquar? Aliter enim nosmet ipsos nosse non possumus. </p>\n\n<h2>Quae quidem vel cum periculo est quaerenda vobis;</h2>\n\n<p>Nam ante Aristippus, et ille melius. Terram, mihi crede, ea lanx et maria deprimet. Non laboro, inquit, de nomine. Pugnant Stoici cum Peripateticis. <a href='http://loripsum.net/' target='_blank'>Quid, quod res alia tota est?</a> </p>\n\n",
    "_userdefined_roles": [],
    "_content_type": "text/html",
    "_id": "purus-nulla.",
    "modification_date": "2018/10/26 17:56:46.687742 GMT-4",
    "_content_type_banner": "text/html",
    "rights": "Felis etiam ipsum non fames natoque cubilia convallis. Etiam justo nibh ultricies luctus vehicula adipiscing phasellus neque ad. Class magna praesent vel eget eni metus ultricies. Magna risus condimentum habitant potenti netus. Lacus augue neque mus sed. Lorem magna. Felis risus. Donec lorem metus montes porta curae gravida sed id habitasse curae. Porta nulla lobortis id tempus et integer eget at convallis natoque consectetuer rhoncus. Vitae porta netus mollis mi dictumst lacinia. Metus donec fermentum dui nonummy volutpat.",
    "_atbrefs": {},
    "_content_type_description": "text/plain",
    "_owner": "admin",
    "_content_type_location": "text/plain",
    "_permissions": {
        "Modify portal content": {
            "acquire": false,
            "roles": [
                "Editor",
                "Manager",
                "Owner",
                "Site Administrator"
            ]
        },
        "Access contents information": {
            "acquire": false,
            "roles": [
                "Anonymous"
            ]
        },
        "View": {
            "acquire": false,
            "roles": [
                "Anonymous"
            ]
        }
    },
    "_properties": [
        [
            "title",
            "Purus nulla.",
            "string"
        ]
    ],
    "allowDiscussion": false,
    "_gopip": 9,
    "creators": [
        "admin"
    ],
    "_path": "/Plone/about/lacus-purus-sit-augue-facilisis-ultricies-pede./justo-morbi-porta-suspendisse-sed-sapien-lobortis-malesuada-arcu./purus-nulla."
}