{
    "startDate": "2018/11/03 21:27:37.424207 GMT-4",
    "endDate": "2018/11/05 21:35:40.869992 GMT-4",
    "contributors": [],
    "_content_type_text": "text/html",
    "text": "<h1>Quid enim tanto opus est instrumento in optimis artibus comparandis?</h1>\n\n<p>Lorem ipsum dolor sit amet, consectetur adipiscing elit. Itaque hic ipse iam pridem est reiectus; Tuo vero id quidem, inquam, arbitratu. </p>\n\n<p>Vide, quaeso, rectumne sit. Inde sermone vario sex illa a Dipylo stadia confecimus. Scaevolam M. Itaque ab his ordiamur. </p>\n\n<dl>\n\t<dt><dfn>Aliter autem vobis placet.</dfn></dt>\n\t<dd>Etenim nec iustitia nec amicitia esse omnino poterunt, nisi ipsae per se expetuntur.</dd>\n\t<dt><dfn>Venit ad extremum;</dfn></dt>\n\t<dd>At ille non pertimuit saneque fidenter: Istis quidem ipsis verbis, inquit;</dd>\n\t<dt><dfn>Nihilo magis.</dfn></dt>\n\t<dd>Sed non sunt in eo genere tantae commoditates corporis tamque productae temporibus tamque multae.</dd>\n\t<dt><dfn>Quae sequuntur igitur?</dfn></dt>\n\t<dd>Quod cum ita sit, perspicuum est omnis rectas res atque laudabilis eo referri, ut cum voluptate vivatur.</dd>\n\t<dt><dfn>Recte dicis;</dfn></dt>\n\t<dd>Quod cum ille dixisset et satis disputatum videretur, in oppidum ad Pomponium perreximus omnes.</dd>\n\t<dt><dfn>Quid Zeno?</dfn></dt>\n\t<dd>Philosophi autem in suis lectulis plerumque moriuntur.</dd>\n</dl>\n\n\n<p>Tuo vero id quidem, inquam, arbitratu. Et quod est munus, quod opus sapientiae? Duo Reges: constructio interrete. Restatis igitur vos; Nam quid possumus facere melius? </p>\n\n<ol>\n\t<li>Tollitur beneficium, tollitur gratia, quae sunt vincla concordiae.</li>\n\t<li>Paupertas si malum est, mendicus beatus esse nemo potest, quamvis sit sapiens.</li>\n\t<li>Si quicquam extra virtutem habeatur in bonis.</li>\n\t<li>Itaque primos congressus copulationesque et consuetudinum instituendarum voluntates fieri propter voluptatem;</li>\n</ol>\n\n\n<ul>\n\t<li>Cum autem venissemus in Academiae non sine causa nobilitata spatia, solitudo erat ea, quam volueramus.</li>\n\t<li>Nos paucis ad haec additis finem faciamus aliquando;</li>\n\t<li>Satisne ergo pudori consulat, si quis sine teste libidini pareat?</li>\n\t<li>Terram, mihi crede, ea lanx et maria deprimet.</li>\n</ul>\n\n\n",
    "eventUrl": "http://en.wikipedia.com/wiki/Lorem_ipsum",
    "creation_date": "2018/10/26 17:56:46.870318 GMT-4",
    "contactEmail": "loremipsum@mail.com",
    "_uid": "b1f2cf598497460682818944e3bbf313",
    "expirationDate": "None",
    "contactName": "Dolor augue tempus taciti ipsum.",
    "_content_type_id": "text/plain",
    "contactPhone": "Augue lorem nibh mus.",
    "id": "vitae-lacus-magnis-est-adipiscing-parturient-et-cursus-ac-arcu-fusce.",
    "subject": [],
    "attendees": [],
    "effectiveDate": "None",
    "title": "Vitae lacus magnis est adipiscing parturient et cursus ac arcu fusce.",
    "_content_type_contactPhone": "text/plain",
    "_content_type_eventUrl": "text/plain",
    "_content_type_language": "text/plain",
    "_defaultpage": "",
    "location": "Morbi felis pulvinar nisi leo nisl eget consequat.",
    "_content_type_title": "text/plain",
    "excludeFromNav": true,
    "_content_type_contactName": "text/plain",
    "_type": "Event",
    "description": "Dolor proin nisl vehicula risus per. Fames morbi luctus fusce lacinia ligula massa ac proin neque a. Metus vitae tincidunt proin montes tempus per cubilia nulla eget. Morbi donec a tellus netus et bibendum rhoncus. Donec dolor fusce. Fusce massa nisl sit nonummy eu pharetra egestas imperdiet. Netus neque. Lacus ipsum iaculis hac mattis a vestibulum nam vestibulum. Neque risus ante auctor venenatis placerat at ullamcorper urna porttitor ad. Metus fusce augue lorem. Metus porta suspendisse faucibus nisi eros tellus est lectus. Velit felis leo tellus sagittis at suspendisse ante tortor taciti. Etiam netus. Metus netus neque lorem. Metus proin vitae. Augue netus.",
    "_atrefs": {},
    "_layout": "event_view",
    "_workflow_history": {
        "simple_publication_workflow": [
            {
                "action": null,
                "review_state": "private",
                "actor": "admin",
                "comments": "",
                "time": "2018/10/26 17:56:46.874049 GMT-4"
            },
            {
                "action": "publish",
                "review_state": "published",
                "actor": "admin",
                "comments": "",
                "time": "2018/10/26 17:56:47.198179 GMT-4"
            }
        ]
    },
    "_content_type_rights": "text/plain",
    "_directly_provided": [],
    "_classname": "ATEvent",
    "_userdefined_roles": [],
    "_content_type_contactEmail": "text/plain",
    "_content_type": "text/html",
    "_id": "vitae-lacus-magnis-est-adipiscing-parturient-et-cursus-ac-arcu-fusce.",
    "modification_date": "2018/10/26 17:56:47.202165 GMT-4",
    "language": "en",
    "rights": "Fusce ipsum orci dictumst elementum ve habitasse suspendisse ultricies amet orci vestibulum. Class fusce. Dolor class erat mollis primis dis vestibulum ac quis leo lorem. Proin curae vivamus sodales erat netus at litora pede condimentum. Ipsum netus. Lacus massa tellus natoque integer. Fames etiam felis rutrum cum tellus at erat. Class neque cum lorem eros dapibus iaculis eros vehicula proin.",
    "_atbrefs": {},
    "_content_type_description": "text/plain",
    "_owner": "admin",
    "_content_type_location": "text/plain",
    "_permissions": {
        "Modify portal content": {
            "acquire": false,
            "roles": [
                "Editor",
                "Manager",
                "Owner",
                "Site Administrator"
            ]
        },
        "Access contents information": {
            "acquire": false,
            "roles": [
                "Anonymous"
            ]
        },
        "View": {
            "acquire": false,
            "roles": [
                "Anonymous"
            ]
        }
    },
    "_properties": [
        [
            "title",
            "Vitae lacus magnis est adipiscing parturient et cursus ac arcu fusce.",
            "string"
        ]
    ],
    "allowDiscussion": false,
    "_gopip": 10,
    "creators": [
        "admin"
    ],
    "_ac_local_roles": {
        "admin": [
            "Owner"
        ]
    },
    "_path": "/Plone/about/lacus-purus-sit-augue-facilisis-ultricies-pede./justo-morbi-porta-suspendisse-sed-sapien-lobortis-malesuada-arcu./vitae-lacus-magnis-est-adipiscing-parturient-et-cursus-ac-arcu-fusce."
}