{
    "startDate": "2018/10/31 18:42:39.902082 GMT-4",
    "endDate": "2018/11/03 11:08:37.575021 GMT-4",
    "contributors": [],
    "_content_type_text": "text/html",
    "text": "<h1>Vos autem cum perspicuis dubia debeatis illustrare, dubiis perspicua conamini tollere.</h1>\n\n<p>Lorem ipsum dolor sit amet, consectetur adipiscing elit. Quis negat? Ita fit cum gravior, tum etiam splendidior oratio. Explanetur igitur. Perge porro; Negare non possum. </p>\n\n<ul>\n\t<li>Sed tamen omne, quod de re bona dilucide dicitur, mihi praeclare dici videtur.</li>\n\t<li>Quicquid porro animo cernimus, id omne oritur a sensibus;</li>\n\t<li>Sed nonne merninisti licere mihi ista probare, quae sunt a te dicta?</li>\n\t<li>Maximas vero virtutes iacere omnis necesse est voluptate dominante.</li>\n\t<li>Hoc dixerit potius Ennius: Nimium boni est, cui nihil est mali.</li>\n</ul>\n\n\n<dl>\n\t<dt><dfn>Est, ut dicis, inquam.</dfn></dt>\n\t<dd>Nam Pyrrho, Aristo, Erillus iam diu abiecti.</dd>\n\t<dt><dfn>Quae sequuntur igitur?</dfn></dt>\n\t<dd>Tamen a proposito, inquam, aberramus.</dd>\n\t<dt><dfn>Quis hoc dicit?</dfn></dt>\n\t<dd>Et summatim quidem haec erant de corpore animoque dicenda, quibus quasi informatum est quid hominis natura postulet.</dd>\n\t<dt><dfn>Ita credo.</dfn></dt>\n\t<dd>Illud urgueam, non intellegere eum quid sibi dicendum sit, cum dolorem summum malum esse dixerit.</dd>\n</dl>\n\n\n<p>Quis negat? An potest cupiditas finiri? Bonum integritas corporis: misera debilitas. Sin laboramus, quis est, qui alienae modum statuat industriae? Scrupulum, inquam, abeunti; Ita graviter et severe voluptatem secrevit a bono. Non igitur bene. Ille incendat? </p>\n\n<p>Duo Reges: constructio interrete. Tollenda est atque extrahenda radicitus. Quia nec honesto quic quam honestius nec turpi turpius. Traditur, inquit, ab Epicuro ratio neglegendi doloris. Etiam beatissimum? Aufert enim sensus actionemque tollit omnem. </p>\n\n<ol>\n\t<li>Quis Aristidem non mortuum diligit?</li>\n\t<li>Immo vero, inquit, ad beatissime vivendum parum est, ad beate vero satis.</li>\n\t<li>Nonne odio multos dignos putamus, qui quodam motu aut statu videntur naturae legem et modum contempsisse?</li>\n\t<li>Sic, et quidem diligentius saepiusque ista loquemur inter nos agemusque communiter.</li>\n\t<li>Sit, inquam, tam facilis, quam vultis, comparatio voluptatis, quid de dolore dicemus?</li>\n\t<li>Atque etiam val\u00edtudinem, vires, vacuitatem doloris non propter utilitatem solum, sed etiam ipsas propter se expetemus.</li>\n</ol>\n\n\n",
    "eventUrl": "http://en.wikipedia.com/wiki/Lorem_ipsum",
    "creation_date": "2018/10/26 17:56:48.454653 GMT-4",
    "contactEmail": "loremipsum@mail.com",
    "_uid": "47f8116d8822470b8de1399107a2d16c",
    "expirationDate": "None",
    "contactName": "Ipsum proin nisl.",
    "_content_type_id": "text/plain",
    "contactPhone": "Proin vitae blandit eget orci litora rutrum vel lobortis dolor quis dictum tortor.",
    "id": "justo-morbi-dolor-lorem-mus-netus-elementum-porttitor-eget-tincidunt.",
    "subject": [],
    "attendees": [],
    "effectiveDate": "None",
    "title": "Justo morbi dolor lorem mus netus elementum porttitor eget tincidunt.",
    "_content_type_contactPhone": "text/plain",
    "_content_type_eventUrl": "text/plain",
    "_content_type_language": "text/plain",
    "_defaultpage": "",
    "location": "Fames netus cursus porta nisi facilisi et nostra.",
    "_content_type_title": "text/plain",
    "excludeFromNav": false,
    "_content_type_contactName": "text/plain",
    "_type": "Event",
    "description": "Lacus massa lacinia convallis. Massa class cubilia. Risus netus eros natoque. Massa netus nec ultrices morbi taciti amet nisl. Fusce lorem dictum tempor nam adipiscing. Proin fames sociis dolor vitae semper eget scelerisque id mollis sagittis. Curae augue. Justo neque. Purus porta aenean eu erat laoreet purus orci. Dolor justo eleifend lorem rhoncus. Risus etiam purus nunc massa fusce dolor lorem. Lacus ipsum. Morbi porta. Fames augue gravida dignissim. Porta justo. Lacus purus hymenaeos mollis vestibulum dictumst lacinia netus ad risus aptent.",
    "_atrefs": {},
    "_layout": "event_view",
    "_workflow_history": {
        "simple_publication_workflow": [
            {
                "action": null,
                "review_state": "private",
                "actor": "admin",
                "comments": "",
                "time": "2018/10/26 17:56:48.458393 GMT-4"
            },
            {
                "action": "publish",
                "review_state": "published",
                "actor": "admin",
                "comments": "",
                "time": "2018/10/26 17:56:48.787148 GMT-4"
            }
        ]
    },
    "_content_type_rights": "text/plain",
    "_directly_provided": [],
    "_classname": "ATEvent",
    "_userdefined_roles": [],
    "_content_type_contactEmail": "text/plain",
    "_content_type": "text/html",
    "_id": "justo-morbi-dolor-lorem-mus-netus-elementum-porttitor-eget-tincidunt.",
    "modification_date": "2018/10/26 17:56:48.791099 GMT-4",
    "language": "en",
    "rights": "Vitae felis lectus nulla adipiscing nisi montes habitasse hymenaeos enim nisl. Etiam massa vel arcu. Massa fames cras per pede tincidunt class id eros risus tortor scelerisque nulla magnis taciti ante arcu eget. Morbi fames pede tincidunt. Porta magna a tempus erat ullamcorper eni nisi sollicitudin.",
    "_atbrefs": {},
    "_content_type_description": "text/plain",
    "_owner": "admin",
    "_content_type_location": "text/plain",
    "_permissions": {
        "Modify portal content": {
            "acquire": false,
            "roles": [
                "Editor",
                "Manager",
                "Owner",
                "Site Administrator"
            ]
        },
        "Access contents information": {
            "acquire": false,
            "roles": [
                "Anonymous"
            ]
        },
        "View": {
            "acquire": false,
            "roles": [
                "Anonymous"
            ]
        }
    },
    "_properties": [
        [
            "title",
            "Justo morbi dolor lorem mus netus elementum porttitor eget tincidunt.",
            "string"
        ]
    ],
    "allowDiscussion": false,
    "_gopip": 13,
    "creators": [
        "admin"
    ],
    "_ac_local_roles": {
        "admin": [
            "Owner"
        ]
    },
    "_path": "/Plone/about/lacus-purus-sit-augue-facilisis-ultricies-pede./justo-morbi-porta-suspendisse-sed-sapien-lobortis-malesuada-arcu./justo-morbi-dolor-lorem-mus-netus-elementum-porttitor-eget-tincidunt."
}