{
    "startDate": "2018/11/13 00:00:52.711134 GMT-4",
    "endDate": "2018/11/15 00:46:4.552905 GMT-4",
    "contributors": [],
    "_content_type_text": "text/html",
    "text": "<h1>De ingenio eius in his disputationibus, non de moribus quaeritur.</h1>\n\n<p>Lorem ipsum dolor sit amet, consectetur adipiscing elit. Praeteritis, inquit, gaudeo. Si longus, levis dictata sunt. Ne discipulum abducam, times. Certe non potest. Duo Reges: constructio interrete. Non potes, nisi retexueris illa. </p>\n\n<ol>\n\t<li>Illud non continuo, ut aeque incontentae.</li>\n\t<li>Si quicquam extra virtutem habeatur in bonis.</li>\n\t<li>Cur fortior sit, si illud, quod tute concedis, asperum et vix ferendum putabit?</li>\n\t<li>Non enim iam stirpis bonum quaeret, sed animalis.</li>\n</ol>\n\n\n<dl>\n\t<dt><dfn>Quonam modo?</dfn></dt>\n\t<dd>Sed id ne cogitari quidem potest quale sit, ut non repugnet ipsum sibi.</dd>\n\t<dt><dfn>Memini vero, inquam;</dfn></dt>\n\t<dd>Itaque ne iustitiam quidem recte quis dixerit per se ipsam optabilem, sed quia iucunditatis vel plurimum afferat.</dd>\n\t<dt><dfn>Recte, inquit, intellegis.</dfn></dt>\n\t<dd>Bonum negas esse divitias, praepos\u00ectum esse dicis?</dd>\n\t<dt><dfn>Poterat autem inpune;</dfn></dt>\n\t<dd>Quam si explicavisset, non tam haesitaret.</dd>\n\t<dt><dfn>Primum divisit ineleganter;</dfn></dt>\n\t<dd>Ita est quoddam commune officium sapientis et insipientis, ex quo efficitur versari in iis, quae media dicamus.</dd>\n\t<dt><dfn>Idem adhuc;</dfn></dt>\n\t<dd>Istam voluptatem, inquit, Epicurus ignorat?</dd>\n</dl>\n\n\n<p>Polycratem Samium felicem appellabant. Sin aliud quid voles, postea. Sin aliud quid voles, postea. Sed ille, ut dixi, vitiose. Quod totum contra est. Negat esse eam, inquit, propter se expetendam. Utram tandem linguam nescio? </p>\n\n<h2>Nam quibus rebus efficiuntur voluptates, eae non sunt in potestate sapientis.</h2>\n\n<p>Videsne, ut haec concinant? Nulla erit controversia. Expectoque quid ad id, quod quaerebam, respondeas. <a href='http://loripsum.net/' target='_blank'>Quid iudicant sensus?</a> Etiam beatissimum? Pauca mutat vel plura sane; Quod quidem iam fit etiam in Academia. </p>\n\n<ul>\n\t<li>Ut necesse sit omnium rerum, quae natura vigeant, similem esse finem, non eundem.</li>\n\t<li>Ratio quidem vestra sic cogit.</li>\n\t<li>Ut optime, secundum naturam affectum esse possit.</li>\n\t<li>Cuius similitudine perspecta in formarum specie ac dignitate transitum est ad honestatem dictorum atque factorum.</li>\n\t<li>Ut proverbia non nulla veriora sint quam vestra dogmata.</li>\n\t<li>Rhetorice igitur, inquam, nos mavis quam dialectice disputare?</li>\n</ul>\n\n\n",
    "eventUrl": "http://en.wikipedia.com/wiki/Lorem_ipsum",
    "creation_date": "2018/10/26 17:56:49.017921 GMT-4",
    "contactEmail": "loremipsum@mail.com",
    "_uid": "75f59a6baf3e45cc97bcab60600a6513",
    "expirationDate": "None",
    "contactName": "Metus etiam eleifend netus eget.",
    "_content_type_id": "text/plain",
    "contactPhone": "Class velit ultrices facilisis metus nisi hendrerit per dignissim quisque fusce dis fusce.",
    "id": "justo-morbi.",
    "subject": [],
    "attendees": [],
    "effectiveDate": "None",
    "title": "Justo morbi.",
    "_content_type_contactPhone": "text/plain",
    "_content_type_eventUrl": "text/plain",
    "_content_type_language": "text/plain",
    "_defaultpage": "",
    "location": "Ipsum magna a ante vestibulum tellus placerat erat nullam feugiat duis.",
    "_content_type_title": "text/plain",
    "excludeFromNav": true,
    "_content_type_contactName": "text/plain",
    "_type": "Event",
    "description": "Velit netus mus ligula accumsan scelerisque mus libero in nostra sed pede diam curabitur aenean. Metus vitae a mattis morbi sodales sed ad congue pharetra. Morbi nulla nisi. Lacus proin per class. Vitae metus nonummy id urna accumsan vivamus maecenas semper tellus massa urna lectus vestibulum sociosqu quam. Etiam risus rutrum suspendisse dolor ornare adipiscing. Augue porta fusce. Justo felis senectus. Magna felis. Justo neque duis posuere. Donec justo facilisi hac donec arcu torquent condimentum mus primis nascetur. Fusce dolor congue primis et velit eu taciti fusce rhoncus auctor.",
    "_atrefs": {},
    "_layout": "event_view",
    "_workflow_history": {
        "simple_publication_workflow": [
            {
                "action": null,
                "review_state": "private",
                "actor": "admin",
                "comments": "",
                "time": "2018/10/26 17:56:49.022664 GMT-4"
            },
            {
                "action": "publish",
                "review_state": "published",
                "actor": "admin",
                "comments": "",
                "time": "2018/10/26 17:56:49.479634 GMT-4"
            }
        ]
    },
    "_content_type_rights": "text/plain",
    "_directly_provided": [],
    "_classname": "ATEvent",
    "_userdefined_roles": [],
    "_content_type_contactEmail": "text/plain",
    "_content_type": "text/html",
    "_id": "justo-morbi.",
    "modification_date": "2018/10/26 17:56:49.483879 GMT-4",
    "language": "en",
    "rights": "Magna risus felis tristique viverra. Etiam class convallis consequat nibh ullamcorper posuere. Lorem augue a nonummy ad arcu porta at ultrices. Nulla metus dictum taciti fermentum etiam. Augue nulla facilisi ante. Felis proin tempor primis feugiat conubia quam parturient non ipsum adipiscing viverra. Class curae senectus ve suspendisse. Massa justo nonummy cras congue ve vulputate ullamcorper purus ridiculus eros phasellus mi curabitur nulla pede. Lorem ipsum nulla. Nulla ipsum dui vivamus sociosqu tortor montes amet non a.",
    "_atbrefs": {},
    "_content_type_description": "text/plain",
    "_owner": "admin",
    "_content_type_location": "text/plain",
    "_permissions": {
        "Modify portal content": {
            "acquire": false,
            "roles": [
                "Editor",
                "Manager",
                "Owner",
                "Site Administrator"
            ]
        },
        "Access contents information": {
            "acquire": false,
            "roles": [
                "Anonymous"
            ]
        },
        "View": {
            "acquire": false,
            "roles": [
                "Anonymous"
            ]
        }
    },
    "_properties": [
        [
            "title",
            "Justo morbi.",
            "string"
        ]
    ],
    "allowDiscussion": false,
    "_gopip": 14,
    "creators": [
        "admin"
    ],
    "_ac_local_roles": {
        "admin": [
            "Owner"
        ]
    },
    "_path": "/Plone/about/lacus-purus-sit-augue-facilisis-ultricies-pede./justo-morbi-porta-suspendisse-sed-sapien-lobortis-malesuada-arcu./justo-morbi."
}