{
    "contributors": [],
    "creation_date": "2018/10/26 17:56:52.411055 GMT-4",
    "_uid": "25f7d407a9cd4327a33d99ecfcdd5cb1",
    "expirationDate": "None",
    "_content_type_id": "text/plain",
    "id": "lacus-netus.",
    "subject": [],
    "modification_date": "2018/10/26 17:56:52.459156 GMT-4",
    "title": "Lacus netus.",
    "_ac_local_roles": {
        "admin": [
            "Owner"
        ]
    },
    "_content_type_language": "text/plain",
    "_defaultpage": "index_html",
    "location": "Lorem augue.",
    "_content_type_title": "text/plain",
    "excludeFromNav": true,
    "_atbrefs": {},
    "_type": "File",
    "description": "Etiam metus tortor libero. Massa fames ligula sed praesent a. Felis morbi donec odio quam feugiat ac nostra aliquet orci ad consectetuer feugiat. Porta class. Porta dolor natoque eget nisi quam sagittis parturient. Neque purus quis vehicula duis mattis ridiculus et ultricies augue. Donec nulla. Vitae velit vivamus etiam nam litora interdum. Porta risus cum ipsum aliquet semper non commodo quis erat egestas duis nullam laoreet vivamus turpis justo lectus.",
    "_atrefs": {},
    "_layout": "file_view",
    "_workflow_history": {
        "simple_publication_workflow": [
            {
                "action": null,
                "review_state": "private",
                "actor": "admin",
                "comments": "",
                "time": "2018/10/26 17:56:37.807574 GMT-4"
            },
            {
                "action": "publish",
                "review_state": "published",
                "actor": "admin",
                "comments": "",
                "time": "2018/10/26 17:56:38.127110 GMT-4"
            }
        ]
    },
    "_datafield_file": {
        "encoding": "base64",
        "filename": "fusce..dat",
        "data": "R0lGODlhAQABAPAAAPj8+AAAACH5BAEAAAAALAAAAAABAAEAAAICRAEAOw==",
        "content_type": "chemical/x-mopac-input",
        "size": [
            1,
            1
        ]
    },
    "_content_type_rights": "text/plain",
    "_classname": "ATBlob",
    "_directly_provided": [
        "plone.app.blob.interfaces.IATBlobFile",
        "Products.ATContentTypes.interfaces.file.IATFile",
        "Products.ATContentTypes.interfaces.file.IFileContent"
    ],
    "_userdefined_roles": [],
    "_content_type": "chemical/x-mopac-input",
    "_id": "lacus-netus.",
    "effectiveDate": "None",
    "language": "en",
    "rights": "Massa velit non sodales mi urna at ante nam tempus blandit nisl amet nostra hendrerit. Class neque. Proin purus morbi felis lacus nec ornare convallis. Curae risus mauris nostra neque scelerisque in. Felis vitae sociis. Etiam lorem orci neque amet fames vel lorem nisi mus nibh odio vitae. Nulla purus ipsum vulputate phasellus.",
    "_content_type_description": "text/plain",
    "_owner": "admin",
    "_content_type_location": "text/plain",
    "_permissions": {},
    "_properties": [
        [
            "title",
            "Lacus netus.",
            "string"
        ]
    ],
    "allowDiscussion": false,
    "_gopip": 20,
    "creators": [
        "admin"
    ],
    "_path": "/Plone/about/lacus-purus-sit-augue-facilisis-ultricies-pede./justo-morbi-porta-suspendisse-sed-sapien-lobortis-malesuada-arcu./lacus-netus."
}