{
    "locallyAllowedTypes": [
        "Document",
        "Event",
        "File",
        "Folder",
        "Image",
        "Link",
        "News Item",
        "Collection"
    ],
    "contributors": [],
    "creation_date": "2018/10/26 17:56:54.517968 GMT-4",
    "_uid": "2453e2ef4bc7495aaf9134b24aa8ff64",
    "expirationDate": "None",
    "_content_type_id": "text/plain",
    "immediatelyAddableTypes": [
        "Document",
        "Event",
        "File",
        "Folder",
        "Image",
        "Link",
        "News Item",
        "Collection"
    ],
    "id": "class-porta-nostra-etiam-ridiculus-sem-conubia-et-at.",
    "subject": [],
    "modification_date": "2018/10/26 17:56:54.850672 GMT-4",
    "title": "Class porta nostra etiam ridiculus sem conubia et at.",
    "_ac_local_roles": {
        "admin": [
            "Owner"
        ]
    },
    "_content_type_language": "text/plain",
    "_defaultpage": "",
    "location": "Felis metus tortor suspendisse justo luctus nonummy egestas nostra ve et.",
    "_content_type_title": "text/plain",
    "excludeFromNav": true,
    "_atbrefs": {},
    "constrainTypesMode": -1,
    "_type": "Folder",
    "description": "Nulla velit nunc justo sodales amet elit. Class nulla. Class porta sapien consectetuer. Velit vitae. Proin lacus mattis fringilla sociosqu fames. Etiam curae nisl sed. Magna augue non risus per. Proin justo curae tempor. Fusce magna class nam. Metus purus tortor et libero felis cum. Neque magna elit eu velit tempor class lacus vel morbi ridiculus cras eget ut. Lorem dolor vivamus elit ut quis at inceptos euismod netus. Lacus risus justo egestas ultrices lorem mattis at nibh scelerisque pretium. Nulla neque class.",
    "_atrefs": {},
    "_layout": "folder_listing",
    "_workflow_history": {
        "simple_publication_workflow": [
            {
                "action": null,
                "review_state": "private",
                "actor": "admin",
                "comments": "",
                "time": "2018/10/26 17:56:54.524268 GMT-4"
            },
            {
                "action": "publish",
                "review_state": "published",
                "actor": "admin",
                "comments": "",
                "time": "2018/10/26 17:56:54.845189 GMT-4"
            }
        ]
    },
    "_content_type_rights": "text/plain",
    "_directly_provided": [],
    "language": "en",
    "_classname": "ATFolder",
    "banner": "<h1>Vide, quaeso, rectumne sit.</h1>\n\n<p>Lorem ipsum dolor sit amet, consectetur adipiscing elit. Et ille ridens: Video, inquit, quid agas; Ratio quidem vestra sic cogit. Itaque his sapiens semper vacabit. Videamus animi partes, quarum est conspectus illustrior; </p>\n\n<ul>\n\t<li>Si quidem, inquit, tollerem, sed relinquo.</li>\n\t<li>Non laboro, inquit, de nomine.</li>\n\t<li>Non modo carum sibi quemque, verum etiam vehementer carum esse?</li>\n\t<li>Quibus rebus vita consentiens virtutibusque respondens recta et honesta et constans et naturae congruens existimari potest.</li>\n\t<li>Gracchum patrem non beatiorem fuisse quam fillum, cum alter stabilire rem publicam studuerit, alter evertere.</li>\n\t<li>Ergo adhuc, quantum equidem intellego, causa non videtur fuisse mutandi nominis.</li>\n</ul>\n\n\n<p>Respondent extrema primis, media utrisque, omnia omnibus. Ergo id est convenienter naturae vivere, a natura discedere. Collige omnia, quae soletis: Praesidium amicorum. Sed ad bona praeterita redeamus. Neutrum vero, inquit ille. Sed quid sentiat, non videtis. Tamen a proposito, inquam, aberramus. Sit enim idem caecus, debilis. Videsne quam sit magna dissensio? </p>\n\n<dl>\n\t<dt><dfn>Immo videri fortasse.</dfn></dt>\n\t<dd>Et quidem illud ipsum non nimium probo et tantum patior, philosophum loqui de cupiditatibus finiendis.</dd>\n\t<dt><dfn>Facete M.</dfn></dt>\n\t<dd>Illa sunt similia: hebes acies est cuipiam oculorum, corpore alius senescit;</dd>\n\t<dt><dfn>Ille incendat?</dfn></dt>\n\t<dd>Stuprata per vim Lucretia a regis filio testata civis se ipsa interemit.</dd>\n\t<dt><dfn>Sed fortuna fortis;</dfn></dt>\n\t<dd>Non enim, si omnia non sequebatur, idcirco non erat ortus illinc.</dd>\n\t<dt><dfn>Quonam, inquit, modo?</dfn></dt>\n\t<dd>Re mihi non aeque satisfacit, et quidem locis pluribus.</dd>\n</dl>\n\n\n<p>Et nemo nimium beatus est; Duo Reges: constructio interrete. At iste non dolendi status non vocatur voluptas. Qui ita affectus, beatum esse numquam probabis; Poterat autem inpune; Sed ego in hoc resisto; </p>\n\n<ol>\n\t<li>Duo enim genera quae erant, fecit tria.</li>\n\t<li>Haec dicuntur inconstantissime.</li>\n\t<li>Poterat autem inpune;</li>\n\t<li>Hoc tu nunc in illo probas.</li>\n</ol>\n\n\n",
    "_userdefined_roles": [],
    "_content_type": "text/plain",
    "_id": "class-porta-nostra-etiam-ridiculus-sem-conubia-et-at.",
    "nextPreviousEnabled": true,
    "effectiveDate": "None",
    "_content_type_banner": "text/html",
    "rights": "Purus lorem est nisl velit. Velit nulla. Purus felis augue per nisl facilisi orci mollis mauris senectus ve odio. Vitae morbi dolor class cubilia pretium aptent. Porta netus rutrum curae lobortis lorem fames dignissim ligula pede eget. Proin velit. Magna proin feugiat natoque duis parturient urna phasellus sollicitudin aliquet lobortis primis aptent massa quam ve. Fames felis nisi facilisis platea id volutpat pretium. Ipsum etiam. Ipsum velit. Lacus morbi dapibus quis. Porta netus. Class lacus malesuada ipsum fermentum at dolor.",
    "_content_type_description": "text/plain",
    "_owner": "admin",
    "_content_type_location": "text/plain",
    "_permissions": {
        "Change portal events": {
            "acquire": false,
            "roles": [
                "Editor",
                "Manager",
                "Owner",
                "Site Administrator"
            ]
        },
        "Modify portal content": {
            "acquire": false,
            "roles": [
                "Editor",
                "Manager",
                "Owner",
                "Site Administrator"
            ]
        },
        "Access contents information": {
            "acquire": false,
            "roles": [
                "Anonymous"
            ]
        },
        "View": {
            "acquire": false,
            "roles": [
                "Anonymous"
            ]
        }
    },
    "_properties": [
        [
            "title",
            "Class porta nostra etiam ridiculus sem conubia et at.",
            "string"
        ]
    ],
    "allowDiscussion": false,
    "_gopip": 30,
    "creators": [
        "admin"
    ],
    "_path": "/Plone/about/lacus-purus-sit-augue-facilisis-ultricies-pede./justo-morbi-porta-suspendisse-sed-sapien-lobortis-malesuada-arcu./class-porta-nostra-etiam-ridiculus-sem-conubia-et-at."
}