{
    "contributors": [],
    "creation_date": "2018/10/26 17:57:2.123460 GMT-4",
    "_uid": "fd45efda268545448799e46513220ab4",
    "expirationDate": "None",
    "_content_type_id": "text/plain",
    "id": "netus-curae-massa-quam-taciti-at-lectus-tristique.",
    "subject": [],
    "modification_date": "2018/10/26 17:57:2.179774 GMT-4",
    "title": "Netus curae massa quam taciti at lectus tristique.",
    "_ac_local_roles": {
        "admin": [
            "Owner"
        ]
    },
    "_content_type_language": "text/plain",
    "_defaultpage": "",
    "location": "Massa felis torquent cras arcu.",
    "_content_type_title": "text/plain",
    "excludeFromNav": false,
    "_atbrefs": {},
    "_type": "Link",
    "description": "Metus vitae class. Lacus risus dignissim lobortis id nostra proin ut primis. Ipsum magna mollis purus ac urna orci rutrum. Purus velit dolor taciti adipiscing. Lorem morbi. Ipsum felis litora. Etiam dolor fermentum pede hac a auctor amet. Justo metus sem arcu sem dolor lectus libero pede. Fames vitae nullam morbi parturient condimentum taciti in orci eget aptent. Netus vitae. Morbi fusce taciti parturient pellentesque. Neque etiam. Fusce vitae.",
    "_atrefs": {},
    "_layout": "link_redirect_view",
    "_workflow_history": {
        "simple_publication_workflow": [
            {
                "action": null,
                "review_state": "private",
                "actor": "admin",
                "comments": "",
                "time": "2018/10/26 17:57:2.127675 GMT-4"
            },
            {
                "action": "publish",
                "review_state": "published",
                "actor": "admin",
                "comments": "",
                "time": "2018/10/26 17:57:2.175902 GMT-4"
            }
        ]
    },
    "_content_type_rights": "text/plain",
    "_directly_provided": [],
    "_content_type_remoteUrl": "text/plain",
    "_classname": "ATLink",
    "_userdefined_roles": [],
    "_content_type": "text/plain",
    "_id": "netus-curae-massa-quam-taciti-at-lectus-tristique.",
    "remoteUrl": "Netus%20fusce%20nam%20lacus%20non%20est%20consectetuer.",
    "effectiveDate": "None",
    "language": "en",
    "rights": "Nulla porta eni nibh aenean vestibulum. Justo fames tempor at ligula sagittis malesuada mus consectetuer. Massa fusce lectus eros ullamcorper. Etiam neque sed non sem ad etiam massa proin purus sociis eget. Velit netus nascetur vestibulum magnis donec habitant nam aliquet cursus class. Dolor ipsum sociis non varius sociosqu cum. Porta vitae vel ante a odio purus. Dolor porta enim dui magna litora sociosqu. Fames vitae lobortis odio tortor libero convallis vitae ad. Magna neque erat convallis ac suspendisse nisl. Netus justo dictum et lectus sagittis nostra mattis. Lacus velit montes purus scelerisque. Risus fusce nonummy curabitur sociis placerat adipiscing conubia nisi maecenas consectetuer primis massa viverra pede porta ipsum cum. Ipsum lorem. Massa risus eni lorem.",
    "_content_type_description": "text/plain",
    "_owner": "admin",
    "_content_type_location": "text/plain",
    "_permissions": {
        "Modify portal content": {
            "acquire": false,
            "roles": [
                "Editor",
                "Manager",
                "Owner",
                "Site Administrator"
            ]
        },
        "Access contents information": {
            "acquire": false,
            "roles": [
                "Anonymous"
            ]
        },
        "View": {
            "acquire": false,
            "roles": [
                "Anonymous"
            ]
        }
    },
    "_properties": [
        [
            "title",
            "Netus curae massa quam taciti at lectus tristique.",
            "string"
        ]
    ],
    "allowDiscussion": false,
    "_gopip": 50,
    "creators": [
        "admin"
    ],
    "_path": "/Plone/about/lacus-purus-sit-augue-facilisis-ultricies-pede./justo-morbi-porta-suspendisse-sed-sapien-lobortis-malesuada-arcu./netus-curae-massa-quam-taciti-at-lectus-tristique."
}