{
    "contributors": [],
    "creation_date": "2018/10/26 17:57:2.576247 GMT-4",
    "_uid": "71e58763b24e4b82942ce690f3688db2",
    "expirationDate": "None",
    "_content_type_id": "text/plain",
    "id": "vitae-justo-metus-rutrum-ornare-nisi-sollicitudin-eu-risus-pellentesque.",
    "subject": [],
    "modification_date": "2018/10/26 17:57:2.618050 GMT-4",
    "title": "Vitae justo metus rutrum ornare nisi sollicitudin eu risus pellentesque.",
    "_ac_local_roles": {
        "admin": [
            "Owner"
        ]
    },
    "_content_type_language": "text/plain",
    "_defaultpage": "",
    "location": "Dolor porta felis etiam erat felis tincidunt iaculis dui.",
    "_content_type_title": "text/plain",
    "excludeFromNav": true,
    "_atbrefs": {},
    "_type": "Link",
    "description": "Vitae proin. Magna proin. Curae massa duis imperdiet dictumst elit cursus imperdiet elementum. Justo lacus sem enim nulla duis elementum. Velit magna nonummy nisi. Vitae dolor platea auctor non ve nonummy ut fames magnis viverra hymenaeos dictum. Fusce magna natoque rhoncus porttitor. Fames porta non erat convallis nullam eni maecenas ridiculus. Porta purus ante erat netus nam porta natoque aliquam commodo. Donec proin. Lorem fames dictum mattis in suscipit gravida quis pharetra. Felis fusce a. Porta morbi tempus habitant nisl. Metus class aliquet nascetur enim aliquam dapibus urna ut tortor platea. Neque purus lectus ad placerat vivamus natoque mauris erat ridiculus torquent luctus.",
    "_atrefs": {},
    "_layout": "link_redirect_view",
    "_workflow_history": {
        "simple_publication_workflow": [
            {
                "action": null,
                "review_state": "private",
                "actor": "admin",
                "comments": "",
                "time": "2018/10/26 17:57:2.579559 GMT-4"
            },
            {
                "action": "publish",
                "review_state": "published",
                "actor": "admin",
                "comments": "",
                "time": "2018/10/26 17:57:2.614643 GMT-4"
            }
        ]
    },
    "_content_type_rights": "text/plain",
    "_directly_provided": [],
    "_content_type_remoteUrl": "text/plain",
    "_classname": "ATLink",
    "_userdefined_roles": [],
    "_content_type": "text/plain",
    "_id": "vitae-justo-metus-rutrum-ornare-nisi-sollicitudin-eu-risus-pellentesque.",
    "remoteUrl": "Magna%20lacus%20sagittis%20penatibus%20inceptos%20enim%20id%20fringilla%20netus%20magna%20a.",
    "effectiveDate": "None",
    "language": "en",
    "rights": "Proin curae massa dolor augue cubilia viverra nascetur metus ad. Vitae morbi egestas elit praesent cum. Massa lorem habitasse maecenas nullam tellus duis. Ipsum etiam. Proin neque elit aliquet dolor justo est erat. Augue lacus a platea porta porttitor est nibh. Neque curae. Morbi fames cursus. Vitae porta. Magna porta a semper lacus eni fames nisi. Massa lacus hac diam quis enim dolor neque dapibus velit vestibulum erat. Dolor augue a montes tristique vestibulum vivamus amet non massa.",
    "_content_type_description": "text/plain",
    "_owner": "admin",
    "_content_type_location": "text/plain",
    "_permissions": {
        "Modify portal content": {
            "acquire": false,
            "roles": [
                "Editor",
                "Manager",
                "Owner",
                "Site Administrator"
            ]
        },
        "Access contents information": {
            "acquire": false,
            "roles": [
                "Anonymous"
            ]
        },
        "View": {
            "acquire": false,
            "roles": [
                "Anonymous"
            ]
        }
    },
    "_properties": [
        [
            "title",
            "Vitae justo metus rutrum ornare nisi sollicitudin eu risus pellentesque.",
            "string"
        ]
    ],
    "allowDiscussion": false,
    "_gopip": 53,
    "creators": [
        "admin"
    ],
    "_path": "/Plone/about/lacus-purus-sit-augue-facilisis-ultricies-pede./justo-morbi-porta-suspendisse-sed-sapien-lobortis-malesuada-arcu./vitae-justo-metus-rutrum-ornare-nisi-sollicitudin-eu-risus-pellentesque."
}