{
    "contributors": [],
    "creation_date": "2018/10/26 17:57:2.743733 GMT-4",
    "_uid": "5f4b20f8ab564639b5045cf528c209fe",
    "expirationDate": "None",
    "_content_type_id": "text/plain",
    "id": "etiam-nulla-nisl-fringilla-aptent-augue-fames.",
    "subject": [],
    "modification_date": "2018/10/26 17:57:2.788096 GMT-4",
    "title": "Etiam nulla nisl fringilla aptent augue fames.",
    "_ac_local_roles": {
        "admin": [
            "Owner"
        ]
    },
    "_content_type_language": "text/plain",
    "_defaultpage": "",
    "location": "Dolor nulla turpis eleifend quis dui netus dis pede erat purus.",
    "_content_type_title": "text/plain",
    "excludeFromNav": true,
    "_atbrefs": {},
    "_type": "Link",
    "description": "Proin ipsum etiam enim placerat senectus vivamus consectetuer ultricies ipsum interdum. Dolor magna duis primis elementum non tristique mollis in dictumst commodo donec non. Augue donec sociosqu et neque scelerisque. Morbi massa etiam fringilla pharetra rutrum vestibulum inceptos velit egestas semper montes. Etiam class cum odio quam blandit et sed. Dolor lacus velit. Magna curae bibendum pede nonummy ut varius cubilia id primis. Justo morbi cum per commodo ac etiam. Proin class. Morbi purus leo non id lacus purus mollis curae. Massa class. Metus lorem eni justo est ornare. Metus lorem mollis interdum quis montes. Nulla justo rutrum penatibus netus mus suscipit velit aliquam posuere. Metus velit dui volutpat viverra lorem eros hac et. Purus augue nullam dignissim ac velit vulputate.",
    "_atrefs": {},
    "_layout": "link_redirect_view",
    "_workflow_history": {
        "simple_publication_workflow": [
            {
                "action": null,
                "review_state": "private",
                "actor": "admin",
                "comments": "",
                "time": "2018/10/26 17:57:2.747266 GMT-4"
            },
            {
                "action": "publish",
                "review_state": "published",
                "actor": "admin",
                "comments": "",
                "time": "2018/10/26 17:57:2.783743 GMT-4"
            }
        ]
    },
    "_content_type_rights": "text/plain",
    "_directly_provided": [],
    "_content_type_remoteUrl": "text/plain",
    "_classname": "ATLink",
    "_userdefined_roles": [],
    "_content_type": "text/plain",
    "_id": "etiam-nulla-nisl-fringilla-aptent-augue-fames.",
    "remoteUrl": "Lacus%20velit%20eros%20convallis%20pede%20blandit.",
    "effectiveDate": "None",
    "language": "en",
    "rights": "Risus netus lobortis velit posuere dui. Augue netus quam mus luctus dui duis platea pretium at. Metus class arcu justo nibh laoreet. Felis metus orci arcu netus conubia blandit. Nulla morbi. Donec curae. Curae porta vivamus praesent lectus mauris. Felis dolor nec duis sagittis ad ullamcorper id ornare mollis ipsum. Ipsum neque nisi mi quam urna per pede parturient. Metus nulla donec vehicula nisl nonummy proin nibh a enim proin quam platea tempus accumsan fringilla ultrices proin. Massa augue curae congue sapien. Fames curae. Morbi lorem. Morbi purus tincidunt ve. Lacus vitae taciti ve metus suspendisse pulvinar.",
    "_content_type_description": "text/plain",
    "_owner": "admin",
    "_content_type_location": "text/plain",
    "_permissions": {
        "Modify portal content": {
            "acquire": false,
            "roles": [
                "Editor",
                "Manager",
                "Owner",
                "Site Administrator"
            ]
        },
        "Access contents information": {
            "acquire": false,
            "roles": [
                "Anonymous"
            ]
        },
        "View": {
            "acquire": false,
            "roles": [
                "Anonymous"
            ]
        }
    },
    "_properties": [
        [
            "title",
            "Etiam nulla nisl fringilla aptent augue fames.",
            "string"
        ]
    ],
    "allowDiscussion": false,
    "_gopip": 54,
    "creators": [
        "admin"
    ],
    "_path": "/Plone/about/lacus-purus-sit-augue-facilisis-ultricies-pede./justo-morbi-porta-suspendisse-sed-sapien-lobortis-malesuada-arcu./etiam-nulla-nisl-fringilla-aptent-augue-fames."
}