{
    "contributors": [],
    "creation_date": "2018/10/26 17:57:3.579561 GMT-4",
    "_uid": "8f5077da12f741e89d366bafe3a2192f",
    "expirationDate": "None",
    "_content_type_id": "text/plain",
    "id": "purus-metus-vel-porta-tempus-netus-mus.",
    "subject": [],
    "modification_date": "2018/10/26 17:57:3.624549 GMT-4",
    "title": "Purus metus vel porta tempus netus mus.",
    "_ac_local_roles": {
        "admin": [
            "Owner"
        ]
    },
    "_content_type_language": "text/plain",
    "_defaultpage": "",
    "location": "Vitae neque enim integer a.",
    "_content_type_title": "text/plain",
    "excludeFromNav": false,
    "_atbrefs": {},
    "_type": "Link",
    "description": "Neque vitae nascetur hendrerit tempor massa lectus. Porta etiam congue litora aliquam nisi facilisi non justo ornare dolor. Dolor vitae eleifend. Morbi class lorem ultricies pede. Curae risus. Ipsum morbi nec nulla. Justo risus velit sed velit enim venenatis placerat habitant. Purus donec lorem enim sit sollicitudin. Class dolor pulvinar elit feugiat et lacinia enim penatibus suscipit in mus tincidunt risus suscipit at. Velit massa mollis risus. Ipsum magna. Magna porta nonummy ad aenean. Fames curae neque lobortis. Risus fusce sem nunc orci ad urna aliquam. Lacus augue taciti enim eget. Fames porta est duis sit massa augue duis purus blandit proin ante purus venenatis. Lorem fames. Lacus felis mollis at mi elit nulla vitae. Lorem vitae. Proin porta pretium egestas aenean. Netus morbi volutpat at ullamcorper nunc. Metus justo dolor ipsum non erat. Nulla felis donec. Massa etiam gravida bibendum aliquet cubilia aenean ac potenti nunc pharetra.",
    "_atrefs": {},
    "_layout": "link_redirect_view",
    "_workflow_history": {
        "simple_publication_workflow": [
            {
                "action": null,
                "review_state": "private",
                "actor": "admin",
                "comments": "",
                "time": "2018/10/26 17:57:3.582551 GMT-4"
            },
            {
                "action": "publish",
                "review_state": "published",
                "actor": "admin",
                "comments": "",
                "time": "2018/10/26 17:57:3.620380 GMT-4"
            }
        ]
    },
    "_content_type_rights": "text/plain",
    "_directly_provided": [],
    "_content_type_remoteUrl": "text/plain",
    "_classname": "ATLink",
    "_userdefined_roles": [],
    "_content_type": "text/plain",
    "_id": "purus-metus-vel-porta-tempus-netus-mus.",
    "remoteUrl": "Risus%20etiam%20elit%20vulputate%20sollicitudin%20natoque%20dictumst%20curae%20elit%20cursus%20consequat.",
    "effectiveDate": "None",
    "language": "en",
    "rights": "Magna justo mus lorem eros eu sollicitudin mauris proin inceptos nunc mattis. Porta fames dictumst nec in ridiculus. Neque etiam rhoncus aliquam phasellus lectus taciti fames. Lorem morbi varius urna cras vestibulum id elit amet neque sapien consectetuer blandit. Justo magna turpis pellentesque nonummy felis cras metus viverra. Ipsum fusce. Nulla lorem. Class risus quam et nibh facilisis. Vitae ipsum.",
    "_content_type_description": "text/plain",
    "_owner": "admin",
    "_content_type_location": "text/plain",
    "_permissions": {
        "Modify portal content": {
            "acquire": false,
            "roles": [
                "Editor",
                "Manager",
                "Owner",
                "Site Administrator"
            ]
        },
        "Access contents information": {
            "acquire": false,
            "roles": [
                "Anonymous"
            ]
        },
        "View": {
            "acquire": false,
            "roles": [
                "Anonymous"
            ]
        }
    },
    "_properties": [
        [
            "title",
            "Purus metus vel porta tempus netus mus.",
            "string"
        ]
    ],
    "allowDiscussion": false,
    "_gopip": 59,
    "creators": [
        "admin"
    ],
    "_path": "/Plone/about/lacus-purus-sit-augue-facilisis-ultricies-pede./justo-morbi-porta-suspendisse-sed-sapien-lobortis-malesuada-arcu./purus-metus-vel-porta-tempus-netus-mus."
}