{
    "contributors": [],
    "_content_type_text": "text/html",
    "text": "<h1>Tanti autem aderant vesicae et torminum morbi, ut nihil ad eorum magnitudinem posset accedere.</h1>\n\n<p>Lorem ipsum dolor sit amet, consectetur adipiscing elit. Eam tum adesse, cum dolor omnis absit; Tum Piso: Quoniam igitur aliquid omnes, quid Lucius noster? Quis est tam dissimile homini. Ut id aliis narrare gestiant? Duo Reges: constructio interrete. <a href='http://loripsum.net/' target='_blank'>An potest cupiditas finiri?</a> </p>\n\n<ul>\n\t<li>Ex quo, id quod omnes expetunt, beate vivendi ratio inveniri et comparari potest.</li>\n\t<li>Et quidem Arcesilas tuus, etsi fuit in disserendo pertinacior, tamen noster fuit;</li>\n\t<li>Age nunc isti doceant, vel tu potius quis enim ista melius?</li>\n\t<li>Non est enim vitium in oratione solum, sed etiam in moribus.</li>\n\t<li>Idemne potest esse dies saepius, qui semel fuit?</li>\n\t<li>Tum Quintus: Est plane, Piso, ut dicis, inquit.</li>\n</ul>\n\n\n<p>Quae est igitur causa istarum angustiarum? Quae sequuntur igitur? Nihil sane. Cur post Tarentum ad Archytam? An eiusdem modi? </p>\n\n<h2>Quamquam id quidem, infinitum est in hac urbe;</h2>\n\n<p>Si qua in iis corrigere voluit, deteriora fecit. Utinam quidem dicerent alium alio beatiorem! Iam ruinas videres. Recte, inquit, intellegis. Hoc Hieronymus summum bonum esse dixit. Torquatus, is qui consul cum Cn. Ergo, inquit, tibi Q. </p>\n\n<ol>\n\t<li>Omnium enim rerum principia parva sunt, sed suis progressionibus usa augentur nec sine causa;</li>\n\t<li>Nulla profecto est, quin suam vim retineat a primo ad extremum.</li>\n\t<li>Quamquam te quidem video minime esse deterritum.</li>\n\t<li>Aut, Pylades cum sis, dices te esse Orestem, ut moriare pro amico?</li>\n</ol>\n\n\n<dl>\n\t<dt><dfn>Age sane, inquam.</dfn></dt>\n\t<dd>De maximma autem re eodem modo, divina mente atque natura mundum universum et eius maxima partis administrari.</dd>\n\t<dt><dfn>Falli igitur possumus.</dfn></dt>\n\t<dd>Mihi vero, inquit, placet agi subtilius et, ut ipse dixisti, pressius.</dd>\n\t<dt><dfn>Haec dicuntur inconstantissime.</dfn></dt>\n\t<dd>Minime vero istorum quidem, inquit.</dd>\n\t<dt><dfn>Quid enim?</dfn></dt>\n\t<dd>In quo etsi est magnus, tamen nova pleraque et perpauca de moribus.</dd>\n</dl>\n\n\n",
    "creation_date": "2018/10/26 17:57:6.573955 GMT-4",
    "imageCaption": "Lorem massa hac vestibulum purus urna natoque dapibus dictumst.",
    "expirationDate": "None",
    "_content_type_id": "text/plain",
    "id": "curae-metus-amet-nunc-praesent-adipiscing.",
    "subject": [],
    "modification_date": "2018/10/26 17:57:6.902595 GMT-4",
    "title": "Curae metus amet nunc praesent adipiscing.",
    "_ac_local_roles": {
        "admin": [
            "Owner"
        ]
    },
    "_content_type_language": "text/plain",
    "_defaultpage": "",
    "location": "Metus neque tempus sapien orci odio posuere mi.",
    "_content_type_title": "text/plain",
    "excludeFromNav": false,
    "_atbrefs": {},
    "_content_type_imageCaption": "text/plain",
    "_type": "News Item",
    "description": "Justo proin nostra id proin ultricies lobortis eget maecenas metus id. Magna neque porttitor magna duis mus justo conubia praesent lectus elit proin elit nonummy. Morbi class a aliquam auctor. Lacus netus taciti curabitur adipiscing mus. Lorem neque laoreet ut neque. Purus vitae cum pede eni amet sollicitudin adipiscing amet tempor et. Nulla morbi est varius. Fusce donec pretium. Donec dolor. Fusce felis lacus ornare. Ipsum magna netus. Augue velit nam amet eget dictumst nisi habitant a volutpat. Augue nulla commodo laoreet eros id diam. Magna nulla eget proin congue luctus nisl commodo mi auctor nisi tortor rhoncus ut natoque.",
    "_atrefs": {},
    "_layout": "newsitem_view",
    "_workflow_history": {
        "simple_publication_workflow": [
            {
                "action": null,
                "review_state": "private",
                "actor": "admin",
                "comments": "",
                "time": "2018/10/26 17:57:6.577668 GMT-4"
            },
            {
                "action": "publish",
                "review_state": "published",
                "actor": "admin",
                "comments": "",
                "time": "2018/10/26 17:57:6.898984 GMT-4"
            }
        ]
    },
    "_content_type_rights": "text/plain",
    "_directly_provided": [],
    "_classname": "ATNewsItem",
    "_userdefined_roles": [],
    "_content_type": "text/html",
    "_id": "curae-metus-amet-nunc-praesent-adipiscing.",
    "effectiveDate": "None",
    "language": "en",
    "rights": "Dolor curae class dui elit. Netus dolor cursus ridiculus ve suspendisse. Lacus risus quisque convallis. Proin velit ante lectus dictum leo pretium ligula. Curae morbi proin metus nec lorem arcu a. Ipsum morbi montes cursus sociosqu. Augue ipsum libero augue lacinia turpis metus blandit. Porta dolor metus lectus dictum inceptos fames. Curae risus imperdiet. Felis fusce nibh sapien. Vitae metus mollis class ut. Nulla lorem litora mi elementum ultricies elit cum porta dapibus. Vitae fames mus eros eget.",
    "_content_type_description": "text/plain",
    "_uid": "bd2302ba5f3044adbd413fbb1bad1cb8",
    "_owner": "admin",
    "_content_type_location": "text/plain",
    "_permissions": {
        "Modify portal content": {
            "acquire": false,
            "roles": [
                "Editor",
                "Manager",
                "Owner",
                "Site Administrator"
            ]
        },
        "Access contents information": {
            "acquire": false,
            "roles": [
                "Anonymous"
            ]
        },
        "View": {
            "acquire": false,
            "roles": [
                "Anonymous"
            ]
        }
    },
    "_properties": [
        [
            "title",
            "Curae metus amet nunc praesent adipiscing.",
            "string"
        ]
    ],
    "allowDiscussion": false,
    "_gopip": 65,
    "creators": [
        "admin"
    ],
    "_path": "/Plone/about/lacus-purus-sit-augue-facilisis-ultricies-pede./justo-morbi-porta-suspendisse-sed-sapien-lobortis-malesuada-arcu./curae-metus-amet-nunc-praesent-adipiscing."
}