{
    "contributors": [],
    "_content_type_text": "text/html",
    "text": "<h1>Potius inflammat, ut coercendi magis quam dedocendi esse videantur.</h1>\n\n<p>Lorem ipsum dolor sit amet, consectetur adipiscing elit. At multis malis affectus. Cur deinde Metrodori liberos commendas? Sed fac ista esse non inportuna; </p>\n\n<h3>Unum est sine dolore esse, alterum cum voluptate.</h3>\n\n<p>Facillimum id quidem est, inquam. Non potes, nisi retexueris illa. Ita prorsus, inquam; Cum id fugiunt, re eadem defendunt, quae Peripatetici, verba. Tollenda est atque extrahenda radicitus. Quantum Aristoxeni ingenium consumptum videmus in musicis? Sine ea igitur iucunde negat posse se vivere? Qua tu etiam inprudens utebare non numquam. </p>\n\n<ul>\n\t<li>Tu autem negas fortem esse quemquam posse, qui dolorem malum putet.</li>\n\t<li>Quis animo aequo videt eum, quem inpure ac flagitiose putet vivere?</li>\n\t<li>Eodem modo is enim tibi nemo dabit, quod, expetendum sit, id esse laudabile.</li>\n\t<li>Potius ergo illa dicantur: turpe esse, viri non esse debilitari dolore, frangi, succumbere.</li>\n</ul>\n\n\n<h2>Scio enim esse quosdam, qui quavis lingua philosophari possint;</h2>\n\n<p>Sed ad bona praeterita redeamus. Duo Reges: constructio interrete. An potest cupiditas finiri? Tubulo putas dicere? Si quae forte-possumus. Primum divisit ineleganter; </p>\n\n<dl>\n\t<dt><dfn>Reguli reiciendam;</dfn></dt>\n\t<dd>Sint ista Graecorum;</dd>\n\t<dt><dfn>Quid adiuvas?</dfn></dt>\n\t<dd>Idem etiam dolorem saepe perpetiuntur, ne, si id non faciant, incidant in maiorem.</dd>\n</dl>\n\n\n<ol>\n\t<li>Ita fit beatae vitae domina fortuna, quam Epicurus ait exiguam intervenire sapienti.</li>\n\t<li>Atque hoc loco similitudines eas, quibus illi uti solent, dissimillimas proferebas.</li>\n\t<li>Nec vero alia sunt quaerenda contra Carneadeam illam sententiam.</li>\n\t<li>Rem unam praeclarissimam omnium maximeque laudandam, penitus viderent, quonam gaudio complerentur, cum tantopere eius adumbrata opinione laetentur?</li>\n</ol>\n\n\n",
    "creation_date": "2018/10/26 17:57:7.089390 GMT-4",
    "imageCaption": "Dolor neque donec cras ad.",
    "expirationDate": "None",
    "_content_type_id": "text/plain",
    "id": "risus-lorem-nostra-condimentum-felis-habitasse-dis-cum-ut-interdum-platea.",
    "subject": [],
    "modification_date": "2018/10/26 17:57:7.422113 GMT-4",
    "title": "Risus lorem nostra condimentum felis habitasse dis cum ut interdum platea.",
    "_ac_local_roles": {
        "admin": [
            "Owner"
        ]
    },
    "_content_type_language": "text/plain",
    "_defaultpage": "",
    "location": "Felis curae taciti porttitor fusce imperdiet.",
    "_content_type_title": "text/plain",
    "excludeFromNav": false,
    "_atbrefs": {},
    "_content_type_imageCaption": "text/plain",
    "_type": "News Item",
    "description": "Metus lacus dis. Dolor etiam nam ante elit nam ante a eget parturient. Purus dolor a integer eu. Felis magna proin libero dictum. Class proin. Morbi neque. Magna nulla proin gravida posuere enim vestibulum ridiculus felis. Etiam velit condimentum elit mattis ac nam.",
    "_atrefs": {},
    "_layout": "newsitem_view",
    "_workflow_history": {
        "simple_publication_workflow": [
            {
                "action": null,
                "review_state": "private",
                "actor": "admin",
                "comments": "",
                "time": "2018/10/26 17:57:7.092790 GMT-4"
            },
            {
                "action": "publish",
                "review_state": "published",
                "actor": "admin",
                "comments": "",
                "time": "2018/10/26 17:57:7.417115 GMT-4"
            }
        ]
    },
    "_content_type_rights": "text/plain",
    "_directly_provided": [],
    "_classname": "ATNewsItem",
    "_userdefined_roles": [],
    "_content_type": "text/html",
    "_id": "risus-lorem-nostra-condimentum-felis-habitasse-dis-cum-ut-interdum-platea.",
    "effectiveDate": "None",
    "language": "en",
    "rights": "Massa risus purus montes maecenas nunc hac habitasse inceptos. Justo lacus class porta aliquet tellus rutrum cum enim metus. Purus porta curae risus senectus ve lectus molestie imperdiet ligula. Ipsum metus scelerisque ad varius. Curae etiam ornare morbi nibh sed tellus mi. Porta curae cum donec phasellus nisi nec ut quis scelerisque id tortor conubia elit consectetuer adipiscing pede. Dolor class urna hac magna aliquet aptent at eget. Ipsum curae neque urna ut class ut. Velit magna mauris congue duis quis adipiscing malesuada. Massa lacus quis sit. Dolor justo tellus curae. Fames morbi dictumst mus eros amet in velit. Metus nulla cum purus per metus purus vitae duis a odio. Fames justo nullam duis. Curae nulla.",
    "_content_type_description": "text/plain",
    "_uid": "195103c94ea947d18aef70689ba7289c",
    "_owner": "admin",
    "_content_type_location": "text/plain",
    "_permissions": {
        "Modify portal content": {
            "acquire": false,
            "roles": [
                "Editor",
                "Manager",
                "Owner",
                "Site Administrator"
            ]
        },
        "Access contents information": {
            "acquire": false,
            "roles": [
                "Anonymous"
            ]
        },
        "View": {
            "acquire": false,
            "roles": [
                "Anonymous"
            ]
        }
    },
    "_properties": [
        [
            "title",
            "Risus lorem nostra condimentum felis habitasse dis cum ut interdum platea.",
            "string"
        ]
    ],
    "allowDiscussion": false,
    "_gopip": 66,
    "creators": [
        "admin"
    ],
    "_path": "/Plone/about/lacus-purus-sit-augue-facilisis-ultricies-pede./justo-morbi-porta-suspendisse-sed-sapien-lobortis-malesuada-arcu./risus-lorem-nostra-condimentum-felis-habitasse-dis-cum-ut-interdum-platea."
}