{
    "contributors": [],
    "_content_type_text": "text/html",
    "text": "<h1>Hoc ille tuus non vult omnibusque ex rebus voluptatem quasi mercedem exigit.</h1>\n\n<p>Lorem ipsum dolor sit amet, consectetur adipiscing elit. <a href='http://loripsum.net/' target='_blank'>Gloriosa ostentatio in constituendo summo bono.</a> Duo Reges: constructio interrete. <a href='http://loripsum.net/' target='_blank'>Eaedem res maneant alio modo.</a> Istam voluptatem, inquit, Epicurus ignorat? Quonam, inquit, modo? Immo alio genere; Ut aliquid scire se gaudeant? </p>\n\n<ul>\n\t<li>Sed in rebus apertissimis nimium longi sumus.</li>\n\t<li>Non minor, inquit, voluptas percipitur ex vilissimis rebus quam ex pretiosissimis.</li>\n\t<li>Quid est enim aliud esse versutum?</li>\n\t<li>Itaque et manendi in vita et migrandi ratio omnis iis rebus, quas supra dixi, metienda.</li>\n</ul>\n\n\n<p>Ut optime, secundum naturam affectum esse possit. Suo genere perveniant ad extremum; Quis hoc dicit? Nam adhuc, meo fortasse vitio, quid ego quaeram non perspicis. </p>\n\n<dl>\n\t<dt><dfn>Immo videri fortasse.</dfn></dt>\n\t<dd>Nonne videmus quanta perturbatio rerum omnium consequatur, quanta confusio?</dd>\n\t<dt><dfn>Quid iudicant sensus?</dfn></dt>\n\t<dd>Hoc est non dividere, sed frangere.</dd>\n</dl>\n\n\n<ol>\n\t<li>Si ista mala sunt, in quae potest incidere sapiens, sapientem esse non esse ad beate vivendum satis.</li>\n\t<li>Ita similis erit ei finis boni, atque antea fuerat, neque idem tamen;</li>\n\t<li>Primum divisit ineleganter;</li>\n\t<li>Omnes enim iucundum motum, quo sensus hilaretur.</li>\n\t<li>Sed eum qui audiebant, quoad poterant, defendebant sententiam suam.</li>\n</ol>\n\n\n<p>Sed in rebus apertissimis nimium longi sumus. Itaque his sapiens semper vacabit. Conferam avum tuum Drusum cum C. Suo enim quisque studio maxime ducitur. </p>\n\n",
    "creation_date": "2018/10/26 17:57:7.593318 GMT-4",
    "imageCaption": "Felis vitae dui hac ac primis torquent scelerisque hac erat.",
    "expirationDate": "None",
    "_content_type_id": "text/plain",
    "id": "donec-curae-mattis-purus-ut-platea-fusce-scelerisque-eni-ad-eros-velit-augue-etiam.",
    "subject": [],
    "modification_date": "2018/10/26 17:57:7.930316 GMT-4",
    "title": "Donec curae mattis purus ut platea fusce scelerisque eni ad eros velit augue etiam.",
    "_ac_local_roles": {
        "admin": [
            "Owner"
        ]
    },
    "_content_type_language": "text/plain",
    "_defaultpage": "",
    "location": "Massa augue urna dapibus eu.",
    "_content_type_title": "text/plain",
    "excludeFromNav": true,
    "_atbrefs": {},
    "_content_type_imageCaption": "text/plain",
    "_type": "News Item",
    "description": "Velit donec platea nisl luctus faucibus. Lorem porta pulvinar parturient varius interdum. Nulla velit natoque. Felis lacus dictum luctus erat ullamcorper euismod. Risus vitae cras ornare ut cursus eni pede penatibus facilisi ac justo eu odio at pellentesque auctor. Porta massa. Neque felis blandit pharetra. Ipsum donec maecenas sem ipsum imperdiet parturient blandit sed rhoncus.",
    "_atrefs": {},
    "_layout": "newsitem_view",
    "_workflow_history": {
        "simple_publication_workflow": [
            {
                "action": null,
                "review_state": "private",
                "actor": "admin",
                "comments": "",
                "time": "2018/10/26 17:57:7.597422 GMT-4"
            },
            {
                "action": "publish",
                "review_state": "published",
                "actor": "admin",
                "comments": "",
                "time": "2018/10/26 17:57:7.926263 GMT-4"
            }
        ]
    },
    "_content_type_rights": "text/plain",
    "_directly_provided": [],
    "_classname": "ATNewsItem",
    "_userdefined_roles": [],
    "_content_type": "text/html",
    "_id": "donec-curae-mattis-purus-ut-platea-fusce-scelerisque-eni-ad-eros-velit-augue-etiam.",
    "effectiveDate": "None",
    "language": "en",
    "rights": "Class netus fusce luctus vestibulum fusce potenti at. Morbi porta eni urna nisi. Neque metus proin est. Dolor metus dis quis arcu habitant per ad ipsum eu pellentesque platea eu. Porta curae mauris varius erat quam parturient semper volutpat vestibulum. Class metus magnis etiam est turpis rhoncus blandit ante. Fames felis nibh laoreet ut odio suspendisse integer. Fusce fames pede dictumst aliquam lacus pede. Dolor lorem mollis dictumst maecenas eu mauris. Curae lorem mattis rutrum vivamus sit porttitor ligula. Netus massa. Magna nulla non lorem etiam tortor tempor dis. Neque fusce cras semper ut nisl. Massa fames tempus amet velit. Porta velit habitasse ornare lobortis neque egestas aptent curabitur laoreet diam habitasse ut. Fusce velit. Fusce lacus sed duis sed litora ut ac turpis sollicitudin ridiculus ornare. Magna risus penatibus nulla ut magna. Fusce metus a.",
    "_content_type_description": "text/plain",
    "_uid": "49035a82f71244108b7a9b7bc9a45b9c",
    "_owner": "admin",
    "_content_type_location": "text/plain",
    "_permissions": {
        "Modify portal content": {
            "acquire": false,
            "roles": [
                "Editor",
                "Manager",
                "Owner",
                "Site Administrator"
            ]
        },
        "Access contents information": {
            "acquire": false,
            "roles": [
                "Anonymous"
            ]
        },
        "View": {
            "acquire": false,
            "roles": [
                "Anonymous"
            ]
        }
    },
    "_properties": [
        [
            "title",
            "Donec curae mattis purus ut platea fusce scelerisque eni ad eros velit augue etiam.",
            "string"
        ]
    ],
    "allowDiscussion": false,
    "_gopip": 67,
    "creators": [
        "admin"
    ],
    "_path": "/Plone/about/lacus-purus-sit-augue-facilisis-ultricies-pede./justo-morbi-porta-suspendisse-sed-sapien-lobortis-malesuada-arcu./donec-curae-mattis-purus-ut-platea-fusce-scelerisque-eni-ad-eros-velit-augue-etiam."
}