{
    "tableContents": false,
    "_content_type_text": "text/html",
    "text": "<h1>Quid de Platone aut de Democrito loquar?</h1>\n\n<p>Lorem ipsum dolor sit amet, consectetur adipiscing elit. Quibus ego vehementer assentior. Ratio quidem vestra sic cogit. Duo Reges: constructio interrete. Quis est tam dissimile homini. </p>\n\n<ul>\n\t<li>Et quidem, Cato, hanc totam copiam iam Lucullo nostro notam esse oportebit;</li>\n\t<li>Aliis esse maiora, illud dubium, ad id, quod summum bonum dicitis, ecquaenam possit fieri accessio.</li>\n\t<li>Praetereo multos, in bis doctum hominem et suavem, Hieronymum, quem iam cur Peripateticum appellem nescio.</li>\n\t<li>Quamquam ab iis philosophiam et omnes ingenuas disciplinas habemus;</li>\n</ul>\n\n\n<p>Quae similitudo in genere etiam humano apparet. Dici enim nihil potest verius. Cave putes quicquam esse verius. <a href='http://loripsum.net/' target='_blank'>Si quae forte-possumus.</a> </p>\n\n<ol>\n\t<li>Stuprata per vim Lucretia a regis filio testata civis se ipsa interemit.</li>\n\t<li>Ego quoque, inquit, didicerim libentius si quid attuleris, quam te reprehenderim.</li>\n</ol>\n\n\n<dl>\n\t<dt><dfn>Quid iudicant sensus?</dfn></dt>\n\t<dd>Nam si beatus umquam fuisset, beatam vitam usque ad illum a Cyro extructum rogum pertulisset.</dd>\n\t<dt><dfn>Non semper, inquam;</dfn></dt>\n\t<dd>Amicitiam autem adhibendam esse censent, quia sit ex eo genere, quae prosunt.</dd>\n\t<dt><dfn>Quis enim redargueret?</dfn></dt>\n\t<dd>Collatio igitur ista te nihil iuvat.</dd>\n\t<dt><dfn>Quid ergo?</dfn></dt>\n\t<dd>Hic quoque suus est de summoque bono dissentiens dici vere Peripateticus non potest.</dd>\n\t<dt><dfn>Nihilo magis.</dfn></dt>\n\t<dd>Videmus igitur ut conquiescere ne infantes quidem possint.</dd>\n</dl>\n\n\n<p>Mihi, inquam, qui te id ipsum rogavi? Nos cum te, M. Sin aliud quid voles, postea. Immo alio genere; <a href='http://loripsum.net/' target='_blank'>Equidem e Cn.</a> Si quicquam extra virtutem habeatur in bonis. </p>\n\n",
    "creation_date": "2018/10/26 17:57:9.938732 GMT-4",
    "_uid": "d2387c92c540469380836f842ef75468",
    "expirationDate": "None",
    "_content_type_id": "text/plain",
    "query": [],
    "_atbrefs": {},
    "id": "class-dolor-mollis-mauris.",
    "subject": [],
    "_content_type_sort_on": "text/plain",
    "contributors": [],
    "effectiveDate": "None",
    "title": "Class dolor mollis mauris.",
    "_ac_local_roles": {
        "admin": [
            "Owner"
        ]
    },
    "sort_on": "Augue risus sociis torquent elementum felis a dapibus ve.",
    "_content_type_language": "text/plain",
    "_defaultpage": "",
    "location": "Fusce magna lectus vestibulum morbi orci.",
    "_content_type_title": "text/plain",
    "excludeFromNav": false,
    "presentation": false,
    "_type": "Collection",
    "description": "Magna lorem. Lacus augue aptent ultricies adipiscing odio curae sed eleifend feugiat ornare pede feugiat nibh ad. Justo fames mattis. Felis proin enim taciti eu montes eu cum. Velit morbi magna orci mi. Justo proin. Nulla proin conubia sagittis purus diam vitae. Lacus ipsum etiam tellus senectus facilisis ut tempor consequat fames. Ipsum dolor quisque gravida penatibus nisi. Nulla metus cras nascetur cum. Justo morbi felis pulvinar augue id proin ultrices sit nunc imperdiet. Netus felis sed erat vitae ultrices purus. Porta fames iaculis eget habitant vel metus nec quam. Fames class amet velit posuere amet orci euismod vulputate vel velit aliquet sodales odio. Felis purus nam. Fames felis congue et ac nec quis duis vestibulum.",
    "_atrefs": {},
    "_layout": "standard_view",
    "_workflow_history": {
        "simple_publication_workflow": [
            {
                "action": null,
                "review_state": "private",
                "actor": "admin",
                "comments": "",
                "time": "2018/10/26 17:57:9.943234 GMT-4"
            },
            {
                "action": "publish",
                "review_state": "published",
                "actor": "admin",
                "comments": "",
                "time": "2018/10/26 17:57:10.549882 GMT-4"
            }
        ]
    },
    "_content_type_rights": "text/plain",
    "_directly_provided": [],
    "_classname": "Collection",
    "sort_reversed": false,
    "banner": "<h1>Cum ageremus, inquit, vitae beatum et eundem supremum diem, scribebamus haec.</h1>\n\n<p>Lorem ipsum dolor sit amet, consectetur adipiscing elit. Utilitatis causa amicitia est quaesita. Tollitur beneficium, tollitur gratia, quae sunt vincla concordiae. <a href='http://loripsum.net/' target='_blank'>Quis istud possit, inquit, negare?</a> Quaerimus enim finem bonorum. Negat esse eam, inquit, propter se expetendam. Duo Reges: constructio interrete. </p>\n\n<p>Magna laus. Odium autem et invidiam facile vitabis. <a href='http://loripsum.net/' target='_blank'>Nec vero alia sunt quaerenda contra Carneadeam illam sententiam.</a> Idem iste, inquam, de voluptate quid sentit? Nam quid possumus facere melius? Nescio quo modo praetervolavit oratio. </p>\n\n<p>Occultum facinus esse potuerit, gaudebit; Sed hoc sane concedamus. Perge porro; Sint modo partes vitae beatae. Si quidem, inquit, tollerem, sed relinquo. </p>\n\n<dl>\n\t<dt><dfn>Facete M.</dfn></dt>\n\t<dd>Quamquam tu hanc copiosiorem etiam soles dicere.</dd>\n\t<dt><dfn>Quo modo?</dfn></dt>\n\t<dd>Sapientem locupletat ipsa natura, cuius divitias Epicurus parabiles esse docuit.</dd>\n\t<dt><dfn>Sed fortuna fortis;</dfn></dt>\n\t<dd>Sin eam, quam Hieronymus, ne fecisset idem, ut voluptatem illam Aristippi in prima commendatione poneret.</dd>\n</dl>\n\n\n<ol>\n\t<li>Minime vero, inquit ille, consentit.</li>\n\t<li>Nam ista vestra: Si gravis, brevis;</li>\n\t<li>Res tota, Torquate, non doctorum hominum, velle post mortem epulis celebrari memoriam sui nominis.</li>\n</ol>\n\n\n<ul>\n\t<li>Ut placet, inquit, etsi enim illud erat aptius, aequum cuique concedere.</li>\n\t<li>Expressa vero in iis aetatibus, quae iam confirmatae sunt.</li>\n\t<li>Multa sunt dicta ab antiquis de contemnendis ac despiciendis rebus humanis;</li>\n\t<li>Quantum Aristoxeni ingenium consumptum videmus in musicis?</li>\n\t<li>Quantum Aristoxeni ingenium consumptum videmus in musicis?</li>\n\t<li>Qui autem diffidet perpetuitati bonorum suorum, timeat necesse est, ne aliquando amissis illis sit miser.</li>\n</ul>\n\n\n",
    "_userdefined_roles": [],
    "modification_date": "2018/10/26 17:57:10.554662 GMT-4",
    "_content_type": "text/html",
    "_id": "class-dolor-mollis-mauris.",
    "language": "en",
    "_content_type_banner": "text/html",
    "rights": "Neque donec tellus vulputate felis imperdiet. Fusce lorem inceptos vestibulum aptent non in mollis leo egestas hac. Netus neque. Ipsum lorem. Purus neque ipsum elit nunc porta odio accumsan. Purus etiam fringilla maecenas turpis mattis faucibus sagittis ad. Class metus dolor. Fames nulla platea semper pharetra orci ante dignissim. Porta dolor lorem euismod. Risus class torquent ad ullamcorper orci ornare. Etiam purus. Etiam dolor amet semper cum mi sollicitudin euismod. Ipsum magna. Class neque duis fringilla torquent id magna ac.",
    "b_size": 30,
    "customViewFields": [
        "Title",
        "Creator",
        "Type",
        "ModificationDate"
    ],
    "_content_type_description": "text/plain",
    "_owner": "admin",
    "_content_type_location": "text/plain",
    "limit": 1000,
    "_permissions": {
        "Change portal events": {
            "acquire": false,
            "roles": [
                "Editor",
                "Manager",
                "Owner",
                "Site Administrator"
            ]
        },
        "Modify portal content": {
            "acquire": false,
            "roles": [
                "Editor",
                "Manager",
                "Owner",
                "Site Administrator"
            ]
        },
        "Access contents information": {
            "acquire": false,
            "roles": [
                "Anonymous"
            ]
        },
        "View": {
            "acquire": false,
            "roles": [
                "Anonymous"
            ]
        }
    },
    "_properties": [
        [
            "title",
            "Class dolor mollis mauris.",
            "string"
        ]
    ],
    "allowDiscussion": false,
    "_gopip": 71,
    "creators": [
        "admin"
    ],
    "_path": "/Plone/about/lacus-purus-sit-augue-facilisis-ultricies-pede./justo-morbi-porta-suspendisse-sed-sapien-lobortis-malesuada-arcu./class-dolor-mollis-mauris."
}