{
    "tableContents": false,
    "_content_type_text": "text/html",
    "text": "<h1>Parvi enim primo ortu sic iacent, tamquam omnino sine animo sint.</h1>\n\n<p>Lorem ipsum dolor sit amet, consectetur adipiscing elit. Id est enim, de quo quaerimus. Comprehensum, quod cognitum non habet? Duo Reges: constructio interrete. </p>\n\n<ol>\n\t<li>Sed non alienum est, quo facilius vis verbi intellegatur, rationem huius verbi faciendi Zenonis exponere.</li>\n\t<li>Dic in quovis conventu te omnia facere, ne doleas.</li>\n\t<li>Illa tamen simplicia, vestra versuta.</li>\n\t<li>Atqui perspicuum est hominem e corpore animoque constare, cum primae sint animi partes, secundae corporis.</li>\n</ol>\n\n\n<dl>\n\t<dt><dfn>Si longus, levis.</dfn></dt>\n\t<dd>Ipse Epicurus fortasse redderet, ut Sextus Peducaeus, Sex.</dd>\n\t<dt><dfn>Tria genera bonorum;</dfn></dt>\n\t<dd>Quam illa ardentis amores excitaret sui! Cur tandem?</dd>\n\t<dt><dfn>Ut pulsi recurrant?</dfn></dt>\n\t<dd>At iam decimum annum in spelunca iacet.</dd>\n</dl>\n\n\n<ul>\n\t<li>Idemne potest esse dies saepius, qui semel fuit?</li>\n\t<li>Gracchum patrem non beatiorem fuisse quam fillum, cum alter stabilire rem publicam studuerit, alter evertere.</li>\n\t<li>Eam tum adesse, cum dolor omnis absit;</li>\n\t<li>Se dicere inter honestum et turpe nimium quantum, nescio quid inmensum, inter ceteras res nihil omnino interesse.</li>\n\t<li>Duo enim genera quae erant, fecit tria.</li>\n\t<li>Est autem officium, quod ita factum est, ut eius facti probabilis ratio reddi possit.</li>\n</ul>\n\n\n<h2>Nunc omni virtuti vitium contrario nomine opponitur.</h2>\n\n<p>Nam ista vestra: Si gravis, brevis; Poterat autem inpune; <a href='http://loripsum.net/' target='_blank'>Dat enim intervalla et relaxat.</a> </p>\n\n<p>Occultum facinus esse potuerit, gaudebit; Qui-vere falsone, quaerere mittimus-dicitur oculis se privasse; Non est igitur voluptas bonum. Teneo, inquit, finem illi videri nihil dolere. </p>\n\n",
    "creation_date": "2018/10/26 17:57:13.119680 GMT-4",
    "_uid": "1d59b4f38e49408c8228c42b6d71add1",
    "expirationDate": "None",
    "_content_type_id": "text/plain",
    "query": [],
    "_atbrefs": {},
    "id": "donec-purus-nibh-enim-viverra.",
    "subject": [],
    "_content_type_sort_on": "text/plain",
    "contributors": [],
    "effectiveDate": "None",
    "title": "Donec purus nibh enim viverra.",
    "_ac_local_roles": {
        "admin": [
            "Owner"
        ]
    },
    "sort_on": "Lacus felis rutrum ullamcorper risus aenean scelerisque curae luctus.",
    "_content_type_language": "text/plain",
    "_defaultpage": "",
    "location": "Porta curae nisl ornare.",
    "_content_type_title": "text/plain",
    "excludeFromNav": true,
    "presentation": false,
    "_type": "Collection",
    "description": "Fusce vitae. Neque dolor hac duis molestie taciti nullam odio mi pellentesque nullam mi ut. Lacus magna ante elit ridiculus in ornare molestie enim. Fames proin varius id semper id tempus. Purus dolor suscipit. Dolor lacus urna potenti commodo ligula eros feugiat in massa hendrerit sit elementum. Augue lorem luctus dolor condimentum quis ornare id per ut metus nec fames vestibulum condimentum. Metus risus. Proin etiam sociosqu ridiculus in ullamcorper orci quis nonummy laoreet urna cras class tincidunt urna. Lorem nulla aptent orci integer eu et eget torquent at. Morbi etiam. Fusce velit sagittis curae at pellentesque.",
    "_atrefs": {},
    "_layout": "standard_view",
    "_workflow_history": {
        "simple_publication_workflow": [
            {
                "action": null,
                "review_state": "private",
                "actor": "admin",
                "comments": "",
                "time": "2018/10/26 17:57:13.125515 GMT-4"
            },
            {
                "action": "publish",
                "review_state": "published",
                "actor": "admin",
                "comments": "",
                "time": "2018/10/26 17:57:13.880221 GMT-4"
            }
        ]
    },
    "_content_type_rights": "text/plain",
    "_directly_provided": [],
    "_classname": "Collection",
    "sort_reversed": true,
    "banner": "<h1>Tubulo putas dicere?</h1>\n\n<p>Lorem ipsum dolor sit amet, consectetur adipiscing elit. Efficiens dici potest. Nos commodius agimus. Solum praeterea formosum, solum liberum, solum civem, stultost; Nihilo beatiorem esse Metellum quam Regulum. <a href='http://loripsum.net/' target='_blank'>Duo Reges: constructio interrete.</a> </p>\n\n<p>ALIO MODO. Peccata paria. Qui est in parvis malis. Vide, quaeso, rectumne sit. Maximus dolor, inquit, brevis est. </p>\n\n<p>Deinde dolorem quem maximum? Sed plane dicit quod intellegit. Sed erat aequius Triarium aliquid de dissensione nostra iudicare. <a href='http://loripsum.net/' target='_blank'>Sed quid sentiat, non videtis.</a> </p>\n\n<dl>\n\t<dt><dfn>Ut pulsi recurrant?</dfn></dt>\n\t<dd>Quod dicit Epicurus etiam de voluptate, quae minime sint voluptates, eas obscurari saepe et obrui.</dd>\n\t<dt><dfn>Quis enim redargueret?</dfn></dt>\n\t<dd>Fatebuntur Stoici haec omnia dicta esse praeclare, neque eam causam Zenoni desciscendi fuisse.</dd>\n\t<dt><dfn>Venit ad extremum;</dfn></dt>\n\t<dd>Nisi autem rerum natura perspecta erit, nullo modo poterimus sensuum iudicia defendere.</dd>\n\t<dt><dfn>Sed nimis multa.</dfn></dt>\n\t<dd>Si est nihil nisi corpus, summa erunt illa: valitudo, vacuitas doloris, pulchritudo, cetera.</dd>\n\t<dt><dfn>Tenent mordicus.</dfn></dt>\n\t<dd>Omnium enim rerum principia parva sunt, sed suis progressionibus usa augentur nec sine causa;</dd>\n\t<dt><dfn>Quid enim?</dfn></dt>\n\t<dd>In qua si nihil est praeter rationem, sit in una virtute finis bonorum;</dd>\n</dl>\n\n\n<ul>\n\t<li>Saepe ab Aristotele, a Theophrasto mirabiliter est laudata per se ipsa rerum scientia;</li>\n\t<li>Piso, familiaris noster, et alia multa et hoc loco Stoicos irridebat: Quid enim?</li>\n\t<li>Quae iam oratio non a philosopho aliquo, sed a censore opprimenda est.</li>\n\t<li>Tollitur beneficium, tollitur gratia, quae sunt vincla concordiae.</li>\n</ul>\n\n\n<ol>\n\t<li>Cur post Tarentum ad Archytam?</li>\n\t<li>Tamen aberramus a proposito, et, ne longius, prorsus, inquam, Piso, si ista mala sunt, placet.</li>\n</ol>\n\n\n",
    "_userdefined_roles": [],
    "modification_date": "2018/10/26 17:57:13.884264 GMT-4",
    "_content_type": "text/html",
    "_id": "donec-purus-nibh-enim-viverra.",
    "language": "en",
    "_content_type_banner": "text/html",
    "rights": "Class morbi sem hymenaeos ante ullamcorper. Velit neque natoque faucibus mattis nonummy commodo enim. Metus risus suspendisse nibh. Donec justo mauris rutrum fames lobortis vestibulum semper donec laoreet mattis non. Class fusce dapibus dictum nulla urna aenean non sit in libero luctus class. Lacus augue eleifend tincidunt consectetuer parturient enim velit. Porta fames euismod ipsum. Massa vitae. Vitae fusce magnis libero magna orci cum pede ad quam metus. Massa etiam leo placerat lacus a mattis cras. Magna donec porta aptent. Magna purus.",
    "b_size": 30,
    "customViewFields": [
        "Title",
        "Creator",
        "Type",
        "ModificationDate"
    ],
    "_content_type_description": "text/plain",
    "_owner": "admin",
    "_content_type_location": "text/plain",
    "limit": 1000,
    "_permissions": {
        "Change portal events": {
            "acquire": false,
            "roles": [
                "Editor",
                "Manager",
                "Owner",
                "Site Administrator"
            ]
        },
        "Modify portal content": {
            "acquire": false,
            "roles": [
                "Editor",
                "Manager",
                "Owner",
                "Site Administrator"
            ]
        },
        "Access contents information": {
            "acquire": false,
            "roles": [
                "Anonymous"
            ]
        },
        "View": {
            "acquire": false,
            "roles": [
                "Anonymous"
            ]
        }
    },
    "_properties": [
        [
            "title",
            "Donec purus nibh enim viverra.",
            "string"
        ]
    ],
    "allowDiscussion": false,
    "_gopip": 75,
    "creators": [
        "admin"
    ],
    "_path": "/Plone/about/lacus-purus-sit-augue-facilisis-ultricies-pede./justo-morbi-porta-suspendisse-sed-sapien-lobortis-malesuada-arcu./donec-purus-nibh-enim-viverra."
}