{
    "tableContents": false,
    "_content_type_text": "text/html",
    "text": "<h1>At enim hic etiam dolore.</h1>\n\n<p>Lorem ipsum dolor sit amet, consectetur adipiscing elit. Quid est igitur, inquit, quod requiras? Duo Reges: constructio interrete. Animi enim quoque dolores percipiet omnibus partibus maiores quam corporis. Audeo dicere, inquit. <a href='http://loripsum.net/' target='_blank'>Restatis igitur vos;</a> Satis est ad hoc responsum. Quae sequuntur igitur? </p>\n\n<ul>\n\t<li>Sed tamen enitar et, si minus multa mihi occurrent, non fugiam ista popularia.</li>\n\t<li>Pugnant Stoici cum Peripateticis.</li>\n\t<li>Mihi, inquam, qui te id ipsum rogavi?</li>\n\t<li>Tum Torquatus: Prorsus, inquit, assentior;</li>\n\t<li>Hoc uno captus Erillus scientiam summum bonum esse defendit nec rem ullam aliam per se expetendam.</li>\n</ul>\n\n\n<dl>\n\t<dt><dfn>Ita credo.</dfn></dt>\n\t<dd>Hanc ergo intuens debet institutum illud quasi signum absolvere.</dd>\n\t<dt><dfn>Quis hoc dicit?</dfn></dt>\n\t<dd>Illud urgueam, non intellegere eum quid sibi dicendum sit, cum dolorem summum malum esse dixerit.</dd>\n\t<dt><dfn>Numquam facies.</dfn></dt>\n\t<dd>Ut nemo dubitet, eorum omnia officia quo spectare, quid sequi, quid fugere debeant?</dd>\n\t<dt><dfn>Negare non possum.</dfn></dt>\n\t<dd>Sapientem locupletat ipsa natura, cuius divitias Epicurus parabiles esse docuit.</dd>\n\t<dt><dfn>Sullae consulatum?</dfn></dt>\n\t<dd>Tu enim ista lenius, hic Stoicorum more nos vexat.</dd>\n</dl>\n\n\n<ol>\n\t<li>Laelius clamores sof\u00f2w ille so lebat Edere compellans gumias ex ordine nostros.</li>\n\t<li>Mihi, inquam, qui te id ipsum rogavi?</li>\n\t<li>Si enim Zenoni licuit, cum rem aliquam invenisset inusitatam, inauditum quoque ei rei nomen inponere, cur non liceat Catoni?</li>\n</ol>\n\n\n<h2>Virtutibus igitur rectissime mihi videris et ad consuetudinem nostrae orationis vitia posuisse contraria.</h2>\n\n<p>Tubulo putas dicere? <a href='http://loripsum.net/' target='_blank'>Poterat autem inpune;</a> Idemne, quod iucunde? </p>\n\n<p>Itaque fecimus. Cyrenaici quidem non recusant; Erat enim res aperta. Quo modo autem philosophus loquitur? Quis istud, quaeso, nesciebat? Gloriosa ostentatio in constituendo summo bono. Cur, nisi quod turpis oratio est? Quid ergo attinet gloriose loqui, nisi constanter loquare? </p>\n\n",
    "creation_date": "2018/10/26 17:57:14.065387 GMT-4",
    "_uid": "9b7cdaa991464dac880e31a833cd356a",
    "expirationDate": "None",
    "_content_type_id": "text/plain",
    "query": [],
    "_atbrefs": {},
    "id": "ipsum-risus-rutrum-risus-interdum.",
    "subject": [],
    "_content_type_sort_on": "text/plain",
    "contributors": [],
    "effectiveDate": "None",
    "title": "Ipsum risus rutrum risus interdum.",
    "_ac_local_roles": {
        "admin": [
            "Owner"
        ]
    },
    "sort_on": "Augue lacus a luctus ante.",
    "_content_type_language": "text/plain",
    "_defaultpage": "",
    "location": "Porta curae hac.",
    "_content_type_title": "text/plain",
    "excludeFromNav": true,
    "presentation": true,
    "_type": "Collection",
    "description": "Donec ipsum massa tempor fringilla ve mauris non. Vitae donec euismod platea neque inceptos parturient. Etiam ipsum a eget vestibulum luctus. Class massa sociis volutpat consequat. Donec class facilisi ipsum eros arcu. Fames etiam. Lacus purus pede cum etiam facilisis lobortis in vitae sagittis porta. Porta magna cubilia fringilla nisi dapibus proin. Curae fames sociis aptent felis ac. Porta dolor. Morbi dolor pretium duis accumsan proin. Proin vitae tempus. Felis porta condimentum orci magnis placerat aliquet commodo tellus augue condimentum duis. Justo class ullamcorper torquent.",
    "_atrefs": {},
    "_layout": "standard_view",
    "_workflow_history": {
        "simple_publication_workflow": [
            {
                "action": null,
                "review_state": "private",
                "actor": "admin",
                "comments": "",
                "time": "2018/10/26 17:57:14.070121 GMT-4"
            },
            {
                "action": "publish",
                "review_state": "published",
                "actor": "admin",
                "comments": "",
                "time": "2018/10/26 17:57:14.683378 GMT-4"
            }
        ]
    },
    "_content_type_rights": "text/plain",
    "_directly_provided": [],
    "_classname": "Collection",
    "sort_reversed": false,
    "banner": "<h1>Quis non odit sordidos, vanos, leves, futtiles?</h1>\n\n<p>Lorem ipsum dolor sit amet, consectetur adipiscing elit. Confecta res esset. <a href='http://loripsum.net/' target='_blank'>Moriatur, inquit.</a> Quae cum dixisset, finem ille. <a href='http://loripsum.net/' target='_blank'>Duo Reges: constructio interrete.</a> </p>\n\n<ul>\n\t<li>Qualis ista philosophia est, quae non interitum afferat pravitatis, sed sit contenta mediocritate vitiorum?</li>\n\t<li>Atque ab his initiis profecti omnium virtutum et originem et progressionem persecuti sunt.</li>\n\t<li>Sin kakan malitiam dixisses, ad aliud nos unum certum vitium consuetudo Latina traduceret.</li>\n\t<li>Quippe: habes enim a rhetoribus;</li>\n</ul>\n\n\n<ol>\n\t<li>Quod dicit Epicurus etiam de voluptate, quae minime sint voluptates, eas obscurari saepe et obrui.</li>\n\t<li>Hi curatione adhibita levantur in dies, valet alter plus cotidie, alter videt.</li>\n\t<li>Illa sunt similia: hebes acies est cuipiam oculorum, corpore alius senescit;</li>\n\t<li>Nosti, credo, illud: Nemo pius est, qui pietatem-;</li>\n</ol>\n\n\n<h2>Tum Piso: Quoniam igitur aliquid omnes, quid Lucius noster?</h2>\n\n<p><a href='http://loripsum.net/' target='_blank'>Ita prorsus, inquam;</a> Apud ceteros autem philosophos, qui quaesivit aliquid, tacet; Iubet igitur nos Pythius Apollo noscere nosmet ipsos. Quae duo sunt, unum facit. Si enim ad populum me vocas, eum. </p>\n\n<dl>\n\t<dt><dfn>Ille incendat?</dfn></dt>\n\t<dd>Audio equidem philosophi vocem, Epicure, sed quid tibi dicendum sit oblitus es.</dd>\n\t<dt><dfn>Quid ergo?</dfn></dt>\n\t<dd>Tu autem negas fortem esse quemquam posse, qui dolorem malum putet.</dd>\n\t<dt><dfn>Quare conare, quaeso.</dfn></dt>\n\t<dd>Nosti, credo, illud: Nemo pius est, qui pietatem-;</dd>\n\t<dt><dfn>In schola desinis.</dfn></dt>\n\t<dd>Nondum autem explanatum satis, erat, quid maxime natura vellet.</dd>\n</dl>\n\n\n<h3>Hic nihil fuit, quod quaereremus.</h3>\n\n<p>Quae cum essent dicta, discessimus. Omnia contraria, quos etiam insanos esse vultis. Frater et T. Istam voluptatem perpetuam quis potest praestare sapienti? Quid de Pythagora? Ita credo. </p>\n\n",
    "_userdefined_roles": [],
    "modification_date": "2018/10/26 17:57:14.687576 GMT-4",
    "_content_type": "text/html",
    "_id": "ipsum-risus-rutrum-risus-interdum.",
    "language": "en",
    "_content_type_banner": "text/html",
    "rights": "Proin netus rutrum lobortis nisi nostra venenatis inceptos. Donec porta imperdiet faucibus risus diam ut. Felis fusce velit suscipit in est semper integer hac adipiscing vitae quisque. Curae lacus quam lacinia. Donec porta. Risus nulla. Porta nulla. Netus metus erat morbi vivamus magnis ve maecenas. Massa donec. Purus lorem fringilla sed sodales eu mollis nunc enim curae suscipit ve. Lacus dolor. Augue lorem suscipit nam at metus in.",
    "b_size": 30,
    "customViewFields": [
        "Title",
        "Creator",
        "Type",
        "ModificationDate"
    ],
    "_content_type_description": "text/plain",
    "_owner": "admin",
    "_content_type_location": "text/plain",
    "limit": 1000,
    "_permissions": {
        "Change portal events": {
            "acquire": false,
            "roles": [
                "Editor",
                "Manager",
                "Owner",
                "Site Administrator"
            ]
        },
        "Modify portal content": {
            "acquire": false,
            "roles": [
                "Editor",
                "Manager",
                "Owner",
                "Site Administrator"
            ]
        },
        "Access contents information": {
            "acquire": false,
            "roles": [
                "Anonymous"
            ]
        },
        "View": {
            "acquire": false,
            "roles": [
                "Anonymous"
            ]
        }
    },
    "_properties": [
        [
            "title",
            "Ipsum risus rutrum risus interdum.",
            "string"
        ]
    ],
    "allowDiscussion": false,
    "_gopip": 76,
    "creators": [
        "admin"
    ],
    "_path": "/Plone/about/lacus-purus-sit-augue-facilisis-ultricies-pede./justo-morbi-porta-suspendisse-sed-sapien-lobortis-malesuada-arcu./ipsum-risus-rutrum-risus-interdum."
}