{
    "tableContents": true,
    "_content_type_text": "text/html",
    "text": "<h1>Nulla profecto est, quin suam vim retineat a primo ad extremum.</h1>\n\n<p>Lorem ipsum dolor sit amet, consectetur adipiscing elit. Equidem etiam Epicurum, in physicis quidem, Democriteum puto. Non potes, nisi retexueris illa. Duo Reges: constructio interrete. Quam si explicavisset, non tam haesitaret. Sed nimis multa. <a href='http://loripsum.net/' target='_blank'>Restinguet citius, si ardentem acceperit.</a> </p>\n\n<ol>\n\t<li>Quid enim possumus hoc agere divinius?</li>\n\t<li>Atque haec coniunctio confusioque virtutum tamen a philosophis ratione quadam distinguitur.</li>\n\t<li>Quid ei reliquisti, nisi te, quoquo modo loqueretur, intellegere, quid diceret?</li>\n\t<li>Quicquid enim a sapientia proficiscitur, id continuo debet expletum esse omnibus suis partibus;</li>\n\t<li>Hunc ipsum Zenonis aiunt esse finem declarantem illud, quod a te dictum est, convenienter naturae vivere.</li>\n</ol>\n\n\n<p>Murenam te accusante defenderem. Cur iustitia laudatur? Summus dolor plures dies manere non potest? Quae cum dixisset paulumque institisset, Quid est? </p>\n\n<dl>\n\t<dt><dfn>Cur iustitia laudatur?</dfn></dt>\n\t<dd>Idemne, quod iucunde?</dd>\n\t<dt><dfn>Non semper, inquam;</dfn></dt>\n\t<dd>Sin laboramus, quis est, qui alienae modum statuat industriae?</dd>\n\t<dt><dfn>Scaevolam M.</dfn></dt>\n\t<dd>Num igitur utiliorem tibi hunc Triarium putas esse posse, quam si tua sint Puteolis granaria?</dd>\n\t<dt><dfn>Respondeat totidem verbis.</dfn></dt>\n\t<dd>Sed est forma eius disciplinae, sicut fere ceterarum, triplex: una pars est naturae, disserendi altera, vivendi tertia.</dd>\n\t<dt><dfn>Quid vero?</dfn></dt>\n\t<dd>Quis suae urbis conservatorem Codrum, quis Erechthei filias non maxime laudat?</dd>\n\t<dt><dfn>Tria genera bonorum;</dfn></dt>\n\t<dd>Quamquam te quidem video minime esse deterritum.</dd>\n</dl>\n\n\n<p>Confecta res esset. Satis est ad hoc responsum. Sine ea igitur iucunde negat posse se vivere? Summus dolor plures dies manere non potest? Quis hoc dicit? Praeclarae mortes sunt imperatoriae; </p>\n\n<ul>\n\t<li>Nam si beatus umquam fuisset, beatam vitam usque ad illum a Cyro extructum rogum pertulisset.</li>\n\t<li>Quae cum magnifice primo dici viderentur, considerata minus probabantur.</li>\n\t<li>Profectus in exilium Tubulus statim nec respondere ausus;</li>\n\t<li>An est aliquid per se ipsum flagitiosum, etiamsi nulla comitetur infamia?</li>\n</ul>\n\n\n",
    "creation_date": "2018/10/26 17:57:14.890257 GMT-4",
    "_uid": "2bd1aab252b24d449f47333cb5202cbc",
    "expirationDate": "None",
    "_content_type_id": "text/plain",
    "query": [],
    "_atbrefs": {},
    "id": "etiam-risus-quisque-aliquet.",
    "subject": [],
    "_content_type_sort_on": "text/plain",
    "contributors": [],
    "effectiveDate": "None",
    "title": "Etiam risus quisque aliquet.",
    "_ac_local_roles": {
        "admin": [
            "Owner"
        ]
    },
    "sort_on": "Donec neque magna varius.",
    "_content_type_language": "text/plain",
    "_defaultpage": "",
    "location": "Ipsum vitae non amet sollicitudin lobortis class ve.",
    "_content_type_title": "text/plain",
    "excludeFromNav": true,
    "presentation": false,
    "_type": "Collection",
    "description": "Proin risus luctus orci malesuada praesent. Curae lacus. Massa purus enim sem. Fusce justo. Fames proin litora ve rutrum nulla condimentum mi libero mi ad quis sociosqu. Nulla fames natoque tortor. Vitae nulla sit quam amet sodales. Fusce magna duis torquent senectus dolor ac auctor. Vitae nulla. Porta nulla ornare. Risus metus natoque venenatis leo urna. Metus lorem curae. Donec morbi ante vulputate proin suscipit metus congue. Augue etiam nullam. Lorem curae ornare quam semper penatibus varius. Augue ipsum iaculis non phasellus. Purus augue. Proin ipsum pede habitasse accumsan lorem. Purus lorem. Ipsum lorem.",
    "_atrefs": {},
    "_layout": "standard_view",
    "_workflow_history": {
        "simple_publication_workflow": [
            {
                "action": null,
                "review_state": "private",
                "actor": "admin",
                "comments": "",
                "time": "2018/10/26 17:57:14.896099 GMT-4"
            },
            {
                "action": "publish",
                "review_state": "published",
                "actor": "admin",
                "comments": "",
                "time": "2018/10/26 17:57:15.498983 GMT-4"
            }
        ]
    },
    "_content_type_rights": "text/plain",
    "_directly_provided": [],
    "_classname": "Collection",
    "sort_reversed": false,
    "banner": "<h1>Atque ab isto capite fluere necesse est omnem rationem bonorum et malorum.</h1>\n\n<p>Lorem ipsum dolor sit amet, consectetur adipiscing elit. Id enim natura desiderat. Quantum Aristoxeni ingenium consumptum videmus in musicis? Negat enim summo bono afferre incrementum diem. Quae cum magnifice primo dici viderentur, considerata minus probabantur. </p>\n\n<p>Sed ad bona praeterita redeamus. Claudii libidini, qui tum erat summo ne imperio, dederetur. Si longus, levis dictata sunt. Nunc haec primum fortasse audientis servire debemus. </p>\n\n<ul>\n\t<li>Et hi quidem ita non sola virtute finem bonorum contineri putant, ut rebus tamen omnibus virtutem anteponant;</li>\n\t<li>Vobis autem, quibus nihil est aliud propositum nisi rectum atque honestum, unde officii, unde agendi principlum nascatur non reperietis.</li>\n\t<li>Theophrastus mediocriterne delectat, cum tractat locos ab Aristotele ante tractatos?</li>\n\t<li>Perturbationes autem nulla naturae vi commoventur, omniaque ea sunt opiniones ac iudicia levitatis.</li>\n\t<li>Restinguet citius, si ardentem acceperit.</li>\n\t<li>Sed ne, dum huic obsequor, vobis molestus sim.</li>\n</ul>\n\n\n<ol>\n\t<li>Tantum dico, magis fuisse vestrum agere Epicuri diem natalem, quam illius testamento cavere ut ageretur.</li>\n\t<li>Sed venio ad inconstantiae crimen, ne saepius dicas me aberrare;</li>\n\t<li>Quid affers, cur Thorius, cur Caius Postumius, cur omnium horum magister, Orata, non iucundissime vixerit?</li>\n\t<li>Commoda autem et incommoda in eo genere sunt, quae praeposita et reiecta diximus;</li>\n\t<li>Pugnant Stoici cum Peripateticis.</li>\n\t<li>Quae sequuntur igitur?</li>\n</ol>\n\n\n<h2>Quae animi affectio suum cuique tribuens atque hanc, quam dico.</h2>\n\n<p>Duo Reges: constructio interrete. An eiusdem modi? Qui non moveatur et offensione turpitudinis et comprobatione honestatis? Non est ista, inquam, Piso, magna dissensio. Haec igitur Epicuri non probo, inquam. </p>\n\n<dl>\n\t<dt><dfn>Restatis igitur vos;</dfn></dt>\n\t<dd>Quae cum ita sint, effectum est nihil esse malum, quod turpe non sit.</dd>\n\t<dt><dfn>Etiam beatissimum?</dfn></dt>\n\t<dd>Sin laboramus, quis est, qui alienae modum statuat industriae?</dd>\n\t<dt><dfn>Erat enim Polemonis.</dfn></dt>\n\t<dd>In his igitur partibus duabus nihil erat, quod Zeno commutare gestiret.</dd>\n</dl>\n\n\n",
    "_userdefined_roles": [],
    "modification_date": "2018/10/26 17:57:15.503260 GMT-4",
    "_content_type": "text/html",
    "_id": "etiam-risus-quisque-aliquet.",
    "language": "en",
    "_content_type_banner": "text/html",
    "rights": "Lacus proin. Proin ipsum nunc. Lacus lorem eni parturient habitasse condimentum eni platea a. Class fusce interdum mus ipsum velit. Velit curae tortor neque adipiscing condimentum sociis et sociosqu feugiat id fusce tempus duis erat. Risus massa aliquam at phasellus. Magna nulla. Justo metus tortor neque sed augue rutrum eleifend. Netus risus sit. Massa magna aptent elit mollis dignissim et augue venenatis quis eget. Dolor morbi. Lacus justo montes. Felis ipsum eros platea. Velit fusce sociosqu ve vitae placerat consequat. Velit massa phasellus elit dui mi aenean tempus nam pharetra viverra. Velit lorem aptent odio dapibus massa commodo egestas amet. Purus etiam scelerisque vehicula lorem ve nunc rutrum. Augue metus amet morbi cum. Donec velit. Curae lacus interdum magna luctus pellentesque aliquet.",
    "b_size": 30,
    "customViewFields": [
        "Title",
        "Creator",
        "Type",
        "ModificationDate"
    ],
    "_content_type_description": "text/plain",
    "_owner": "admin",
    "_content_type_location": "text/plain",
    "limit": 1000,
    "_permissions": {
        "Change portal events": {
            "acquire": false,
            "roles": [
                "Editor",
                "Manager",
                "Owner",
                "Site Administrator"
            ]
        },
        "Modify portal content": {
            "acquire": false,
            "roles": [
                "Editor",
                "Manager",
                "Owner",
                "Site Administrator"
            ]
        },
        "Access contents information": {
            "acquire": false,
            "roles": [
                "Anonymous"
            ]
        },
        "View": {
            "acquire": false,
            "roles": [
                "Anonymous"
            ]
        }
    },
    "_properties": [
        [
            "title",
            "Etiam risus quisque aliquet.",
            "string"
        ]
    ],
    "allowDiscussion": false,
    "_gopip": 77,
    "creators": [
        "admin"
    ],
    "_path": "/Plone/about/lacus-purus-sit-augue-facilisis-ultricies-pede./justo-morbi-porta-suspendisse-sed-sapien-lobortis-malesuada-arcu./etiam-risus-quisque-aliquet."
}