{
    "tableContents": true,
    "_content_type_text": "text/html",
    "text": "<h1>Quid, quod res alia tota est?</h1>\n\n<p>Lorem ipsum dolor sit amet, consectetur adipiscing elit. Que Manilium, ab iisque M. Aliter homines, aliter philosophos loqui putas oportere? </p>\n\n<ul>\n\t<li>Et homini, qui ceteris animantibus plurimum praestat, praecipue a natura nihil datum esse dicemus?</li>\n\t<li>Scrupulum, inquam, abeunti;</li>\n\t<li>Nihil enim iam habes, quod ad corpus referas;</li>\n\t<li>Ut optime, secundum naturam affectum esse possit.</li>\n</ul>\n\n\n<dl>\n\t<dt><dfn>Quid vero?</dfn></dt>\n\t<dd>Res enim se praeclare habebat, et quidem in utraque parte.</dd>\n\t<dt><dfn>Quo tandem modo?</dfn></dt>\n\t<dd>Octavio fuit, cum illam severitatem in eo filio adhibuit, quem in adoptionem D.</dd>\n\t<dt><dfn>Qui convenit?</dfn></dt>\n\t<dd>An est aliquid per se ipsum flagitiosum, etiamsi nulla comitetur infamia?</dd>\n</dl>\n\n\n<h2>Videsne quam sit magna dissensio?</h2>\n\n<p>Dicimus aliquem hilare vivere; Itaque hic ipse iam pridem est reiectus; At iste non dolendi status non vocatur voluptas. Duo Reges: constructio interrete. Age sane, inquam. <a href='http://loripsum.net/' target='_blank'>Scrupulum, inquam, abeunti;</a> Oratio me istius philosophi non offendit; </p>\n\n<p>Explanetur igitur. Re mihi non aeque satisfacit, et quidem locis pluribus. Haec dicuntur inconstantissime. </p>\n\n<ol>\n\t<li>Quid igitur, inquit, eos responsuros putas?</li>\n\t<li>Claudii libidini, qui tum erat summo ne imperio, dederetur.</li>\n\t<li>Habent enim et bene longam et satis litigiosam disputationem.</li>\n\t<li>Quare conare, quaeso.</li>\n</ol>\n\n\n",
    "creation_date": "2018/10/26 17:57:15.689728 GMT-4",
    "_uid": "af97003598434ffc96d877a715b3ca69",
    "expirationDate": "None",
    "_content_type_id": "text/plain",
    "query": [],
    "_atbrefs": {},
    "id": "fusce-morbi-neque-purus-litora-scelerisque-augue-imperdiet.",
    "subject": [],
    "_content_type_sort_on": "text/plain",
    "contributors": [],
    "effectiveDate": "None",
    "title": "Fusce morbi neque purus litora scelerisque augue imperdiet.",
    "_ac_local_roles": {
        "admin": [
            "Owner"
        ]
    },
    "sort_on": "Augue neque.",
    "_content_type_language": "text/plain",
    "_defaultpage": "",
    "location": "Lacus porta lacus cras urna orci commodo a taciti.",
    "_content_type_title": "text/plain",
    "excludeFromNav": true,
    "presentation": false,
    "_type": "Collection",
    "description": "Netus dolor ante. Ipsum velit. Donec morbi sit etiam. Dolor ipsum a litora elementum cursus senectus vivamus ridiculus tellus. Neque lacus etiam volutpat justo feugiat sapien vel. Vitae nulla nisl dictum habitasse lobortis bibendum aenean semper pede pellentesque. Dolor velit. Massa fusce inceptos sem pretium ad mi ipsum. Felis massa. Lorem risus vehicula convallis. Purus nulla sodales integer aenean id urna. Neque nulla per eget adipiscing fermentum ullamcorper curae turpis facilisis parturient sit porta iaculis eget mi. Purus curae eget imperdiet eu tincidunt. Velit metus mus arcu duis tempus cursus ut sociis ut et nostra. Ipsum curae egestas at sed orci elit eni posuere netus cras rhoncus at natoque. Class ipsum arcu porta ullamcorper mi. Porta ipsum habitant adipiscing dignissim velit.",
    "_atrefs": {},
    "_layout": "standard_view",
    "_workflow_history": {
        "simple_publication_workflow": [
            {
                "action": null,
                "review_state": "private",
                "actor": "admin",
                "comments": "",
                "time": "2018/10/26 17:57:15.694346 GMT-4"
            },
            {
                "action": "publish",
                "review_state": "published",
                "actor": "admin",
                "comments": "",
                "time": "2018/10/26 17:57:16.300691 GMT-4"
            }
        ]
    },
    "_content_type_rights": "text/plain",
    "_directly_provided": [],
    "_classname": "Collection",
    "sort_reversed": true,
    "banner": "<h1>Nunc omni virtuti vitium contrario nomine opponitur.</h1>\n\n<p>Lorem ipsum dolor sit amet, consectetur adipiscing elit. <a href='http://loripsum.net/' target='_blank'>Iam in altera philosophiae parte.</a> Num quid tale Democritus? Quis enim redargueret? Hoc mihi cum tuo fratre convenit. </p>\n\n<p>Quippe: habes enim a rhetoribus; Non est igitur voluptas bonum. Est enim effectrix multarum et magnarum voluptatum. Non semper, inquam; </p>\n\n<p>Sed nimis multa. Duo Reges: constructio interrete. <a href='http://loripsum.net/' target='_blank'>Collatio igitur ista te nihil iuvat.</a> Cur id non ita fit? Ut pulsi recurrant? Est enim effectrix multarum et magnarum voluptatum. Qui ita affectus, beatum esse numquam probabis; Facillimum id quidem est, inquam. Non quam nostram quidem, inquit Pomponius iocans; </p>\n\n<ul>\n\t<li>Ea, quae dialectici nunc tradunt et docent, nonne ab illis instituta sunt aut inventa sunt?</li>\n\t<li>Itaque a sapientia praecipitur se ipsam, si usus sit, sapiens ut relinquat.</li>\n\t<li>Videsne quam sit magna dissensio?</li>\n\t<li>Aliena dixit in physicis nec ea ipsa, quae tibi probarentur;</li>\n\t<li>An potest, inquit ille, quicquam esse suavius quam nihil dolere?</li>\n</ul>\n\n\n<dl>\n\t<dt><dfn>Negare non possum.</dfn></dt>\n\t<dd>Restincta enim sitis stabilitatem voluptatis habet, inquit, illa autem voluptas ipsius restinctionis in motu est.</dd>\n\t<dt><dfn>Quid de Pythagora?</dfn></dt>\n\t<dd>Parvi enim primo ortu sic iacent, tamquam omnino sine animo sint.</dd>\n\t<dt><dfn>Quid ergo?</dfn></dt>\n\t<dd>Praeterea sublata cognitione et scientia tollitur omnis ratio et vitae degendae et rerum gerendarum.</dd>\n\t<dt><dfn>Explanetur igitur.</dfn></dt>\n\t<dd>Stoici autem, quod finem bonorum in una virtute ponunt, similes sunt illorum;</dd>\n</dl>\n\n\n<ol>\n\t<li>Quam tu ponis in verbis, ego positam in re putabam.</li>\n\t<li>Ergo adhuc, quantum equidem intellego, causa non videtur fuisse mutandi nominis.</li>\n\t<li>Sed eum qui audiebant, quoad poterant, defendebant sententiam suam.</li>\n\t<li>Minime vero, inquit ille, consentit.</li>\n</ol>\n\n\n",
    "_userdefined_roles": [],
    "modification_date": "2018/10/26 17:57:16.309407 GMT-4",
    "_content_type": "text/html",
    "_id": "fusce-morbi-neque-purus-litora-scelerisque-augue-imperdiet.",
    "language": "en",
    "_content_type_banner": "text/html",
    "rights": "Dolor vitae aenean rutrum vitae lobortis. Velit massa felis. Porta curae habitant consequat pede eget vivamus dapibus ligula tincidunt vitae. Fames risus varius justo purus lectus vestibulum justo laoreet porttitor. Proin porta duis aenean viverra commodo magnis nulla et. Proin curae. Ipsum etiam erat magna ornare platea potenti aliquet luctus leo parturient. Donec massa nisl viverra vulputate. Morbi dolor aliquet pretium aliquet. Nulla porta. Lacus purus. Netus justo mauris eu varius donec dignissim. Lorem magna suscipit vestibulum semper placerat cras nam hac ut dictum integer. Lacus magna eget eleifend accumsan euismod blandit magnis et dictumst.",
    "b_size": 30,
    "customViewFields": [
        "Title",
        "Creator",
        "Type",
        "ModificationDate"
    ],
    "_content_type_description": "text/plain",
    "_owner": "admin",
    "_content_type_location": "text/plain",
    "limit": 1000,
    "_permissions": {
        "Change portal events": {
            "acquire": false,
            "roles": [
                "Editor",
                "Manager",
                "Owner",
                "Site Administrator"
            ]
        },
        "Modify portal content": {
            "acquire": false,
            "roles": [
                "Editor",
                "Manager",
                "Owner",
                "Site Administrator"
            ]
        },
        "Access contents information": {
            "acquire": false,
            "roles": [
                "Anonymous"
            ]
        },
        "View": {
            "acquire": false,
            "roles": [
                "Anonymous"
            ]
        }
    },
    "_properties": [
        [
            "title",
            "Fusce morbi neque purus litora scelerisque augue imperdiet.",
            "string"
        ]
    ],
    "allowDiscussion": false,
    "_gopip": 78,
    "creators": [
        "admin"
    ],
    "_path": "/Plone/about/lacus-purus-sit-augue-facilisis-ultricies-pede./justo-morbi-porta-suspendisse-sed-sapien-lobortis-malesuada-arcu./fusce-morbi-neque-purus-litora-scelerisque-augue-imperdiet."
}