{
    "contributors": [],
    "_content_type_text": "text/html",
    "text": "<h1>Quo modo autem optimum, si bonum praeterea nullum est?</h1>\n\n<p>Lorem ipsum dolor sit amet, consectetur adipiscing elit. Illa tamen simplicia, vestra versuta. Duo Reges: constructio interrete. At enim sequor utilitatem. Non est ista, inquam, Piso, magna dissensio. Quis hoc dicit? <a href='http://loripsum.net/' target='_blank'>Comprehensum, quod cognitum non habet?</a> </p>\n\n<ol>\n\t<li>Hic quoque suus est de summoque bono dissentiens dici vere Peripateticus non potest.</li>\n\t<li>Quid ei reliquisti, nisi te, quoquo modo loqueretur, intellegere, quid diceret?</li>\n\t<li>Quis animo aequo videt eum, quem inpure ac flagitiose putet vivere?</li>\n\t<li>Utinam quidem dicerent alium alio beatiorem! Iam ruinas videres.</li>\n</ol>\n\n\n<h2>Gloriosa ostentatio in constituendo summo bono.</h2>\n\n<p>Quid autem habent admirationis, cum prope accesseris? Haeret in salebra. Sequitur disserendi ratio cognitioque naturae; </p>\n\n<dl>\n\t<dt><dfn>Sed nimis multa.</dfn></dt>\n\t<dd>Equidem soleo etiam quod uno Graeci, si aliter non possum, idem pluribus verbis exponere.</dd>\n\t<dt><dfn>At certe gravius.</dfn></dt>\n\t<dd>Duae sunt enim res quoque, ne tu verba solum putes.</dd>\n\t<dt><dfn>Quid de Pythagora?</dfn></dt>\n\t<dd>At iam decimum annum in spelunca iacet.</dd>\n\t<dt><dfn>Nihilo magis.</dfn></dt>\n\t<dd>Quis est tam dissimile homini.</dd>\n\t<dt><dfn>Quaerimus enim finem bonorum.</dfn></dt>\n\t<dd>Id enim volumus, id contendimus, ut officii fructus sit ipsum officium.</dd>\n\t<dt><dfn>Poterat autem inpune;</dfn></dt>\n\t<dd>Cum salvum esse flentes sui respondissent, rogavit essentne fusi hostes.</dd>\n\t<dt><dfn>Quonam, inquit, modo?</dfn></dt>\n\t<dd>Nec hoc ille non vidit, sed verborum magnificentia est et gloria delectatus.</dd>\n</dl>\n\n\n<ul>\n\t<li>Intellegi quidem, ut propter aliam quampiam rem, verbi gratia propter voluptatem, nos amemus;</li>\n\t<li>Certe, nisi voluptatem tanti aestimaretis.</li>\n\t<li>At, si voluptas esset bonum, desideraret.</li>\n</ul>\n\n\n<p>Sed plane dicit quod intellegit. Ut pulsi recurrant? Tanta vis admonitionis inest in locis; Inquit, dasne adolescenti veniam? </p>\n\n",
    "creation_date": "2018/10/26 17:57:17.839405 GMT-4",
    "_uid": "2953149158ac4685b3ebff13b02bdeea",
    "expirationDate": "None",
    "_content_type_id": "text/plain",
    "id": "felis-class.",
    "subject": [],
    "effectiveDate": "None",
    "title": "Felis class.",
    "_ac_local_roles": {
        "admin": [
            "Owner"
        ]
    },
    "_content_type_language": "text/plain",
    "_defaultpage": "",
    "location": "Fusce justo.",
    "_content_type_title": "text/plain",
    "excludeFromNav": true,
    "presentation": false,
    "_type": "Document",
    "description": "Risus fusce sem. Donec massa metus auctor cras quam enim nec ad ligula. Morbi massa dui elit ve pellentesque dapibus orci. Porta netus platea nullam non. Metus proin sapien metus ad ornare hac ve a nisl netus volutpat. Felis metus a taciti vulputate posuere sit eu a urna fusce. Class dolor. Lacus ipsum purus rutrum molestie ullamcorper. Dolor velit turpis pellentesque laoreet inceptos libero arcu elit fusce. Felis metus. Felis donec erat sem torquent potenti porttitor dictum dictumst sed euismod. Netus porta. Fusce netus vitae dis elit pellentesque adipiscing. Massa velit praesent et suspendisse urna. Proin fames netus nullam etiam fringilla ullamcorper.",
    "_atrefs": {},
    "_layout": "document_view",
    "_workflow_history": {
        "simple_publication_workflow": [
            {
                "action": null,
                "review_state": "private",
                "actor": "admin",
                "comments": "",
                "time": "2018/10/26 17:57:17.843383 GMT-4"
            },
            {
                "action": "publish",
                "review_state": "published",
                "actor": "admin",
                "comments": "",
                "time": "2018/10/26 17:57:18.460859 GMT-4"
            }
        ]
    },
    "_content_type_rights": "text/plain",
    "_directly_provided": [],
    "language": "en",
    "tableContents": true,
    "_classname": "ATDocument",
    "banner": "<h1>Nos paucis ad haec additis finem faciamus aliquando;</h1>\n\n<p>Lorem ipsum dolor sit amet, consectetur adipiscing elit. Certe non potest. Nam Pyrrho, Aristo, Erillus iam diu abiecti. Duo Reges: constructio interrete. Nonne igitur tibi videntur, inquit, mala? Ita multa dicunt, quae vix intellegam. Uterque enim summo bono fruitur, id est voluptate. </p>\n\n<p>Ego vero isti, inquam, permitto. De hominibus dici non necesse est. Aliter enim nosmet ipsos nosse non possumus. Zenonis est, inquam, hoc Stoici. </p>\n\n<ul>\n\t<li>Si enim ad populum me vocas, eum.</li>\n\t<li>Ita enim vivunt quidam, ut eorum vita refellatur oratio.</li>\n\t<li>Quamquam te quidem video minime esse deterritum.</li>\n\t<li>Nunc haec primum fortasse audientis servire debemus.</li>\n</ul>\n\n\n<dl>\n\t<dt><dfn>Cur haec eadem Democritus?</dfn></dt>\n\t<dd>Deinde prima illa, quae in congressu solemus: Quid tu, inquit, huc?</dd>\n\t<dt><dfn>Praeteritis, inquit, gaudeo.</dfn></dt>\n\t<dd>Neque enim civitas in seditione beata esse potest nec in discordia dominorum domus;</dd>\n\t<dt><dfn>Idem adhuc;</dfn></dt>\n\t<dd>Nos commodius agimus.</dd>\n\t<dt><dfn>Quare attende, quaeso.</dfn></dt>\n\t<dd>Iubet igitur nos Pythius Apollo noscere nosmet ipsos.</dd>\n</dl>\n\n\n<p><a href='http://loripsum.net/' target='_blank'>Paulum, cum regem Persem captum adduceret, eodem flumine invectio?</a> Multoque hoc melius nos veriusque quam Stoici. Quid ad utilitatem tantae pecuniae? Quid sequatur, quid repugnet, vident. Non est igitur voluptas bonum. Idem iste, inquam, de voluptate quid sentit? </p>\n\n<ol>\n\t<li>Sed plane dicit quod intellegit.</li>\n\t<li>Sed quoniam et advesperascit et mihi ad villam revertendum est, nunc quidem hactenus;</li>\n\t<li>Ita multo sanguine profuso in laetitia et in victoria est mortuus.</li>\n</ol>\n\n\n",
    "_userdefined_roles": [],
    "_content_type": "text/html",
    "_id": "felis-class.",
    "modification_date": "2018/10/26 17:57:18.465139 GMT-4",
    "_content_type_banner": "text/html",
    "rights": "Curae donec est purus odio eget dapibus et eu felis pellentesque. Ipsum lacus risus mauris vestibulum suscipit enim. Massa lorem praesent nisi lectus dictumst. Class velit. Morbi etiam varius magnis. Augue fusce dapibus diam interdum turpis platea nisi lorem litora donec sociosqu eu. Fusce vitae lacus quam ipsum augue arcu sem. Nulla massa mollis scelerisque. Lorem justo mauris commodo posuere odio ac bibendum sit sodales fames. Purus ipsum primis. Risus massa feugiat sapien lorem. Risus fusce tellus quis tellus mollis curae proin odio a eros. Morbi vitae nunc curabitur mus eget cursus. Nulla purus conubia nec sociis per cum.",
    "_atbrefs": {},
    "_content_type_description": "text/plain",
    "_owner": "admin",
    "_content_type_location": "text/plain",
    "_permissions": {
        "Modify portal content": {
            "acquire": false,
            "roles": [
                "Editor",
                "Manager",
                "Owner",
                "Site Administrator"
            ]
        },
        "Access contents information": {
            "acquire": false,
            "roles": [
                "Anonymous"
            ]
        },
        "View": {
            "acquire": false,
            "roles": [
                "Anonymous"
            ]
        }
    },
    "_properties": [
        [
            "title",
            "Felis class.",
            "string"
        ]
    ],
    "allowDiscussion": false,
    "_gopip": 0,
    "creators": [
        "admin"
    ],
    "_path": "/Plone/about/lacus-purus-sit-augue-facilisis-ultricies-pede./vitae-risus-mattis-nullam-purus-nonummy-arcu-fames-nonummy-rhoncus-dolor./felis-class."
}