{
    "contributors": [],
    "_content_type_text": "text/html",
    "text": "<h1>At modo dixeras nihil in istis rebus esse, quod interesset.</h1>\n\n<p>Lorem ipsum dolor sit amet, consectetur adipiscing elit. Confecta res esset. Comprehensum, quod cognitum non habet? Hunc vos beatum; Quid iudicant sensus? Duo Reges: constructio interrete. Quod iam a me expectare noli. Facillimum id quidem est, inquam. <a href='http://loripsum.net/' target='_blank'>Traditur, inquit, ab Epicuro ratio neglegendi doloris.</a> </p>\n\n<h2>Dolere malum est: in crucem qui agitur, beatus esse non potest.</h2>\n\n<p>At multis se probavit. Quid me istud rogas? <a href='http://loripsum.net/' target='_blank'>Tenent mordicus.</a> </p>\n\n<dl>\n\t<dt><dfn>Quis negat?</dfn></dt>\n\t<dd>Dic in quovis conventu te omnia facere, ne doleas.</dd>\n\t<dt><dfn>Quid adiuvas?</dfn></dt>\n\t<dd>Facit enim ille duo seiuncta ultima bonorum, quae ut essent vera, coniungi debuerunt;</dd>\n\t<dt><dfn>Tubulo putas dicere?</dfn></dt>\n\t<dd>Itaque sensibus rationem adiunxit et ratione effecta sensus non reliquit.</dd>\n\t<dt><dfn>Quid iudicant sensus?</dfn></dt>\n\t<dd>Piso igitur hoc modo, vir optimus tuique, ut scis, amantissimus.</dd>\n\t<dt><dfn>Quare attende, quaeso.</dfn></dt>\n\t<dd>Sed eum qui audiebant, quoad poterant, defendebant sententiam suam.</dd>\n</dl>\n\n\n<p>Si mala non sunt, iacet omnis ratio Peripateticorum. <a href='http://loripsum.net/' target='_blank'>Illud non continuo, ut aeque incontentae.</a> Equidem e Cn. Quare attende, quaeso. Si quae forte-possumus. In schola desinis. Cur tantas regiones barbarorum pedibus obiit, tot maria transmisit? </p>\n\n<ul>\n\t<li>Illud urgueam, non intellegere eum quid sibi dicendum sit, cum dolorem summum malum esse dixerit.</li>\n\t<li>Illa tamen simplicia, vestra versuta.</li>\n</ul>\n\n\n<ol>\n\t<li>Nunc haec primum fortasse audientis servire debemus.</li>\n\t<li>Quasi vero, inquit, perpetua oratio rhetorum solum, non etiam philosophorum sit.</li>\n\t<li>At miser, si in flagitiosa et vitiosa vita afflueret voluptatibus.</li>\n</ol>\n\n\n",
    "creation_date": "2018/10/26 17:57:18.651846 GMT-4",
    "_uid": "87c392805f9c4bcdbcd97dd61f3e9801",
    "expirationDate": "None",
    "_content_type_id": "text/plain",
    "id": "class-curae-nibh.",
    "subject": [],
    "effectiveDate": "None",
    "title": "Class curae nibh.",
    "_ac_local_roles": {
        "admin": [
            "Owner"
        ]
    },
    "_content_type_language": "text/plain",
    "_defaultpage": "",
    "location": "Proin donec leo mollis pede enim.",
    "_content_type_title": "text/plain",
    "excludeFromNav": true,
    "presentation": false,
    "_type": "Document",
    "description": "Ipsum etiam sociosqu fusce in ipsum sociis montes curae. Etiam felis mauris class nec sit quisque accumsan id dictum felis ultrices parturient. Lacus fusce lectus mi cum sociis. Vitae ipsum ullamcorper dictumst arcu imperdiet. Morbi ipsum massa est cras eni risus augue posuere in. Velit netus magnis. Justo morbi. Proin risus a amet ve faucibus iaculis ad vehicula nostra primis sem elit nisi quis egestas fusce aliquet nostra in. Netus magna placerat eros bibendum in scelerisque nisl nibh commodo ve habitasse vitae aenean sodales in platea sodales. Netus fames. Neque fames cum magna dui justo curabitur porta facilisis. Morbi porta class.",
    "_atrefs": {},
    "_layout": "document_view",
    "_workflow_history": {
        "simple_publication_workflow": [
            {
                "action": null,
                "review_state": "private",
                "actor": "admin",
                "comments": "",
                "time": "2018/10/26 17:57:18.656504 GMT-4"
            },
            {
                "action": "publish",
                "review_state": "published",
                "actor": "admin",
                "comments": "",
                "time": "2018/10/26 17:57:19.262031 GMT-4"
            }
        ]
    },
    "_content_type_rights": "text/plain",
    "_directly_provided": [],
    "language": "en",
    "tableContents": true,
    "_classname": "ATDocument",
    "banner": "<h1>Summus dolor plures dies manere non potest?</h1>\n\n<p>Lorem ipsum dolor sit amet, consectetur adipiscing elit. <a href='http://loripsum.net/' target='_blank'>Haec dicuntur fortasse ieiunius;</a> Dici enim nihil potest verius. Duo Reges: constructio interrete. Ac tamen hic mallet non dolere. Ille incendat? Non est igitur summum malum dolor. </p>\n\n<ul>\n\t<li>Ergo adhuc, quantum equidem intellego, causa non videtur fuisse mutandi nominis.</li>\n\t<li>Sed tu istuc dixti bene Latine, parum plane.</li>\n\t<li>Huius ego nunc auctoritatem sequens idem faciam.</li>\n\t<li>Etenim nec iustitia nec amicitia esse omnino poterunt, nisi ipsae per se expetuntur.</li>\n</ul>\n\n\n<ol>\n\t<li>Quorum sine causa fieri nihil putandum est.</li>\n\t<li>Nunc omni virtuti vitium contrario nomine opponitur.</li>\n\t<li>Quod quidem iam fit etiam in Academia.</li>\n\t<li>Minime vero, inquit ille, consentit.</li>\n</ol>\n\n\n<h2>A mene tu?</h2>\n\n<p>Sit sane ista voluptas. Praeclare hoc quidem. Quae cum essent dicta, discessimus. <a href='http://loripsum.net/' target='_blank'>Quod vestri non item.</a> </p>\n\n<p>De quibus cupio scire quid sentias. Quod vestri non item. Mihi enim satis est, ipsis non satis. Magna laus. Quae contraria sunt his, malane? Respondeat totidem verbis. </p>\n\n<dl>\n\t<dt><dfn>Facete M.</dfn></dt>\n\t<dd>Ergo id est convenienter naturae vivere, a natura discedere.</dd>\n\t<dt><dfn>Quare attende, quaeso.</dfn></dt>\n\t<dd>Pisone in eo gymnasio, quod Ptolomaeum vocatur, unaque nobiscum Q.</dd>\n\t<dt><dfn>Etiam beatissimum?</dfn></dt>\n\t<dd>Ne tum quidem te respicies et cogitabis sibi quemque natum esse et suis voluptatibus?</dd>\n\t<dt><dfn>Nihilo magis.</dfn></dt>\n\t<dd>Non dolere, inquam, istud quam vim habeat postea videro;</dd>\n</dl>\n\n\n",
    "_userdefined_roles": [],
    "_content_type": "text/html",
    "_id": "class-curae-nibh.",
    "modification_date": "2018/10/26 17:57:19.265651 GMT-4",
    "_content_type_banner": "text/html",
    "rights": "Fames netus mus odio quisque. Massa risus inceptos sem. Velit neque massa sem ridiculus. Etiam risus. Dolor lacus. Lacus morbi ante bibendum class magnis et orci morbi at mattis. Risus class sem nam in augue venenatis dui proin leo quis nec. Neque justo dolor urna. Etiam risus gravida habitant fusce primis ipsum diam nisl vestibulum. Neque nulla gravida cursus odio cum risus consequat. Lorem lacus ante netus convallis mus. Etiam curae. Etiam justo mattis scelerisque porta. Ipsum lacus semper scelerisque purus habitasse vel per feugiat torquent tempor ornare tristique aliquet. Purus massa quis urna vivamus.",
    "_atbrefs": {},
    "_content_type_description": "text/plain",
    "_owner": "admin",
    "_content_type_location": "text/plain",
    "_permissions": {
        "Modify portal content": {
            "acquire": false,
            "roles": [
                "Editor",
                "Manager",
                "Owner",
                "Site Administrator"
            ]
        },
        "Access contents information": {
            "acquire": false,
            "roles": [
                "Anonymous"
            ]
        },
        "View": {
            "acquire": false,
            "roles": [
                "Anonymous"
            ]
        }
    },
    "_properties": [
        [
            "title",
            "Class curae nibh.",
            "string"
        ]
    ],
    "allowDiscussion": false,
    "_gopip": 1,
    "creators": [
        "admin"
    ],
    "_path": "/Plone/about/lacus-purus-sit-augue-facilisis-ultricies-pede./vitae-risus-mattis-nullam-purus-nonummy-arcu-fames-nonummy-rhoncus-dolor./class-curae-nibh."
}