{
    "contributors": [],
    "_content_type_text": "text/html",
    "text": "<h1>Verum hoc idem saepe faciamus.</h1>\n\n<p>Lorem ipsum dolor sit amet, consectetur adipiscing elit. Id Sextilius factum negabat. Aliud igitur esse censet gaudere, aliud non dolere. Dici enim nihil potest verius. Duo Reges: constructio interrete. <a href='http://loripsum.net/' target='_blank'>Quid ad utilitatem tantae pecuniae?</a> Idemne, quod iucunde? </p>\n\n<ol>\n\t<li>Positum est a nostris in iis esse rebus, quae secundum naturam essent, non dolere;</li>\n\t<li>Tertium autem omnibus aut maximis rebus iis, quae secundum naturam sint, fruentem vivere.</li>\n\t<li>Laboro autem non sine causa;</li>\n\t<li>Ea possunt paria non esse.</li>\n\t<li>Quid, cum fictas fabulas, e quibus utilitas nulla elici potest, cum voluptate legimus?</li>\n</ol>\n\n\n<h2>Ne amores quidem sanctos a sapiente alienos esse arbitrantur.</h2>\n\n<p>Nobis aliter videtur, recte secusne, postea; Maximus dolor, inquit, brevis est. Sic consequentibus vestris sublatis prima tolluntur. At enim sequor utilitatem. Equidem, sed audistine modo de Carneade? Sed haec omittamus; </p>\n\n<p>Vide, quantum, inquam, fallare, Torquate. Dici enim nihil potest verius. <a href='http://loripsum.net/' target='_blank'>Ut pulsi recurrant?</a> Pugnant Stoici cum Peripateticis. <a href='http://loripsum.net/' target='_blank'>Si qua in iis corrigere voluit, deteriora fecit.</a> <a href='http://loripsum.net/' target='_blank'>An tu me de L.</a> </p>\n\n<ul>\n\t<li>Quis enim potest istis, quae te, ut ais, delectant, brevibus et acutis auditis de sententia decedere?</li>\n\t<li>Hos contra singulos dici est melius.</li>\n\t<li>Qui ita affectus, beatum esse numquam probabis;</li>\n\t<li>Ut id aliis narrare gestiant?</li>\n</ul>\n\n\n<dl>\n\t<dt><dfn>Sed videbimus.</dfn></dt>\n\t<dd>Traditur, inquit, ab Epicuro ratio neglegendi doloris.</dd>\n\t<dt><dfn>Explanetur igitur.</dfn></dt>\n\t<dd>Quid in isto egregio tuo officio et tanta fide-sic enim existimo-ad corpus refers?</dd>\n\t<dt><dfn>An eiusdem modi?</dfn></dt>\n\t<dd>Ab hoc autem quaedam non melius quam veteres, quaedam omnino relicta.</dd>\n\t<dt><dfn>Quibusnam praeteritis?</dfn></dt>\n\t<dd>Haec et tu ita posuisti, et verba vestra sunt.</dd>\n</dl>\n\n\n",
    "creation_date": "2018/10/26 17:57:21.188448 GMT-4",
    "_uid": "8b3e3d2c993f4a0c8de3ed890e30cb03",
    "expirationDate": "None",
    "_content_type_id": "text/plain",
    "id": "metus-ipsum.",
    "subject": [],
    "effectiveDate": "None",
    "title": "Metus ipsum.",
    "_ac_local_roles": {
        "admin": [
            "Owner"
        ]
    },
    "_content_type_language": "text/plain",
    "_defaultpage": "",
    "location": "Porta netus tempus curae.",
    "_content_type_title": "text/plain",
    "excludeFromNav": false,
    "presentation": false,
    "_type": "Document",
    "description": "Justo fames conubia nisl et molestie nulla. Lacus morbi facilisi dui cubilia nunc mi odio senectus ac donec. Donec porta eni porta commodo dapibus vulputate nec suscipit. Porta nulla torquent lorem. Fames risus ligula nulla sem enim lobortis sociosqu curae felis luctus nam mi augue tristique imperdiet urna iaculis in ut sed. Fusce nulla odio mi massa lacus. Risus lorem cursus ac torquent magnis purus id a sapien felis commodo ut faucibus. Netus morbi sociis augue suscipit curae. Lorem class dictum ligula vehicula purus mi. Velit lorem porta. Nulla porta proin porta ornare etiam euismod. Neque fames magna quisque nibh enim sed feugiat interdum ut dis. Dolor porta mauris lorem adipiscing enim. Class neque inceptos etiam nulla amet neque imperdiet nisi gravida. Proin netus lorem varius parturient fames. Massa nulla urna non tempor a parturient eni neque magna sapien in litora.",
    "_atrefs": {},
    "_layout": "document_view",
    "_workflow_history": {
        "simple_publication_workflow": [
            {
                "action": null,
                "review_state": "private",
                "actor": "admin",
                "comments": "",
                "time": "2018/10/26 17:57:21.192777 GMT-4"
            },
            {
                "action": "publish",
                "review_state": "published",
                "actor": "admin",
                "comments": "",
                "time": "2018/10/26 17:57:21.818154 GMT-4"
            }
        ]
    },
    "_content_type_rights": "text/plain",
    "_directly_provided": [],
    "language": "en",
    "tableContents": true,
    "_classname": "ATDocument",
    "banner": "<h1>Nam de isto magna dissensio est.</h1>\n\n<p>Lorem ipsum dolor sit amet, consectetur adipiscing elit. Sint modo partes vitae beatae. <a href='http://loripsum.net/' target='_blank'>Res enim concurrent contrariae.</a> Duo Reges: constructio interrete. </p>\n\n<ol>\n\t<li>Age nunc isti doceant, vel tu potius quis enim ista melius?</li>\n\t<li>Quae quidem vel cum periculo est quaerenda vobis;</li>\n\t<li>Deinde qui fit, ut ego nesciam, sciant omnes, quicumque Epicurei esse voluerunt?</li>\n\t<li>Sed non sunt in eo genere tantae commoditates corporis tamque productae temporibus tamque multae.</li>\n</ol>\n\n\n<p>Sed potestne rerum maior esse dissensio? Videamus animi partes, quarum est conspectus illustrior; </p>\n\n<p>Tollenda est atque extrahenda radicitus. Quid ad utilitatem tantae pecuniae? Mihi, inquam, qui te id ipsum rogavi? Tenent mordicus. </p>\n\n<ul>\n\t<li>ALIO MODO.</li>\n\t<li>Videamus animi partes, quarum est conspectus illustrior;</li>\n\t<li>At miser, si in flagitiosa et vitiosa vita afflueret voluptatibus.</li>\n\t<li>In his igitur partibus duabus nihil erat, quod Zeno commutare gestiret.</li>\n\t<li>Tamen a proposito, inquam, aberramus.</li>\n</ul>\n\n\n<dl>\n\t<dt><dfn>Quid de Pythagora?</dfn></dt>\n\t<dd>Quamquam te quidem video minime esse deterritum.</dd>\n\t<dt><dfn>Explanetur igitur.</dfn></dt>\n\t<dd>Ad corpus diceres pertinere-, sed ea, quae dixi, ad corpusne refers?</dd>\n</dl>\n\n\n",
    "_userdefined_roles": [],
    "_content_type": "text/html",
    "_id": "metus-ipsum.",
    "modification_date": "2018/10/26 17:57:21.822276 GMT-4",
    "_content_type_banner": "text/html",
    "rights": "Metus velit platea sodales integer arcu feugiat et mollis. Morbi dolor luctus risus. Lorem augue ornare torquent vivamus penatibus nibh sem class magna nostra orci. Proin augue ligula parturient. Fusce fames duis dui dolor natoque nisi consectetuer. Metus fusce nisl dui ante erat dolor morbi hac curabitur. Dolor etiam egestas gravida odio at. Netus proin vel nisl enim erat torquent. Proin nulla purus. Dolor massa.",
    "_atbrefs": {},
    "_content_type_description": "text/plain",
    "_owner": "admin",
    "_content_type_location": "text/plain",
    "_permissions": {
        "Modify portal content": {
            "acquire": false,
            "roles": [
                "Editor",
                "Manager",
                "Owner",
                "Site Administrator"
            ]
        },
        "Access contents information": {
            "acquire": false,
            "roles": [
                "Anonymous"
            ]
        },
        "View": {
            "acquire": false,
            "roles": [
                "Anonymous"
            ]
        }
    },
    "_properties": [
        [
            "title",
            "Metus ipsum.",
            "string"
        ]
    ],
    "allowDiscussion": false,
    "_gopip": 4,
    "creators": [
        "admin"
    ],
    "_path": "/Plone/about/lacus-purus-sit-augue-facilisis-ultricies-pede./vitae-risus-mattis-nullam-purus-nonummy-arcu-fames-nonummy-rhoncus-dolor./metus-ipsum."
}