{
    "contributors": [],
    "_content_type_text": "text/html",
    "text": "<h1>Varietates autem iniurasque fortunae facile veteres philosophorum praeceptis instituta vita superabat.</h1>\n\n<p>Lorem ipsum dolor sit amet, consectetur adipiscing elit. Ut id aliis narrare gestiant? Duo Reges: constructio interrete. <a href='http://loripsum.net/' target='_blank'>De vacuitate doloris eadem sententia erit.</a> Memini vero, inquam; </p>\n\n<ul>\n\t<li>Cetera illa adhibebat, quibus demptis negat se Epicurus intellegere quid sit bonum.</li>\n\t<li>Cenasti in vita numquam bene, cum omnia in ista Consumis squilla atque acupensere cum decimano.</li>\n</ul>\n\n\n<dl>\n\t<dt><dfn>Immo videri fortasse.</dfn></dt>\n\t<dd>Sin autem est in ea, quod quidam volunt, nihil impedit hanc nostram comprehensionem summi boni.</dd>\n\t<dt><dfn>Sullae consulatum?</dfn></dt>\n\t<dd>Sed tamen intellego quid velit.</dd>\n\t<dt><dfn>Avaritiamne minuis?</dfn></dt>\n\t<dd>Sic enim censent, oportunitatis esse beate vivere.</dd>\n</dl>\n\n\n<p>Quippe: habes enim a rhetoribus; Sed fortuna fortis; Sed in rebus apertissimis nimium longi sumus. At ego quem huic anteponam non audeo dicere; </p>\n\n<h2>Illa videamus, quae a te de amicitia dicta sunt.</h2>\n\n<p>Quicquid porro animo cernimus, id omne oritur a sensibus; Istam voluptatem perpetuam quis potest praestare sapienti? Sumenda potius quam expetenda. <a href='http://loripsum.net/' target='_blank'>Venit ad extremum;</a> </p>\n\n<ol>\n\t<li>Occultum facinus esse potuerit, gaudebit;</li>\n\t<li>An ea, quae per vinitorem antea consequebatur, per se ipsa curabit?</li>\n\t<li>Ab hoc autem quaedam non melius quam veteres, quaedam omnino relicta.</li>\n\t<li>Isto modo, ne si avia quidem eius nata non esset.</li>\n</ol>\n\n\n",
    "creation_date": "2018/10/26 17:57:22.015861 GMT-4",
    "_uid": "cbae7f92a2884a5180724c2c3416809a",
    "expirationDate": "None",
    "_content_type_id": "text/plain",
    "id": "metus-fames.",
    "subject": [],
    "effectiveDate": "None",
    "title": "Metus fames.",
    "_ac_local_roles": {
        "admin": [
            "Owner"
        ]
    },
    "_content_type_language": "text/plain",
    "_defaultpage": "",
    "location": "Class dolor luctus purus non.",
    "_content_type_title": "text/plain",
    "excludeFromNav": false,
    "presentation": true,
    "_type": "Document",
    "description": "Massa velit. Metus porta odio integer quam. Velit neque ullamcorper urna eros pretium vivamus. Magna netus ornare dui amet cras dis sollicitudin tempor at ornare. Netus neque. Fusce fames non quis luctus tempus hymenaeos. Lacus class turpis dictum vitae. Nulla massa. Netus metus class ante sit. Donec proin gravida platea eros ut consectetuer. Neque nulla ante laoreet. Nulla porta. Netus morbi elementum nam orci. Nulla augue dui nunc pharetra habitasse at ut. Nulla augue cursus quisque ve eleifend tempor nisl platea vestibulum sollicitudin. Justo felis. Donec lorem risus ipsum metus mauris. Metus ipsum iaculis posuere odio placerat dis eros maecenas convallis pellentesque.",
    "_atrefs": {},
    "_layout": "document_view",
    "_workflow_history": {
        "simple_publication_workflow": [
            {
                "action": null,
                "review_state": "private",
                "actor": "admin",
                "comments": "",
                "time": "2018/10/26 17:57:22.020572 GMT-4"
            },
            {
                "action": "publish",
                "review_state": "published",
                "actor": "admin",
                "comments": "",
                "time": "2018/10/26 17:57:22.624729 GMT-4"
            }
        ]
    },
    "_content_type_rights": "text/plain",
    "_directly_provided": [],
    "language": "en",
    "tableContents": false,
    "_classname": "ATDocument",
    "banner": "<h1>Atque haec coniunctio confusioque virtutum tamen a philosophis ratione quadam distinguitur.</h1>\n\n<p>Lorem ipsum dolor sit amet, consectetur adipiscing elit. Quo igitur, inquit, modo? <a href='http://loripsum.net/' target='_blank'>Duo Reges: constructio interrete.</a> Cur id non ita fit? Bonum valitudo: miser morbus. </p>\n\n<dl>\n\t<dt><dfn>Avaritiamne minuis?</dfn></dt>\n\t<dd>Quod autem ratione actum est, id officium appellamus.</dd>\n\t<dt><dfn>Moriatur, inquit.</dfn></dt>\n\t<dd>Habes, inquam, Cato, formam eorum, de quibus loquor, philosophorum.</dd>\n\t<dt><dfn>Idem adhuc;</dfn></dt>\n\t<dd>Eam si varietatem diceres, intellegerem, ut etiam non dicente te intellego;</dd>\n\t<dt><dfn>Audeo dicere, inquit.</dfn></dt>\n\t<dd>Non igitur de improbo, sed de callido improbo quaerimus, qualis Q.</dd>\n</dl>\n\n\n<ol>\n\t<li>Atqui eorum nihil est eius generis, ut sit in fine atque extrerno bonorum.</li>\n\t<li>Haec bene dicuntur, nec ego repugno, sed inter sese ipsa pugnant.</li>\n\t<li>Illud mihi a te nimium festinanter dictum videtur, sapientis omnis esse semper beatos;</li>\n\t<li>Quae cum ita sint, effectum est nihil esse malum, quod turpe non sit.</li>\n</ol>\n\n\n<ul>\n\t<li>Vitiosum est enim in dividendo partem in genere numerare.</li>\n\t<li>Homines optimi non intellegunt totam rationem everti, si ita res se habeat.</li>\n</ul>\n\n\n<p>Efficiens dici potest. Utilitatis causa amicitia est quaesita. Etiam beatissimum? Sedulo, inquam, faciam. Quid nunc honeste dicit? Si longus, levis dictata sunt. </p>\n\n<h2>Quid enim est a Chrysippo praetermissum in Stoicis?</h2>\n\n<p>Illud non continuo, ut aeque incontentae. Hoc loco tenere se Triarius non potuit. Cui Tubuli nomen odio non est? Cyrenaici quidem non recusant; Sed fortuna fortis; </p>\n\n",
    "_userdefined_roles": [],
    "_content_type": "text/html",
    "_id": "metus-fames.",
    "modification_date": "2018/10/26 17:57:22.629254 GMT-4",
    "_content_type_banner": "text/html",
    "rights": "Nulla etiam hac metus orci et. Curae velit felis consequat viverra hac mi justo sollicitudin donec. Metus dolor convallis consequat nisl nam per nonummy auctor pede. Augue justo aptent dolor ipsum. Fames class. Fusce lorem dictumst dui eros sit lorem per erat eni tincidunt urna. Magna dolor. Donec fames mus nullam posuere gravida turpis at congue. Felis purus hac hymenaeos neque in magna. Augue massa magnis morbi cras sapien eu leo. Justo magna molestie. Lorem nulla cursus mollis eget. Class morbi tempor laoreet potenti ornare eu id. Purus justo sed donec ridiculus lobortis aptent mollis hac quis magnis montes. Donec curae a turpis dignissim praesent quam aliquam. Risus velit dictum tellus lorem vestibulum ullamcorper ornare ac duis egestas in pharetra eros. Dolor purus suspendisse pulvinar diam. Proin dolor magna risus enim fermentum platea morbi vitae congue tellus. Nulla vitae egestas magnis sapien cras ullamcorper. Netus morbi.",
    "_atbrefs": {},
    "_content_type_description": "text/plain",
    "_owner": "admin",
    "_content_type_location": "text/plain",
    "_permissions": {
        "Modify portal content": {
            "acquire": false,
            "roles": [
                "Editor",
                "Manager",
                "Owner",
                "Site Administrator"
            ]
        },
        "Access contents information": {
            "acquire": false,
            "roles": [
                "Anonymous"
            ]
        },
        "View": {
            "acquire": false,
            "roles": [
                "Anonymous"
            ]
        }
    },
    "_properties": [
        [
            "title",
            "Metus fames.",
            "string"
        ]
    ],
    "allowDiscussion": false,
    "_gopip": 5,
    "creators": [
        "admin"
    ],
    "_path": "/Plone/about/lacus-purus-sit-augue-facilisis-ultricies-pede./vitae-risus-mattis-nullam-purus-nonummy-arcu-fames-nonummy-rhoncus-dolor./metus-fames."
}