{
    "contributors": [],
    "_content_type_text": "text/html",
    "text": "<h1>Terram, mihi crede, ea lanx et maria deprimet.</h1>\n\n<p>Lorem ipsum dolor sit amet, consectetur adipiscing elit. Sic enim censent, oportunitatis esse beate vivere. Ut proverbia non nulla veriora sint quam vestra dogmata. Mihi enim satis est, ipsis non satis. Recte, inquit, intellegis. <a href='http://loripsum.net/' target='_blank'>Non laboro, inquit, de nomine.</a> Duo Reges: constructio interrete. </p>\n\n<ol>\n\t<li>Vide, quantum, inquam, fallare, Torquate.</li>\n\t<li>Et non ex maxima parte de tota iudicabis?</li>\n\t<li>Gerendus est mos, modo recte sentiat.</li>\n\t<li>Possumusne ergo in vita summum bonum dicere, cum id ne in cena quidem posse videamur?</li>\n</ol>\n\n\n<dl>\n\t<dt><dfn>Hic ambiguo ludimur.</dfn></dt>\n\t<dd>Primum in nostrane potestate est, quid meminerimus?</dd>\n\t<dt><dfn>Negare non possum.</dfn></dt>\n\t<dd>At quanta conantur! Mundum hunc omnem oppidum esse nostrum! Incendi igitur eos, qui audiunt, vides.</dd>\n\t<dt><dfn>Hunc vos beatum;</dfn></dt>\n\t<dd>Dolor ergo, id est summum malum, metuetur semper, etiamsi non aderit;</dd>\n\t<dt><dfn>Haec dicuntur inconstantissime.</dfn></dt>\n\t<dd>Etiam inchoatum, ut, si iuste depositum reddere in recte factis sit, in officiis ponatur depositum reddere;</dd>\n</dl>\n\n\n<ul>\n\t<li>Praeclare enim Plato: Beatum, cui etiam in senectute contigerit, ut sapientiam verasque opiniones assequi possit.</li>\n\t<li>Atque haec ita iustitiae propria sunt, ut sint virtutum reliquarum communia.</li>\n\t<li>Quicquid porro animo cernimus, id omne oritur a sensibus;</li>\n\t<li>Verum hoc idem saepe faciamus.</li>\n\t<li>Quis est enim aut quotus quisque, cui, mora cum adpropinquet, non refugiat timido sanguen \u00e1tque exalbesc\u00e1t metu?</li>\n</ul>\n\n\n<p>Num quid tale Democritus? <a href='http://loripsum.net/' target='_blank'>Itaque contra est, ac dicitis;</a> </p>\n\n<h2>Isto modo ne improbos quidem, si essent boni viri.</h2>\n\n<p>Nulla erit controversia. Immo alio genere; Disserendi artem nullam habuit. Traditur, inquit, ab Epicuro ratio neglegendi doloris. </p>\n\n",
    "creation_date": "2018/10/26 17:57:22.807639 GMT-4",
    "_uid": "0076e67780cf459daa98e7ae6e886b31",
    "expirationDate": "None",
    "_content_type_id": "text/plain",
    "id": "augue-morbi-pulvinar-et-ullamcorper-id-luctus.",
    "subject": [],
    "effectiveDate": "None",
    "title": "Augue morbi pulvinar et ullamcorper id luctus.",
    "_ac_local_roles": {
        "admin": [
            "Owner"
        ]
    },
    "_content_type_language": "text/plain",
    "_defaultpage": "",
    "location": "Donec felis consequat fringilla parturient cras donec purus platea semper rhoncus.",
    "_content_type_title": "text/plain",
    "excludeFromNav": true,
    "presentation": false,
    "_type": "Document",
    "description": "Risus nulla eget nec tristique turpis tincidunt proin et aptent arcu. Purus fames. Proin metus. Justo felis. Velit lacus elit pretium id. Neque fames. Nulla etiam varius. Risus netus aenean. Fames metus laoreet convallis nullam nisl consectetuer volutpat morbi per nisi habitant. Donec ipsum tempus quis per consectetuer. Magna curae. Risus purus laoreet aliquam. Velit donec dictum fusce nulla tristique vestibulum nonummy duis lobortis duis.",
    "_atrefs": {},
    "_layout": "document_view",
    "_workflow_history": {
        "simple_publication_workflow": [
            {
                "action": null,
                "review_state": "private",
                "actor": "admin",
                "comments": "",
                "time": "2018/10/26 17:57:22.811860 GMT-4"
            },
            {
                "action": "publish",
                "review_state": "published",
                "actor": "admin",
                "comments": "",
                "time": "2018/10/26 17:57:23.463431 GMT-4"
            }
        ]
    },
    "_content_type_rights": "text/plain",
    "_directly_provided": [],
    "language": "en",
    "tableContents": false,
    "_classname": "ATDocument",
    "banner": "<h1>Ne in odium veniam, si amicum destitero tueri.</h1>\n\n<p>Lorem ipsum dolor sit amet, consectetur adipiscing elit. <a href='http://loripsum.net/' target='_blank'>Eadem nunc mea adversum te oratio est.</a> Bonum incolumis acies: misera caecitas. Nihil enim iam habes, quod ad corpus referas; Quia nec honesto quic quam honestius nec turpi turpius. Duo Reges: constructio interrete. Negat enim summo bono afferre incrementum diem. </p>\n\n<dl>\n\t<dt><dfn>Non semper, inquam;</dfn></dt>\n\t<dd>Illi enim inter se dissentiunt.</dd>\n\t<dt><dfn>Easdemne res?</dfn></dt>\n\t<dd>Miserum hominem! Si dolor summum malum est, dici aliter non potest.</dd>\n\t<dt><dfn>Tubulo putas dicere?</dfn></dt>\n\t<dd>Universa enim illorum ratione cum tota vestra confligendum puto.</dd>\n\t<dt><dfn>Itaque fecimus.</dfn></dt>\n\t<dd>Ecce aliud simile dissimile.</dd>\n\t<dt><dfn>Hoc simile tandem est?</dfn></dt>\n\t<dd>Quo modo autem philosophus loquitur?</dd>\n\t<dt><dfn>Recte, inquit, intellegis.</dfn></dt>\n\t<dd>Addo etiam illud, multa iam mihi dare signa puerum et pudoris et ingenii, sed aetatem vides.</dd>\n\t<dt><dfn>Quid adiuvas?</dfn></dt>\n\t<dd>Pisone in eo gymnasio, quod Ptolomaeum vocatur, unaque nobiscum Q.</dd>\n</dl>\n\n\n<p>Estne, quaeso, inquam, sitienti in bibendo voluptas? Quae cum dixisset paulumque institisset, Quid est? Sine ea igitur iucunde negat posse se vivere? Nemo igitur esse beatus potest. Estne, quaeso, inquam, sitienti in bibendo voluptas? Vide, quantum, inquam, fallare, Torquate. </p>\n\n<ul>\n\t<li>Illa sunt similia: hebes acies est cuipiam oculorum, corpore alius senescit;</li>\n\t<li>An, partus ancillae sitne in fructu habendus, disseretur inter principes civitatis, P.</li>\n\t<li>Sed ad bona praeterita redeamus.</li>\n\t<li>Quae autem natura suae primae institutionis oblita est?</li>\n</ul>\n\n\n<ol>\n\t<li>Qui est in parvis malis.</li>\n\t<li>Universa enim illorum ratione cum tota vestra confligendum puto.</li>\n</ol>\n\n\n<p><a href='http://loripsum.net/' target='_blank'>Hoc non est positum in nostra actione.</a> Quo tandem modo? Quid, de quo nulla dissensio est? Efficiens dici potest. Collatio igitur ista te nihil iuvat. Quacumque enim ingredimur, in aliqua historia vestigium ponimus. </p>\n\n",
    "_userdefined_roles": [],
    "_content_type": "text/html",
    "_id": "augue-morbi-pulvinar-et-ullamcorper-id-luctus.",
    "modification_date": "2018/10/26 17:57:23.467006 GMT-4",
    "_content_type_banner": "text/html",
    "rights": "Fusce risus a mattis quis cum ligula laoreet. Felis neque accumsan eu ipsum rutrum nullam etiam sodales. Donec ipsum primis. Etiam justo montes. Velit metus. Dolor morbi fusce scelerisque nam montes dapibus montes pede neque felis platea tempus. Etiam porta. Fames lacus magna ipsum morbi pretium sodales lectus ad. Felis risus proin lacus penatibus cum malesuada ante cum sollicitudin. Magna porta hymenaeos augue. Nulla curae luctus faucibus ullamcorper per duis amet egestas. Porta fames donec a lectus diam elit ad est vulputate lorem metus. Dolor fusce per donec erat ullamcorper ad primis. Metus purus donec vitae vel sagittis tristique netus fames cum euismod. Etiam neque luctus ac lobortis dapibus nonummy phasellus eros condimentum euismod consectetuer. Metus netus tellus mattis risus quisque nec euismod a. Proin fames cras senectus per semper volutpat. Magna massa. Lorem risus ligula.",
    "_atbrefs": {},
    "_content_type_description": "text/plain",
    "_owner": "admin",
    "_content_type_location": "text/plain",
    "_permissions": {
        "Modify portal content": {
            "acquire": false,
            "roles": [
                "Editor",
                "Manager",
                "Owner",
                "Site Administrator"
            ]
        },
        "Access contents information": {
            "acquire": false,
            "roles": [
                "Anonymous"
            ]
        },
        "View": {
            "acquire": false,
            "roles": [
                "Anonymous"
            ]
        }
    },
    "_properties": [
        [
            "title",
            "Augue morbi pulvinar et ullamcorper id luctus.",
            "string"
        ]
    ],
    "allowDiscussion": false,
    "_gopip": 6,
    "creators": [
        "admin"
    ],
    "_path": "/Plone/about/lacus-purus-sit-augue-facilisis-ultricies-pede./vitae-risus-mattis-nullam-purus-nonummy-arcu-fames-nonummy-rhoncus-dolor./augue-morbi-pulvinar-et-ullamcorper-id-luctus."
}