{
    "contributors": [],
    "_content_type_text": "text/html",
    "text": "<h1>Quid enim tanto opus est instrumento in optimis artibus comparandis?</h1>\n\n<p>Lorem ipsum dolor sit amet, consectetur adipiscing elit. Qui est in parvis malis. Et nemo nimium beatus est; Uterque enim summo bono fruitur, id est voluptate. Quid enim? Duo Reges: constructio interrete. </p>\n\n<ol>\n\t<li>Quod mihi quidem visus est, cum sciret, velle tamen confitentem audire Torquatum.</li>\n\t<li>Qui autem voluptate vitam effici beatam putabit, qui sibi is conveniet, si negabit voluptatem crescere longinquitate?</li>\n\t<li>Tum Quintus: Est plane, Piso, ut dicis, inquit.</li>\n\t<li>Nec vero hoc oratione solum, sed multo magis vita et factis et moribus comprobavit.</li>\n\t<li>Numquam facies.</li>\n</ol>\n\n\n<h2>Ergo illi intellegunt quid Epicurus dicat, ego non intellego?</h2>\n\n<p><a href='http://loripsum.net/' target='_blank'>Haeret in salebra.</a> Ita prorsus, inquam; Duarum enim vitarum nobis erunt instituta capienda. Si mala non sunt, iacet omnis ratio Peripateticorum. Sint ista Graecorum; </p>\n\n<ul>\n\t<li>Eam si varietatem diceres, intellegerem, ut etiam non dicente te intellego;</li>\n\t<li>Ista ipsa, quae tu breviter: regem, dictatorem, divitem solum esse sapientem, a te quidem apte ac rotunde;</li>\n</ul>\n\n\n<h3>Isto modo, ne si avia quidem eius nata non esset.</h3>\n\n<p><a href='http://loripsum.net/' target='_blank'>Illa tamen simplicia, vestra versuta.</a> Laboro autem non sine causa; </p>\n\n<dl>\n\t<dt><dfn>Age sane, inquam.</dfn></dt>\n\t<dd>Illum mallem levares, quo optimum atque humanissimum virum, Cn.</dd>\n\t<dt><dfn>Quonam, inquit, modo?</dfn></dt>\n\t<dd>Quicquid porro animo cernimus, id omne oritur a sensibus;</dd>\n\t<dt><dfn>Itaque fecimus.</dfn></dt>\n\t<dd>Quo plebiscito decreta a senatu est consuli quaestio Cn.</dd>\n\t<dt><dfn>Ut pulsi recurrant?</dfn></dt>\n\t<dd>Portenta haec esse dicit, neque ea ratione ullo modo posse vivi;</dd>\n\t<dt><dfn>At certe gravius.</dfn></dt>\n\t<dd>Inde igitur, inquit, ordiendum est.</dd>\n</dl>\n\n\n",
    "creation_date": "2018/10/26 17:57:23.641949 GMT-4",
    "_uid": "a0549b9a41a64009bb638491f4c908d2",
    "expirationDate": "None",
    "_content_type_id": "text/plain",
    "id": "risus-neque-primis-curae-nec.",
    "subject": [],
    "effectiveDate": "None",
    "title": "Risus neque primis curae nec.",
    "_ac_local_roles": {
        "admin": [
            "Owner"
        ]
    },
    "_content_type_language": "text/plain",
    "_defaultpage": "",
    "location": "Ipsum lorem.",
    "_content_type_title": "text/plain",
    "excludeFromNav": true,
    "presentation": true,
    "_type": "Document",
    "description": "Netus justo torquent dis mi litora aliquet dui cursus metus. Felis lacus elit dictumst turpis rutrum. Lacus lorem per pede congue eu eget. Purus massa blandit suscipit sapien duis consectetuer parturient. Neque metus etiam sociis lacus non parturient ac orci imperdiet et tempus porttitor dolor eu penatibus. Morbi massa nisl curabitur ut arcu erat quisque est hymenaeos. Class curae dis erat est proin nam facilisi. Porta fames curae facilisis nascetur class nam. Morbi neque. Felis neque nonummy nullam nunc dapibus. Netus curae dolor semper scelerisque. Lorem donec. Curae porta amet quis eleifend curae ac lectus dictumst suspendisse nam ut fusce ad ultrices placerat. Class lacus volutpat donec massa dignissim nam dolor lacinia. Morbi netus venenatis morbi eu semper. Etiam purus suspendisse sociosqu. Metus massa aliquam sed ultrices.",
    "_atrefs": {},
    "_layout": "document_view",
    "_workflow_history": {
        "simple_publication_workflow": [
            {
                "action": null,
                "review_state": "private",
                "actor": "admin",
                "comments": "",
                "time": "2018/10/26 17:57:23.646142 GMT-4"
            },
            {
                "action": "publish",
                "review_state": "published",
                "actor": "admin",
                "comments": "",
                "time": "2018/10/26 17:57:24.245104 GMT-4"
            }
        ]
    },
    "_content_type_rights": "text/plain",
    "_directly_provided": [],
    "language": "en",
    "tableContents": true,
    "_classname": "ATDocument",
    "banner": "<h1>Nihil sane.</h1>\n\n<p>Lorem ipsum dolor sit amet, consectetur adipiscing elit. Polycratem Samium felicem appellabant. Quo modo? Duo Reges: constructio interrete. Tubulo putas dicere? Quid me istud rogas? <a href='http://loripsum.net/' target='_blank'>Tollenda est atque extrahenda radicitus.</a> </p>\n\n<ol>\n\t<li>Hoc positum in Phaedro a Platone probavit Epicurus sensitque in omni disputatione id fieri oportere.</li>\n\t<li>Si sapiens, ne tum quidem miser, cum ab Oroete, praetore Darei, in crucem actus est.</li>\n\t<li>Contemnit enim disserendi elegantiam, confuse loquitur.</li>\n\t<li>Piso, familiaris noster, et alia multa et hoc loco Stoicos irridebat: Quid enim?</li>\n</ol>\n\n\n<h2>Occultum facinus esse potuerit, gaudebit;</h2>\n\n<p>Sedulo, inquam, faciam. Conferam tecum, quam cuique verso rem subicias; Dici enim nihil potest verius. At enim hic etiam dolore. </p>\n\n<ul>\n\t<li>Sed ad illum redeo.</li>\n\t<li>Quae diligentissime contra Aristonem dicuntur a Chryippo.</li>\n\t<li>Ex rebus enim timiditas, non ex vocabulis nascitur.</li>\n\t<li>Qui non moveatur et offensione turpitudinis et comprobatione honestatis?</li>\n</ul>\n\n\n<dl>\n\t<dt><dfn>Tenent mordicus.</dfn></dt>\n\t<dd>Quid igitur dubitamus in tota eius natura quaerere quid sit effectum?</dd>\n\t<dt><dfn>Quis hoc dicit?</dfn></dt>\n\t<dd>Sed tamen enitar et, si minus multa mihi occurrent, non fugiam ista popularia.</dd>\n\t<dt><dfn>Cur iustitia laudatur?</dfn></dt>\n\t<dd>Suo genere perveniant ad extremum;</dd>\n\t<dt><dfn>Immo alio genere;</dfn></dt>\n\t<dd>Si enim ita est, vide ne facinus facias, cum mori suadeas.</dd>\n</dl>\n\n\n<p>Sint modo partes vitae beatae. Qua tu etiam inprudens utebare non numquam. Ratio quidem vestra sic cogit. Idemne, quod iucunde? </p>\n\n",
    "_userdefined_roles": [],
    "_content_type": "text/html",
    "_id": "risus-neque-primis-curae-nec.",
    "modification_date": "2018/10/26 17:57:24.251332 GMT-4",
    "_content_type_banner": "text/html",
    "rights": "Ipsum dolor. Curae porta felis suscipit massa auctor maecenas euismod sociis ad. Lacus dolor eget sodales ve cras. Curae fames aliquet velit quam curae euismod. Curae morbi taciti id euismod pede id consectetuer aptent at. Proin metus curabitur inceptos auctor turpis magna ipsum ullamcorper eleifend etiam. Curae vitae sapien pharetra blandit.",
    "_atbrefs": {},
    "_content_type_description": "text/plain",
    "_owner": "admin",
    "_content_type_location": "text/plain",
    "_permissions": {
        "Modify portal content": {
            "acquire": false,
            "roles": [
                "Editor",
                "Manager",
                "Owner",
                "Site Administrator"
            ]
        },
        "Access contents information": {
            "acquire": false,
            "roles": [
                "Anonymous"
            ]
        },
        "View": {
            "acquire": false,
            "roles": [
                "Anonymous"
            ]
        }
    },
    "_properties": [
        [
            "title",
            "Risus neque primis curae nec.",
            "string"
        ]
    ],
    "allowDiscussion": false,
    "_gopip": 7,
    "creators": [
        "admin"
    ],
    "_path": "/Plone/about/lacus-purus-sit-augue-facilisis-ultricies-pede./vitae-risus-mattis-nullam-purus-nonummy-arcu-fames-nonummy-rhoncus-dolor./risus-neque-primis-curae-nec."
}