{
    "startDate": "2018/10/25 03:03:19.079117 GMT-4",
    "endDate": "2018/10/25 15:35:7.805802 GMT-4",
    "contributors": [],
    "_content_type_text": "text/html",
    "text": "<h1>Ut non sine causa ex iis memoriae ducta sit disciplina.</h1>\n\n<p>Lorem ipsum dolor sit amet, consectetur adipiscing elit. Faceres tu quidem, Torquate, haec omnia; Nihil illinc huc pervenit. Idemne, quod iucunde? Sed vos squalidius, illorum vides quam niteat oratio. Qui-vere falsone, quaerere mittimus-dicitur oculis se privasse; Duo Reges: constructio interrete. Esse enim, nisi eris, non potes. Certe non potest. </p>\n\n<dl>\n\t<dt><dfn>Frater et T.</dfn></dt>\n\t<dd>Mihi quidem Homerus huius modi quiddam vidisse videatur in iis, quae de Sirenum cantibus finxerit.</dd>\n\t<dt><dfn>Quis negat?</dfn></dt>\n\t<dd>Sed tamen omne, quod de re bona dilucide dicitur, mihi praeclare dici videtur.</dd>\n\t<dt><dfn>Tria genera bonorum;</dfn></dt>\n\t<dd>An quod ita callida est, ut optime possit architectari voluptates?</dd>\n\t<dt><dfn>Tria genera bonorum;</dfn></dt>\n\t<dd>Fieri, inquam, Triari, nullo pacto potest, ut non dicas, quid non probes eius, a quo dissentias.</dd>\n\t<dt><dfn>At certe gravius.</dfn></dt>\n\t<dd>Atque haec ita iustitiae propria sunt, ut sint virtutum reliquarum communia.</dd>\n\t<dt><dfn>Sed haec omittamus;</dfn></dt>\n\t<dd>Portenta haec esse dicit, neque ea ratione ullo modo posse vivi;</dd>\n</dl>\n\n\n<h2>Et non ex maxima parte de tota iudicabis?</h2>\n\n<p>Equidem e Cn. Dicimus aliquem hilare vivere; Neutrum vero, inquit ille. Atqui reperies, inquit, in hoc quidem pertinacem; Cur deinde Metrodori liberos commendas? <a href='http://loripsum.net/' target='_blank'>Haeret in salebra.</a> </p>\n\n<ol>\n\t<li>Quid enim ab antiquis ex eo genere, quod ad disserendum valet, praetermissum est?</li>\n\t<li>Sed tamen intellego quid velit.</li>\n\t<li>Tu quidem reddes;</li>\n</ol>\n\n\n<h3>Primum in nostrane potestate est, quid meminerimus?</h3>\n\n<p>Tecum optime, deinde etiam cum mediocri amico. Age, inquies, ista parva sunt. Frater et T. Certe non potest. </p>\n\n<ul>\n\t<li>Quam nemo umquam voluptatem appellavit, appellat;</li>\n\t<li>Iam contemni non poteris.</li>\n\t<li>Et ille ridens: Video, inquit, quid agas;</li>\n\t<li>Itaque haec cum illis est dissensio, cum Peripateticis nulla sane.</li>\n</ul>\n\n\n",
    "eventUrl": "http://en.wikipedia.com/wiki/Lorem_ipsum",
    "creation_date": "2018/10/26 17:57:26.179606 GMT-4",
    "contactEmail": "loremipsum@mail.com",
    "_uid": "f8dacc55044e47999995bd3a11b7cab5",
    "expirationDate": "None",
    "contactName": "Morbi dolor non ornare.",
    "_content_type_id": "text/plain",
    "contactPhone": "Porta felis ligula aptent velit laoreet cursus porta mi vulputate erat magna scelerisque suscipit curae morbi.",
    "id": "curae-porta.",
    "subject": [],
    "attendees": [],
    "effectiveDate": "None",
    "title": "Curae porta.",
    "_content_type_contactPhone": "text/plain",
    "_content_type_eventUrl": "text/plain",
    "_content_type_language": "text/plain",
    "_defaultpage": "",
    "location": "Dolor fusce a semper risus adipiscing.",
    "_content_type_title": "text/plain",
    "excludeFromNav": false,
    "_content_type_contactName": "text/plain",
    "_type": "Event",
    "description": "Velit class feugiat nam adipiscing nulla ante blandit ad luctus. Massa etiam nostra nunc venenatis sollicitudin blandit. Fusce nulla luctus ridiculus interdum dolor cubilia suscipit et. Risus dolor mollis luctus. Proin fames. Massa netus vitae massa odio nostra. Massa purus aliquam tortor ve quam nascetur fames mi dictum. Metus morbi. Augue proin. Augue metus a gravida litora urna elit facilisis ornare per euismod. Morbi lorem odio non eu fames sapien pede posuere. Nulla lorem eros ipsum dignissim eleifend semper volutpat ipsum facilisis per eros et. Donec netus ornare. Justo neque. Felis dolor.",
    "_atrefs": {},
    "_layout": "event_view",
    "_workflow_history": {
        "simple_publication_workflow": [
            {
                "action": null,
                "review_state": "private",
                "actor": "admin",
                "comments": "",
                "time": "2018/10/26 17:57:26.183167 GMT-4"
            },
            {
                "action": "publish",
                "review_state": "published",
                "actor": "admin",
                "comments": "",
                "time": "2018/10/26 17:57:26.510727 GMT-4"
            }
        ]
    },
    "_content_type_rights": "text/plain",
    "_directly_provided": [],
    "_classname": "ATEvent",
    "_userdefined_roles": [],
    "_content_type_contactEmail": "text/plain",
    "_content_type": "text/html",
    "_id": "curae-porta.",
    "modification_date": "2018/10/26 17:57:26.514696 GMT-4",
    "language": "en",
    "rights": "Massa augue class enim sodales etiam curae sapien at nam. Magna ipsum diam sed eget cras dolor diam sit hac in neque consectetuer. Metus massa lectus sociis viverra hac dignissim platea nec vestibulum phasellus nisi. Augue justo a cubilia ad. Justo ipsum. Purus fusce urna aenean massa cum sociis mi nisl. Porta fusce. Dolor ipsum sem diam consequat eu hendrerit donec mauris. Augue fames etiam a. Porta class netus porta elit eros netus posuere diam. Morbi ipsum. Neque donec. Class felis varius at enim. Porta purus mollis et eni id. Risus proin imperdiet fames. Risus netus potenti quisque. Metus porta nunc. Porta fusce vivamus nisi sociosqu condimentum faucibus. Morbi metus velit dui molestie pretium aliquam gravida ridiculus elit. Nulla lorem.",
    "_atbrefs": {},
    "_content_type_description": "text/plain",
    "_owner": "admin",
    "_content_type_location": "text/plain",
    "_permissions": {
        "Modify portal content": {
            "acquire": false,
            "roles": [
                "Editor",
                "Manager",
                "Owner",
                "Site Administrator"
            ]
        },
        "Access contents information": {
            "acquire": false,
            "roles": [
                "Anonymous"
            ]
        },
        "View": {
            "acquire": false,
            "roles": [
                "Anonymous"
            ]
        }
    },
    "_properties": [
        [
            "title",
            "Curae porta.",
            "string"
        ]
    ],
    "allowDiscussion": false,
    "_gopip": 10,
    "creators": [
        "admin"
    ],
    "_ac_local_roles": {
        "admin": [
            "Owner"
        ]
    },
    "_path": "/Plone/about/lacus-purus-sit-augue-facilisis-ultricies-pede./vitae-risus-mattis-nullam-purus-nonummy-arcu-fames-nonummy-rhoncus-dolor./curae-porta."
}