{
    "startDate": "2018/10/13 02:37:21.247462 GMT-4",
    "endDate": "2018/10/15 18:16:13.533076 GMT-4",
    "contributors": [],
    "_content_type_text": "text/html",
    "text": "<h1>Potius ergo illa dicantur: turpe esse, viri non esse debilitari dolore, frangi, succumbere.</h1>\n\n<p>Lorem ipsum dolor sit amet, consectetur adipiscing elit. Duo Reges: constructio interrete. Quid iudicant sensus? Respondent extrema primis, media utrisque, omnia omnibus. Contemnit enim disserendi elegantiam, confuse loquitur. </p>\n\n<h3>Qualem igitur hominem natura inchoavit?</h3>\n\n<p>Dempta enim aeternitate nihilo beatior Iuppiter quam Epicurus; Facete M. Nam Pyrrho, Aristo, Erillus iam diu abiecti. Igitur ne dolorem quidem. Quod cum dixissent, ille contra. <a href='http://loripsum.net/' target='_blank'>Numquam facies.</a> </p>\n\n<dl>\n\t<dt><dfn>Recte dicis;</dfn></dt>\n\t<dd>Cur, nisi quod turpis oratio est?</dd>\n\t<dt><dfn>Etiam beatissimum?</dfn></dt>\n\t<dd>Sed tu istuc dixti bene Latine, parum plane.</dd>\n\t<dt><dfn>Quid Zeno?</dfn></dt>\n\t<dd>Qui igitur convenit ab alia voluptate dicere naturam proficisci, in alia summum bonum ponere?</dd>\n\t<dt><dfn>Proclivi currit oratio.</dfn></dt>\n\t<dd>Tum ille: Tu autem cum ipse tantum librorum habeas, quos hic tandem requiris?</dd>\n</dl>\n\n\n<h2>Quid de Platone aut de Democrito loquar?</h2>\n\n<p>Quae cum dixisset, finem ille. In schola desinis. Re mihi non aeque satisfacit, et quidem locis pluribus. </p>\n\n<ul>\n\t<li>Primum divisit ineleganter;</li>\n\t<li>Re mihi non aeque satisfacit, et quidem locis pluribus.</li>\n\t<li>Quid ei reliquisti, nisi te, quoquo modo loqueretur, intellegere, quid diceret?</li>\n\t<li>Quis Aristidem non mortuum diligit?</li>\n\t<li>Beatus autem esse in maximarum rerum timore nemo potest.</li>\n</ul>\n\n\n<ol>\n\t<li>Amicitiam autem adhibendam esse censent, quia sit ex eo genere, quae prosunt.</li>\n\t<li>Dic in quovis conventu te omnia facere, ne doleas.</li>\n\t<li>Quorum altera prosunt, nocent altera.</li>\n\t<li>Quo plebiscito decreta a senatu est consuli quaestio Cn.</li>\n\t<li>Sed quae tandem ista ratio est?</li>\n\t<li>Quid est, quod ab ea absolvi et perfici debeat?</li>\n</ol>\n\n\n",
    "eventUrl": "http://en.wikipedia.com/wiki/Lorem_ipsum",
    "creation_date": "2018/10/26 17:57:28.275105 GMT-4",
    "contactEmail": "loremipsum@mail.com",
    "_uid": "592b8c5ecb4748d69374f27c88f332ba",
    "expirationDate": "None",
    "contactName": "Proin velit rutrum ipsum eu vitae amet magna ac velit vehicula parturient tempus in ultrices diam.",
    "_content_type_id": "text/plain",
    "contactPhone": "Etiam dolor cursus et nam.",
    "id": "dolor-etiam-rutrum-elementum-lobortis-lectus-parturient-risus-odio.",
    "subject": [],
    "attendees": [],
    "effectiveDate": "None",
    "title": "Dolor etiam rutrum elementum lobortis lectus parturient risus odio.",
    "_content_type_contactPhone": "text/plain",
    "_content_type_eventUrl": "text/plain",
    "_content_type_language": "text/plain",
    "_defaultpage": "",
    "location": "Curae netus justo donec a cubilia ac dui elit urna integer posuere fusce morbi.",
    "_content_type_title": "text/plain",
    "excludeFromNav": true,
    "_content_type_contactName": "text/plain",
    "_type": "Event",
    "description": "Velit etiam. Augue justo. Class lorem. Purus curae justo rutrum purus id mus ante massa. Magna dolor ridiculus. Felis velit leo cras nisi sagittis. Massa nulla sociis mus nibh faucibus ridiculus pharetra placerat. Justo purus maecenas fames nisl viverra elementum odio etiam laoreet justo. Fames donec. Fames curae nibh pharetra purus consequat. Proin class dapibus proin non iaculis eu facilisis donec ridiculus quisque.",
    "_atrefs": {},
    "_layout": "event_view",
    "_workflow_history": {
        "simple_publication_workflow": [
            {
                "action": null,
                "review_state": "private",
                "actor": "admin",
                "comments": "",
                "time": "2018/10/26 17:57:28.279077 GMT-4"
            },
            {
                "action": "publish",
                "review_state": "published",
                "actor": "admin",
                "comments": "",
                "time": "2018/10/26 17:57:28.603476 GMT-4"
            }
        ]
    },
    "_content_type_rights": "text/plain",
    "_directly_provided": [],
    "_classname": "ATEvent",
    "_userdefined_roles": [],
    "_content_type_contactEmail": "text/plain",
    "_content_type": "text/html",
    "_id": "dolor-etiam-rutrum-elementum-lobortis-lectus-parturient-risus-odio.",
    "modification_date": "2018/10/26 17:57:28.608103 GMT-4",
    "language": "en",
    "rights": "Porta felis tellus ullamcorper ipsum curabitur praesent interdum ipsum. Neque class sociosqu facilisis magna at. Justo lacus blandit mattis sed ut pede volutpat. Purus netus. Etiam donec magna. Risus morbi cursus nulla integer cum diam pede nibh. Velit lacus dictumst purus a montes vitae parturient nascetur duis. Ipsum magna etiam facilisis magna a eros vestibulum semper lobortis. Porta ipsum a odio in hac. Porta massa integer nec ut montes eu tellus tristique magna. Metus felis dictum tellus felis adipiscing pharetra amet.",
    "_atbrefs": {},
    "_content_type_description": "text/plain",
    "_owner": "admin",
    "_content_type_location": "text/plain",
    "_permissions": {
        "Modify portal content": {
            "acquire": false,
            "roles": [
                "Editor",
                "Manager",
                "Owner",
                "Site Administrator"
            ]
        },
        "Access contents information": {
            "acquire": false,
            "roles": [
                "Anonymous"
            ]
        },
        "View": {
            "acquire": false,
            "roles": [
                "Anonymous"
            ]
        }
    },
    "_properties": [
        [
            "title",
            "Dolor etiam rutrum elementum lobortis lectus parturient risus odio.",
            "string"
        ]
    ],
    "allowDiscussion": false,
    "_gopip": 14,
    "creators": [
        "admin"
    ],
    "_ac_local_roles": {
        "admin": [
            "Owner"
        ]
    },
    "_path": "/Plone/about/lacus-purus-sit-augue-facilisis-ultricies-pede./vitae-risus-mattis-nullam-purus-nonummy-arcu-fames-nonummy-rhoncus-dolor./dolor-etiam-rutrum-elementum-lobortis-lectus-parturient-risus-odio."
}