{
    "startDate": "2018/11/10 10:17:57.577171 GMT-4",
    "endDate": "2018/11/10 21:30:59.804987 GMT-4",
    "contributors": [],
    "_content_type_text": "text/html",
    "text": "<h1>Tecum optime, deinde etiam cum mediocri amico.</h1>\n\n<p>Lorem ipsum dolor sit amet, consectetur adipiscing elit. Verum hoc idem saepe faciamus. Inquit, dasne adolescenti veniam? Graccho, eius fere, aequal\u00ed? Duo Reges: constructio interrete. <a href='http://loripsum.net/' target='_blank'>Summus dolor plures dies manere non potest?</a> At ille pellit, qui permulcet sensum voluptate. </p>\n\n<p>De illis, cum volemus. Nihil ad rem! Ne sit sane; Quid sequatur, quid repugnet, vident. Videsne, ut haec concinant? Quid ad utilitatem tantae pecuniae? Tum Torquatus: Prorsus, inquit, assentior; </p>\n\n<ul>\n\t<li>Illud dico, ea, quae dicat, praeclare inter se cohaerere.</li>\n\t<li>Verum hoc loco sumo verbis his eandem certe vim voluptatis Epicurum nosse quam ceteros.</li>\n\t<li>Non igitur potestis voluptate omnia dirigentes aut tueri aut retinere virtutem.</li>\n</ul>\n\n\n<p>Avaritiamne minuis? <a href='http://loripsum.net/' target='_blank'>Fortasse id optimum, sed ubi illud: Plus semper voluptatis?</a> Sic enim censent, oportunitatis esse beate vivere. Bonum integritas corporis: misera debilitas. Nullus est igitur cuiusquam dies natalis. </p>\n\n<dl>\n\t<dt><dfn>Age sane, inquam.</dfn></dt>\n\t<dd>Aliter homines, aliter philosophos loqui putas oportere?</dd>\n\t<dt><dfn>An potest cupiditas finiri?</dfn></dt>\n\t<dd>Ut proverbia non nulla veriora sint quam vestra dogmata.</dd>\n\t<dt><dfn>Audeo dicere, inquit.</dfn></dt>\n\t<dd>Ita fit cum gravior, tum etiam splendidior oratio.</dd>\n\t<dt><dfn>Ita credo.</dfn></dt>\n\t<dd>Quod autem magnum dolorem brevem, longinquum levem esse dicitis, id non intellego quale sit.</dd>\n\t<dt><dfn>Ita prorsus, inquam;</dfn></dt>\n\t<dd>Nihilne est in his rebus, quod dignum libero aut indignum esse ducamus?</dd>\n\t<dt><dfn>Si longus, levis.</dfn></dt>\n\t<dd>Primum in nostrane potestate est, quid meminerimus?</dd>\n</dl>\n\n\n<ol>\n\t<li>Quae ista amicitia est?</li>\n\t<li>Mihi vero, inquit, placet agi subtilius et, ut ipse dixisti, pressius.</li>\n</ol>\n\n\n",
    "eventUrl": "http://en.wikipedia.com/wiki/Lorem_ipsum",
    "creation_date": "2018/10/26 17:57:28.796997 GMT-4",
    "contactEmail": "loremipsum@mail.com",
    "_uid": "5b7e029c856f491684f95b244fb5224b",
    "expirationDate": "None",
    "contactName": "Velit ipsum erat aliquet ve bibendum.",
    "_content_type_id": "text/plain",
    "contactPhone": "Fusce class pretium aptent nulla et.",
    "id": "felis-donec-nam-magna.",
    "subject": [],
    "attendees": [],
    "effectiveDate": "None",
    "title": "Felis donec nam magna.",
    "_content_type_contactPhone": "text/plain",
    "_content_type_eventUrl": "text/plain",
    "_content_type_language": "text/plain",
    "_defaultpage": "",
    "location": "Fames felis augue massa scelerisque odio.",
    "_content_type_title": "text/plain",
    "excludeFromNav": false,
    "_content_type_contactName": "text/plain",
    "_type": "Event",
    "description": "Morbi velit. Morbi lorem nunc commodo quis elit feugiat pretium tellus ac. Nulla class lacus interdum dis sodales. Risus metus. Justo purus auctor class parturient conubia dui parturient vulputate nibh sed. Neque massa. Lorem justo fusce pede. Donec lorem proin sapien. Proin netus morbi suscipit id. Justo class torquent et neque sociis. Fusce neque eni class duis eget fermentum id eu.",
    "_atrefs": {},
    "_layout": "event_view",
    "_workflow_history": {
        "simple_publication_workflow": [
            {
                "action": null,
                "review_state": "private",
                "actor": "admin",
                "comments": "",
                "time": "2018/10/26 17:57:28.800643 GMT-4"
            },
            {
                "action": "publish",
                "review_state": "published",
                "actor": "admin",
                "comments": "",
                "time": "2018/10/26 17:57:29.130104 GMT-4"
            }
        ]
    },
    "_content_type_rights": "text/plain",
    "_directly_provided": [],
    "_classname": "ATEvent",
    "_userdefined_roles": [],
    "_content_type_contactEmail": "text/plain",
    "_content_type": "text/html",
    "_id": "felis-donec-nam-magna.",
    "modification_date": "2018/10/26 17:57:29.133888 GMT-4",
    "language": "en",
    "rights": "Neque lacus lobortis urna feugiat duis. Augue massa nam ridiculus nam pellentesque risus elit. Metus fusce. Donec magna velit molestie ac ullamcorper. Augue metus risus etiam rhoncus mus in. Proin curae ligula taciti curae suscipit porta odio posuere fusce nunc. Fames purus interdum facilisis eleifend et mauris sagittis cras lacinia. Magna class mattis erat ipsum sit. Metus etiam scelerisque odio.",
    "_atbrefs": {},
    "_content_type_description": "text/plain",
    "_owner": "admin",
    "_content_type_location": "text/plain",
    "_permissions": {
        "Modify portal content": {
            "acquire": false,
            "roles": [
                "Editor",
                "Manager",
                "Owner",
                "Site Administrator"
            ]
        },
        "Access contents information": {
            "acquire": false,
            "roles": [
                "Anonymous"
            ]
        },
        "View": {
            "acquire": false,
            "roles": [
                "Anonymous"
            ]
        }
    },
    "_properties": [
        [
            "title",
            "Felis donec nam magna.",
            "string"
        ]
    ],
    "allowDiscussion": false,
    "_gopip": 15,
    "creators": [
        "admin"
    ],
    "_ac_local_roles": {
        "admin": [
            "Owner"
        ]
    },
    "_path": "/Plone/about/lacus-purus-sit-augue-facilisis-ultricies-pede./vitae-risus-mattis-nullam-purus-nonummy-arcu-fames-nonummy-rhoncus-dolor./felis-donec-nam-magna."
}