{
    "startDate": "2018/11/04 23:47:7.177603 GMT-4",
    "endDate": "2018/11/07 09:47:43.592384 GMT-4",
    "contributors": [],
    "_content_type_text": "text/html",
    "text": "<h1>Nemo nostrum istius generis asotos iucunde putat vivere.</h1>\n\n<p>Lorem ipsum dolor sit amet, consectetur adipiscing elit. Igitur ne dolorem quidem. Duo Reges: constructio interrete. Beatus sibi videtur esse moriens. Qualem igitur hominem natura inchoavit? <a href='http://loripsum.net/' target='_blank'>Comprehensum, quod cognitum non habet?</a> Quod totum contra est. </p>\n\n<ul>\n\t<li>Dicet pro me ipsa virtus nec dubitabit isti vestro beato M.</li>\n\t<li>Sed tamen omne, quod de re bona dilucide dicitur, mihi praeclare dici videtur.</li>\n\t<li>Isto modo ne improbos quidem, si essent boni viri.</li>\n</ul>\n\n\n<p>Sumenda potius quam expetenda. Eam stabilem appellas. Apparet statim, quae sint officia, quae actiones. Vestri haec verecundius, illi fortasse constantius. </p>\n\n<ol>\n\t<li>Qui potest igitur habitare in beata vita summi mali metus?</li>\n\t<li>Nullum inveniri verbum potest quod magis idem declaret Latine, quod Graece, quam declarat voluptas.</li>\n</ol>\n\n\n<p>A mene tu? Igitur neque stultorum quisquam beatus neque sapientium non beatus. Sed ad bona praeterita redeamus. Inde sermone vario sex illa a Dipylo stadia confecimus. </p>\n\n<dl>\n\t<dt><dfn>A mene tu?</dfn></dt>\n\t<dd>Profectus in exilium Tubulus statim nec respondere ausus;</dd>\n\t<dt><dfn>Restatis igitur vos;</dfn></dt>\n\t<dd>Sed audiamus ipsum: Compensabatur, inquit, tamen cum his omnibus animi laetitia, quam capiebam memoria rationum inventorumque nostrorum.</dd>\n\t<dt><dfn>Sullae consulatum?</dfn></dt>\n\t<dd>Quam nemo umquam voluptatem appellavit, appellat;</dd>\n\t<dt><dfn>Magna laus.</dfn></dt>\n\t<dd>Res enim concurrent contrariae.</dd>\n\t<dt><dfn>Sumenda potius quam expetenda.</dfn></dt>\n\t<dd>An eum locum libenter invisit, ubi Demosthenes et Aeschines inter se decertare soliti sunt?</dd>\n</dl>\n\n\n",
    "eventUrl": "http://en.wikipedia.com/wiki/Lorem_ipsum",
    "creation_date": "2018/10/26 17:57:29.308847 GMT-4",
    "contactEmail": "loremipsum@mail.com",
    "_uid": "3264e47a09b841359a409503e2ea4f29",
    "expirationDate": "None",
    "contactName": "Nulla proin netus diam tristique fames in massa.",
    "_content_type_id": "text/plain",
    "contactPhone": "Felis magna nisl sit risus lectus per auctor.",
    "id": "massa-porta.",
    "subject": [],
    "attendees": [],
    "effectiveDate": "None",
    "title": "Massa porta.",
    "_content_type_contactPhone": "text/plain",
    "_content_type_eventUrl": "text/plain",
    "_content_type_language": "text/plain",
    "_defaultpage": "",
    "location": "Curae neque ultrices malesuada nullam interdum primis ornare eros.",
    "_content_type_title": "text/plain",
    "excludeFromNav": true,
    "_content_type_contactName": "text/plain",
    "_type": "Event",
    "description": "Magna etiam hac parturient vestibulum id arcu varius hymenaeos phasellus enim iaculis. Proin morbi a nunc vitae mi pellentesque taciti netus ultricies eros. Etiam class dis per conubia diam nisl potenti id vel hymenaeos tempus a parturient eni curae. Etiam neque. Porta fusce taciti cursus mus senectus hendrerit. Dolor donec natoque per ad magna in. Purus augue quam a eget lacus id neque id montes posuere rhoncus tempus eget etiam ac. Vitae neque nonummy posuere ultricies libero quam magna faucibus et netus. Curae purus habitasse rutrum adipiscing netus. Lorem fames morbi varius bibendum condimentum sed mollis quam natoque. Risus etiam duis dolor torquent vestibulum ultricies nisi leo natoque maecenas nulla ad cursus mi. Justo nulla litora vitae at nullam dapibus quisque.",
    "_atrefs": {},
    "_layout": "event_view",
    "_workflow_history": {
        "simple_publication_workflow": [
            {
                "action": null,
                "review_state": "private",
                "actor": "admin",
                "comments": "",
                "time": "2018/10/26 17:57:29.312541 GMT-4"
            },
            {
                "action": "publish",
                "review_state": "published",
                "actor": "admin",
                "comments": "",
                "time": "2018/10/26 17:57:29.636860 GMT-4"
            }
        ]
    },
    "_content_type_rights": "text/plain",
    "_directly_provided": [],
    "_classname": "ATEvent",
    "_userdefined_roles": [],
    "_content_type_contactEmail": "text/plain",
    "_content_type": "text/html",
    "_id": "massa-porta.",
    "modification_date": "2018/10/26 17:57:29.641047 GMT-4",
    "language": "en",
    "rights": "Donec neque luctus vehicula convallis nam pede. Class velit nulla. Ipsum curae vel diam sit morbi blandit fermentum. Donec vitae ligula metus orci leo amet morbi. Curae risus. Vitae fusce. Netus metus nisi suscipit. Dolor lacus luctus ante at lorem. Magna fusce massa placerat at primis suscipit dolor ridiculus nisl per felis dolor mattis lectus. Fames lorem risus proin sit cras quam viverra in senectus nisi nam nisi massa nonummy magnis. Risus proin lobortis hendrerit sollicitudin natoque lorem ad primis lobortis scelerisque placerat penatibus mi pede placerat facilisi. Magna class scelerisque facilisi. Morbi fusce magnis. Felis lorem tempus. Dolor justo per vivamus praesent tortor ligula sit ut fermentum. Augue class. Felis metus maecenas. Fames augue quis ultrices suspendisse dictumst lorem dictum laoreet lacinia tempor duis. Nulla velit etiam nec nunc a elit porta bibendum.",
    "_atbrefs": {},
    "_content_type_description": "text/plain",
    "_owner": "admin",
    "_content_type_location": "text/plain",
    "_permissions": {
        "Modify portal content": {
            "acquire": false,
            "roles": [
                "Editor",
                "Manager",
                "Owner",
                "Site Administrator"
            ]
        },
        "Access contents information": {
            "acquire": false,
            "roles": [
                "Anonymous"
            ]
        },
        "View": {
            "acquire": false,
            "roles": [
                "Anonymous"
            ]
        }
    },
    "_properties": [
        [
            "title",
            "Massa porta.",
            "string"
        ]
    ],
    "allowDiscussion": false,
    "_gopip": 16,
    "creators": [
        "admin"
    ],
    "_ac_local_roles": {
        "admin": [
            "Owner"
        ]
    },
    "_path": "/Plone/about/lacus-purus-sit-augue-facilisis-ultricies-pede./vitae-risus-mattis-nullam-purus-nonummy-arcu-fames-nonummy-rhoncus-dolor./massa-porta."
}