{
    "startDate": "2018/10/11 07:42:6.321175 GMT-4",
    "endDate": "2018/10/12 09:52:45.231822 GMT-4",
    "contributors": [],
    "_content_type_text": "text/html",
    "text": "<h1>Tu autem, si tibi illa probabantur, cur non propriis verbis ea tenebas?</h1>\n\n<p>Lorem ipsum dolor sit amet, consectetur adipiscing elit. Restatis igitur vos; Quis non odit sordidos, vanos, leves, futtiles? Duo Reges: constructio interrete. Quis istum dolorem timet? Paria sunt igitur. </p>\n\n<p>Summae mihi videtur inscitiae. Quo modo autem optimum, si bonum praeterea nullum est? </p>\n\n<p>Si quae forte-possumus. Tria genera bonorum; Confecta res esset. Num quid tale Democritus? Iam in altera philosophiae parte. Facillimum id quidem est, inquam. Quod non faceret, si in voluptate summum bonum poneret. Ad eas enim res ab Epicuro praecepta dantur. </p>\n\n<ol>\n\t<li>Haec quo modo conveniant, non sane intellego.</li>\n\t<li>Uterque enim summo bono fruitur, id est voluptate.</li>\n</ol>\n\n\n<ul>\n\t<li>Legimus tamen Diogenem, Antipatrum, Mnesarchum, Panaetium, multos alios in primisque familiarem nostrum Posidonium.</li>\n\t<li>Inde sermone vario sex illa a Dipylo stadia confecimus.</li>\n\t<li>Beatus autem esse in maximarum rerum timore nemo potest.</li>\n\t<li>Quae sequuntur igitur?</li>\n\t<li>Hanc ergo intuens debet institutum illud quasi signum absolvere.</li>\n\t<li>Aut, Pylades cum sis, dices te esse Orestem, ut moriare pro amico?</li>\n</ul>\n\n\n<dl>\n\t<dt><dfn>Recte dicis;</dfn></dt>\n\t<dd>Et certamen honestum et disputatio splendida! omnis est enim de virtutis dignitate contentio.</dd>\n\t<dt><dfn>Itaque fecimus.</dfn></dt>\n\t<dd>Nec hoc ille non vidit, sed verborum magnificentia est et gloria delectatus.</dd>\n\t<dt><dfn>Ita prorsus, inquam;</dfn></dt>\n\t<dd>Iam quae corporis sunt, ea nec auctoritatem cum animi partibus, comparandam et cognitionem habent faciliorem.</dd>\n\t<dt><dfn>Primum divisit ineleganter;</dfn></dt>\n\t<dd>Ait enim se, si uratur, Quam hoc suave! dicturum.</dd>\n\t<dt><dfn>Audeo dicere, inquit.</dfn></dt>\n\t<dd>Sed non sunt in eo genere tantae commoditates corporis tamque productae temporibus tamque multae.</dd>\n</dl>\n\n\n",
    "eventUrl": "http://en.wikipedia.com/wiki/Lorem_ipsum",
    "creation_date": "2018/10/26 17:57:29.827984 GMT-4",
    "contactEmail": "loremipsum@mail.com",
    "_uid": "833136b9551c4338a97a6f9ef37ca664",
    "expirationDate": "None",
    "contactName": "Ipsum proin cum sociosqu fermentum proin et habitasse et suspendisse eros.",
    "_content_type_id": "text/plain",
    "contactPhone": "Fames metus vel massa adipiscing amet ipsum gravida enim gravida risus pede.",
    "id": "ipsum-porta-rutrum-orci-urna.",
    "subject": [],
    "attendees": [],
    "effectiveDate": "None",
    "title": "Ipsum porta rutrum orci urna.",
    "_content_type_contactPhone": "text/plain",
    "_content_type_eventUrl": "text/plain",
    "_content_type_language": "text/plain",
    "_defaultpage": "",
    "location": "Lorem purus dolor sapien nibh in est.",
    "_content_type_title": "text/plain",
    "excludeFromNav": false,
    "_content_type_contactName": "text/plain",
    "_type": "Event",
    "description": "Massa fusce tempus convallis litora eleifend adipiscing ultricies suspendisse metus habitasse vivamus mollis. Felis morbi a nisi parturient. Porta netus tellus dolor velit. Lacus purus sociis mattis. Nulla fames odio dolor vulputate pede nulla. Proin neque tempus primis torquent suspendisse senectus nisl tellus sapien metus. Class massa a nisi class. Fames vitae fames montes scelerisque justo tempus. Risus porta a montes ante euismod id est fermentum tellus. Augue porta nisi. Porta augue nam adipiscing augue nisi aliquam id elit. Risus netus. Magna augue eni odio id hymenaeos. Felis massa quisque egestas dictum dis ac gravida elit nisl dis enim eu purus. Class donec fusce quam tincidunt id lectus commodo. Etiam felis. Lorem fusce per enim. Justo metus.",
    "_atrefs": {},
    "_layout": "event_view",
    "_workflow_history": {
        "simple_publication_workflow": [
            {
                "action": null,
                "review_state": "private",
                "actor": "admin",
                "comments": "",
                "time": "2018/10/26 17:57:29.831325 GMT-4"
            },
            {
                "action": "publish",
                "review_state": "published",
                "actor": "admin",
                "comments": "",
                "time": "2018/10/26 17:57:30.156682 GMT-4"
            }
        ]
    },
    "_content_type_rights": "text/plain",
    "_directly_provided": [],
    "_classname": "ATEvent",
    "_userdefined_roles": [],
    "_content_type_contactEmail": "text/plain",
    "_content_type": "text/html",
    "_id": "ipsum-porta-rutrum-orci-urna.",
    "modification_date": "2018/10/26 17:57:30.161268 GMT-4",
    "language": "en",
    "rights": "Massa vitae dictum augue ut aptent non. Lorem justo condimentum faucibus. Curae metus a odio. Vitae nulla. Lacus porta taciti phasellus purus lobortis. Risus lorem amet etiam laoreet sagittis auctor accumsan. Metus donec viverra velit hac orci adipiscing hac lorem vitae taciti. Fames neque posuere quam a orci netus condimentum nam ante. Dolor proin dui urna conubia nullam eni adipiscing massa orci duis velit imperdiet quis. Felis class curae ligula ac in eget donec aenean netus vestibulum volutpat. Curae fusce taciti cum parturient.",
    "_atbrefs": {},
    "_content_type_description": "text/plain",
    "_owner": "admin",
    "_content_type_location": "text/plain",
    "_permissions": {
        "Modify portal content": {
            "acquire": false,
            "roles": [
                "Editor",
                "Manager",
                "Owner",
                "Site Administrator"
            ]
        },
        "Access contents information": {
            "acquire": false,
            "roles": [
                "Anonymous"
            ]
        },
        "View": {
            "acquire": false,
            "roles": [
                "Anonymous"
            ]
        }
    },
    "_properties": [
        [
            "title",
            "Ipsum porta rutrum orci urna.",
            "string"
        ]
    ],
    "allowDiscussion": false,
    "_gopip": 17,
    "creators": [
        "admin"
    ],
    "_ac_local_roles": {
        "admin": [
            "Owner"
        ]
    },
    "_path": "/Plone/about/lacus-purus-sit-augue-facilisis-ultricies-pede./vitae-risus-mattis-nullam-purus-nonummy-arcu-fames-nonummy-rhoncus-dolor./ipsum-porta-rutrum-orci-urna."
}