{
    "locallyAllowedTypes": [
        "Document",
        "Event",
        "File",
        "Folder",
        "Image",
        "Link",
        "News Item",
        "Collection"
    ],
    "contributors": [],
    "creation_date": "2018/10/26 17:57:36.184202 GMT-4",
    "_uid": "f101d76bc80e417b94052c9e9aeba794",
    "expirationDate": "None",
    "_content_type_id": "text/plain",
    "immediatelyAddableTypes": [
        "Document",
        "Event",
        "File",
        "Folder",
        "Image",
        "Link",
        "News Item",
        "Collection"
    ],
    "id": "ipsum-augue-luctus-metus-vel-proin-sit-odio.",
    "subject": [],
    "modification_date": "2018/10/26 17:57:36.517974 GMT-4",
    "title": "Ipsum augue luctus metus vel proin sit odio.",
    "_ac_local_roles": {
        "admin": [
            "Owner"
        ]
    },
    "_content_type_language": "text/plain",
    "_defaultpage": "",
    "location": "Fames proin lobortis etiam.",
    "_content_type_title": "text/plain",
    "excludeFromNav": false,
    "_atbrefs": {},
    "constrainTypesMode": -1,
    "_type": "Folder",
    "description": "Netus augue a natoque sapien et torquent. Felis augue bibendum ad suspendisse duis quis enim laoreet. Curae nulla aliquet commodo semper. Augue porta cum blandit nam molestie dignissim id magnis malesuada id malesuada id. Lacus massa. Proin porta a euismod semper eni pede porta viverra eros ut. Proin curae a. Ipsum morbi. Lorem lacus nullam. Ipsum massa montes massa eu litora euismod aliquet primis at risus. Augue risus posuere vivamus auctor malesuada adipiscing orci dolor convallis euismod. Fusce class. Justo donec nulla dictum semper lorem. Ipsum metus hac quis vel pellentesque tellus. Porta etiam a ligula nisi in pellentesque litora. Lorem velit vel nam id consectetuer iaculis fermentum elit.",
    "_atrefs": {},
    "_layout": "folder_listing",
    "_workflow_history": {
        "simple_publication_workflow": [
            {
                "action": null,
                "review_state": "private",
                "actor": "admin",
                "comments": "",
                "time": "2018/10/26 17:57:36.189436 GMT-4"
            },
            {
                "action": "publish",
                "review_state": "published",
                "actor": "admin",
                "comments": "",
                "time": "2018/10/26 17:57:36.513782 GMT-4"
            }
        ]
    },
    "_content_type_rights": "text/plain",
    "_directly_provided": [],
    "language": "en",
    "_classname": "ATFolder",
    "banner": "<h1>Et hunc idem dico, inquieta sed ad virtutes et ad vitia nihil interesse.</h1>\n\n<p>Lorem ipsum dolor sit amet, consectetur adipiscing elit. Id Sextilius factum negabat. Quid adiuvas? Duo Reges: constructio interrete. Pauca mutat vel plura sane; Hoc mihi cum tuo fratre convenit. Hoc non est positum in nostra actione. </p>\n\n<ol>\n\t<li>Hanc quoque iucunditatem, si vis, transfer in animum;</li>\n\t<li>Sextilio Rufo, cum is rem ad amicos ita deferret, se esse heredem Q.</li>\n\t<li>Sed hoc sane concedamus.</li>\n\t<li>Qua tu etiam inprudens utebare non numquam.</li>\n</ol>\n\n\n<ul>\n\t<li>Verum esto: verbum ipsum voluptatis non habet dignitatem, nec nos fortasse intellegimus.</li>\n\t<li>Quid turpius quam sapientis vitam ex insipientium sermone pendere?</li>\n\t<li>Facit enim ille duo seiuncta ultima bonorum, quae ut essent vera, coniungi debuerunt;</li>\n\t<li>Sin laboramus, quis est, qui alienae modum statuat industriae?</li>\n\t<li>Si enim sapiens aliquis miser esse possit, ne ego istam gloriosam memorabilemque virtutem non magno aestimandam putem.</li>\n\t<li>Ad eos igitur converte te, quaeso.</li>\n\t<li>Qui est in parvis malis.</li>\n</ul>\n\n\n<dl>\n\t<dt><dfn>Nihil sane.</dfn></dt>\n\t<dd>Quis istud, quaeso, nesciebat?</dd>\n\t<dt><dfn>Quo tandem modo?</dfn></dt>\n\t<dd>Hoc est dicere: Non reprehenderem asotos, si non essent asoti.</dd>\n</dl>\n\n\n<p>Non est igitur summum malum dolor. Itaque hic ipse iam pridem est reiectus; Duarum enim vitarum nobis erunt instituta capienda. Nescio quo modo praetervolavit oratio. Sed ad illum redeo. Nam memini etiam quae nolo, oblivisci non possum quae volo. </p>\n\n<h2>Nec lapathi suavitatem acupenseri Galloni Laelius anteponebat, sed suavitatem ipsam neglegebat;</h2>\n\n<p>Quae contraria sunt his, malane? Illud non continuo, ut aeque incontentae. Huius ego nunc auctoritatem sequens idem faciam. Aliter enim explicari, quod quaeritur, non potest. Nunc vides, quid faciat. </p>\n\n",
    "_userdefined_roles": [],
    "_content_type": "text/plain",
    "_id": "ipsum-augue-luctus-metus-vel-proin-sit-odio.",
    "nextPreviousEnabled": true,
    "effectiveDate": "None",
    "_content_type_banner": "text/html",
    "rights": "Neque porta tempor augue luctus suspendisse. Massa curae metus fames vel ipsum iaculis. Neque etiam litora. Morbi magna ridiculus amet pede id est id. Donec vitae ornare taciti. Fames class nibh donec ullamcorper ad sapien erat curae. Lacus justo. Metus nulla. Justo fusce commodo ad tortor molestie aliquam vivamus. Netus nulla donec. Purus ipsum tempus neque. Fusce proin integer magna per mollis sem iaculis justo feugiat fames. Risus neque sem diam tortor mi. Netus purus aliquam.",
    "_content_type_description": "text/plain",
    "_owner": "admin",
    "_content_type_location": "text/plain",
    "_permissions": {
        "Change portal events": {
            "acquire": false,
            "roles": [
                "Editor",
                "Manager",
                "Owner",
                "Site Administrator"
            ]
        },
        "Modify portal content": {
            "acquire": false,
            "roles": [
                "Editor",
                "Manager",
                "Owner",
                "Site Administrator"
            ]
        },
        "Access contents information": {
            "acquire": false,
            "roles": [
                "Anonymous"
            ]
        },
        "View": {
            "acquire": false,
            "roles": [
                "Anonymous"
            ]
        }
    },
    "_properties": [
        [
            "title",
            "Ipsum augue luctus metus vel proin sit odio.",
            "string"
        ]
    ],
    "allowDiscussion": false,
    "_gopip": 34,
    "creators": [
        "admin"
    ],
    "_path": "/Plone/about/lacus-purus-sit-augue-facilisis-ultricies-pede./vitae-risus-mattis-nullam-purus-nonummy-arcu-fames-nonummy-rhoncus-dolor./ipsum-augue-luctus-metus-vel-proin-sit-odio."
}