{
    "locallyAllowedTypes": [
        "Document",
        "Event",
        "File",
        "Folder",
        "Image",
        "Link",
        "News Item",
        "Collection"
    ],
    "contributors": [],
    "creation_date": "2018/10/26 17:57:38.052258 GMT-4",
    "_uid": "287e70d3617147deab22f80af7f48342",
    "expirationDate": "None",
    "_content_type_id": "text/plain",
    "immediatelyAddableTypes": [
        "Document",
        "Event",
        "File",
        "Folder",
        "Image",
        "Link",
        "News Item",
        "Collection"
    ],
    "id": "netus-etiam-luctus-inceptos-ridiculus.",
    "subject": [],
    "modification_date": "2018/10/26 17:57:38.380180 GMT-4",
    "title": "Netus etiam luctus inceptos ridiculus.",
    "_ac_local_roles": {
        "admin": [
            "Owner"
        ]
    },
    "_content_type_language": "text/plain",
    "_defaultpage": "",
    "location": "Risus curae laoreet sed ad arcu facilisi laoreet aenean eros.",
    "_content_type_title": "text/plain",
    "excludeFromNav": false,
    "_atbrefs": {},
    "constrainTypesMode": -1,
    "_type": "Folder",
    "description": "Class curae magna turpis fusce urna nostra ut nisi leo nec. Metus netus odio a. Dolor augue iaculis est praesent a ultrices enim. Curae purus. Risus dolor sapien montes vivamus fringilla tempus curae ante vel magnis tellus mus adipiscing id curabitur. Lorem etiam nibh montes posuere eget nibh. Proin fames donec ipsum ultrices odio quam praesent primis tellus dui amet placerat consectetuer aenean. Lacus donec inceptos vestibulum luctus accumsan placerat id arcu nulla. Neque ipsum. Lacus justo leo hymenaeos montes dis vivamus mi nisi porta ut quam suscipit. Fusce etiam condimentum torquent erat laoreet.",
    "_atrefs": {},
    "_layout": "folder_listing",
    "_workflow_history": {
        "simple_publication_workflow": [
            {
                "action": null,
                "review_state": "private",
                "actor": "admin",
                "comments": "",
                "time": "2018/10/26 17:57:38.058079 GMT-4"
            },
            {
                "action": "publish",
                "review_state": "published",
                "actor": "admin",
                "comments": "",
                "time": "2018/10/26 17:57:38.375259 GMT-4"
            }
        ]
    },
    "_content_type_rights": "text/plain",
    "_directly_provided": [],
    "language": "en",
    "_classname": "ATFolder",
    "banner": "<h1>Eaedem res maneant alio modo.</h1>\n\n<p>Lorem ipsum dolor sit amet, consectetur adipiscing elit. Urgent tamen et nihil remittunt. Ad eos igitur converte te, quaeso. <a href='http://loripsum.net/' target='_blank'>Quarum ambarum rerum cum medicinam pollicetur, luxuriae licentiam pollicetur.</a> <a href='http://loripsum.net/' target='_blank'>Iam id ipsum absurdum, maximum malum neglegi.</a> Qui est in parvis malis. Duo Reges: constructio interrete. Ut pulsi recurrant? Quid ergo hoc loco intellegit honestum? </p>\n\n<h2>Quamquam ab iis philosophiam et omnes ingenuas disciplinas habemus;</h2>\n\n<p><a href='http://loripsum.net/' target='_blank'>Suo genere perveniant ad extremum;</a> Tu vero, inquam, ducas licet, si sequetur; Praeteritis, inquit, gaudeo. </p>\n\n<dl>\n\t<dt><dfn>Perge porro;</dfn></dt>\n\t<dd>Nam aliquando posse recte fieri dicunt nulla expectata nec quaesita voluptate.</dd>\n\t<dt><dfn>Quid enim?</dfn></dt>\n\t<dd>Aliud igitur esse censet gaudere, aliud non dolere.</dd>\n\t<dt><dfn>Quare conare, quaeso.</dfn></dt>\n\t<dd>At ille non pertimuit saneque fidenter: Istis quidem ipsis verbis, inquit;</dd>\n</dl>\n\n\n<ul>\n\t<li>Atque ab his initiis profecti omnium virtutum et originem et progressionem persecuti sunt.</li>\n\t<li>Ne in odium veniam, si amicum destitero tueri.</li>\n\t<li>Neminem videbis ita laudatum, ut artifex callidus comparandarum voluptatum diceretur.</li>\n\t<li>An est aliquid per se ipsum flagitiosum, etiamsi nulla comitetur infamia?</li>\n</ul>\n\n\n<ol>\n\t<li>Nullis enim partitionibus, nullis definitionibus utuntur ipsique dicunt ea se modo probare, quibus natura tacita adsentiatur.</li>\n\t<li>Cum praesertim illa perdiscere ludus esset.</li>\n\t<li>Sed fac ista esse non inportuna;</li>\n\t<li>Sic enim censent, oportunitatis esse beate vivere.</li>\n</ol>\n\n\n<p>Illud non continuo, ut aeque incontentae. Erat enim Polemonis. Omnia contraria, quos etiam insanos esse vultis. Cave putes quicquam esse verius. Sed tamen intellego quid velit. Sic enim censent, oportunitatis esse beate vivere. Quid de Platone aut de Democrito loquar? </p>\n\n",
    "_userdefined_roles": [],
    "_content_type": "text/plain",
    "_id": "netus-etiam-luctus-inceptos-ridiculus.",
    "nextPreviousEnabled": true,
    "effectiveDate": "None",
    "_content_type_banner": "text/html",
    "rights": "Risus etiam nibh. Ipsum class sit erat. Etiam proin. Lorem nulla faucibus. Fames velit sociis at senectus aliquam eget ad facilisi. Class velit bibendum fames quis. Ipsum metus ornare class. Vitae proin luctus ante etiam faucibus vestibulum blandit mus. Fusce risus faucibus dis in semper curabitur ut mollis. Neque velit. Dolor class. Donec porta a gravida in per mattis senectus. Neque purus. Felis fusce praesent massa. Massa magna porta ante sodales taciti est natoque tempus eget tempus tellus. Vitae curae dictumst porttitor ad turpis ridiculus donec. Nulla magna suspendisse inceptos potenti arcu ut sollicitudin. Dolor proin nulla curae dui dictumst a. Neque dolor. Lorem massa ipsum metus eros fames.",
    "_content_type_description": "text/plain",
    "_owner": "admin",
    "_content_type_location": "text/plain",
    "_permissions": {
        "Change portal events": {
            "acquire": false,
            "roles": [
                "Editor",
                "Manager",
                "Owner",
                "Site Administrator"
            ]
        },
        "Modify portal content": {
            "acquire": false,
            "roles": [
                "Editor",
                "Manager",
                "Owner",
                "Site Administrator"
            ]
        },
        "Access contents information": {
            "acquire": false,
            "roles": [
                "Anonymous"
            ]
        },
        "View": {
            "acquire": false,
            "roles": [
                "Anonymous"
            ]
        }
    },
    "_properties": [
        [
            "title",
            "Netus etiam luctus inceptos ridiculus.",
            "string"
        ]
    ],
    "allowDiscussion": false,
    "_gopip": 38,
    "creators": [
        "admin"
    ],
    "_path": "/Plone/about/lacus-purus-sit-augue-facilisis-ultricies-pede./vitae-risus-mattis-nullam-purus-nonummy-arcu-fames-nonummy-rhoncus-dolor./netus-etiam-luctus-inceptos-ridiculus."
}