{
    "contributors": [],
    "creation_date": "2018/10/26 17:57:41.978493 GMT-4",
    "_uid": "25cb30dae46746a894b62ef4b02eeb22",
    "expirationDate": "None",
    "_content_type_id": "text/plain",
    "id": "fames-metus-fames-nec-felis-per-massa-platea-est-vestibulum-at-ultrices-sociis.",
    "subject": [],
    "modification_date": "2018/10/26 17:57:42.020266 GMT-4",
    "title": "Fames metus fames nec felis per massa platea est vestibulum at ultrices sociis.",
    "_ac_local_roles": {
        "admin": [
            "Owner"
        ]
    },
    "_content_type_language": "text/plain",
    "_defaultpage": "",
    "location": "Neque vitae nunc libero laoreet odio ad pellentesque nisl.",
    "_content_type_title": "text/plain",
    "excludeFromNav": false,
    "_atbrefs": {},
    "_type": "Link",
    "description": "Metus porta. Vitae ipsum. Massa donec eleifend cras cum nisl. Risus class nulla vel massa taciti eni turpis potenti mattis. Purus felis pulvinar fermentum rutrum. Magna neque sem cum at laoreet id morbi penatibus. Proin lorem nascetur tincidunt. Donec ipsum a magnis fusce. Curae etiam felis justo facilisi. Morbi metus erat natoque. Porta donec quis habitant vulputate metus velit diam et metus leo quam orci diam felis. Magna nulla posuere est venenatis nunc cum tortor a gravida.",
    "_atrefs": {},
    "_layout": "link_redirect_view",
    "_workflow_history": {
        "simple_publication_workflow": [
            {
                "action": null,
                "review_state": "private",
                "actor": "admin",
                "comments": "",
                "time": "2018/10/26 17:57:41.981559 GMT-4"
            },
            {
                "action": "publish",
                "review_state": "published",
                "actor": "admin",
                "comments": "",
                "time": "2018/10/26 17:57:42.016670 GMT-4"
            }
        ]
    },
    "_content_type_rights": "text/plain",
    "_directly_provided": [],
    "_content_type_remoteUrl": "text/plain",
    "_classname": "ATLink",
    "_userdefined_roles": [],
    "_content_type": "text/plain",
    "_id": "fames-metus-fames-nec-felis-per-massa-platea-est-vestibulum-at-ultrices-sociis.",
    "remoteUrl": "Justo%20morbi.",
    "effectiveDate": "None",
    "language": "en",
    "rights": "Risus porta varius velit nulla donec aptent sollicitudin gravida velit. Lacus risus est quam adipiscing litora. Lorem lacus mattis lectus ipsum lacinia per tristique tortor libero. Purus class. Neque porta. Fusce velit erat ut libero. Proin justo. Nulla metus blandit mauris curae nonummy turpis dui bibendum. Lorem augue mollis ac dictumst diam vel consectetuer massa nibh nonummy. Risus proin nonummy nisi ad eros molestie etiam tempus aenean accumsan arcu potenti. Justo fusce primis nostra facilisis ve suspendisse. Donec velit mattis montes. Proin metus maecenas venenatis. Vitae netus.",
    "_content_type_description": "text/plain",
    "_owner": "admin",
    "_content_type_location": "text/plain",
    "_permissions": {
        "Modify portal content": {
            "acquire": false,
            "roles": [
                "Editor",
                "Manager",
                "Owner",
                "Site Administrator"
            ]
        },
        "Access contents information": {
            "acquire": false,
            "roles": [
                "Anonymous"
            ]
        },
        "View": {
            "acquire": false,
            "roles": [
                "Anonymous"
            ]
        }
    },
    "_properties": [
        [
            "title",
            "Fames metus fames nec felis per massa platea est vestibulum at ultrices sociis.",
            "string"
        ]
    ],
    "allowDiscussion": false,
    "_gopip": 50,
    "creators": [
        "admin"
    ],
    "_path": "/Plone/about/lacus-purus-sit-augue-facilisis-ultricies-pede./vitae-risus-mattis-nullam-purus-nonummy-arcu-fames-nonummy-rhoncus-dolor./fames-metus-fames-nec-felis-per-massa-platea-est-vestibulum-at-ultrices-sociis."
}