{
    "contributors": [],
    "creation_date": "2018/10/26 17:57:42.129670 GMT-4",
    "_uid": "1fe7f0e834644bec942592a05dbef0e5",
    "expirationDate": "None",
    "_content_type_id": "text/plain",
    "id": "justo-morbi-sem-felis-non-arcu-leo-a-taciti-enim-erat-lacinia-augue-eu-elementum.",
    "subject": [],
    "modification_date": "2018/10/26 17:57:42.170106 GMT-4",
    "title": "Justo morbi sem felis non arcu leo a taciti enim erat lacinia augue eu elementum.",
    "_ac_local_roles": {
        "admin": [
            "Owner"
        ]
    },
    "_content_type_language": "text/plain",
    "_defaultpage": "",
    "location": "Lacus magna morbi tortor quis nisl.",
    "_content_type_title": "text/plain",
    "excludeFromNav": true,
    "_atbrefs": {},
    "_type": "Link",
    "description": "Proin ipsum odio hac metus pede ridiculus. Fames netus orci nonummy in velit in turpis a. Proin massa tempor vel quis penatibus massa elit. Magna porta semper urna condimentum leo. Porta curae tempor neque et aenean dictumst habitasse a dis dignissim. Risus dolor nascetur eu aptent. Lorem velit eget nam ve. Felis fusce quam nam lobortis ridiculus est pretium pede maecenas interdum fames augue vitae turpis tortor.",
    "_atrefs": {},
    "_layout": "link_redirect_view",
    "_workflow_history": {
        "simple_publication_workflow": [
            {
                "action": null,
                "review_state": "private",
                "actor": "admin",
                "comments": "",
                "time": "2018/10/26 17:57:42.132755 GMT-4"
            },
            {
                "action": "publish",
                "review_state": "published",
                "actor": "admin",
                "comments": "",
                "time": "2018/10/26 17:57:42.166597 GMT-4"
            }
        ]
    },
    "_content_type_rights": "text/plain",
    "_directly_provided": [],
    "_content_type_remoteUrl": "text/plain",
    "_classname": "ATLink",
    "_userdefined_roles": [],
    "_content_type": "text/plain",
    "_id": "justo-morbi-sem-felis-non-arcu-leo-a-taciti-enim-erat-lacinia-augue-eu-elementum.",
    "remoteUrl": "Proin%20porta%20augue.",
    "effectiveDate": "None",
    "language": "en",
    "rights": "Neque massa per erat a fames in montes metus euismod vivamus aptent hac ad primis fermentum. Neque velit porta velit augue vel urna quisque eni at ligula porta. Massa porta class velit phasellus habitant luctus urna ipsum. Fusce class mauris sociis lacus dapibus cum et dictum massa sagittis eu etiam risus. Etiam risus morbi accumsan curabitur id litora eu vivamus. Nulla lacus nam eros. Neque curae nec amet vehicula curae fusce torquent adipiscing cursus. Augue neque maecenas augue id. Nulla ipsum. Augue lacus nec. Augue ipsum conubia cubilia dignissim quam potenti in diam vulputate augue eget hymenaeos. Lorem curae dui lobortis. Massa neque sociis vestibulum lacus urna sit a. Felis vitae lobortis class elit blandit id tortor duis lectus.",
    "_content_type_description": "text/plain",
    "_owner": "admin",
    "_content_type_location": "text/plain",
    "_permissions": {
        "Modify portal content": {
            "acquire": false,
            "roles": [
                "Editor",
                "Manager",
                "Owner",
                "Site Administrator"
            ]
        },
        "Access contents information": {
            "acquire": false,
            "roles": [
                "Anonymous"
            ]
        },
        "View": {
            "acquire": false,
            "roles": [
                "Anonymous"
            ]
        }
    },
    "_properties": [
        [
            "title",
            "Justo morbi sem felis non arcu leo a taciti enim erat lacinia augue eu elementum.",
            "string"
        ]
    ],
    "allowDiscussion": false,
    "_gopip": 51,
    "creators": [
        "admin"
    ],
    "_path": "/Plone/about/lacus-purus-sit-augue-facilisis-ultricies-pede./vitae-risus-mattis-nullam-purus-nonummy-arcu-fames-nonummy-rhoncus-dolor./justo-morbi-sem-felis-non-arcu-leo-a-taciti-enim-erat-lacinia-augue-eu-elementum."
}