{
    "contributors": [],
    "creation_date": "2018/10/26 17:57:42.572921 GMT-4",
    "_uid": "d93b053ac2a6467e9a75753f3dfbcf1b",
    "expirationDate": "None",
    "_content_type_id": "text/plain",
    "id": "metus-neque.",
    "subject": [],
    "modification_date": "2018/10/26 17:57:42.618503 GMT-4",
    "title": "Metus neque.",
    "_ac_local_roles": {
        "admin": [
            "Owner"
        ]
    },
    "_content_type_language": "text/plain",
    "_defaultpage": "",
    "location": "Dolor etiam ipsum praesent proin a commodo.",
    "_content_type_title": "text/plain",
    "excludeFromNav": false,
    "_atbrefs": {},
    "_type": "Link",
    "description": "Purus nulla metus sapien ligula sem viverra lectus mi torquent gravida tincidunt. Donec neque donec nibh sed netus habitasse duis. Metus netus. Donec lorem rhoncus luctus quis id pellentesque turpis dolor sem. Nulla metus platea fermentum suscipit. Dolor morbi pharetra nec integer cras vulputate. Massa felis. Curae lacus. Lacus risus vitae dui lorem blandit eget mollis fermentum parturient enim. Nulla risus diam mattis. Lorem donec tristique. Velit risus congue class sagittis hac turpis montes. Morbi netus. Class lacus bibendum. Vitae velit.",
    "_atrefs": {},
    "_layout": "link_redirect_view",
    "_workflow_history": {
        "simple_publication_workflow": [
            {
                "action": null,
                "review_state": "private",
                "actor": "admin",
                "comments": "",
                "time": "2018/10/26 17:57:42.576701 GMT-4"
            },
            {
                "action": "publish",
                "review_state": "published",
                "actor": "admin",
                "comments": "",
                "time": "2018/10/26 17:57:42.614811 GMT-4"
            }
        ]
    },
    "_content_type_rights": "text/plain",
    "_directly_provided": [],
    "_content_type_remoteUrl": "text/plain",
    "_classname": "ATLink",
    "_userdefined_roles": [],
    "_content_type": "text/plain",
    "_id": "metus-neque.",
    "remoteUrl": "Massa%20metus%20eni%20nostra%20habitant%20etiam%20ve%20a%20rutrum%20massa%20quam%20orci%20vivamus%20mi.",
    "effectiveDate": "None",
    "language": "en",
    "rights": "Purus vitae scelerisque ultrices habitasse cras curae. Morbi neque lorem iaculis metus per arcu adipiscing cursus sit nonummy nulla id sollicitudin aenean. Felis justo lacinia placerat justo ve proin at tortor maecenas blandit. Porta magna. Proin netus augue rutrum erat. Morbi netus felis auctor amet facilisis faucibus. Lorem dolor. Nulla neque vel porta magna interdum donec eu venenatis rhoncus elit nisl quis hymenaeos. Vitae augue lacus quis id velit. Fusce risus neque ullamcorper leo. Justo etiam sagittis. Lorem lacus duis eu. Curae fames suspendisse quis quam elit natoque. Massa morbi. Class nulla auctor eget. Vitae risus.",
    "_content_type_description": "text/plain",
    "_owner": "admin",
    "_content_type_location": "text/plain",
    "_permissions": {
        "Modify portal content": {
            "acquire": false,
            "roles": [
                "Editor",
                "Manager",
                "Owner",
                "Site Administrator"
            ]
        },
        "Access contents information": {
            "acquire": false,
            "roles": [
                "Anonymous"
            ]
        },
        "View": {
            "acquire": false,
            "roles": [
                "Anonymous"
            ]
        }
    },
    "_properties": [
        [
            "title",
            "Metus neque.",
            "string"
        ]
    ],
    "allowDiscussion": false,
    "_gopip": 54,
    "creators": [
        "admin"
    ],
    "_path": "/Plone/about/lacus-purus-sit-augue-facilisis-ultricies-pede./vitae-risus-mattis-nullam-purus-nonummy-arcu-fames-nonummy-rhoncus-dolor./metus-neque."
}