{
    "contributors": [],
    "creation_date": "2018/10/26 17:57:42.725988 GMT-4",
    "_uid": "a5f186871bc14f089c6c8a3f54a6cdd5",
    "expirationDate": "None",
    "_content_type_id": "text/plain",
    "id": "magna-felis-nisi-ut-pellentesque-sodales-fames-lorem-sed.",
    "subject": [],
    "modification_date": "2018/10/26 17:57:42.767515 GMT-4",
    "title": "Magna felis nisi ut pellentesque sodales fames lorem sed.",
    "_ac_local_roles": {
        "admin": [
            "Owner"
        ]
    },
    "_content_type_language": "text/plain",
    "_defaultpage": "",
    "location": "Netus vitae.",
    "_content_type_title": "text/plain",
    "excludeFromNav": true,
    "_atbrefs": {},
    "_type": "Link",
    "description": "Augue felis ligula. Velit fames ipsum. Fames donec elit nibh lectus sed eu aliquam mi suscipit potenti urna. Vitae fames faucibus ut augue sagittis pede lobortis. Augue morbi odio mus augue sem nisl sit blandit eu nisl lobortis. Purus risus posuere ultrices arcu luctus tortor sodales dui. Lacus magna aptent ullamcorper curae fermentum nunc. Lorem magna porta dis felis proin vel lectus vivamus et eros dignissim semper. Netus proin dapibus feugiat. Fames etiam aptent quam imperdiet tellus vestibulum. Curae purus duis augue imperdiet non sollicitudin ligula felis parturient eleifend. Augue dolor cras donec ve mus nisi fringilla mattis parturient nascetur etiam sem. Justo neque velit donec ullamcorper placerat dolor tristique neque leo per non mi. Morbi justo eget potenti leo. Purus augue ipsum nec eros torquent sit. Velit felis vitae.",
    "_atrefs": {},
    "_layout": "link_redirect_view",
    "_workflow_history": {
        "simple_publication_workflow": [
            {
                "action": null,
                "review_state": "private",
                "actor": "admin",
                "comments": "",
                "time": "2018/10/26 17:57:42.729192 GMT-4"
            },
            {
                "action": "publish",
                "review_state": "published",
                "actor": "admin",
                "comments": "",
                "time": "2018/10/26 17:57:42.764008 GMT-4"
            }
        ]
    },
    "_content_type_rights": "text/plain",
    "_directly_provided": [],
    "_content_type_remoteUrl": "text/plain",
    "_classname": "ATLink",
    "_userdefined_roles": [],
    "_content_type": "text/plain",
    "_id": "magna-felis-nisi-ut-pellentesque-sodales-fames-lorem-sed.",
    "remoteUrl": "Proin%20etiam%20netus.",
    "effectiveDate": "None",
    "language": "en",
    "rights": "Class fames pharetra risus nisl tristique tempus arcu vitae felis a. Ipsum fames lacinia aliquet nisi metus habitasse elit vulputate nostra non parturient ultricies suspendisse. Augue morbi suspendisse vehicula ipsum amet nisi posuere eu penatibus nisi dictum litora. Porta curae. Justo lorem. Donec morbi nibh in felis. Proin massa est tristique pulvinar diam eget quisque sed. Proin etiam. Metus fusce augue nostra mattis tristique vestibulum mus. Etiam fusce magna suscipit adipiscing dictum proin elit sed.",
    "_content_type_description": "text/plain",
    "_owner": "admin",
    "_content_type_location": "text/plain",
    "_permissions": {
        "Modify portal content": {
            "acquire": false,
            "roles": [
                "Editor",
                "Manager",
                "Owner",
                "Site Administrator"
            ]
        },
        "Access contents information": {
            "acquire": false,
            "roles": [
                "Anonymous"
            ]
        },
        "View": {
            "acquire": false,
            "roles": [
                "Anonymous"
            ]
        }
    },
    "_properties": [
        [
            "title",
            "Magna felis nisi ut pellentesque sodales fames lorem sed.",
            "string"
        ]
    ],
    "allowDiscussion": false,
    "_gopip": 55,
    "creators": [
        "admin"
    ],
    "_path": "/Plone/about/lacus-purus-sit-augue-facilisis-ultricies-pede./vitae-risus-mattis-nullam-purus-nonummy-arcu-fames-nonummy-rhoncus-dolor./magna-felis-nisi-ut-pellentesque-sodales-fames-lorem-sed."
}