{
    "contributors": [],
    "creation_date": "2018/10/26 17:57:43.032654 GMT-4",
    "_uid": "28f63d7d49b14a8b9656e2394615eb6d",
    "expirationDate": "None",
    "_content_type_id": "text/plain",
    "id": "dolor-donec-sit-amet-mattis-morbi-proin-a-mollis-fusce.",
    "subject": [],
    "modification_date": "2018/10/26 17:57:43.076258 GMT-4",
    "title": "Dolor donec sit amet mattis morbi proin a mollis fusce.",
    "_ac_local_roles": {
        "admin": [
            "Owner"
        ]
    },
    "_content_type_language": "text/plain",
    "_defaultpage": "",
    "location": "Neque proin sem ultricies vitae placerat augue.",
    "_content_type_title": "text/plain",
    "excludeFromNav": false,
    "_atbrefs": {},
    "_type": "Link",
    "description": "Vitae nulla velit rhoncus pharetra. Fames nulla. Curae porta. Ipsum vitae sociis phasellus neque. Magna fusce. Ipsum risus. Risus magna dapibus nisi et. Lorem nulla montes neque aliquam nonummy amet lectus vivamus ve luctus. Augue magna. Donec curae ipsum tellus nisi dapibus quam ad consectetuer amet nulla cras quam. Dolor justo hac curabitur proin vivamus rhoncus pede. Porta felis litora diam ve hendrerit ullamcorper risus. Felis massa eget leo nascetur facilisis. Lorem fusce.",
    "_atrefs": {},
    "_layout": "link_redirect_view",
    "_workflow_history": {
        "simple_publication_workflow": [
            {
                "action": null,
                "review_state": "private",
                "actor": "admin",
                "comments": "",
                "time": "2018/10/26 17:57:43.036060 GMT-4"
            },
            {
                "action": "publish",
                "review_state": "published",
                "actor": "admin",
                "comments": "",
                "time": "2018/10/26 17:57:43.072811 GMT-4"
            }
        ]
    },
    "_content_type_rights": "text/plain",
    "_directly_provided": [],
    "_content_type_remoteUrl": "text/plain",
    "_classname": "ATLink",
    "_userdefined_roles": [],
    "_content_type": "text/plain",
    "_id": "dolor-donec-sit-amet-mattis-morbi-proin-a-mollis-fusce.",
    "remoteUrl": "Netus%20dolor%20quam%20laoreet%20iaculis%20pede.",
    "effectiveDate": "None",
    "language": "en",
    "rights": "Ipsum augue orci aenean sit. Augue curae sem volutpat metus a rhoncus ve enim fusce ullamcorper suscipit. Magna curae suscipit augue. Dolor lacus purus vel class. Netus donec sociis cras vel tempus etiam. Curae lorem. Neque donec proin duis ornare mus urna et. Nulla lacus erat sit elit adipiscing aenean nam blandit a. Nulla magna ullamcorper molestie ultricies ante sit eget amet egestas at turpis purus cursus.",
    "_content_type_description": "text/plain",
    "_owner": "admin",
    "_content_type_location": "text/plain",
    "_permissions": {
        "Modify portal content": {
            "acquire": false,
            "roles": [
                "Editor",
                "Manager",
                "Owner",
                "Site Administrator"
            ]
        },
        "Access contents information": {
            "acquire": false,
            "roles": [
                "Anonymous"
            ]
        },
        "View": {
            "acquire": false,
            "roles": [
                "Anonymous"
            ]
        }
    },
    "_properties": [
        [
            "title",
            "Dolor donec sit amet mattis morbi proin a mollis fusce.",
            "string"
        ]
    ],
    "allowDiscussion": false,
    "_gopip": 57,
    "creators": [
        "admin"
    ],
    "_path": "/Plone/about/lacus-purus-sit-augue-facilisis-ultricies-pede./vitae-risus-mattis-nullam-purus-nonummy-arcu-fames-nonummy-rhoncus-dolor./dolor-donec-sit-amet-mattis-morbi-proin-a-mollis-fusce."
}