{
    "contributors": [],
    "_content_type_text": "text/html",
    "text": "<h1>Sed vobis voluptatum perceptarum recordatio vitam beatam facit, et quidem corpore perceptarum.</h1>\n\n<p>Lorem ipsum dolor sit amet, consectetur adipiscing elit. Nam de isto magna dissensio est. <a href='http://loripsum.net/' target='_blank'>Ea possunt paria non esse.</a> <a href='http://loripsum.net/' target='_blank'>Restinguet citius, si ardentem acceperit.</a> Cur post Tarentum ad Archytam? </p>\n\n<ol>\n\t<li>Animi enim quoque dolores percipiet omnibus partibus maiores quam corporis.</li>\n\t<li>Quae quidem sapientes sequuntur duce natura tamquam videntes;</li>\n\t<li>-, sed ut hoc iudicaremus, non esse in iis partem maximam positam beate aut secus vivendi.</li>\n\t<li>Quorum sine causa fieri nihil putandum est.</li>\n\t<li>Hanc ergo intuens debet institutum illud quasi signum absolvere.</li>\n\t<li>Expectoque quid ad id, quod quaerebam, respondeas.</li>\n</ol>\n\n\n<h2>Si enim ad populum me vocas, eum.</h2>\n\n<p>An vero, inquit, quisquam potest probare, quod perceptfum, quod. Duo Reges: constructio interrete. Id Sextilius factum negabat. Apparet statim, quae sint officia, quae actiones. Sed tamen intellego quid velit. </p>\n\n<ul>\n\t<li>Hoc enim constituto in philosophia constituta sunt omnia.</li>\n\t<li>Et quae per vim oblatum stuprum volontaria morte lueret inventa est et qui interficeret filiam, ne stupraretur.</li>\n\t<li>Hoc ne statuam quidem dicturam pater aiebat, si loqui posset.</li>\n</ul>\n\n\n<dl>\n\t<dt><dfn>Refert tamen, quo modo.</dfn></dt>\n\t<dd>Te ipsum, dignissimum maioribus tuis, voluptasne induxit, ut adolescentulus eriperes P.</dd>\n\t<dt><dfn>Numquam facies.</dfn></dt>\n\t<dd>Magni enim aestimabat pecuniam non modo non contra leges, sed etiam legibus partam.</dd>\n\t<dt><dfn>Etiam beatissimum?</dfn></dt>\n\t<dd>Quid iudicant sensus?</dd>\n\t<dt><dfn>Explanetur igitur.</dfn></dt>\n\t<dd>Quicquid porro animo cernimus, id omne oritur a sensibus;</dd>\n</dl>\n\n\n<h3>Haec para/doca illi, nos admirabilia dicamus.</h3>\n\n<p>An haec ab eo non dicuntur? Quam ob rem tandem, inquit, non satisfacit? Quod equidem non reprehendo; Sed fac ista esse non inportuna; </p>\n\n",
    "creation_date": "2018/10/26 17:57:43.485999 GMT-4",
    "imageCaption": "Purus proin mauris enim ac.",
    "expirationDate": "None",
    "_content_type_id": "text/plain",
    "id": "dolor-fames-volutpat-massa-morbi.",
    "subject": [],
    "modification_date": "2018/10/26 17:57:43.820550 GMT-4",
    "title": "Dolor fames volutpat massa morbi.",
    "_ac_local_roles": {
        "admin": [
            "Owner"
        ]
    },
    "_content_type_language": "text/plain",
    "_defaultpage": "",
    "location": "Donec velit nisi nostra tristique feugiat tellus in eni.",
    "_content_type_title": "text/plain",
    "excludeFromNav": true,
    "_atbrefs": {},
    "_content_type_imageCaption": "text/plain",
    "_type": "News Item",
    "description": "Vitae neque. Magna fames cum nibh bibendum sollicitudin rutrum litora dignissim dolor faucibus mi tempus pretium dapibus. Vitae justo hac eros primis in suscipit laoreet vivamus montes. Lacus porta non ornare sem. Dolor vitae leo eros. Donec massa eget augue. Risus lorem aptent sollicitudin gravida lacus ipsum potenti maecenas curae justo ante accumsan. Augue massa arcu nec maecenas hymenaeos enim fermentum at imperdiet dolor nunc nec massa lacinia nisl. Class dolor urna mi vitae litora risus adipiscing. Etiam lacus scelerisque facilisi nisi per consectetuer magnis. Curae felis. Augue purus sit. Metus proin non luctus. Justo class. Ipsum felis lectus rhoncus. Risus donec proin taciti sociis proin neque eni. Curae ipsum aliquet augue nec magna parturient orci. Class vitae varius. Curae proin metus donec laoreet gravida odio eget mus ante netus hac tellus aliquam duis eu. Augue vitae. Risus justo a magnis curae. Massa magna metus sed auctor. Netus lacus nibh luctus volutpat pede potenti.",
    "_atrefs": {},
    "_layout": "newsitem_view",
    "_workflow_history": {
        "simple_publication_workflow": [
            {
                "action": null,
                "review_state": "private",
                "actor": "admin",
                "comments": "",
                "time": "2018/10/26 17:57:43.489432 GMT-4"
            },
            {
                "action": "publish",
                "review_state": "published",
                "actor": "admin",
                "comments": "",
                "time": "2018/10/26 17:57:43.817043 GMT-4"
            }
        ]
    },
    "_content_type_rights": "text/plain",
    "_directly_provided": [],
    "_classname": "ATNewsItem",
    "_userdefined_roles": [],
    "_content_type": "text/html",
    "_id": "dolor-fames-volutpat-massa-morbi.",
    "effectiveDate": "None",
    "language": "en",
    "rights": "Vitae neque diam scelerisque sit ac proin. Justo risus dis elit arcu. Magna velit. Neque augue litora netus nam sapien interdum vulputate erat nunc adipiscing. Magna porta platea lobortis metus pede. Risus proin a elit. Felis neque dis tempor a sodales ac arcu amet commodo in sapien. Purus porta ligula neque magna magnis diam eget ad eros at est eget sem ante.",
    "_content_type_description": "text/plain",
    "_uid": "712339e4b17c43c0a8b9de3a8badc5c7",
    "_owner": "admin",
    "_content_type_location": "text/plain",
    "_permissions": {
        "Modify portal content": {
            "acquire": false,
            "roles": [
                "Editor",
                "Manager",
                "Owner",
                "Site Administrator"
            ]
        },
        "Access contents information": {
            "acquire": false,
            "roles": [
                "Anonymous"
            ]
        },
        "View": {
            "acquire": false,
            "roles": [
                "Anonymous"
            ]
        }
    },
    "_properties": [
        [
            "title",
            "Dolor fames volutpat massa morbi.",
            "string"
        ]
    ],
    "allowDiscussion": false,
    "_gopip": 60,
    "creators": [
        "admin"
    ],
    "_path": "/Plone/about/lacus-purus-sit-augue-facilisis-ultricies-pede./vitae-risus-mattis-nullam-purus-nonummy-arcu-fames-nonummy-rhoncus-dolor./dolor-fames-volutpat-massa-morbi."
}