{
    "contributors": [],
    "_content_type_text": "text/html",
    "text": "<h1>Sed quanta sit alias, nunc tantum possitne esse tanta.</h1>\n\n<p>Lorem ipsum dolor sit amet, consectetur adipiscing elit. Tanta vis admonitionis inest in locis; <a href='http://loripsum.net/' target='_blank'>Sed nimis multa.</a> Non igitur bene. Duo Reges: constructio interrete. Minime vero istorum quidem, inquit. </p>\n\n<ol>\n\t<li>Gracchum patrem non beatiorem fuisse quam fillum, cum alter stabilire rem publicam studuerit, alter evertere.</li>\n\t<li>Sed est forma eius disciplinae, sicut fere ceterarum, triplex: una pars est naturae, disserendi altera, vivendi tertia.</li>\n\t<li>Parvi enim primo ortu sic iacent, tamquam omnino sine animo sint.</li>\n\t<li>Facile pateremur, qui etiam nunc agendi aliquid discendique causa prope contra naturam v\u00edgillas suscipere soleamus.</li>\n\t<li>Ex ea difficultate illae fallaciloquae, ut ait Accius, malitiae natae sunt.</li>\n\t<li>Quare, quoniam de primis naturae commodis satis dietum est nunc de maioribus consequentibusque videamus.</li>\n</ol>\n\n\n<h2>An me, inquam, nisi te audire vellem, censes haec dicturum fuisse?</h2>\n\n<p>An tu me de L. <a href='http://loripsum.net/' target='_blank'>Scaevolam M.</a> Stoici scilicet. <a href='http://loripsum.net/' target='_blank'>Beatus sibi videtur esse moriens.</a> Eam tum adesse, cum dolor omnis absit; Non potes, nisi retexueris illa. </p>\n\n<h3>Nunc de hominis summo bono quaeritur;</h3>\n\n<p>Quae duo sunt, unum facit. Itaque ad tempus ad Pisonem omnes. Aliter autem vobis placet. Quo igitur, inquit, modo? </p>\n\n<dl>\n\t<dt><dfn>Praeteritis, inquit, gaudeo.</dfn></dt>\n\t<dd>Cetera illa adhibebat, quibus demptis negat se Epicurus intellegere quid sit bonum.</dd>\n\t<dt><dfn>Hunc vos beatum;</dfn></dt>\n\t<dd>Idque testamento cavebit is, qui nobis quasi oraculum ediderit nihil post mortem ad nos pertinere?</dd>\n\t<dt><dfn>Stoici scilicet.</dfn></dt>\n\t<dd>Sin aliud quid voles, postea.</dd>\n\t<dt><dfn>Qui convenit?</dfn></dt>\n\t<dd>Vitae autem degendae ratio maxime quidem illis placuit quieta.</dd>\n</dl>\n\n\n<ul>\n\t<li>Quare obscurentur etiam haec, quae secundum naturam esse dicimus, in vita beata;</li>\n\t<li>Ergo illi intellegunt quid Epicurus dicat, ego non intellego?</li>\n</ul>\n\n\n",
    "creation_date": "2018/10/26 17:57:46.183076 GMT-4",
    "imageCaption": "Nulla risus.",
    "expirationDate": "None",
    "_content_type_id": "text/plain",
    "id": "metus-dolor.",
    "subject": [],
    "modification_date": "2018/10/26 17:57:46.506166 GMT-4",
    "title": "Metus dolor.",
    "_ac_local_roles": {
        "admin": [
            "Owner"
        ]
    },
    "_content_type_language": "text/plain",
    "_defaultpage": "",
    "location": "Etiam fames mollis elit condimentum quisque.",
    "_content_type_title": "text/plain",
    "excludeFromNav": false,
    "_atbrefs": {},
    "_content_type_imageCaption": "text/plain",
    "_type": "News Item",
    "description": "Class velit nec adipiscing mattis ultrices quam. Metus porta libero condimentum nulla sociis fusce aliquam. Class purus etiam nulla donec condimentum pulvinar purus. Vitae fames. Proin morbi vel quis lobortis suspendisse. Morbi dolor nulla lectus nulla eu mollis donec lacinia. Morbi donec dolor torquent class sollicitudin magna in cum id convallis condimentum felis turpis.",
    "_atrefs": {},
    "_layout": "newsitem_view",
    "_workflow_history": {
        "simple_publication_workflow": [
            {
                "action": null,
                "review_state": "private",
                "actor": "admin",
                "comments": "",
                "time": "2018/10/26 17:57:46.186683 GMT-4"
            },
            {
                "action": "publish",
                "review_state": "published",
                "actor": "admin",
                "comments": "",
                "time": "2018/10/26 17:57:46.502272 GMT-4"
            }
        ]
    },
    "_content_type_rights": "text/plain",
    "_directly_provided": [],
    "_classname": "ATNewsItem",
    "_userdefined_roles": [],
    "_content_type": "text/html",
    "_id": "metus-dolor.",
    "effectiveDate": "None",
    "language": "en",
    "rights": "Dolor velit a nisi class. Donec ipsum. Massa proin lectus sollicitudin tincidunt. Donec curae mollis magna est duis non quam eget habitasse eni sit pretium ad nam rutrum. Massa nulla a tortor imperdiet platea libero proin. Lacus purus mollis fringilla fermentum lorem. Augue donec. Porta velit quam lobortis.",
    "_content_type_description": "text/plain",
    "_uid": "dcb997f561284c35ac9a825861d268d6",
    "_owner": "admin",
    "_content_type_location": "text/plain",
    "_permissions": {
        "Modify portal content": {
            "acquire": false,
            "roles": [
                "Editor",
                "Manager",
                "Owner",
                "Site Administrator"
            ]
        },
        "Access contents information": {
            "acquire": false,
            "roles": [
                "Anonymous"
            ]
        },
        "View": {
            "acquire": false,
            "roles": [
                "Anonymous"
            ]
        }
    },
    "_properties": [
        [
            "title",
            "Metus dolor.",
            "string"
        ]
    ],
    "allowDiscussion": false,
    "_gopip": 65,
    "creators": [
        "admin"
    ],
    "_path": "/Plone/about/lacus-purus-sit-augue-facilisis-ultricies-pede./vitae-risus-mattis-nullam-purus-nonummy-arcu-fames-nonummy-rhoncus-dolor./metus-dolor."
}