{
    "contributors": [],
    "_content_type_text": "text/html",
    "text": "<h1>Quis enim potest ea, quae probabilia videantur ei, non probare?</h1>\n\n<p>Lorem ipsum dolor sit amet, consectetur adipiscing elit. Illi enim inter se dissentiunt. Duo Reges: constructio interrete. In schola desinis. Nunc de hominis summo bono quaeritur; Magna laus. </p>\n\n<p>Bestiarum vero nullum iudicium puto. Quippe: habes enim a rhetoribus; Apparet statim, quae sint officia, quae actiones. Cum praesertim illa perdiscere ludus esset. Optime, inquam. </p>\n\n<ol>\n\t<li>Non quaero, quid dicat, sed quid convenienter possit rationi et sententiae suae dicere.</li>\n\t<li>Quid ei reliquisti, nisi te, quoquo modo loqueretur, intellegere, quid diceret?</li>\n\t<li>Sed non alienum est, quo facilius vis verbi intellegatur, rationem huius verbi faciendi Zenonis exponere.</li>\n\t<li>Aeque enim contingit omnibus fidibus, ut incontentae sint.</li>\n</ol>\n\n\n<dl>\n\t<dt><dfn>Avaritiamne minuis?</dfn></dt>\n\t<dd>Sequitur disserendi ratio cognitioque naturae;</dd>\n\t<dt><dfn>Confecta res esset.</dfn></dt>\n\t<dd>Neque enim civitas in seditione beata esse potest nec in discordia dominorum domus;</dd>\n\t<dt><dfn>Negare non possum.</dfn></dt>\n\t<dd>Tu enim ista lenius, hic Stoicorum more nos vexat.</dd>\n\t<dt><dfn>Optime, inquam.</dfn></dt>\n\t<dd>Cuius ad naturam apta ratio vera illa et summa lex a philosophis dicitur.</dd>\n</dl>\n\n\n<h2>Primum quid tu dicis breve?</h2>\n\n<p>Quam si explicavisset, non tam haesitaret. Quid censes in Latino fore? Profectus in exilium Tubulus statim nec respondere ausus; Quae est igitur causa istarum angustiarum? Videmus igitur ut conquiescere ne infantes quidem possint. Immo alio genere; </p>\n\n<ul>\n\t<li>Apparet statim, quae sint officia, quae actiones.</li>\n\t<li>At quicum ioca seria, ut dicitur, quicum arcana, quicum occulta omnia?</li>\n\t<li>Sed ad bona praeterita redeamus.</li>\n\t<li>Quid, quod homines infima fortuna, nulla spe rerum gerendarum, opifices denique delectantur historia?</li>\n</ul>\n\n\n",
    "creation_date": "2018/10/26 17:57:47.234775 GMT-4",
    "imageCaption": "Neque fusce egestas orci eu.",
    "expirationDate": "None",
    "_content_type_id": "text/plain",
    "id": "nulla-neque-magna-condimentum-ac.",
    "subject": [],
    "modification_date": "2018/10/26 17:57:47.557323 GMT-4",
    "title": "Nulla neque magna condimentum ac.",
    "_ac_local_roles": {
        "admin": [
            "Owner"
        ]
    },
    "_content_type_language": "text/plain",
    "_defaultpage": "",
    "location": "Curae magna cubilia potenti quis ve sollicitudin aliquet nisl habitant.",
    "_content_type_title": "text/plain",
    "excludeFromNav": true,
    "_atbrefs": {},
    "_content_type_imageCaption": "text/plain",
    "_type": "News Item",
    "description": "Augue massa hac parturient hymenaeos ullamcorper lacus ornare sociis ultricies lacus leo arcu egestas aliquet. Magna nulla. Lorem massa. Fusce class ullamcorper nisi. Class proin natoque mauris habitasse et nisi nibh ve. Lacus proin cras sodales primis. Massa fusce. Etiam lorem senectus imperdiet ad varius phasellus. Lorem dolor sit risus consequat class eleifend. Lorem nulla ultrices fringilla. Ipsum class suspendisse eget pede tempor adipiscing morbi cras. Nulla morbi odio augue nonummy tortor quam blandit. Curae neque. Donec velit natoque tellus massa nisl nonummy gravida neque adipiscing dapibus. Netus ipsum justo phasellus quis sodales. Risus fames pulvinar justo ac molestie gravida et mi vulputate. Etiam fames. Massa dolor iaculis est in rutrum hac pede rutrum mattis.",
    "_atrefs": {},
    "_layout": "newsitem_view",
    "_workflow_history": {
        "simple_publication_workflow": [
            {
                "action": null,
                "review_state": "private",
                "actor": "admin",
                "comments": "",
                "time": "2018/10/26 17:57:47.238333 GMT-4"
            },
            {
                "action": "publish",
                "review_state": "published",
                "actor": "admin",
                "comments": "",
                "time": "2018/10/26 17:57:47.553336 GMT-4"
            }
        ]
    },
    "_content_type_rights": "text/plain",
    "_directly_provided": [],
    "_classname": "ATNewsItem",
    "_userdefined_roles": [],
    "_content_type": "text/html",
    "_id": "nulla-neque-magna-condimentum-ac.",
    "effectiveDate": "None",
    "language": "en",
    "rights": "Risus etiam. Massa augue. Porta nulla mauris ut volutpat commodo tortor mi. Risus netus integer sapien in maecenas congue. Justo purus. Proin curae praesent diam nec netus. Neque netus erat justo netus platea. Netus massa nullam mollis. Nulla metus ornare convallis sem integer dis at donec dui. Risus justo pede. Justo neque ipsum rutrum mi tincidunt orci cum egestas et convallis risus in sollicitudin primis. Magna netus aenean at mollis. Vitae fusce blandit vel maecenas venenatis. Massa neque. Metus fusce est ante volutpat in. Nulla massa varius felis faucibus cras amet. Justo etiam commodo. Magna donec commodo congue ornare quis nam semper. Morbi ipsum vel purus neque elementum.",
    "_content_type_description": "text/plain",
    "_uid": "61f48228133540a38313e36810f5cbcb",
    "_owner": "admin",
    "_content_type_location": "text/plain",
    "_permissions": {
        "Modify portal content": {
            "acquire": false,
            "roles": [
                "Editor",
                "Manager",
                "Owner",
                "Site Administrator"
            ]
        },
        "Access contents information": {
            "acquire": false,
            "roles": [
                "Anonymous"
            ]
        },
        "View": {
            "acquire": false,
            "roles": [
                "Anonymous"
            ]
        }
    },
    "_properties": [
        [
            "title",
            "Nulla neque magna condimentum ac.",
            "string"
        ]
    ],
    "allowDiscussion": false,
    "_gopip": 67,
    "creators": [
        "admin"
    ],
    "_path": "/Plone/about/lacus-purus-sit-augue-facilisis-ultricies-pede./vitae-risus-mattis-nullam-purus-nonummy-arcu-fames-nonummy-rhoncus-dolor./nulla-neque-magna-condimentum-ac."
}