{
    "tableContents": false,
    "_content_type_text": "text/html",
    "text": "<h1>Sed in rebus apertissimis nimium longi sumus.</h1>\n\n<p>Lorem ipsum dolor sit amet, consectetur adipiscing elit. Et quod est munus, quod opus sapientiae? An hoc usque quaque, aliter in vita? Quid dubitas igitur mutare principia naturae? </p>\n\n<p>Frater et T. Inde igitur, inquit, ordiendum est. <a href='http://loripsum.net/' target='_blank'>Audeo dicere, inquit.</a> Quod ea non occurrentia fingunt, vincunt Aristonem; Duo Reges: constructio interrete. Sed tu istuc dixti bene Latine, parum plane. </p>\n\n<ol>\n\t<li>Aut haec tibi, Torquate, sunt vituperanda aut patrocinium voluptatis repudiandum.</li>\n\t<li>Quid, cum volumus nomina eorum, qui quid gesserint, nota nobis esse, parentes, patriam, multa praeterea minime necessaria?</li>\n\t<li>Apparet statim, quae sint officia, quae actiones.</li>\n\t<li>Hanc quoque iucunditatem, si vis, transfer in animum;</li>\n\t<li>Multoque hoc melius nos veriusque quam Stoici.</li>\n\t<li>Idem iste, inquam, de voluptate quid sentit?</li>\n</ol>\n\n\n<dl>\n\t<dt><dfn>Haeret in salebra.</dfn></dt>\n\t<dd>Sic, et quidem diligentius saepiusque ista loquemur inter nos agemusque communiter.</dd>\n\t<dt><dfn>Audeo dicere, inquit.</dfn></dt>\n\t<dd>Quod si ita sit, cur opera philosophiae sit danda nescio.</dd>\n\t<dt><dfn>Is es profecto tu.</dfn></dt>\n\t<dd>Cuius similitudine perspecta in formarum specie ac dignitate transitum est ad honestatem dictorum atque factorum.</dd>\n\t<dt><dfn>Idem adhuc;</dfn></dt>\n\t<dd>Maximus dolor, inquit, brevis est.</dd>\n</dl>\n\n\n<p>Mihi enim satis est, ipsis non satis. Id mihi magnum videtur. Nam ista vestra: Si gravis, brevis; Maximus dolor, inquit, brevis est. </p>\n\n<ul>\n\t<li>Tu quidem reddes;</li>\n\t<li>Si alia sentit, inquam, alia loquitur, numquam intellegam quid sentiat;</li>\n\t<li>Ut in voluptate sit, qui epuletur, in dolore, qui torqueatur.</li>\n</ul>\n\n\n",
    "creation_date": "2018/10/26 17:57:48.947349 GMT-4",
    "_uid": "1555e425a2034914a648d3d2387dbedb",
    "expirationDate": "None",
    "_content_type_id": "text/plain",
    "query": [],
    "_atbrefs": {},
    "id": "risus-morbi-nec.",
    "subject": [],
    "_content_type_sort_on": "text/plain",
    "contributors": [],
    "effectiveDate": "None",
    "title": "Risus morbi nec.",
    "_ac_local_roles": {
        "admin": [
            "Owner"
        ]
    },
    "sort_on": "Massa lacus ornare nibh ac massa ut justo nibh eu nibh nisi.",
    "_content_type_language": "text/plain",
    "_defaultpage": "",
    "location": "Vitae morbi dapibus accumsan id donec inceptos et suspendisse.",
    "_content_type_title": "text/plain",
    "excludeFromNav": false,
    "presentation": true,
    "_type": "Collection",
    "description": "Dolor metus vel diam gravida et mus arcu ve magna taciti. Fames risus lectus parturient porta eros a pede at duis luctus malesuada etiam justo torquent. Etiam neque nisl accumsan etiam velit. Risus donec euismod sem. Neque magna vivamus. Fusce dolor elementum imperdiet. Lorem augue vitae natoque. Curae etiam sed porta est nisl interdum sollicitudin. Velit proin a euismod id. Morbi nulla. Morbi purus conubia. Purus porta dui urna nascetur condimentum. Etiam velit nascetur non vitae lorem netus.",
    "_atrefs": {},
    "_layout": "standard_view",
    "_workflow_history": {
        "simple_publication_workflow": [
            {
                "action": null,
                "review_state": "private",
                "actor": "admin",
                "comments": "",
                "time": "2018/10/26 17:57:48.951986 GMT-4"
            },
            {
                "action": "publish",
                "review_state": "published",
                "actor": "admin",
                "comments": "",
                "time": "2018/10/26 17:57:49.557884 GMT-4"
            }
        ]
    },
    "_content_type_rights": "text/plain",
    "_directly_provided": [],
    "_classname": "Collection",
    "sort_reversed": true,
    "banner": "<h1>Duo enim genera quae erant, fecit tria.</h1>\n\n<p>Lorem ipsum dolor sit amet, consectetur adipiscing elit. Quantum Aristoxeni ingenium consumptum videmus in musicis? Quo modo autem philosophus loquitur? Cui Tubuli nomen odio non est? </p>\n\n<ul>\n\t<li>Quod cum dixissent, ille contra.</li>\n\t<li>Tecum optime, deinde etiam cum mediocri amico.</li>\n\t<li>Si enim ita est, vide ne facinus facias, cum mori suadeas.</li>\n\t<li>Non est enim vitium in oratione solum, sed etiam in moribus.</li>\n\t<li>Sin tantum modo ad indicia veteris memoriae cognoscenda, curiosorum.</li>\n</ul>\n\n\n<dl>\n\t<dt><dfn>Quonam, inquit, modo?</dfn></dt>\n\t<dd>Eiuro, inquit adridens, iniquum, hac quidem de re;</dd>\n\t<dt><dfn>Praeclare hoc quidem.</dfn></dt>\n\t<dd>Ampulla enim sit necne sit, quis non iure optimo irrideatur, si laboret?</dd>\n\t<dt><dfn>Quid ergo?</dfn></dt>\n\t<dd>Si quidem, inquit, tollerem, sed relinquo.</dd>\n\t<dt><dfn>Quibusnam praeteritis?</dfn></dt>\n\t<dd>Mihi quidem Antiochum, quem audis, satis belle videris attendere.</dd>\n</dl>\n\n\n<h2>Duo Reges: constructio interrete.</h2>\n\n<p><a href='http://loripsum.net/' target='_blank'>Refert tamen, quo modo.</a> <a href='http://loripsum.net/' target='_blank'>Memini vero, inquam;</a> Primum in nostrane potestate est, quid meminerimus? Quodsi ipsam honestatem undique pertectam atque absolutam. </p>\n\n<ol>\n\t<li>Ne tum quidem te respicies et cogitabis sibi quemque natum esse et suis voluptatibus?</li>\n\t<li>Res enim fortasse verae, certe graves, non ita tractantur, ut debent, sed aliquanto minutius.</li>\n\t<li>Ita graviter et severe voluptatem secrevit a bono.</li>\n</ol>\n\n\n<p>De hominibus dici non necesse est. Itaque contra est, ac dicitis; Apparet statim, quae sint officia, quae actiones. At certe gravius. </p>\n\n",
    "_userdefined_roles": [],
    "modification_date": "2018/10/26 17:57:49.562850 GMT-4",
    "_content_type": "text/html",
    "_id": "risus-morbi-nec.",
    "language": "en",
    "_content_type_banner": "text/html",
    "rights": "Curae donec. Ipsum curae. Massa justo ullamcorper urna arcu erat proin. Nulla magna nibh mollis facilisis. Lacus dolor euismod cursus risus vehicula proin natoque eu ac. Justo neque ultrices at class massa dictumst penatibus a morbi. Neque proin ornare vestibulum fames eros mollis hymenaeos. Risus fusce eni. Ipsum donec semper commodo facilisis mollis parturient sollicitudin nonummy donec quis. Class porta tincidunt rhoncus ligula ac quam. Justo ipsum. Risus ipsum taciti eu mus ac commodo ut. Neque metus viverra venenatis ultrices mollis lectus.",
    "b_size": 30,
    "customViewFields": [
        "Title",
        "Creator",
        "Type",
        "ModificationDate"
    ],
    "_content_type_description": "text/plain",
    "_owner": "admin",
    "_content_type_location": "text/plain",
    "limit": 1000,
    "_permissions": {
        "Change portal events": {
            "acquire": false,
            "roles": [
                "Editor",
                "Manager",
                "Owner",
                "Site Administrator"
            ]
        },
        "Modify portal content": {
            "acquire": false,
            "roles": [
                "Editor",
                "Manager",
                "Owner",
                "Site Administrator"
            ]
        },
        "Access contents information": {
            "acquire": false,
            "roles": [
                "Anonymous"
            ]
        },
        "View": {
            "acquire": false,
            "roles": [
                "Anonymous"
            ]
        }
    },
    "_properties": [
        [
            "title",
            "Risus morbi nec.",
            "string"
        ]
    ],
    "allowDiscussion": false,
    "_gopip": 70,
    "creators": [
        "admin"
    ],
    "_path": "/Plone/about/lacus-purus-sit-augue-facilisis-ultricies-pede./vitae-risus-mattis-nullam-purus-nonummy-arcu-fames-nonummy-rhoncus-dolor./risus-morbi-nec."
}