{
    "tableContents": true,
    "_content_type_text": "text/html",
    "text": "<h1>A villa enim, credo, et: Si ibi te esse scissem, ad te ipse venissem.</h1>\n\n<p>Lorem ipsum dolor sit amet, consectetur adipiscing elit. Immo videri fortasse. Quicquid porro animo cernimus, id omne oritur a sensibus; Nihil ad rem! Ne sit sane; <a href='http://loripsum.net/' target='_blank'>Si enim ad populum me vocas, eum.</a> </p>\n\n<ul>\n\t<li>Sic, et quidem diligentius saepiusque ista loquemur inter nos agemusque communiter.</li>\n\t<li>Nam prius a se poterit quisque discedere quam appetitum earum rerum, quae sibi conducant, amittere.</li>\n\t<li>Poterat autem inpune;</li>\n\t<li>Quicquid enim a sapientia proficiscitur, id continuo debet expletum esse omnibus suis partibus;</li>\n\t<li>Si autem id non concedatur, non continuo vita beata tollitur.</li>\n\t<li>Videmus in quodam volucrium genere non nulla indicia pietatis, cognitionem, memoriam, in multis etiam desideria videmus.</li>\n</ul>\n\n\n<dl>\n\t<dt><dfn>Restatis igitur vos;</dfn></dt>\n\t<dd>Verum tamen cum de rebus grandioribus dicas, ipsae res verba rapiunt;</dd>\n\t<dt><dfn>Haec dicuntur inconstantissime.</dfn></dt>\n\t<dd>Illum mallem levares, quo optimum atque humanissimum virum, Cn.</dd>\n</dl>\n\n\n<p>Duo Reges: constructio interrete. Haeret in salebra. <a href='http://loripsum.net/' target='_blank'>Sed residamus, inquit, si placet.</a> Aufert enim sensus actionemque tollit omnem. Falli igitur possumus. Recte dicis; Istam voluptatem, inquit, Epicurus ignorat? </p>\n\n<ol>\n\t<li>Si enim ad populum me vocas, eum.</li>\n\t<li>Sit ista in Graecorum levitate perversitas, qui maledictis insectantur eos, a quibus de veritate dissentiunt.</li>\n\t<li>Sed ne, dum huic obsequor, vobis molestus sim.</li>\n\t<li>Mihi enim satis est, ipsis non satis.</li>\n\t<li>An est aliquid, quod te sua sponte delectet?</li>\n</ol>\n\n\n<h2>Sin aliud quid voles, postea.</h2>\n\n<p>Si quae forte-possumus. Istic sum, inquit. <a href='http://loripsum.net/' target='_blank'>Sed ad bona praeterita redeamus.</a> Non autem hoc: igitur ne illud quidem. </p>\n\n",
    "creation_date": "2018/10/26 17:57:49.729430 GMT-4",
    "_uid": "f44bb3b1713a49238658fe7e04a61803",
    "expirationDate": "None",
    "_content_type_id": "text/plain",
    "query": [],
    "_atbrefs": {},
    "id": "etiam-fusce-nisl-non-pede-ve-cum-erat-fringilla-tellus-tristique.",
    "subject": [],
    "_content_type_sort_on": "text/plain",
    "contributors": [],
    "effectiveDate": "None",
    "title": "Etiam fusce nisl non pede ve cum erat fringilla tellus tristique.",
    "_ac_local_roles": {
        "admin": [
            "Owner"
        ]
    },
    "sort_on": "Velit netus accumsan non quisque.",
    "_content_type_language": "text/plain",
    "_defaultpage": "",
    "location": "Metus porta dui nisl interdum hendrerit pellentesque euismod consequat inceptos auctor.",
    "_content_type_title": "text/plain",
    "excludeFromNav": true,
    "presentation": false,
    "_type": "Collection",
    "description": "Fames morbi nisi. Justo morbi viverra habitant. Proin purus aliquam facilisi felis at urna facilisi adipiscing ornare eros dui lacinia ad. Neque metus. Etiam felis augue per. Magna etiam accumsan nulla quis. Fames morbi feugiat est adipiscing. Felis vitae risus sodales semper id cursus sed cras adipiscing dictum ad turpis. Donec lacus netus. Massa lacus molestie facilisis sollicitudin rhoncus. Massa morbi primis donec interdum ridiculus at imperdiet felis elit ad. Neque metus mauris dictum purus mollis tellus mus dictum. Purus lorem dictumst facilisis et. Morbi donec.",
    "_atrefs": {},
    "_layout": "standard_view",
    "_workflow_history": {
        "simple_publication_workflow": [
            {
                "action": null,
                "review_state": "private",
                "actor": "admin",
                "comments": "",
                "time": "2018/10/26 17:57:49.734045 GMT-4"
            },
            {
                "action": "publish",
                "review_state": "published",
                "actor": "admin",
                "comments": "",
                "time": "2018/10/26 17:57:50.340275 GMT-4"
            }
        ]
    },
    "_content_type_rights": "text/plain",
    "_directly_provided": [],
    "_classname": "Collection",
    "sort_reversed": true,
    "banner": "<h1>Quae quo sunt excelsiores, eo dant clariora indicia naturae.</h1>\n\n<p>Lorem ipsum dolor sit amet, consectetur adipiscing elit. Quonam, inquit, modo? <a href='http://loripsum.net/' target='_blank'>Quamquam tu hanc copiosiorem etiam soles dicere.</a> Quonam modo? Idemque diviserunt naturam hominis in animum et corpus. Duo Reges: constructio interrete. Ostendit pedes et pectus. Quid ergo hoc loco intellegit honestum? Minime vero, inquit ille, consentit. </p>\n\n<p>Sed quot homines, tot sententiae; Quae cum magnifice primo dici viderentur, considerata minus probabantur. Aliter autem vobis placet. </p>\n\n<h2>Non potes, nisi retexueris illa.</h2>\n\n<p>Vide, quantum, inquam, fallare, Torquate. <a href='http://loripsum.net/' target='_blank'>Illi enim inter se dissentiunt.</a> Verba tu fingas et ea dicas, quae non sentias? </p>\n\n<ul>\n\t<li>Facit igitur Lucius noster prudenter, qui audire de summo bono potissimum velit;</li>\n\t<li>Sed quod proximum fuit non vidit.</li>\n\t<li>Quod autem satis est, eo quicquid accessit, nimium est;</li>\n\t<li>Neque solum ea communia, verum etiam paria esse dixerunt.</li>\n</ul>\n\n\n<ol>\n\t<li>Et si turpitudinem fugimus in statu et motu corporis, quid est cur pulchritudinem non sequamur?</li>\n\t<li>Quid enim de amicitia statueris utilitatis causa expetenda vides.</li>\n\t<li>Ita multa dicunt, quae vix intellegam.</li>\n\t<li>Fortitudinis quaedam praecepta sunt ac paene leges, quae effeminari virum vetant in dolore.</li>\n</ol>\n\n\n<dl>\n\t<dt><dfn>Facete M.</dfn></dt>\n\t<dd>Quid ei reliquisti, nisi te, quoquo modo loqueretur, intellegere, quid diceret?</dd>\n\t<dt><dfn>Eam stabilem appellas.</dfn></dt>\n\t<dd>Quasi ego id curem, quid ille aiat aut neget.</dd>\n</dl>\n\n\n",
    "_userdefined_roles": [],
    "modification_date": "2018/10/26 17:57:50.345028 GMT-4",
    "_content_type": "text/html",
    "_id": "etiam-fusce-nisl-non-pede-ve-cum-erat-fringilla-tellus-tristique.",
    "language": "en",
    "_content_type_banner": "text/html",
    "rights": "Fames fusce sed diam egestas. Lorem felis. Ipsum justo elit elementum. Donec metus. Porta vitae duis habitasse sollicitudin blandit dui ad risus purus. Justo vitae nibh. Risus lacus. Donec curae. Class morbi vitae nam nunc aenean. Dolor fames placerat est dictum dapibus. Fames ipsum mauris mi vel condimentum sodales condimentum ante dignissim tortor a adipiscing per morbi nullam. Risus lorem leo congue elementum risus ut sociis habitant arcu nec augue.",
    "b_size": 30,
    "customViewFields": [
        "Title",
        "Creator",
        "Type",
        "ModificationDate"
    ],
    "_content_type_description": "text/plain",
    "_owner": "admin",
    "_content_type_location": "text/plain",
    "limit": 1000,
    "_permissions": {
        "Change portal events": {
            "acquire": false,
            "roles": [
                "Editor",
                "Manager",
                "Owner",
                "Site Administrator"
            ]
        },
        "Modify portal content": {
            "acquire": false,
            "roles": [
                "Editor",
                "Manager",
                "Owner",
                "Site Administrator"
            ]
        },
        "Access contents information": {
            "acquire": false,
            "roles": [
                "Anonymous"
            ]
        },
        "View": {
            "acquire": false,
            "roles": [
                "Anonymous"
            ]
        }
    },
    "_properties": [
        [
            "title",
            "Etiam fusce nisl non pede ve cum erat fringilla tellus tristique.",
            "string"
        ]
    ],
    "allowDiscussion": false,
    "_gopip": 71,
    "creators": [
        "admin"
    ],
    "_path": "/Plone/about/lacus-purus-sit-augue-facilisis-ultricies-pede./vitae-risus-mattis-nullam-purus-nonummy-arcu-fames-nonummy-rhoncus-dolor./etiam-fusce-nisl-non-pede-ve-cum-erat-fringilla-tellus-tristique."
}