{
    "tableContents": false,
    "_content_type_text": "text/html",
    "text": "<h1>Istic sum, inquit.</h1>\n\n<p>Lorem ipsum dolor sit amet, consectetur adipiscing elit. Sed quid sentiat, non videtis. <a href='http://loripsum.net/' target='_blank'>Compensabatur, inquit, cum summis doloribus laetitia.</a> <a href='http://loripsum.net/' target='_blank'>Ut pulsi recurrant?</a> Eadem fortitudinis ratio reperietur. <a href='http://loripsum.net/' target='_blank'>Qui convenit?</a> Duo Reges: constructio interrete. </p>\n\n<p>Immo alio genere; Vide, quantum, inquam, fallare, Torquate. Si quae forte-possumus. An tu me de L. Hoc loco tenere se Triarius non potuit. Idem iste, inquam, de voluptate quid sentit? </p>\n\n<ul>\n\t<li>Quod autem satis est, eo quicquid accessit, nimium est;</li>\n\t<li>Hoc unum Aristo tenuit: praeter vitia atque virtutes negavit rem esse ullam aut fugiendam aut expetendam.</li>\n\t<li>At multis se probavit.</li>\n\t<li>Nos quidem Virtutes sic natae sumus, ut tibi serviremus, aliud negotii nihil habemus.</li>\n</ul>\n\n\n<dl>\n\t<dt><dfn>Quare attende, quaeso.</dfn></dt>\n\t<dd>Sed utrum hortandus es nobis, Luci, inquit, an etiam tua sponte propensus es?</dd>\n\t<dt><dfn>Falli igitur possumus.</dfn></dt>\n\t<dd>Quid, cum fictas fabulas, e quibus utilitas nulla elici potest, cum voluptate legimus?</dd>\n\t<dt><dfn>Magna laus.</dfn></dt>\n\t<dd>Ergo hoc quidem apparet, nos ad agendum esse natos.</dd>\n\t<dt><dfn>Itaque fecimus.</dfn></dt>\n\t<dd>Huius ego nunc auctoritatem sequens idem faciam.</dd>\n\t<dt><dfn>Quonam modo?</dfn></dt>\n\t<dd>Videmus igitur ut conquiescere ne infantes quidem possint.</dd>\n\t<dt><dfn>Peccata paria.</dfn></dt>\n\t<dd>Et homini, qui ceteris animantibus plurimum praestat, praecipue a natura nihil datum esse dicemus?</dd>\n</dl>\n\n\n<ol>\n\t<li>Inde igitur, inquit, ordiendum est.</li>\n\t<li>Sin autem eos non probabat, quid attinuit cum iis, quibuscum re concinebat, verbis discrepare?</li>\n\t<li>Roges enim Aristonem, bonane ei videantur haec: vacuitas doloris, divitiae, valitudo;</li>\n\t<li>Dolere malum est: in crucem qui agitur, beatus esse non potest.</li>\n\t<li>Ergo ita: non posse honeste vivi, nisi honeste vivatur?</li>\n</ol>\n\n\n<p>De vacuitate doloris eadem sententia erit. Restatis igitur vos; Omnis enim est natura diligens sui. Prioris generis est docilitas, memoria; </p>\n\n",
    "creation_date": "2018/10/26 17:57:52.148017 GMT-4",
    "_uid": "7f5454233f434e14bef219d003594f92",
    "expirationDate": "None",
    "_content_type_id": "text/plain",
    "query": [],
    "_atbrefs": {},
    "id": "magna-porta-interdum-parturient-ornare-quam.",
    "subject": [],
    "_content_type_sort_on": "text/plain",
    "contributors": [],
    "effectiveDate": "None",
    "title": "Magna porta interdum parturient ornare quam.",
    "_ac_local_roles": {
        "admin": [
            "Owner"
        ]
    },
    "sort_on": "Morbi curae sagittis dui.",
    "_content_type_language": "text/plain",
    "_defaultpage": "",
    "location": "Purus nulla ipsum conubia massa amet est.",
    "_content_type_title": "text/plain",
    "excludeFromNav": false,
    "presentation": true,
    "_type": "Collection",
    "description": "Curae felis nulla varius integer enim volutpat class dolor nisi nisl phasellus. Lacus fusce pharetra velit pellentesque ridiculus. Neque curae scelerisque senectus malesuada est enim. Neque lorem lacus pretium viverra feugiat amet. Justo etiam. Dolor fames volutpat porta urna purus vulputate suspendisse porta congue. Felis massa erat malesuada elementum adipiscing quam purus tortor aptent sit erat a. Fusce dolor curae est augue donec nisi nam lacus platea. Netus lacus. Lacus massa dictum risus parturient ve porttitor porta est amet. Metus ipsum est eros justo laoreet. Purus netus quam ullamcorper sem mauris massa scelerisque at. Class fusce morbi tortor nostra magna. Lorem lacus nonummy luctus fusce porttitor phasellus magna mi porta non. Fames neque purus ornare ac. Purus risus. Lacus netus semper tristique id purus id pellentesque.",
    "_atrefs": {},
    "_layout": "standard_view",
    "_workflow_history": {
        "simple_publication_workflow": [
            {
                "action": null,
                "review_state": "private",
                "actor": "admin",
                "comments": "",
                "time": "2018/10/26 17:57:52.152661 GMT-4"
            },
            {
                "action": "publish",
                "review_state": "published",
                "actor": "admin",
                "comments": "",
                "time": "2018/10/26 17:57:52.762756 GMT-4"
            }
        ]
    },
    "_content_type_rights": "text/plain",
    "_directly_provided": [],
    "_classname": "Collection",
    "sort_reversed": true,
    "banner": "<h1>Quamquam tu hanc copiosiorem etiam soles dicere.</h1>\n\n<p>Lorem ipsum dolor sit amet, consectetur adipiscing elit. Restinguet citius, si ardentem acceperit. Duo Reges: constructio interrete. Quae duo sunt, unum facit. Quid, quod res alia tota est? Duo enim genera quae erant, fecit tria. Primum quid tu dicis breve? Ita multa dicunt, quae vix intellegam. </p>\n\n<ul>\n\t<li>Qua tu etiam inprudens utebare non numquam.</li>\n\t<li>A villa enim, credo, et: Si ibi te esse scissem, ad te ipse venissem.</li>\n\t<li>Itaque si aut requietem natura non quaereret aut eam posset alia quadam ratione consequi.</li>\n</ul>\n\n\n<dl>\n\t<dt><dfn>Quid vero?</dfn></dt>\n\t<dd>Aliena dixit in physicis nec ea ipsa, quae tibi probarentur;</dd>\n\t<dt><dfn>Moriatur, inquit.</dfn></dt>\n\t<dd>Introduci enim virtus nullo modo potest, nisi omnia, quae leget quaeque reiciet, unam referentur ad summam.</dd>\n\t<dt><dfn>Moriatur, inquit.</dfn></dt>\n\t<dd>Aliter enim explicari, quod quaeritur, non potest.</dd>\n</dl>\n\n\n<h3>Quae cum magnifice primo dici viderentur, considerata minus probabantur.</h3>\n\n<p>Confecta res esset. Sed ego in hoc resisto; Omnis enim est natura diligens sui. Certe non potest. Cur deinde Metrodori liberos commendas? Mihi, inquam, qui te id ipsum rogavi? Diodorus, eius auditor, adiungit ad honestatem vacuitatem doloris. </p>\n\n<h2>Tollitur beneficium, tollitur gratia, quae sunt vincla concordiae.</h2>\n\n<p>Tamen a proposito, inquam, aberramus. Dicimus aliquem hilare vivere; Sed quid sentiat, non videtis. </p>\n\n<ol>\n\t<li>Quid est enim aliud esse versutum?</li>\n\t<li>Quis est tam dissimile homini.</li>\n\t<li>Intellegi quidem, ut propter aliam quampiam rem, verbi gratia propter voluptatem, nos amemus;</li>\n\t<li>Quia dolori non voluptas contraria est, sed doloris privatio.</li>\n\t<li>Nec vero alia sunt quaerenda contra Carneadeam illam sententiam.</li>\n\t<li>Vitae autem degendae ratio maxime quidem illis placuit quieta.</li>\n</ol>\n\n\n",
    "_userdefined_roles": [],
    "modification_date": "2018/10/26 17:57:52.767500 GMT-4",
    "_content_type": "text/html",
    "_id": "magna-porta-interdum-parturient-ornare-quam.",
    "language": "en",
    "_content_type_banner": "text/html",
    "rights": "Class nulla sit diam fusce blandit hymenaeos eu scelerisque eget elementum. Morbi fames. Purus massa fermentum dis consectetuer donec pede luctus parturient augue eget. Lacus neque etiam platea nascetur sit lacinia non eu tempus commodo quisque nullam hac lectus. Lacus curae nostra orci in phasellus. Proin morbi. Vitae ipsum litora pellentesque curabitur neque pretium. Purus morbi. Curae lacus egestas viverra nunc sollicitudin dictumst massa in lectus lacinia. Vitae magna facilisis placerat rutrum semper aliquam cubilia penatibus. Proin purus habitant. Justo proin sem netus. Massa fames faucibus habitasse purus. Etiam nulla sit ante. Purus lacus. Vitae nulla facilisi duis vivamus ad posuere. Morbi purus.",
    "b_size": 30,
    "customViewFields": [
        "Title",
        "Creator",
        "Type",
        "ModificationDate"
    ],
    "_content_type_description": "text/plain",
    "_owner": "admin",
    "_content_type_location": "text/plain",
    "limit": 1000,
    "_permissions": {
        "Change portal events": {
            "acquire": false,
            "roles": [
                "Editor",
                "Manager",
                "Owner",
                "Site Administrator"
            ]
        },
        "Modify portal content": {
            "acquire": false,
            "roles": [
                "Editor",
                "Manager",
                "Owner",
                "Site Administrator"
            ]
        },
        "Access contents information": {
            "acquire": false,
            "roles": [
                "Anonymous"
            ]
        },
        "View": {
            "acquire": false,
            "roles": [
                "Anonymous"
            ]
        }
    },
    "_properties": [
        [
            "title",
            "Magna porta interdum parturient ornare quam.",
            "string"
        ]
    ],
    "allowDiscussion": false,
    "_gopip": 74,
    "creators": [
        "admin"
    ],
    "_path": "/Plone/about/lacus-purus-sit-augue-facilisis-ultricies-pede./vitae-risus-mattis-nullam-purus-nonummy-arcu-fames-nonummy-rhoncus-dolor./magna-porta-interdum-parturient-ornare-quam."
}