{
    "tableContents": false,
    "_content_type_text": "text/html",
    "text": "<h1>Nam quid possumus facere melius?</h1>\n\n<p>Lorem ipsum dolor sit amet, consectetur adipiscing elit. Itaque ad tempus ad Pisonem omnes. Quid enim possumus hoc agere divinius? <a href='http://loripsum.net/' target='_blank'>Equidem e Cn.</a> Confecta res esset. </p>\n\n<ul>\n\t<li>Laelius clamores sof\u00f2w ille so lebat Edere compellans gumias ex ordine nostros.</li>\n\t<li>Sed quanta sit alias, nunc tantum possitne esse tanta.</li>\n\t<li>Vidit Homerus probari fabulam non posse, si cantiunculis tantus irretitus vir teneretur;</li>\n\t<li>Ea, quae dialectici nunc tradunt et docent, nonne ab illis instituta sunt aut inventa sunt?</li>\n</ul>\n\n\n<dl>\n\t<dt><dfn>Hic ambiguo ludimur.</dfn></dt>\n\t<dd>Respondeat totidem verbis.</dd>\n\t<dt><dfn>Ille incendat?</dfn></dt>\n\t<dd>Peccata paria.</dd>\n\t<dt><dfn>Quid iudicant sensus?</dfn></dt>\n\t<dd>In quo etsi est magnus, tamen nova pleraque et perpauca de moribus.</dd>\n\t<dt><dfn>Non semper, inquam;</dfn></dt>\n\t<dd>Ergo et avarus erit, sed finite, et adulter, verum habebit modum, et luxuriosus eodem modo.</dd>\n</dl>\n\n\n<h2>Egone non intellego, quid sit don Graece, Latine voluptas?</h2>\n\n<p>Non est igitur voluptas bonum. Simus igitur contenti his. Potius inflammat, ut coercendi magis quam dedocendi esse videantur. <a href='http://loripsum.net/' target='_blank'>Nemo igitur esse beatus potest.</a> </p>\n\n<ol>\n\t<li>Cuius similitudine perspecta in formarum specie ac dignitate transitum est ad honestatem dictorum atque factorum.</li>\n\t<li>Neque enim civitas in seditione beata esse potest nec in discordia dominorum domus;</li>\n\t<li>Quaesita enim virtus est, non quae relinqueret naturam, sed quae tueretur.</li>\n</ol>\n\n\n<p><a href='http://loripsum.net/' target='_blank'>Nobis aliter videtur, recte secusne, postea;</a> Duo Reges: constructio interrete. Quis Aristidem non mortuum diligit? Urgent tamen et nihil remittunt. </p>\n\n",
    "creation_date": "2018/10/26 17:57:52.972015 GMT-4",
    "_uid": "302b66c22a064549afa930c6250cfd80",
    "expirationDate": "None",
    "_content_type_id": "text/plain",
    "query": [],
    "_atbrefs": {},
    "id": "dolor-donec.",
    "subject": [],
    "_content_type_sort_on": "text/plain",
    "contributors": [],
    "effectiveDate": "None",
    "title": "Dolor donec.",
    "_ac_local_roles": {
        "admin": [
            "Owner"
        ]
    },
    "sort_on": "Dolor vitae platea adipiscing sociosqu dapibus integer quis suscipit diam congue ad nam tincidunt.",
    "_content_type_language": "text/plain",
    "_defaultpage": "",
    "location": "Magna donec tortor pharetra vestibulum varius cum ligula.",
    "_content_type_title": "text/plain",
    "excludeFromNav": true,
    "presentation": false,
    "_type": "Collection",
    "description": "Fames class sociis mi ridiculus a leo consequat varius. Dolor lacus sed dui curabitur eleifend morbi. Donec risus sapien iaculis cras interdum vestibulum. Class nulla mauris tempor. Magna justo nullam tempus conubia egestas. Class vitae mattis torquent duis mattis varius fermentum faucibus duis vulputate. Purus porta feugiat iaculis. Dolor metus duis purus erat turpis. Curae massa amet. Magna metus. Felis etiam. Etiam metus. Curae felis nostra dictum cum ut turpis habitant curae ad sapien maecenas ve condimentum. Augue dolor duis cubilia ut accumsan. Proin etiam ante magna conubia ve quis nam etiam.",
    "_atrefs": {},
    "_layout": "standard_view",
    "_workflow_history": {
        "simple_publication_workflow": [
            {
                "action": null,
                "review_state": "private",
                "actor": "admin",
                "comments": "",
                "time": "2018/10/26 17:57:52.977962 GMT-4"
            },
            {
                "action": "publish",
                "review_state": "published",
                "actor": "admin",
                "comments": "",
                "time": "2018/10/26 17:57:53.578797 GMT-4"
            }
        ]
    },
    "_content_type_rights": "text/plain",
    "_directly_provided": [],
    "_classname": "Collection",
    "sort_reversed": false,
    "banner": "<h1>Hic, qui utrumque probat, ambobus debuit uti, sicut facit re, neque tamen dividit verbis.</h1>\n\n<p>Lorem ipsum dolor sit amet, consectetur adipiscing elit. Quis negat? <a href='http://loripsum.net/' target='_blank'>Philosophi autem in suis lectulis plerumque moriuntur.</a> Qua tu etiam inprudens utebare non numquam. Id enim natura desiderat. Duo Reges: constructio interrete. Tamen a proposito, inquam, aberramus. </p>\n\n<dl>\n\t<dt><dfn>Stoici scilicet.</dfn></dt>\n\t<dd>Res tota, Torquate, non doctorum hominum, velle post mortem epulis celebrari memoriam sui nominis.</dd>\n\t<dt><dfn>Quid de Pythagora?</dfn></dt>\n\t<dd>Et quod est munus, quod opus sapientiae?</dd>\n\t<dt><dfn>Quid ergo?</dfn></dt>\n\t<dd>Falli igitur possumus.</dd>\n\t<dt><dfn>Immo alio genere;</dfn></dt>\n\t<dd>Virtutis, magnitudinis animi, patientiae, fortitudinis fomentis dolor mitigari solet.</dd>\n\t<dt><dfn>Sed fortuna fortis;</dfn></dt>\n\t<dd>Eam tum adesse, cum dolor omnis absit;</dd>\n</dl>\n\n\n<h2>Duo enim genera quae erant, fecit tria.</h2>\n\n<p>Facillimum id quidem est, inquam. A mene tu? Qui ita affectus, beatum esse numquam probabis; At eum nihili facit; Confecta res esset. <a href='http://loripsum.net/' target='_blank'>Qualem igitur hominem natura inchoavit?</a> </p>\n\n<h3>Iam id ipsum absurdum, maximum malum neglegi.</h3>\n\n<p>Ita enim vivunt quidam, ut eorum vita refellatur oratio. Primum divisit ineleganter; Aliter autem vobis placet. <a href='http://loripsum.net/' target='_blank'>At, si voluptas esset bonum, desideraret.</a> De hominibus dici non necesse est. Qua tu etiam inprudens utebare non numquam. Comprehensum, quod cognitum non habet? Quae cum magnifice primo dici viderentur, considerata minus probabantur. </p>\n\n<ol>\n\t<li>Quamquam ab iis philosophiam et omnes ingenuas disciplinas habemus;</li>\n\t<li>Deque his rebus satis multa in nostris de re publica libris sunt dicta a Laelio.</li>\n\t<li>Respondent extrema primis, media utrisque, omnia omnibus.</li>\n\t<li>Videamus igitur sententias eorum, tum ad verba redeamus.</li>\n</ol>\n\n\n<ul>\n\t<li>Facit enim ille duo seiuncta ultima bonorum, quae ut essent vera, coniungi debuerunt;</li>\n\t<li>Ita cum ea volunt retinere, quae superiori sententiae conveniunt, in Aristonem incidunt;</li>\n\t<li>Nihil illinc huc pervenit.</li>\n\t<li>Et hunc idem dico, inquieta sed ad virtutes et ad vitia nihil interesse.</li>\n</ul>\n\n\n",
    "_userdefined_roles": [],
    "modification_date": "2018/10/26 17:57:53.582958 GMT-4",
    "_content_type": "text/html",
    "_id": "dolor-donec.",
    "language": "en",
    "_content_type_banner": "text/html",
    "rights": "Augue metus. Class curae nec parturient. Felis magna sem senectus a sollicitudin. Donec lacus tempus velit augue eget in. Proin risus torquent risus urna platea odio per dapibus magnis vel. Felis donec aenean. Augue massa eget magna auctor taciti laoreet. Proin curae. Augue nulla ultrices nibh. Risus class facilisi id lacus nisi amet torquent dis.",
    "b_size": 30,
    "customViewFields": [
        "Title",
        "Creator",
        "Type",
        "ModificationDate"
    ],
    "_content_type_description": "text/plain",
    "_owner": "admin",
    "_content_type_location": "text/plain",
    "limit": 1000,
    "_permissions": {
        "Change portal events": {
            "acquire": false,
            "roles": [
                "Editor",
                "Manager",
                "Owner",
                "Site Administrator"
            ]
        },
        "Modify portal content": {
            "acquire": false,
            "roles": [
                "Editor",
                "Manager",
                "Owner",
                "Site Administrator"
            ]
        },
        "Access contents information": {
            "acquire": false,
            "roles": [
                "Anonymous"
            ]
        },
        "View": {
            "acquire": false,
            "roles": [
                "Anonymous"
            ]
        }
    },
    "_properties": [
        [
            "title",
            "Dolor donec.",
            "string"
        ]
    ],
    "allowDiscussion": false,
    "_gopip": 75,
    "creators": [
        "admin"
    ],
    "_path": "/Plone/about/lacus-purus-sit-augue-facilisis-ultricies-pede./vitae-risus-mattis-nullam-purus-nonummy-arcu-fames-nonummy-rhoncus-dolor./dolor-donec."
}