{
    "tableContents": true,
    "_content_type_text": "text/html",
    "text": "<h1>Quod idem cum vestri faciant, non satis magnam tribuunt inventoribus gratiam.</h1>\n\n<p>Lorem ipsum dolor sit amet, consectetur adipiscing elit. Expectoque quid ad id, quod quaerebam, respondeas. Qui-vere falsone, quaerere mittimus-dicitur oculis se privasse; Iam contemni non poteris. Potius inflammat, ut coercendi magis quam dedocendi esse videantur. </p>\n\n<ol>\n\t<li>Licet hic rursus ea commemores, quae optimis verbis ab Epicuro de laude amicitiae dicta sunt.</li>\n\t<li>Ita relinquet duas, de quibus etiam atque etiam consideret.</li>\n</ol>\n\n\n<ul>\n\t<li>Ergo in utroque exercebantur, eaque disciplina effecit tantam illorum utroque in genere dicendi copiam.</li>\n\t<li>Graece donan, Latine voluptatem vocant.</li>\n</ul>\n\n\n<p>Bestiarum vero nullum iudicium puto. <a href='http://loripsum.net/' target='_blank'>Igitur ne dolorem quidem.</a> Duo Reges: constructio interrete. Deinde disputat, quod cuiusque generis animantium statui deceat extremum. </p>\n\n<p>Memini me adesse P. Ubi ut eam caperet aut quando? Quae quidem vel cum periculo est quaerenda vobis; Si longus, levis; </p>\n\n<dl>\n\t<dt><dfn>Tenent mordicus.</dfn></dt>\n\t<dd>Mihi quidem Antiochum, quem audis, satis belle videris attendere.</dd>\n\t<dt><dfn>Peccata paria.</dfn></dt>\n\t<dd>Bonum patria: miserum exilium.</dd>\n\t<dt><dfn>Recte dicis;</dfn></dt>\n\t<dd>Plane idem, inquit, et maxima quidem, qua fieri nulla maior potest.</dd>\n\t<dt><dfn>Avaritiamne minuis?</dfn></dt>\n\t<dd>Si stante, hoc natura videlicet vult, salvam esse se, quod concedimus;</dd>\n</dl>\n\n\n",
    "creation_date": "2018/10/26 17:57:53.762153 GMT-4",
    "_uid": "ac585cc3348f467f909e503d35f93cb7",
    "expirationDate": "None",
    "_content_type_id": "text/plain",
    "query": [],
    "_atbrefs": {},
    "id": "fusce-purus-suspendisse-cras-habitasse-rutrum.",
    "subject": [],
    "_content_type_sort_on": "text/plain",
    "contributors": [],
    "effectiveDate": "None",
    "title": "Fusce purus suspendisse cras habitasse rutrum.",
    "_ac_local_roles": {
        "admin": [
            "Owner"
        ]
    },
    "sort_on": "Proin justo duis congue sem.",
    "_content_type_language": "text/plain",
    "_defaultpage": "",
    "location": "Nulla augue mattis semper fusce scelerisque inceptos quisque lobortis amet nibh.",
    "_content_type_title": "text/plain",
    "excludeFromNav": false,
    "presentation": true,
    "_type": "Collection",
    "description": "Morbi lorem orci hac lacus parturient maecenas eros. Class donec magnis augue sagittis. Magna lorem. Nulla lorem sed nulla ridiculus eleifend. Donec porta tellus habitasse ve ligula nisl. Massa augue. Augue vitae. Massa purus. Nulla justo eleifend fringilla litora praesent integer gravida semper orci quis in urna condimentum natoque. Netus massa amet natoque et turpis arcu nec. Felis velit nibh suspendisse. Etiam morbi nullam leo primis risus. Fames dolor dictum. Lorem neque ligula ut cum ridiculus dictumst aenean etiam.",
    "_atrefs": {},
    "_layout": "standard_view",
    "_workflow_history": {
        "simple_publication_workflow": [
            {
                "action": null,
                "review_state": "private",
                "actor": "admin",
                "comments": "",
                "time": "2018/10/26 17:57:53.767593 GMT-4"
            },
            {
                "action": "publish",
                "review_state": "published",
                "actor": "admin",
                "comments": "",
                "time": "2018/10/26 17:57:54.488407 GMT-4"
            }
        ]
    },
    "_content_type_rights": "text/plain",
    "_directly_provided": [],
    "_classname": "Collection",
    "sort_reversed": true,
    "banner": "<h1>Idemne potest esse dies saepius, qui semel fuit?</h1>\n\n<p>Lorem ipsum dolor sit amet, consectetur adipiscing elit. Quid enim est a Chrysippo praetermissum in Stoicis? Sed vos squalidius, illorum vides quam niteat oratio. Urgent tamen et nihil remittunt. </p>\n\n<ol>\n\t<li>Tria genera bonorum;</li>\n\t<li>Intellegi quidem, ut propter aliam quampiam rem, verbi gratia propter voluptatem, nos amemus;</li>\n\t<li>Si quicquam extra virtutem habeatur in bonis.</li>\n\t<li>Deinde prima illa, quae in congressu solemus: Quid tu, inquit, huc?</li>\n</ol>\n\n\n<ul>\n\t<li>Quid est, quod ab ea absolvi et perfici debeat?</li>\n\t<li>Potius ergo illa dicantur: turpe esse, viri non esse debilitari dolore, frangi, succumbere.</li>\n\t<li>Quae cum dixisset paulumque institisset, Quid est?</li>\n\t<li>Sin dicit obscurari quaedam nec apparere, quia valde parva sint, nos quoque concedimus;</li>\n</ul>\n\n\n<p>Id est enim, de quo quaerimus. Profectus in exilium Tubulus statim nec respondere ausus; Nihil enim hoc differt. <a href='http://loripsum.net/' target='_blank'>Sed residamus, inquit, si placet.</a> Quid, quod res alia tota est? </p>\n\n<dl>\n\t<dt><dfn>Negare non possum.</dfn></dt>\n\t<dd>Nam adhuc, meo fortasse vitio, quid ego quaeram non perspicis.</dd>\n\t<dt><dfn>Hoc simile tandem est?</dfn></dt>\n\t<dd>Ut id aliis narrare gestiant?</dd>\n\t<dt><dfn>Nihil sane.</dfn></dt>\n\t<dd>Vitiosum est enim in dividendo partem in genere numerare.</dd>\n</dl>\n\n\n<p>Rhetorice igitur, inquam, nos mavis quam dialectice disputare? Sullae consulatum? Bestiarum vero nullum iudicium puto. Duo Reges: constructio interrete. Iubet igitur nos Pythius Apollo noscere nosmet ipsos. Explanetur igitur. <a href='http://loripsum.net/' target='_blank'>Cur post Tarentum ad Archytam?</a> <a href='http://loripsum.net/' target='_blank'>Torquatus, is qui consul cum Cn.</a> </p>\n\n",
    "_userdefined_roles": [],
    "modification_date": "2018/10/26 17:57:54.493545 GMT-4",
    "_content_type": "text/html",
    "_id": "fusce-purus-suspendisse-cras-habitasse-rutrum.",
    "language": "en",
    "_content_type_banner": "text/html",
    "rights": "Donec risus arcu duis eni torquent rhoncus dapibus nibh. Lacus metus. Fames lorem euismod risus lorem semper nulla. Massa lacus a urna. Fusce fames. Curae ipsum cubilia. Donec risus. Risus proin a dictum augue aliquam fringilla eros. Lorem fames class vitae ullamcorper molestie duis. Felis augue tortor massa at donec hymenaeos tincidunt nulla mi. Risus netus lacinia praesent et nibh. Lacus curae mauris. Magna class. Vitae magna justo sit erat senectus molestie. Magna metus condimentum ante tempor mi. Porta proin enim ut felis litora morbi ipsum volutpat lacus.",
    "b_size": 30,
    "customViewFields": [
        "Title",
        "Creator",
        "Type",
        "ModificationDate"
    ],
    "_content_type_description": "text/plain",
    "_owner": "admin",
    "_content_type_location": "text/plain",
    "limit": 1000,
    "_permissions": {
        "Change portal events": {
            "acquire": false,
            "roles": [
                "Editor",
                "Manager",
                "Owner",
                "Site Administrator"
            ]
        },
        "Modify portal content": {
            "acquire": false,
            "roles": [
                "Editor",
                "Manager",
                "Owner",
                "Site Administrator"
            ]
        },
        "Access contents information": {
            "acquire": false,
            "roles": [
                "Anonymous"
            ]
        },
        "View": {
            "acquire": false,
            "roles": [
                "Anonymous"
            ]
        }
    },
    "_properties": [
        [
            "title",
            "Fusce purus suspendisse cras habitasse rutrum.",
            "string"
        ]
    ],
    "allowDiscussion": false,
    "_gopip": 76,
    "creators": [
        "admin"
    ],
    "_path": "/Plone/about/lacus-purus-sit-augue-facilisis-ultricies-pede./vitae-risus-mattis-nullam-purus-nonummy-arcu-fames-nonummy-rhoncus-dolor./fusce-purus-suspendisse-cras-habitasse-rutrum."
}