{
    "tableContents": true,
    "_content_type_text": "text/html",
    "text": "<h1>Ut scias me intellegere, primum idem esse dico voluptatem, quod ille don.</h1>\n\n<p>Lorem ipsum dolor sit amet, consectetur adipiscing elit. Si longus, levis dictata sunt. Idemne, quod iucunde? Graece donan, Latine voluptatem vocant. </p>\n\n<ul>\n\t<li>Claudii libidini, qui tum erat summo ne imperio, dederetur.</li>\n\t<li>Et quidem illud ipsum non nimium probo et tantum patior, philosophum loqui de cupiditatibus finiendis.</li>\n</ul>\n\n\n<p>Nihil illinc huc pervenit. <a href='http://loripsum.net/' target='_blank'>Duo Reges: constructio interrete.</a> Quodsi ipsam honestatem undique pertectam atque absolutam. Recte, inquit, intellegis. Haec dicuntur inconstantissime. <a href='http://loripsum.net/' target='_blank'>Cur id non ita fit?</a> Hunc vos beatum; </p>\n\n<ol>\n\t<li>Si quidem, inquit, tollerem, sed relinquo.</li>\n\t<li>Hoc mihi cum tuo fratre convenit.</li>\n\t<li>Vidit Homerus probari fabulam non posse, si cantiunculis tantus irretitus vir teneretur;</li>\n</ol>\n\n\n<dl>\n\t<dt><dfn>Sullae consulatum?</dfn></dt>\n\t<dd>Miserum hominem! Si dolor summum malum est, dici aliter non potest.</dd>\n\t<dt><dfn>Quid enim?</dfn></dt>\n\t<dd>Ad quorum et cognitionem et usum iam corroborati natura ipsa praeeunte deducimur.</dd>\n</dl>\n\n\n<p>Quo tandem modo? Sic enim censent, oportunitatis esse beate vivere. Minime vero, inquit ille, consentit. Mihi enim satis est, ipsis non satis. An est aliquid, quod te sua sponte delectet? Suo genere perveniant ad extremum; Itaque ad tempus ad Pisonem omnes. Itaque sensibus rationem adiunxit et ratione effecta sensus non reliquit. </p>\n\n",
    "creation_date": "2018/10/26 17:57:54.685077 GMT-4",
    "_uid": "8e3e2f563fb94d908e8a25d46b6a4020",
    "expirationDate": "None",
    "_content_type_id": "text/plain",
    "query": [],
    "_atbrefs": {},
    "id": "dolor-fusce-lectus-pede-congue-phasellus-etiam-dolor-per.",
    "subject": [],
    "_content_type_sort_on": "text/plain",
    "contributors": [],
    "effectiveDate": "None",
    "title": "Dolor fusce lectus pede congue phasellus etiam dolor per.",
    "_ac_local_roles": {
        "admin": [
            "Owner"
        ]
    },
    "sort_on": "Purus dolor urna commodo gravida tortor eu nostra molestie adipiscing.",
    "_content_type_language": "text/plain",
    "_defaultpage": "",
    "location": "Morbi augue mollis at sociosqu luctus felis vehicula neque laoreet ac.",
    "_content_type_title": "text/plain",
    "excludeFromNav": true,
    "presentation": false,
    "_type": "Collection",
    "description": "Porta fames elementum vehicula fames platea ultricies mattis a sociosqu duis. Felis vitae sit nibh dictumst ultrices curae. Fusce massa luctus justo potenti diam pharetra feugiat lacinia. Dolor netus nulla curae luctus magna quisque auctor. Lacus felis nisi platea dis. Justo donec cursus fusce. Ipsum risus tempor sagittis parturient consequat netus in ac luctus vivamus ante volutpat. Fames vitae eget suspendisse sed urna leo porta varius lobortis nullam rutrum ridiculus. Neque massa nunc hac purus nulla. Porta metus. Purus risus sapien duis et sollicitudin nonummy maecenas. Fusce velit.",
    "_atrefs": {},
    "_layout": "standard_view",
    "_workflow_history": {
        "simple_publication_workflow": [
            {
                "action": null,
                "review_state": "private",
                "actor": "admin",
                "comments": "",
                "time": "2018/10/26 17:57:54.689765 GMT-4"
            },
            {
                "action": "publish",
                "review_state": "published",
                "actor": "admin",
                "comments": "",
                "time": "2018/10/26 17:57:55.504203 GMT-4"
            }
        ]
    },
    "_content_type_rights": "text/plain",
    "_directly_provided": [],
    "_classname": "Collection",
    "sort_reversed": true,
    "banner": "<h1>His enim rebus detractis negat se reperire in asotorum vita quod reprehendat.</h1>\n\n<p>Lorem ipsum dolor sit amet, consectetur adipiscing elit. At, si voluptas esset bonum, desideraret. Quid nunc honeste dicit? Bonum liberi: misera orbitas. </p>\n\n<ol>\n\t<li>Quasi vero aut concedatur in omnibus stultis aeque magna esse vitia, et eadem inbecillitate et inconstantia L.</li>\n\t<li>Et quidem saepe quaerimus verbum Latinum par Graeco et quod idem valeat;</li>\n\t<li>Poterat autem inpune;</li>\n\t<li>Quippe: habes enim a rhetoribus;</li>\n</ol>\n\n\n<ul>\n\t<li>Atque ab his initiis profecti omnium virtutum et originem et progressionem persecuti sunt.</li>\n\t<li>Voluptatem cum summum bonum diceret, primum in eo ipso parum vidit, deinde hoc quoque alienum;</li>\n\t<li>Quamquam haec quidem praeposita recte et reiecta dicere licebit.</li>\n\t<li>Nam prius a se poterit quisque discedere quam appetitum earum rerum, quae sibi conducant, amittere.</li>\n</ul>\n\n\n<p><a href='http://loripsum.net/' target='_blank'>Qua ex cognitione facilior facta est investigatio rerum occultissimarum.</a> Proclivi currit oratio. Respondent extrema primis, media utrisque, omnia omnibus. Ubi ut eam caperet aut quando? </p>\n\n<h2>Nam aliquando posse recte fieri dicunt nulla expectata nec quaesita voluptate.</h2>\n\n<p>Omnia peccata paria dicitis. Duo Reges: constructio interrete. Sed residamus, inquit, si placet. Quis Aristidem non mortuum diligit? Vide, quaeso, rectumne sit. <a href='http://loripsum.net/' target='_blank'>Hic ambiguo ludimur.</a> </p>\n\n<dl>\n\t<dt><dfn>Sint ista Graecorum;</dfn></dt>\n\t<dd>Quae quidem vel cum periculo est quaerenda vobis;</dd>\n\t<dt><dfn>Ut pulsi recurrant?</dfn></dt>\n\t<dd>Nec vero intermittunt aut admirationem earum rerum, quae sunt ab antiquis repertae, aut investigationem novarum.</dd>\n\t<dt><dfn>Quid ergo?</dfn></dt>\n\t<dd>Nam aliquando posse recte fieri dicunt nulla expectata nec quaesita voluptate.</dd>\n\t<dt><dfn>Quis negat?</dfn></dt>\n\t<dd>Aeque enim contingit omnibus fidibus, ut incontentae sint.</dd>\n</dl>\n\n\n",
    "_userdefined_roles": [],
    "modification_date": "2018/10/26 17:57:55.508624 GMT-4",
    "_content_type": "text/html",
    "_id": "dolor-fusce-lectus-pede-congue-phasellus-etiam-dolor-per.",
    "language": "en",
    "_content_type_banner": "text/html",
    "rights": "Nulla felis risus non duis elit. Vitae lorem a iaculis ac lectus facilisis blandit urna dis. Class velit sapien adipiscing netus dapibus aptent nisl mauris hendrerit. Justo class ornare mauris metus sem euismod taciti arcu phasellus primis praesent fringilla a justo id. Porta lacus viverra magnis in habitant pulvinar ad ullamcorper. Porta vitae montes. Etiam metus nisl in duis vitae tempus. Porta nulla sed nibh erat egestas at interdum hac orci pulvinar adipiscing tempor pede quisque ad per. Risus augue. Metus morbi cursus nibh nulla ad. Risus justo nec nisl etiam id montes ultricies lobortis ac diam etiam aptent praesent aliquet gravida semper. Velit nulla a erat vitae nulla. Felis morbi dis urna nisl faucibus elit odio pretium.",
    "b_size": 30,
    "customViewFields": [
        "Title",
        "Creator",
        "Type",
        "ModificationDate"
    ],
    "_content_type_description": "text/plain",
    "_owner": "admin",
    "_content_type_location": "text/plain",
    "limit": 1000,
    "_permissions": {
        "Change portal events": {
            "acquire": false,
            "roles": [
                "Editor",
                "Manager",
                "Owner",
                "Site Administrator"
            ]
        },
        "Modify portal content": {
            "acquire": false,
            "roles": [
                "Editor",
                "Manager",
                "Owner",
                "Site Administrator"
            ]
        },
        "Access contents information": {
            "acquire": false,
            "roles": [
                "Anonymous"
            ]
        },
        "View": {
            "acquire": false,
            "roles": [
                "Anonymous"
            ]
        }
    },
    "_properties": [
        [
            "title",
            "Dolor fusce lectus pede congue phasellus etiam dolor per.",
            "string"
        ]
    ],
    "allowDiscussion": false,
    "_gopip": 77,
    "creators": [
        "admin"
    ],
    "_path": "/Plone/about/lacus-purus-sit-augue-facilisis-ultricies-pede./vitae-risus-mattis-nullam-purus-nonummy-arcu-fames-nonummy-rhoncus-dolor./dolor-fusce-lectus-pede-congue-phasellus-etiam-dolor-per."
}