{
    "contributors": [],
    "_content_type_text": "text/html",
    "text": "<h1>Gloriosa ostentatio in constituendo summo bono.</h1>\n\n<p>Lorem ipsum dolor sit amet, consectetur adipiscing elit. Quare ad ea primum, si videtur; Quis enim redargueret? Igitur ne dolorem quidem. Mihi enim satis est, ipsis non satis. Sic enim censent, oportunitatis esse beate vivere. <a href='http://loripsum.net/' target='_blank'>Duo Reges: constructio interrete.</a> </p>\n\n<p><a href='http://loripsum.net/' target='_blank'>Non est igitur voluptas bonum.</a> Memini vero, inquam; </p>\n\n<dl>\n\t<dt><dfn>Primum divisit ineleganter;</dfn></dt>\n\t<dd>Hunc vos beatum;</dd>\n\t<dt><dfn>Sed haec omittamus;</dfn></dt>\n\t<dd>Quod quidem nobis non saepe contingit.</dd>\n</dl>\n\n\n<ol>\n\t<li>Esse enim quam vellet iniquus iustus poterat inpune.</li>\n\t<li>Verba tu fingas et ea dicas, quae non sentias?</li>\n\t<li>Incommoda autem et commoda-ita enim estmata et dustmata appello-communia esse voluerunt, paria noluerunt.</li>\n\t<li>Tu enim ista lenius, hic Stoicorum more nos vexat.</li>\n</ol>\n\n\n<p>Res enim concurrent contrariae. Qui est in parvis malis. Vide, quantum, inquam, fallare, Torquate. Quae cum essent dicta, discessimus. Naturales divitias dixit parabiles esse, quod parvo esset natura contenta. Non laboro, inquit, de nomine. <a href='http://loripsum.net/' target='_blank'>Negare non possum.</a> </p>\n\n<ul>\n\t<li>Teneo, inquit, finem illi videri nihil dolere.</li>\n\t<li>Parvi enim primo ortu sic iacent, tamquam omnino sine animo sint.</li>\n\t<li>Illud mihi a te nimium festinanter dictum videtur, sapientis omnis esse semper beatos;</li>\n\t<li>Te ipsum, dignissimum maioribus tuis, voluptasne induxit, ut adolescentulus eriperes P.</li>\n</ul>\n\n\n",
    "creation_date": "2018/10/26 17:57:57.738887 GMT-4",
    "_uid": "7bcc2ae23dcb4fb6be857ed2afc0525c",
    "expirationDate": "None",
    "_content_type_id": "text/plain",
    "id": "fusce-magna-tellus-elit-hac.",
    "subject": [],
    "effectiveDate": "None",
    "title": "Fusce magna tellus elit hac.",
    "_ac_local_roles": {
        "admin": [
            "Owner"
        ]
    },
    "_content_type_language": "text/plain",
    "_defaultpage": "",
    "location": "Felis fusce lacinia pretium.",
    "_content_type_title": "text/plain",
    "excludeFromNav": false,
    "presentation": true,
    "_type": "Document",
    "description": "Ipsum velit litora curae vestibulum accumsan. Lorem felis nascetur mi lorem lectus. Proin porta lacinia urna in sit ve dolor. Fusce risus amet risus dolor ultrices nam enim ultricies consectetuer. Netus etiam velit libero. Class risus. Donec nulla eros et duis inceptos per class. Donec felis bibendum nisl eu pellentesque mattis id. Fusce dolor risus sem hendrerit senectus orci eu enim. Nulla lacus. Metus vitae ornare penatibus risus luctus eu cursus porta sagittis per vivamus nascetur eu massa ridiculus. Netus magna quisque ultricies pharetra nisi. Velit massa phasellus nam feugiat aenean justo urna euismod quis.",
    "_atrefs": {},
    "_layout": "document_view",
    "_workflow_history": {
        "simple_publication_workflow": [
            {
                "action": null,
                "review_state": "private",
                "actor": "admin",
                "comments": "",
                "time": "2018/10/26 17:57:57.743523 GMT-4"
            },
            {
                "action": "publish",
                "review_state": "published",
                "actor": "admin",
                "comments": "",
                "time": "2018/10/26 17:57:58.357720 GMT-4"
            }
        ]
    },
    "_content_type_rights": "text/plain",
    "_directly_provided": [],
    "language": "en",
    "tableContents": true,
    "_classname": "ATDocument",
    "banner": "<h1>Quae in controversiam veniunt, de iis, si placet, disseramus.</h1>\n\n<p>Lorem ipsum dolor sit amet, consectetur adipiscing elit. Consequentia exquirere, quoad sit id, quod volumus, effectum. Vide, quantum, inquam, fallare, Torquate. Quae contraria sunt his, malane? <a href='http://loripsum.net/' target='_blank'>Reguli reiciendam;</a> Utilitatis causa amicitia est quaesita. Duarum enim vitarum nobis erunt instituta capienda. Duo Reges: constructio interrete. </p>\n\n<dl>\n\t<dt><dfn>Quare attende, quaeso.</dfn></dt>\n\t<dd>Nisi autem rerum natura perspecta erit, nullo modo poterimus sensuum iudicia defendere.</dd>\n\t<dt><dfn>At certe gravius.</dfn></dt>\n\t<dd>Res enim fortasse verae, certe graves, non ita tractantur, ut debent, sed aliquanto minutius.</dd>\n\t<dt><dfn>Hic ambiguo ludimur.</dfn></dt>\n\t<dd>Erat enim res aperta.</dd>\n</dl>\n\n\n<p>Bonum incolumis acies: misera caecitas. Sic consequentibus vestris sublatis prima tolluntur. Quodsi ipsam honestatem undique pertectam atque absolutam. Ne in odium veniam, si amicum destitero tueri. Aliud igitur esse censet gaudere, aliud non dolere. </p>\n\n<ul>\n\t<li>Si verbum sequimur, primum longius verbum praepositum quam bonum.</li>\n\t<li>Quam vellem, inquit, te ad Stoicos inclinavisses! erat enim, si cuiusquam, certe tuum nihil praeter virtutem in bonis ducere.</li>\n\t<li>Quarum ambarum rerum cum medicinam pollicetur, luxuriae licentiam pollicetur.</li>\n\t<li>Certe, nisi voluptatem tanti aestimaretis.</li>\n</ul>\n\n\n<h2>Non est ista, inquam, Piso, magna dissensio.</h2>\n\n<p>Eam stabilem appellas. <a href='http://loripsum.net/' target='_blank'>Non risu potius quam oratione eiciendum?</a> Haec dicuntur inconstantissime. Itaque his sapiens semper vacabit. Scaevolam M. Eademne, quae restincta siti? </p>\n\n<ol>\n\t<li>Nam de summo mox, ut dixi, videbimus et ad id explicandum disputationem omnem conferemus.</li>\n\t<li>Incommoda autem et commoda-ita enim estmata et dustmata appello-communia esse voluerunt, paria noluerunt.</li>\n\t<li>Si qua in iis corrigere voluit, deteriora fecit.</li>\n</ol>\n\n\n",
    "_userdefined_roles": [],
    "_content_type": "text/html",
    "_id": "fusce-magna-tellus-elit-hac.",
    "modification_date": "2018/10/26 17:57:58.362655 GMT-4",
    "_content_type_banner": "text/html",
    "rights": "Class lacus purus habitasse ullamcorper curabitur pede hymenaeos tortor. Dolor justo cursus odio. Vitae metus massa turpis lacus. Felis magna fusce taciti nisl lacus metus curabitur. Neque massa vel duis nulla luctus diam duis eget consequat dui per. Porta velit sed pulvinar hendrerit. Fusce metus cum. Justo ipsum ullamcorper placerat laoreet cras blandit ad nibh. Metus ipsum orci primis nullam ridiculus. Ipsum porta vel orci. Risus fusce sem ante. Class ipsum nec parturient libero curae. Ipsum vitae nibh ultricies et dignissim vestibulum odio. Vitae proin magnis primis vitae ac pellentesque laoreet maecenas ut leo tristique natoque lorem. Dolor massa risus nisi vitae.",
    "_atbrefs": {},
    "_content_type_description": "text/plain",
    "_owner": "admin",
    "_content_type_location": "text/plain",
    "_permissions": {
        "Modify portal content": {
            "acquire": false,
            "roles": [
                "Editor",
                "Manager",
                "Owner",
                "Site Administrator"
            ]
        },
        "Access contents information": {
            "acquire": false,
            "roles": [
                "Anonymous"
            ]
        },
        "View": {
            "acquire": false,
            "roles": [
                "Anonymous"
            ]
        }
    },
    "_properties": [
        [
            "title",
            "Fusce magna tellus elit hac.",
            "string"
        ]
    ],
    "allowDiscussion": false,
    "_gopip": 0,
    "creators": [
        "admin"
    ],
    "_path": "/Plone/about/lacus-purus-sit-augue-facilisis-ultricies-pede./purus-class-nisl-arcu-convallis-porta-mi-fusce-id./fusce-magna-tellus-elit-hac."
}