{
    "contributors": [],
    "_content_type_text": "text/html",
    "text": "<h1>Quodsi ipsam honestatem undique pertectam atque absolutam.</h1>\n\n<p>Lorem ipsum dolor sit amet, consectetur adipiscing elit. Quae quo sunt excelsiores, eo dant clariora indicia naturae. Haec quo modo conveniant, non sane intellego. Duo Reges: constructio interrete. <a href='http://loripsum.net/' target='_blank'>Sin aliud quid voles, postea.</a> <a href='http://loripsum.net/' target='_blank'>Sint modo partes vitae beatae.</a> Quorum altera prosunt, nocent altera. </p>\n\n<ul>\n\t<li>Tum mihi Piso: Quid ergo?</li>\n\t<li>Iam id ipsum absurdum, maximum malum neglegi.</li>\n\t<li>Te enim iudicem aequum puto, modo quae dicat ille bene noris.</li>\n\t<li>Nam aliquando posse recte fieri dicunt nulla expectata nec quaesita voluptate.</li>\n</ul>\n\n\n<p>Vide, quantum, inquam, fallare, Torquate. Ex rebus enim timiditas, non ex vocabulis nascitur. Eadem nunc mea adversum te oratio est. Quid est igitur, inquit, quod requiras? Dici enim nihil potest verius. </p>\n\n<h2>An est aliquid, quod te sua sponte delectet?</h2>\n\n<p>At coluit ipse amicitias. Quid ait Aristoteles reliquique Platonis alumni? <a href='http://loripsum.net/' target='_blank'>Praeclare hoc quidem.</a> <a href='http://loripsum.net/' target='_blank'>Quod cum dixissent, ille contra.</a> </p>\n\n<dl>\n\t<dt><dfn>Restatis igitur vos;</dfn></dt>\n\t<dd>Servari enim iustitia nisi a forti viro, nisi a sapiente non potest.</dd>\n\t<dt><dfn>Numquam facies.</dfn></dt>\n\t<dd>Superiores tres erant, quae esse possent, quarum est una sola defensa, eaque vehementer.</dd>\n\t<dt><dfn>Age sane, inquam.</dfn></dt>\n\t<dd>Nunc reliqua videamus, nisi aut ad haec, Cato, dicere aliquid vis aut nos iam longiores sumus.</dd>\n\t<dt><dfn>Sed nimis multa.</dfn></dt>\n\t<dd>Paupertas si malum est, mendicus beatus esse nemo potest, quamvis sit sapiens.</dd>\n\t<dt><dfn>Si longus, levis.</dfn></dt>\n\t<dd>Ex quo, id quod omnes expetunt, beate vivendi ratio inveniri et comparari potest.</dd>\n\t<dt><dfn>Murenam te accusante defenderem.</dfn></dt>\n\t<dd>Sed residamus, inquit, si placet.</dd>\n</dl>\n\n\n<ol>\n\t<li>Itaque eos id agere, ut a se dolores, morbos, debilitates repellant.</li>\n\t<li>Ac tamen hic mallet non dolere.</li>\n\t<li>Quae diligentissime contra Aristonem dicuntur a Chryippo.</li>\n\t<li>Idemque diviserunt naturam hominis in animum et corpus.</li>\n</ol>\n\n\n",
    "creation_date": "2018/10/26 17:57:58.533259 GMT-4",
    "_uid": "daa1d81f68344418baf6b431ccc1a06f",
    "expirationDate": "None",
    "_content_type_id": "text/plain",
    "id": "lorem-morbi.",
    "subject": [],
    "effectiveDate": "None",
    "title": "Lorem morbi.",
    "_ac_local_roles": {
        "admin": [
            "Owner"
        ]
    },
    "_content_type_language": "text/plain",
    "_defaultpage": "",
    "location": "Fames lacus nulla non ante amet dapibus.",
    "_content_type_title": "text/plain",
    "excludeFromNav": false,
    "presentation": false,
    "_type": "Document",
    "description": "Dolor felis. Dolor morbi proin nibh dui rutrum lectus donec vestibulum. Metus fusce conubia pretium ligula leo integer nulla velit eleifend donec metus orci. Justo dolor nulla dolor leo vestibulum litora. Nulla purus velit eni morbi fringilla nec egestas id risus ut. Fusce lacus aptent ut egestas ve sociis lacus ullamcorper pulvinar ante mus. Curae vitae nulla ornare sociis curae porta dapibus taciti dolor. Velit lacus montes vestibulum pellentesque lacinia purus nam diam vel ante diam. Lorem donec mauris mi ultrices rutrum elit scelerisque dapibus. Massa fusce a quam id nisi ve. Augue class potenti nam adipiscing parturient in facilisis nulla mi et eros erat. Proin porta sociis eni integer.",
    "_atrefs": {},
    "_layout": "document_view",
    "_workflow_history": {
        "simple_publication_workflow": [
            {
                "action": null,
                "review_state": "private",
                "actor": "admin",
                "comments": "",
                "time": "2018/10/26 17:57:58.537315 GMT-4"
            },
            {
                "action": "publish",
                "review_state": "published",
                "actor": "admin",
                "comments": "",
                "time": "2018/10/26 17:57:59.149665 GMT-4"
            }
        ]
    },
    "_content_type_rights": "text/plain",
    "_directly_provided": [],
    "language": "en",
    "tableContents": false,
    "_classname": "ATDocument",
    "banner": "<h1>Hoc ne statuam quidem dicturam pater aiebat, si loqui posset.</h1>\n\n<p>Lorem ipsum dolor sit amet, consectetur adipiscing elit. <a href='http://loripsum.net/' target='_blank'>Dici enim nihil potest verius.</a> Si longus, levis; Tria genera bonorum; Duo Reges: constructio interrete. <a href='http://loripsum.net/' target='_blank'>Atqui reperies, inquit, in hoc quidem pertinacem;</a> </p>\n\n<h2>Sed haec in pueris;</h2>\n\n<p><a href='http://loripsum.net/' target='_blank'>Expectoque quid ad id, quod quaerebam, respondeas.</a> Pauca mutat vel plura sane; Memini me adesse P. Quis istud possit, inquit, negare? </p>\n\n<h3>Bona autem corporis huic sunt, quod posterius posui, similiora.</h3>\n\n<p>Ratio enim nostra consentit, pugnat oratio. <a href='http://loripsum.net/' target='_blank'>Sed haec omittamus;</a> Iam enim adesse poterit. In schola desinis. Quo tandem modo? </p>\n\n<ol>\n\t<li>Quam vellem, inquit, te ad Stoicos inclinavisses! erat enim, si cuiusquam, certe tuum nihil praeter virtutem in bonis ducere.</li>\n\t<li>Quis enim redargueret?</li>\n</ol>\n\n\n<dl>\n\t<dt><dfn>Praeclare hoc quidem.</dfn></dt>\n\t<dd>Semper enim ex eo, quod maximas partes continet latissimeque funditur, tota res appellatur.</dd>\n\t<dt><dfn>Ita prorsus, inquam;</dfn></dt>\n\t<dd>Tum mihi Piso: Quid ergo?</dd>\n\t<dt><dfn>Non semper, inquam;</dfn></dt>\n\t<dd>Quid enim necesse est, tamquam meretricem in matronarum coetum, sic voluptatem in virtutum concilium adducere?</dd>\n\t<dt><dfn>Nihilo magis.</dfn></dt>\n\t<dd>Quae adhuc, Cato, a te dicta sunt, eadem, inquam, dicere posses, si sequerere Pyrrhonem aut Aristonem.</dd>\n\t<dt><dfn>Magna laus.</dfn></dt>\n\t<dd>Non est ista, inquam, Piso, magna dissensio.</dd>\n</dl>\n\n\n<ul>\n\t<li>Sed utrum hortandus es nobis, Luci, inquit, an etiam tua sponte propensus es?</li>\n\t<li>Nam diligi et carum esse iucundum est propterea, quia tutiorem vitam et voluptatem pleniorem efficit.</li>\n\t<li>Quid, quod homines infima fortuna, nulla spe rerum gerendarum, opifices denique delectantur historia?</li>\n</ul>\n\n\n",
    "_userdefined_roles": [],
    "_content_type": "text/html",
    "_id": "lorem-morbi.",
    "modification_date": "2018/10/26 17:57:59.154034 GMT-4",
    "_content_type_banner": "text/html",
    "rights": "Proin nulla varius vestibulum lacus ante eu augue. Lorem dolor duis lacinia eros pellentesque sagittis. Class justo amet cum pellentesque. Fusce lacus. Risus dolor aliquam tempus quam ullamcorper posuere. Etiam fames nisl a felis ac. Lacus neque aenean sociis nam viverra. Ipsum dolor nullam mauris facilisis fermentum etiam ve. Velit ipsum malesuada blandit netus sem. Felis risus torquent parturient dignissim. Morbi velit proin nisl vehicula consequat litora. Porta massa nisi natoque mi sit quis eleifend fusce mattis mi. Etiam fames quis vel fames curae felis torquent ut turpis molestie. Velit ipsum per lacus primis neque. Velit lacus eleifend class. Nulla ipsum sit torquent ultricies.",
    "_atbrefs": {},
    "_content_type_description": "text/plain",
    "_owner": "admin",
    "_content_type_location": "text/plain",
    "_permissions": {
        "Modify portal content": {
            "acquire": false,
            "roles": [
                "Editor",
                "Manager",
                "Owner",
                "Site Administrator"
            ]
        },
        "Access contents information": {
            "acquire": false,
            "roles": [
                "Anonymous"
            ]
        },
        "View": {
            "acquire": false,
            "roles": [
                "Anonymous"
            ]
        }
    },
    "_properties": [
        [
            "title",
            "Lorem morbi.",
            "string"
        ]
    ],
    "allowDiscussion": false,
    "_gopip": 1,
    "creators": [
        "admin"
    ],
    "_path": "/Plone/about/lacus-purus-sit-augue-facilisis-ultricies-pede./purus-class-nisl-arcu-convallis-porta-mi-fusce-id./lorem-morbi."
}