{
    "contributors": [],
    "_content_type_text": "text/html",
    "text": "<h1>In qua quid est boni praeter summam voluptatem, et eam sempiternam?</h1>\n\n<p>Lorem ipsum dolor sit amet, consectetur adipiscing elit. Quasi ego id curem, quid ille aiat aut neget. Quantum Aristoxeni ingenium consumptum videmus in musicis? Urgent tamen et nihil remittunt. Non est ista, inquam, Piso, magna dissensio. Iam contemni non poteris. </p>\n\n<ol>\n\t<li>Deinde disputat, quod cuiusque generis animantium statui deceat extremum.</li>\n\t<li>Nihil est enim, de quo aliter tu sentias atque ego, modo commutatis verbis ipsas res conferamus.</li>\n\t<li>Virtutibus igitur rectissime mihi videris et ad consuetudinem nostrae orationis vitia posuisse contraria.</li>\n\t<li>Si enim ita est, vide ne facinus facias, cum mori suadeas.</li>\n</ol>\n\n\n<dl>\n\t<dt><dfn>Si longus, levis.</dfn></dt>\n\t<dd>Quae hic rei publicae vulnera inponebat, eadem ille sanabat.</dd>\n\t<dt><dfn>Non semper, inquam;</dfn></dt>\n\t<dd>Quam si explicavisset, non tam haesitaret.</dd>\n\t<dt><dfn>Age sane, inquam.</dfn></dt>\n\t<dd>Nam et complectitur verbis, quod vult, et dicit plane, quod intellegam;</dd>\n\t<dt><dfn>Scrupulum, inquam, abeunti;</dfn></dt>\n\t<dd>Illa videamus, quae a te de amicitia dicta sunt.</dd>\n</dl>\n\n\n<ul>\n\t<li>Universa enim illorum ratione cum tota vestra confligendum puto.</li>\n\t<li>An dubium est, quin virtus ita maximam partem optineat in rebus humanis, ut reliquas obruat?</li>\n\t<li>Ita relinquitur sola haec disciplina digna studiosis ingenuarum artium, digna eruditis, digna claris viris, digna principibus, digna regibus.</li>\n</ul>\n\n\n<p>Memini vero, inquam; Quippe: habes enim a rhetoribus; At eum nihili facit; A mene tu? Respondent extrema primis, media utrisque, omnia omnibus. <a href='http://loripsum.net/' target='_blank'>Quod quidem iam fit etiam in Academia.</a> </p>\n\n<p>Duo Reges: constructio interrete. Quibusnam praeteritis? Bonum patria: miserum exilium. Refert tamen, quo modo. Conferam tecum, quam cuique verso rem subicias; </p>\n\n",
    "creation_date": "2018/10/26 17:57:59.340467 GMT-4",
    "_uid": "802264ce1b4247d88ee73eea261197fe",
    "expirationDate": "None",
    "_content_type_id": "text/plain",
    "id": "proin-purus-etiam.",
    "subject": [],
    "effectiveDate": "None",
    "title": "Proin purus etiam.",
    "_ac_local_roles": {
        "admin": [
            "Owner"
        ]
    },
    "_content_type_language": "text/plain",
    "_defaultpage": "",
    "location": "Augue fusce tempor turpis.",
    "_content_type_title": "text/plain",
    "excludeFromNav": false,
    "presentation": true,
    "_type": "Document",
    "description": "Massa ipsum. Ipsum neque torquent id suspendisse. Curae fames placerat ridiculus sollicitudin parturient cras mollis fermentum mi malesuada ut. Netus class eros taciti feugiat erat torquent varius tellus cras ve lobortis suscipit class congue neque facilisi. Massa lacus arcu ornare sed aliquet quam proin massa litora at non. Metus neque. Vitae netus eget mattis nulla id curabitur adipiscing quisque est elit potenti proin. Fames lacus congue class parturient scelerisque semper ve molestie. Lacus curae sem quis. Justo massa. Risus massa cum justo nulla non natoque.",
    "_atrefs": {},
    "_layout": "document_view",
    "_workflow_history": {
        "simple_publication_workflow": [
            {
                "action": null,
                "review_state": "private",
                "actor": "admin",
                "comments": "",
                "time": "2018/10/26 17:57:59.344678 GMT-4"
            },
            {
                "action": "publish",
                "review_state": "published",
                "actor": "admin",
                "comments": "",
                "time": "2018/10/26 17:57:59.943236 GMT-4"
            }
        ]
    },
    "_content_type_rights": "text/plain",
    "_directly_provided": [],
    "language": "en",
    "tableContents": false,
    "_classname": "ATDocument",
    "banner": "<h1>Ille enim occurrentia nescio quae comminiscebatur;</h1>\n\n<p>Lorem ipsum dolor sit amet, consectetur adipiscing elit. Laboro autem non sine causa; Idem adhuc; Si quae forte-possumus. Duo Reges: constructio interrete. </p>\n\n<ul>\n\t<li>Quamquam non negatis nos intellegere quid sit voluptas, sed quid ille dicat.</li>\n\t<li>Commoda autem et incommoda in eo genere sunt, quae praeposita et reiecta diximus;</li>\n\t<li>Atqui, inquam, Cato, si istud optinueris, traducas me ad te totum licebit.</li>\n\t<li>Sin laboramus, quis est, qui alienae modum statuat industriae?</li>\n</ul>\n\n\n<dl>\n\t<dt><dfn>Facete M.</dfn></dt>\n\t<dd>Superiores tres erant, quae esse possent, quarum est una sola defensa, eaque vehementer.</dd>\n\t<dt><dfn>Nihilo magis.</dfn></dt>\n\t<dd>Quae autem natura suae primae institutionis oblita est?</dd>\n\t<dt><dfn>Primum divisit ineleganter;</dfn></dt>\n\t<dd>Nunc ita separantur, ut disiuncta sint, quo nihil potest esse perversius.</dd>\n</dl>\n\n\n<h2>Quo plebiscito decreta a senatu est consuli quaestio Cn.</h2>\n\n<p>Inde igitur, inquit, ordiendum est. Sed quae tandem ista ratio est? </p>\n\n<p>In schola desinis. Tubulo putas dicere? Illi enim inter se dissentiunt. In schola desinis. Ne discipulum abducam, times. Tuo vero id quidem, inquam, arbitratu. </p>\n\n<ol>\n\t<li>Nec lapathi suavitatem acupenseri Galloni Laelius anteponebat, sed suavitatem ipsam neglegebat;</li>\n\t<li>In parvis enim saepe, qui nihil eorum cogitant, si quando iis ludentes minamur praecipitaturos alicunde, extimescunt.</li>\n\t<li>Est enim effectrix multarum et magnarum voluptatum.</li>\n</ol>\n\n\n",
    "_userdefined_roles": [],
    "_content_type": "text/html",
    "_id": "proin-purus-etiam.",
    "modification_date": "2018/10/26 17:57:59.947935 GMT-4",
    "_content_type_banner": "text/html",
    "rights": "Lorem purus nulla dolor mus platea. Vitae fames massa vitae sit ultricies tellus tincidunt facilisis nibh per. Velit morbi sociosqu augue purus gravida vivamus primis. Nulla augue platea. Neque risus etiam felis. Justo nulla sodales elementum at fames fringilla. Porta magna dis class velit. Vitae massa dis montes a vestibulum leo lacus luctus fames vestibulum suspendisse. Justo lacus praesent fermentum in ut fusce sagittis nunc. Purus magna. Fames lacus arcu a curae in vulputate. Justo metus. Vitae ipsum cubilia primis pede scelerisque. Netus proin inceptos parturient ligula elit. Donec proin integer cubilia porttitor duis ante vestibulum porttitor quis orci.",
    "_atbrefs": {},
    "_content_type_description": "text/plain",
    "_owner": "admin",
    "_content_type_location": "text/plain",
    "_permissions": {
        "Modify portal content": {
            "acquire": false,
            "roles": [
                "Editor",
                "Manager",
                "Owner",
                "Site Administrator"
            ]
        },
        "Access contents information": {
            "acquire": false,
            "roles": [
                "Anonymous"
            ]
        },
        "View": {
            "acquire": false,
            "roles": [
                "Anonymous"
            ]
        }
    },
    "_properties": [
        [
            "title",
            "Proin purus etiam.",
            "string"
        ]
    ],
    "allowDiscussion": false,
    "_gopip": 2,
    "creators": [
        "admin"
    ],
    "_path": "/Plone/about/lacus-purus-sit-augue-facilisis-ultricies-pede./purus-class-nisl-arcu-convallis-porta-mi-fusce-id./proin-purus-etiam."
}