{
    "contributors": [],
    "_content_type_text": "text/html",
    "text": "<h1>Idemque diviserunt naturam hominis in animum et corpus.</h1>\n\n<p>Lorem ipsum dolor sit amet, consectetur adipiscing elit. Quis enim redargueret? <a href='http://loripsum.net/' target='_blank'>Quare ad ea primum, si videtur;</a> Sed haec omittamus; Non est igitur summum malum dolor. Duo Reges: constructio interrete. </p>\n\n<p>Sint modo partes vitae beatae. Duo enim genera quae erant, fecit tria. Quantum Aristoxeni ingenium consumptum videmus in musicis? <a href='http://loripsum.net/' target='_blank'>Egone quaeris, inquit, quid sentiam?</a> <a href='http://loripsum.net/' target='_blank'>Sed mehercule pergrata mihi oratio tua.</a> </p>\n\n<dl>\n\t<dt><dfn>Nihil sane.</dfn></dt>\n\t<dd>Quod si ita est, sequitur id ipsum, quod te velle video, omnes semper beatos esse sapientes.</dd>\n\t<dt><dfn>Sedulo, inquam, faciam.</dfn></dt>\n\t<dd>Huius ego nunc auctoritatem sequens idem faciam.</dd>\n</dl>\n\n\n<ol>\n\t<li>Videamus animi partes, quarum est conspectus illustrior;</li>\n\t<li>Illud urgueam, non intellegere eum quid sibi dicendum sit, cum dolorem summum malum esse dixerit.</li>\n\t<li>Itaque eos id agere, ut a se dolores, morbos, debilitates repellant.</li>\n\t<li>Illa videamus, quae a te de amicitia dicta sunt.</li>\n\t<li>Sed emolumenta communia esse dicuntur, recte autem facta et peccata non habentur communia.</li>\n</ol>\n\n\n<p>Ea possunt paria non esse. Primum in nostrane potestate est, quid meminerimus? Expectoque quid ad id, quod quaerebam, respondeas. Graece donan, Latine voluptatem vocant. </p>\n\n<ul>\n\t<li>Familiares nostros, credo, Sironem dicis et Philodemum, cum optimos viros, tum homines doctissimos.</li>\n\t<li>An est aliquid, quod te sua sponte delectet?</li>\n\t<li>Hic quoque suus est de summoque bono dissentiens dici vere Peripateticus non potest.</li>\n\t<li>Nam illud quidem adduci vix possum, ut ea, quae senserit ille, tibi non vera videantur.</li>\n\t<li>Dicet pro me ipsa virtus nec dubitabit isti vestro beato M.</li>\n</ul>\n\n\n",
    "creation_date": "2018/10/26 17:58:3.275476 GMT-4",
    "_uid": "ebba800aa2764a92835a9326bb8938dd",
    "expirationDate": "None",
    "_content_type_id": "text/plain",
    "id": "felis-lacus-sed-erat-class-dis-cras-orci-sociosqu-neque-enim-feugiat-lacus-risus-placerat.",
    "subject": [],
    "effectiveDate": "None",
    "title": "Felis lacus sed erat class dis cras orci sociosqu neque enim feugiat lacus risus placerat.",
    "_ac_local_roles": {
        "admin": [
            "Owner"
        ]
    },
    "_content_type_language": "text/plain",
    "_defaultpage": "",
    "location": "Morbi risus.",
    "_content_type_title": "text/plain",
    "excludeFromNav": true,
    "presentation": true,
    "_type": "Document",
    "description": "Risus massa class vitae nunc facilisi dolor libero diam ullamcorper. Dolor justo. Massa lacus urna leo nibh mi habitasse quam. Morbi velit metus mus parturient consequat justo eu vitae. Nulla felis orci suspendisse posuere non elementum senectus orci dignissim lectus enim ad. Ipsum curae inceptos augue fermentum. Augue fames condimentum eni taciti in id. Dolor lorem condimentum faucibus ultricies. Lacus etiam a turpis habitasse magna ad aptent. Curae justo rhoncus tellus quis convallis mi. Vitae purus dapibus nam. Vitae justo semper tortor nec sed in magna mi dictum. Purus neque egestas nisi augue potenti tortor justo. Donec velit aenean feugiat. Dolor vitae. Justo augue consequat platea a natoque at ad.",
    "_atrefs": {},
    "_layout": "document_view",
    "_workflow_history": {
        "simple_publication_workflow": [
            {
                "action": null,
                "review_state": "private",
                "actor": "admin",
                "comments": "",
                "time": "2018/10/26 17:58:3.280007 GMT-4"
            },
            {
                "action": "publish",
                "review_state": "published",
                "actor": "admin",
                "comments": "",
                "time": "2018/10/26 17:58:3.888367 GMT-4"
            }
        ]
    },
    "_content_type_rights": "text/plain",
    "_directly_provided": [],
    "language": "en",
    "tableContents": true,
    "_classname": "ATDocument",
    "banner": "<h1>Igitur neque stultorum quisquam beatus neque sapientium non beatus.</h1>\n\n<p>Lorem ipsum dolor sit amet, consectetur adipiscing elit. Sed nunc, quod agimus; Tum Torquatus: Prorsus, inquit, assentior; Quonam, inquit, modo? Duo Reges: constructio interrete. Invidiosum nomen est, infame, suspectum. Sumenda potius quam expetenda. </p>\n\n<ul>\n\t<li>Non dolere, inquam, istud quam vim habeat postea videro;</li>\n\t<li>Quid enim possumus hoc agere divinius?</li>\n\t<li>Quod si ita sit, cur opera philosophiae sit danda nescio.</li>\n</ul>\n\n\n<p>Sed nimis multa. Illi enim inter se dissentiunt. Sequitur disserendi ratio cognitioque naturae; </p>\n\n<dl>\n\t<dt><dfn>Sumenda potius quam expetenda.</dfn></dt>\n\t<dd>Tollitur beneficium, tollitur gratia, quae sunt vincla concordiae.</dd>\n\t<dt><dfn>Respondeat totidem verbis.</dfn></dt>\n\t<dd>Nos quidem Virtutes sic natae sumus, ut tibi serviremus, aliud negotii nihil habemus.</dd>\n\t<dt><dfn>Sint ista Graecorum;</dfn></dt>\n\t<dd>Virtutis, magnitudinis animi, patientiae, fortitudinis fomentis dolor mitigari solet.</dd>\n\t<dt><dfn>At certe gravius.</dfn></dt>\n\t<dd>Qui potest igitur habitare in beata vita summi mali metus?</dd>\n\t<dt><dfn>Idem adhuc;</dfn></dt>\n\t<dd>Dolor ergo, id est summum malum, metuetur semper, etiamsi non aderit;</dd>\n\t<dt><dfn>Ille incendat?</dfn></dt>\n\t<dd>Quam multa vitiosa! summum enim bonum et malum vagiens puer utra voluptate diiudicabit, stante an movente?</dd>\n</dl>\n\n\n<ol>\n\t<li>Quae cum praeponunt, ut sit aliqua rerum selectio, naturam videntur sequi;</li>\n\t<li>Nunc ita separantur, ut disiuncta sint, quo nihil potest esse perversius.</li>\n\t<li>Age, inquies, ista parva sunt.</li>\n\t<li>Id enim ille summum bonum eu)qumi/an et saepe a)qambi/an appellat, id est animum terrore liberum.</li>\n\t<li>Tibi hoc incredibile, quod beatissimum.</li>\n\t<li>Quae hic rei publicae vulnera inponebat, eadem ille sanabat.</li>\n</ol>\n\n\n<p>Id enim natura desiderat. Honesta oratio, Socratica, Platonis etiam. </p>\n\n",
    "_userdefined_roles": [],
    "_content_type": "text/html",
    "_id": "felis-lacus-sed-erat-class-dis-cras-orci-sociosqu-neque-enim-feugiat-lacus-risus-placerat.",
    "modification_date": "2018/10/26 17:58:3.892072 GMT-4",
    "_content_type_banner": "text/html",
    "rights": "Class morbi libero iaculis aliquam varius erat ac sapien dolor commodo aliquam dignissim pharetra felis pede. Fames risus nec quis natoque netus sed auctor aliquam. Porta morbi dui sagittis. Ipsum netus rhoncus praesent nostra platea eget gravida metus. Morbi lorem tempor augue rutrum turpis. Netus fames suspendisse molestie risus fringilla condimentum hymenaeos. Vitae massa molestie. Magna neque a eget et curae sociosqu dis. Augue porta vehicula ve augue mollis. Purus vitae a iaculis magnis primis cum. Dolor neque. Morbi lorem. Lacus nulla. Ipsum etiam.",
    "_atbrefs": {},
    "_content_type_description": "text/plain",
    "_owner": "admin",
    "_content_type_location": "text/plain",
    "_permissions": {
        "Modify portal content": {
            "acquire": false,
            "roles": [
                "Editor",
                "Manager",
                "Owner",
                "Site Administrator"
            ]
        },
        "Access contents information": {
            "acquire": false,
            "roles": [
                "Anonymous"
            ]
        },
        "View": {
            "acquire": false,
            "roles": [
                "Anonymous"
            ]
        }
    },
    "_properties": [
        [
            "title",
            "Felis lacus sed erat class dis cras orci sociosqu neque enim feugiat lacus risus placerat.",
            "string"
        ]
    ],
    "allowDiscussion": false,
    "_gopip": 7,
    "creators": [
        "admin"
    ],
    "_path": "/Plone/about/lacus-purus-sit-augue-facilisis-ultricies-pede./purus-class-nisl-arcu-convallis-porta-mi-fusce-id./felis-lacus-sed-erat-class-dis-cras-orci-sociosqu-neque-enim-feugiat-lacus-risus-placerat."
}