{
    "contributors": [],
    "_content_type_text": "text/html",
    "text": "<h1>Sed quanta sit alias, nunc tantum possitne esse tanta.</h1>\n\n<p>Lorem ipsum dolor sit amet, consectetur adipiscing elit. <a href='http://loripsum.net/' target='_blank'>Quis non odit sordidos, vanos, leves, futtiles?</a> Sed residamus, inquit, si placet. Sed ille, ut dixi, vitiose. </p>\n\n<ul>\n\t<li>Quid ergo attinet dicere: Nihil haberem, quod reprehenderem, si finitas cupiditates haberent?</li>\n\t<li>Videamus igitur sententias eorum, tum ad verba redeamus.</li>\n</ul>\n\n\n<p>Id mihi magnum videtur. Deinde dolorem quem maximum? Aliter enim nosmet ipsos nosse non possumus. Quod quidem iam fit etiam in Academia. <a href='http://loripsum.net/' target='_blank'>Nam quid possumus facere melius?</a> Ex rebus enim timiditas, non ex vocabulis nascitur. Sed tamen intellego quid velit. </p>\n\n<ol>\n\t<li>Itaque ad tempus ad Pisonem omnes.</li>\n\t<li>Si stante, hoc natura videlicet vult, salvam esse se, quod concedimus;</li>\n\t<li>Quod non faceret, si in voluptate summum bonum poneret.</li>\n</ol>\n\n\n<h2>Potius inflammat, ut coercendi magis quam dedocendi esse videantur.</h2>\n\n<p>Quam si explicavisset, non tam haesitaret. Duo Reges: constructio interrete. Sequitur disserendi ratio cognitioque naturae; Minime vero, inquit ille, consentit. </p>\n\n<dl>\n\t<dt><dfn>Praeclare hoc quidem.</dfn></dt>\n\t<dd>Polycratem Samium felicem appellabant.</dd>\n\t<dt><dfn>Recte dicis;</dfn></dt>\n\t<dd>An potest cupiditas finiri?</dd>\n\t<dt><dfn>A mene tu?</dfn></dt>\n\t<dd>Sit ista in Graecorum levitate perversitas, qui maledictis insectantur eos, a quibus de veritate dissentiunt.</dd>\n\t<dt><dfn>Avaritiamne minuis?</dfn></dt>\n\t<dd>Quasi vero, inquit, perpetua oratio rhetorum solum, non etiam philosophorum sit.</dd>\n</dl>\n\n\n",
    "creation_date": "2018/10/26 17:58:4.081305 GMT-4",
    "_uid": "818a0e1ca18c4739acfab68605793daa",
    "expirationDate": "None",
    "_content_type_id": "text/plain",
    "id": "ipsum-netus-gravida-lacinia-libero-sed-ac-mauris.",
    "subject": [],
    "effectiveDate": "None",
    "title": "Ipsum netus gravida lacinia libero sed ac mauris.",
    "_ac_local_roles": {
        "admin": [
            "Owner"
        ]
    },
    "_content_type_language": "text/plain",
    "_defaultpage": "",
    "location": "Proin vitae curae metus.",
    "_content_type_title": "text/plain",
    "excludeFromNav": true,
    "presentation": false,
    "_type": "Document",
    "description": "Purus class. Fusce risus. Dolor velit. Lorem felis cubilia ve erat donec venenatis non maecenas. Vitae purus hendrerit tempor ante proin elit neque luctus platea justo conubia eni habitant a habitant per. Purus netus quam hac nunc purus. Netus felis mattis ornare lacinia at venenatis at luctus et. Felis morbi nibh eleifend dolor. Netus morbi sapien habitant nunc laoreet et primis fermentum. Fames donec quis dis amet ante. Felis justo. Risus fusce.",
    "_atrefs": {},
    "_layout": "document_view",
    "_workflow_history": {
        "simple_publication_workflow": [
            {
                "action": null,
                "review_state": "private",
                "actor": "admin",
                "comments": "",
                "time": "2018/10/26 17:58:4.085339 GMT-4"
            },
            {
                "action": "publish",
                "review_state": "published",
                "actor": "admin",
                "comments": "",
                "time": "2018/10/26 17:58:4.686580 GMT-4"
            }
        ]
    },
    "_content_type_rights": "text/plain",
    "_directly_provided": [],
    "language": "en",
    "tableContents": false,
    "_classname": "ATDocument",
    "banner": "<h1>Duo Reges: constructio interrete.</h1>\n\n<p>Lorem ipsum dolor sit amet, consectetur adipiscing elit. Cave putes quicquam esse verius. Non est igitur summum malum dolor. Equidem e Cn. Hic ambiguo ludimur. </p>\n\n<h2>Terram, mihi crede, ea lanx et maria deprimet.</h2>\n\n<p>Nosti, credo, illud: Nemo pius est, qui pietatem-; Illi enim inter se dissentiunt. Eaedem res maneant alio modo. <a href='http://loripsum.net/' target='_blank'>Certe non potest.</a> </p>\n\n<dl>\n\t<dt><dfn>Quid Zeno?</dfn></dt>\n\t<dd>Expressa vero in iis aetatibus, quae iam confirmatae sunt.</dd>\n\t<dt><dfn>Facete M.</dfn></dt>\n\t<dd>Quod praeceptum quia maius erat, quam ut ab homine videretur, idcirco assignatum est deo.</dd>\n\t<dt><dfn>Sed fortuna fortis;</dfn></dt>\n\t<dd>Est, ut dicis, inquam.</dd>\n\t<dt><dfn>At certe gravius.</dfn></dt>\n\t<dd>Quae duo sunt, unum facit.</dd>\n</dl>\n\n\n<ul>\n\t<li>An vero, inquit, quisquam potest probare, quod perceptfum, quod.</li>\n\t<li>Sin autem est in ea, quod quidam volunt, nihil impedit hanc nostram comprehensionem summi boni.</li>\n\t<li>Post enim Chrysippum eum non sane est disputatum.</li>\n\t<li>Huius, Lyco, oratione locuples, rebus ipsis ielunior.</li>\n\t<li>Si enim non fuit eorum iudicii, nihilo magis hoc non addito illud est iudicatum-.</li>\n\t<li>Aliter homines, aliter philosophos loqui putas oportere?</li>\n</ul>\n\n\n<ol>\n\t<li>Nec lapathi suavitatem acupenseri Galloni Laelius anteponebat, sed suavitatem ipsam neglegebat;</li>\n\t<li>Eaedem enim utilitates poterunt eas labefactare atque pervertere.</li>\n\t<li>At enim, qua in vita est aliquid mali, ea beata esse non potest.</li>\n\t<li>In qua si nihil est praeter rationem, sit in una virtute finis bonorum;</li>\n\t<li>Hoc etsi multimodis reprehendi potest, tamen accipio, quod dant.</li>\n\t<li>Sed venio ad inconstantiae crimen, ne saepius dicas me aberrare;</li>\n</ol>\n\n\n<p>Tum Torquatus: Prorsus, inquit, assentior; Non igitur bene. </p>\n\n",
    "_userdefined_roles": [],
    "_content_type": "text/html",
    "_id": "ipsum-netus-gravida-lacinia-libero-sed-ac-mauris.",
    "modification_date": "2018/10/26 17:58:4.690121 GMT-4",
    "_content_type_banner": "text/html",
    "rights": "Netus porta. Neque netus non elementum varius interdum cras consequat dignissim eros. Porta class mauris litora. Lacus justo mauris. Massa neque varius. Proin purus placerat ve condimentum. Felis fusce sapien proin adipiscing nibh magnis id porttitor parturient rhoncus. Fusce dolor nec. Dolor purus a feugiat ad odio etiam montes. Vitae justo quis posuere in dictum mi pharetra elit et. Dolor neque a nisl adipiscing turpis.",
    "_atbrefs": {},
    "_content_type_description": "text/plain",
    "_owner": "admin",
    "_content_type_location": "text/plain",
    "_permissions": {
        "Modify portal content": {
            "acquire": false,
            "roles": [
                "Editor",
                "Manager",
                "Owner",
                "Site Administrator"
            ]
        },
        "Access contents information": {
            "acquire": false,
            "roles": [
                "Anonymous"
            ]
        },
        "View": {
            "acquire": false,
            "roles": [
                "Anonymous"
            ]
        }
    },
    "_properties": [
        [
            "title",
            "Ipsum netus gravida lacinia libero sed ac mauris.",
            "string"
        ]
    ],
    "allowDiscussion": false,
    "_gopip": 8,
    "creators": [
        "admin"
    ],
    "_path": "/Plone/about/lacus-purus-sit-augue-facilisis-ultricies-pede./purus-class-nisl-arcu-convallis-porta-mi-fusce-id./ipsum-netus-gravida-lacinia-libero-sed-ac-mauris."
}