{
    "startDate": "2018/10/30 10:40:25.537878 GMT-4",
    "endDate": "2018/10/31 19:48:48.763272 GMT-4",
    "contributors": [],
    "_content_type_text": "text/html",
    "text": "<h1>Est enim effectrix multarum et magnarum voluptatum.</h1>\n\n<p>Lorem ipsum dolor sit amet, consectetur adipiscing elit. Sed nimis multa. Duo Reges: constructio interrete. Cave putes quicquam esse verius. Qui-vere falsone, quaerere mittimus-dicitur oculis se privasse; Conferam tecum, quam cuique verso rem subicias; Suo enim quisque studio maxime ducitur. Idem iste, inquam, de voluptate quid sentit? </p>\n\n<p>Quis istum dolorem timet? Quid ait Aristoteles reliquique Platonis alumni? Satis est ad hoc responsum. Haec quo modo conveniant, non sane intellego. Si enim ad populum me vocas, eum. </p>\n\n<ol>\n\t<li>Quae autem natura suae primae institutionis oblita est?</li>\n\t<li>Utinam quidem dicerent alium alio beatiorem! Iam ruinas videres.</li>\n\t<li>Idemne potest esse dies saepius, qui semel fuit?</li>\n\t<li>Voluptatem cum summum bonum diceret, primum in eo ipso parum vidit, deinde hoc quoque alienum;</li>\n\t<li>Materiam vero rerum et copiam apud hos exilem, apud illos uberrimam reperiemus.</li>\n\t<li>Cuius quidem, quoniam Stoicus fuit, sententia condemnata mihi videtur esse inanitas ista verborum.</li>\n</ol>\n\n\n<dl>\n\t<dt><dfn>Equidem e Cn.</dfn></dt>\n\t<dd>Apud imperitos tum illa dicta sunt, aliquid etiam coronae datum;</dd>\n\t<dt><dfn>Nihil sane.</dfn></dt>\n\t<dd>Curium putes loqui, interdum ita laudat, ut quid praeterea sit bonum neget se posse ne suspicari quidem.</dd>\n\t<dt><dfn>Quo modo?</dfn></dt>\n\t<dd>Occultum facinus esse potuerit, gaudebit;</dd>\n\t<dt><dfn>Stoicos roga.</dfn></dt>\n\t<dd>Mihi quidem Antiochum, quem audis, satis belle videris attendere.</dd>\n\t<dt><dfn>Velut ego nunc moveor.</dfn></dt>\n\t<dd>Cum sciret confestim esse moriendum eamque mortem ardentiore studio peteret, quam Epicurus voluptatem petendam putat.</dd>\n\t<dt><dfn>Pollicetur certe.</dfn></dt>\n\t<dd>Licet hic rursus ea commemores, quae optimis verbis ab Epicuro de laude amicitiae dicta sunt.</dd>\n</dl>\n\n\n<ul>\n\t<li>Est enim perspicuum nullam artem ipsam in se versari, sed esse aliud artem ipsam, aliud quod propositum sit arti.</li>\n\t<li>Quod autem in homine praestantissimum atque optimum est, id deseruit.</li>\n</ul>\n\n\n<p>Quid ergo? Si verbum sequimur, primum longius verbum praepositum quam bonum. Sed tu istuc dixti bene Latine, parum plane. Haec dicuntur fortasse ieiunius; Sint modo partes vitae beatae. </p>\n\n",
    "eventUrl": "http://en.wikipedia.com/wiki/Lorem_ipsum",
    "creation_date": "2018/10/26 17:58:6.150702 GMT-4",
    "contactEmail": "loremipsum@mail.com",
    "_uid": "8ea761107b2d47dab53d0b996ca74846",
    "expirationDate": "None",
    "contactName": "Augue velit.",
    "_content_type_id": "text/plain",
    "contactPhone": "Magna morbi pulvinar leo egestas quis tincidunt duis dui hac mi magna in.",
    "id": "lorem-netus-a-nunc-purus-tempus.",
    "subject": [],
    "attendees": [],
    "effectiveDate": "None",
    "title": "Lorem netus a nunc purus tempus.",
    "_content_type_contactPhone": "text/plain",
    "_content_type_eventUrl": "text/plain",
    "_content_type_language": "text/plain",
    "_defaultpage": "",
    "location": "Vitae lacus torquent risus nonummy hymenaeos cursus felis lacus.",
    "_content_type_title": "text/plain",
    "excludeFromNav": true,
    "_content_type_contactName": "text/plain",
    "_type": "Event",
    "description": "Felis etiam. Ipsum risus augue dis orci a cras nulla sapien facilisis hac. Purus felis sem. Vitae massa dis odio etiam senectus convallis habitant ve. Massa justo leo tortor. Donec vitae fames velit nostra mi urna dolor suspendisse mi aptent eu habitant. Etiam netus eros ve cras ultricies tellus eros scelerisque. Lorem magna. Velit etiam lorem sagittis metus in tristique magna cras dignissim. Lorem porta pede justo quisque accumsan dapibus nibh habitasse sed justo malesuada hendrerit parturient egestas nec euismod enim. Justo fusce iaculis cum convallis. Fusce donec taciti imperdiet justo molestie.",
    "_atrefs": {},
    "_layout": "event_view",
    "_workflow_history": {
        "simple_publication_workflow": [
            {
                "action": null,
                "review_state": "private",
                "actor": "admin",
                "comments": "",
                "time": "2018/10/26 17:58:6.154471 GMT-4"
            },
            {
                "action": "publish",
                "review_state": "published",
                "actor": "admin",
                "comments": "",
                "time": "2018/10/26 17:58:6.485280 GMT-4"
            }
        ]
    },
    "_content_type_rights": "text/plain",
    "_directly_provided": [],
    "_classname": "ATEvent",
    "_userdefined_roles": [],
    "_content_type_contactEmail": "text/plain",
    "_content_type": "text/html",
    "_id": "lorem-netus-a-nunc-purus-tempus.",
    "modification_date": "2018/10/26 17:58:6.489132 GMT-4",
    "language": "en",
    "rights": "Donec metus aliquet porttitor suscipit nullam. Risus lorem natoque auctor sem ve felis cursus. Massa etiam pede ad dignissim orci condimentum nonummy sit adipiscing neque posuere dapibus amet a. Class ipsum augue scelerisque torquent. Etiam velit. Nulla velit scelerisque lobortis integer curae arcu nonummy cursus. Lorem magna non donec nostra scelerisque curae convallis nunc. Magna proin molestie risus nulla lacus nisl. Donec augue dapibus. Etiam justo dolor amet eros. Nulla proin.",
    "_atbrefs": {},
    "_content_type_description": "text/plain",
    "_owner": "admin",
    "_content_type_location": "text/plain",
    "_permissions": {
        "Modify portal content": {
            "acquire": false,
            "roles": [
                "Editor",
                "Manager",
                "Owner",
                "Site Administrator"
            ]
        },
        "Access contents information": {
            "acquire": false,
            "roles": [
                "Anonymous"
            ]
        },
        "View": {
            "acquire": false,
            "roles": [
                "Anonymous"
            ]
        }
    },
    "_properties": [
        [
            "title",
            "Lorem netus a nunc purus tempus.",
            "string"
        ]
    ],
    "allowDiscussion": false,
    "_gopip": 11,
    "creators": [
        "admin"
    ],
    "_ac_local_roles": {
        "admin": [
            "Owner"
        ]
    },
    "_path": "/Plone/about/lacus-purus-sit-augue-facilisis-ultricies-pede./purus-class-nisl-arcu-convallis-porta-mi-fusce-id./lorem-netus-a-nunc-purus-tempus."
}