{
    "startDate": "2018/10/07 21:57:32.619432 GMT-4",
    "endDate": "2018/10/09 21:55:2.452615 GMT-4",
    "contributors": [],
    "_content_type_text": "text/html",
    "text": "<h1>Facillimum id quidem est, inquam.</h1>\n\n<p>Lorem ipsum dolor sit amet, consectetur adipiscing elit. Aufert enim sensus actionemque tollit omnem. Sed vos squalidius, illorum vides quam niteat oratio. Venit ad extremum; <a href='http://loripsum.net/' target='_blank'>Nulla erit controversia.</a> </p>\n\n<dl>\n\t<dt><dfn>An eiusdem modi?</dfn></dt>\n\t<dd>Urgent tamen et nihil remittunt.</dd>\n\t<dt><dfn>Quo modo?</dfn></dt>\n\t<dd>Hoc positum in Phaedro a Platone probavit Epicurus sensitque in omni disputatione id fieri oportere.</dd>\n</dl>\n\n\n<ul>\n\t<li>Fortitudinis quaedam praecepta sunt ac paene leges, quae effeminari virum vetant in dolore.</li>\n\t<li>Primum quid tu dicis breve?</li>\n\t<li>Tamen aberramus a proposito, et, ne longius, prorsus, inquam, Piso, si ista mala sunt, placet.</li>\n\t<li>Nobis aliter videtur, recte secusne, postea;</li>\n\t<li>Aliter enim explicari, quod quaeritur, non potest.</li>\n</ul>\n\n\n<p>Duo Reges: constructio interrete. Efficiens dici potest. Quonam, inquit, modo? Moriatur, inquit. </p>\n\n<ol>\n\t<li>Nec vero sum nescius esse utilitatem in historia, non modo voluptatem.</li>\n\t<li>Sin eam, quam Hieronymus, ne fecisset idem, ut voluptatem illam Aristippi in prima commendatione poneret.</li>\n\t<li>Virtutis, magnitudinis animi, patientiae, fortitudinis fomentis dolor mitigari solet.</li>\n\t<li>An, partus ancillae sitne in fructu habendus, disseretur inter principes civitatis, P.</li>\n\t<li>In omni enim arte vel studio vel quavis scientia vel in ipsa virtute optimum quidque rarissimum est.</li>\n\t<li>Cum sciret confestim esse moriendum eamque mortem ardentiore studio peteret, quam Epicurus voluptatem petendam putat.</li>\n</ol>\n\n\n<p><a href='http://loripsum.net/' target='_blank'>Tanta vis admonitionis inest in locis;</a> Traditur, inquit, ab Epicuro ratio neglegendi doloris. Primum Theophrasti, Strato, physicum se voluit; </p>\n\n",
    "eventUrl": "http://en.wikipedia.com/wiki/Lorem_ipsum",
    "creation_date": "2018/10/26 17:58:6.728312 GMT-4",
    "contactEmail": "loremipsum@mail.com",
    "_uid": "24996848134c43c6b74bae4dbc300857",
    "expirationDate": "None",
    "contactName": "Justo vitae eros a diam ac elit proin suspendisse non.",
    "_content_type_id": "text/plain",
    "contactPhone": "Velit justo leo.",
    "id": "purus-curae.",
    "subject": [],
    "attendees": [],
    "effectiveDate": "None",
    "title": "Purus curae.",
    "_content_type_contactPhone": "text/plain",
    "_content_type_eventUrl": "text/plain",
    "_content_type_language": "text/plain",
    "_defaultpage": "",
    "location": "Lacus curae purus neque a quisque mattis enim justo ultricies.",
    "_content_type_title": "text/plain",
    "excludeFromNav": true,
    "_content_type_contactName": "text/plain",
    "_type": "Event",
    "description": "Felis nulla. Velit morbi sit nulla porttitor. Fames purus. Lorem augue eleifend ut scelerisque. Dolor risus commodo nec vestibulum tristique suspendisse eni tempor. Purus augue vel nisl placerat tempus integer sem. Proin fames. Lacus massa facilisi adipiscing quisque nisi a eros nulla. Augue justo cursus amet rutrum nostra. Etiam curae. Donec morbi magnis class. Felis metus sodales penatibus in ullamcorper eget cras amet fermentum at hendrerit vestibulum nisi lorem fermentum pretium. Massa etiam tortor mi at cursus.",
    "_atrefs": {},
    "_layout": "event_view",
    "_workflow_history": {
        "simple_publication_workflow": [
            {
                "action": null,
                "review_state": "private",
                "actor": "admin",
                "comments": "",
                "time": "2018/10/26 17:58:6.732384 GMT-4"
            },
            {
                "action": "publish",
                "review_state": "published",
                "actor": "admin",
                "comments": "",
                "time": "2018/10/26 17:58:7.060794 GMT-4"
            }
        ]
    },
    "_content_type_rights": "text/plain",
    "_directly_provided": [],
    "_classname": "ATEvent",
    "_userdefined_roles": [],
    "_content_type_contactEmail": "text/plain",
    "_content_type": "text/html",
    "_id": "purus-curae.",
    "modification_date": "2018/10/26 17:58:7.066745 GMT-4",
    "language": "en",
    "rights": "Velit morbi sodales laoreet eros ac erat cum pede ridiculus curabitur arcu cum aenean. Porta felis. Donec justo turpis pellentesque natoque torquent et erat porta et lacus nulla amet magna turpis eu sociosqu dictumst velit. Magna nulla nostra felis vivamus in diam phasellus risus et nibh sociosqu ligula luctus sed arcu. Risus morbi varius ut aenean. Morbi massa. Magna purus per quis luctus mattis nonummy quisque. Massa neque. Metus donec phasellus est consectetuer montes eu per litora venenatis fames ac. Ipsum curae libero ipsum congue pulvinar. Metus magna. Vitae felis litora enim in sollicitudin dapibus. Nulla vitae mollis ac turpis accumsan condimentum eni. Ipsum dolor dictum class massa ornare purus amet nisi. Justo magna sociis cursus. Class fusce a nisl. Massa vitae tempus dolor parturient condimentum sapien et donec et justo. Class augue varius hymenaeos et congue at nulla nibh. Metus fames. Massa metus hac erat consectetuer. Nulla class senectus. Risus neque ridiculus est viverra eu. Porta neque etiam magnis ut massa hendrerit sociosqu porta sollicitudin phasellus.",
    "_atbrefs": {},
    "_content_type_description": "text/plain",
    "_owner": "admin",
    "_content_type_location": "text/plain",
    "_permissions": {
        "Modify portal content": {
            "acquire": false,
            "roles": [
                "Editor",
                "Manager",
                "Owner",
                "Site Administrator"
            ]
        },
        "Access contents information": {
            "acquire": false,
            "roles": [
                "Anonymous"
            ]
        },
        "View": {
            "acquire": false,
            "roles": [
                "Anonymous"
            ]
        }
    },
    "_properties": [
        [
            "title",
            "Purus curae.",
            "string"
        ]
    ],
    "allowDiscussion": false,
    "_gopip": 12,
    "creators": [
        "admin"
    ],
    "_ac_local_roles": {
        "admin": [
            "Owner"
        ]
    },
    "_path": "/Plone/about/lacus-purus-sit-augue-facilisis-ultricies-pede./purus-class-nisl-arcu-convallis-porta-mi-fusce-id./purus-curae."
}