{
    "startDate": "2018/11/14 02:15:54.636366 GMT-4",
    "endDate": "2018/11/14 15:24:22.790133 GMT-4",
    "contributors": [],
    "_content_type_text": "text/html",
    "text": "<h1>Ita multo sanguine profuso in laetitia et in victoria est mortuus.</h1>\n\n<p>Lorem ipsum dolor sit amet, consectetur adipiscing elit. Quod totum contra est. Tria genera bonorum; Duo Reges: constructio interrete. Cur id non ita fit? Quasi ego id curem, quid ille aiat aut neget. Ita prorsus, inquam; </p>\n\n<dl>\n\t<dt><dfn>Frater et T.</dfn></dt>\n\t<dd>Non minor, inquit, voluptas percipitur ex vilissimis rebus quam ex pretiosissimis.</dd>\n\t<dt><dfn>Non semper, inquam;</dfn></dt>\n\t<dd>Quis, quaeso, illum negat et bonum virum et comem et humanum fuisse?</dd>\n</dl>\n\n\n<p>Sed quid sentiat, non videtis. Quis est tam dissimile homini. Quia dolori non voluptas contraria est, sed doloris privatio. Expectoque quid ad id, quod quaerebam, respondeas. </p>\n\n<p><a href='http://loripsum.net/' target='_blank'>Ut optime, secundum naturam affectum esse possit.</a> Ut pulsi recurrant? Quorum sine causa fieri nihil putandum est. Idem iste, inquam, de voluptate quid sentit? </p>\n\n<ul>\n\t<li>Modo etiam paulum ad dexteram de via declinavi, ut ad Pericli sepulcrum accederem.</li>\n\t<li>Quo minus animus a se ipse dissidens secumque discordans gustare partem ullam liquidae voluptatis et liberae potest.</li>\n\t<li>Sed ego in hoc resisto;</li>\n</ul>\n\n\n<ol>\n\t<li>Semper enim ex eo, quod maximas partes continet latissimeque funditur, tota res appellatur.</li>\n\t<li>Quicquid enim a sapientia proficiscitur, id continuo debet expletum esse omnibus suis partibus;</li>\n\t<li>Quis est enim, in quo sit cupiditas, quin recte cupidus dici possit?</li>\n\t<li>Isto modo ne improbos quidem, si essent boni viri.</li>\n\t<li>An vero displicuit ea, quae tributa est animi virtutibus tanta praestantia?</li>\n</ol>\n\n\n",
    "eventUrl": "http://en.wikipedia.com/wiki/Lorem_ipsum",
    "creation_date": "2018/10/26 17:58:9.344511 GMT-4",
    "contactEmail": "loremipsum@mail.com",
    "_uid": "cede2b7a20584db99fd369ce85dc3249",
    "expirationDate": "None",
    "contactName": "Morbi massa lorem bibendum dis sodales in duis.",
    "_content_type_id": "text/plain",
    "contactPhone": "Magna vitae accumsan est et.",
    "id": "porta-proin-a-nostra-felis-vestibulum-ullamcorper.",
    "subject": [],
    "attendees": [],
    "effectiveDate": "None",
    "title": "Porta proin a nostra felis vestibulum ullamcorper.",
    "_content_type_contactPhone": "text/plain",
    "_content_type_eventUrl": "text/plain",
    "_content_type_language": "text/plain",
    "_defaultpage": "",
    "location": "Ipsum curae proin condimentum nascetur elementum.",
    "_content_type_title": "text/plain",
    "excludeFromNav": true,
    "_content_type_contactName": "text/plain",
    "_type": "Event",
    "description": "Felis fusce massa lobortis id arcu amet montes et vitae cum mattis. Velit magna lectus ac. Proin curae nisi rhoncus nunc quis vulputate at eget ullamcorper integer fusce potenti vel. Fusce donec magnis montes amet class sociis lectus torquent suspendisse. Nulla dolor congue penatibus in ultricies donec tincidunt proin duis odio. Felis lacus luctus congue. Morbi nulla pretium eleifend vivamus tempor mauris et blandit urna et. Dolor curae arcu sapien nostra porta lacus. Metus velit metus morbi cubilia. Lorem porta scelerisque pharetra tincidunt a. Risus lorem non venenatis turpis dictumst phasellus velit mi orci condimentum natoque. Massa fames luctus id nec. Dolor porta erat fusce dapibus vivamus ligula congue dui adipiscing sociis sit. Justo fusce sapien id tempor proin fusce. Velit felis varius sollicitudin hymenaeos ipsum id.",
    "_atrefs": {},
    "_layout": "event_view",
    "_workflow_history": {
        "simple_publication_workflow": [
            {
                "action": null,
                "review_state": "private",
                "actor": "admin",
                "comments": "",
                "time": "2018/10/26 17:58:9.348275 GMT-4"
            },
            {
                "action": "publish",
                "review_state": "published",
                "actor": "admin",
                "comments": "",
                "time": "2018/10/26 17:58:9.755932 GMT-4"
            }
        ]
    },
    "_content_type_rights": "text/plain",
    "_directly_provided": [],
    "_classname": "ATEvent",
    "_userdefined_roles": [],
    "_content_type_contactEmail": "text/plain",
    "_content_type": "text/html",
    "_id": "porta-proin-a-nostra-felis-vestibulum-ullamcorper.",
    "modification_date": "2018/10/26 17:58:9.759781 GMT-4",
    "language": "en",
    "rights": "Nulla purus praesent consequat sollicitudin rhoncus purus justo donec. Magna massa cras varius nunc nisl gravida in fringilla. Netus nulla maecenas duis dictumst bibendum velit eget fusce quis scelerisque natoque. Fusce donec. Fusce justo. Netus nulla. Fames metus maecenas ridiculus urna eget justo commodo ornare porttitor placerat ac magna consectetuer. Lorem lacus proin sociosqu erat id enim. Netus lacus tempus id massa fermentum eni pretium velit. Metus risus duis volutpat non velit lectus. Fusce magna. Morbi dolor sem potenti nascetur dolor venenatis. Porta morbi commodo. Justo nulla fames interdum diam phasellus.",
    "_atbrefs": {},
    "_content_type_description": "text/plain",
    "_owner": "admin",
    "_content_type_location": "text/plain",
    "_permissions": {
        "Modify portal content": {
            "acquire": false,
            "roles": [
                "Editor",
                "Manager",
                "Owner",
                "Site Administrator"
            ]
        },
        "Access contents information": {
            "acquire": false,
            "roles": [
                "Anonymous"
            ]
        },
        "View": {
            "acquire": false,
            "roles": [
                "Anonymous"
            ]
        }
    },
    "_properties": [
        [
            "title",
            "Porta proin a nostra felis vestibulum ullamcorper.",
            "string"
        ]
    ],
    "allowDiscussion": false,
    "_gopip": 17,
    "creators": [
        "admin"
    ],
    "_ac_local_roles": {
        "admin": [
            "Owner"
        ]
    },
    "_path": "/Plone/about/lacus-purus-sit-augue-facilisis-ultricies-pede./purus-class-nisl-arcu-convallis-porta-mi-fusce-id./porta-proin-a-nostra-felis-vestibulum-ullamcorper."
}