{
    "startDate": "2018/10/16 10:49:44.507671 GMT-4",
    "endDate": "2018/10/18 14:38:9.159053 GMT-4",
    "contributors": [],
    "_content_type_text": "text/html",
    "text": "<h1>Quae cum dixisset, finem ille.</h1>\n\n<p>Lorem ipsum dolor sit amet, consectetur adipiscing elit. Audeo dicere, inquit. Negare non possum. Ut id aliis narrare gestiant? Si verbum sequimur, primum longius verbum praepositum quam bonum. Confecta res esset. Innumerabilia dici possunt in hanc sententiam, sed non necesse est. </p>\n\n<ol>\n\t<li>Sit, inquam, tam facilis, quam vultis, comparatio voluptatis, quid de dolore dicemus?</li>\n\t<li>Hoc mihi cum tuo fratre convenit.</li>\n\t<li>Saepe ab Aristotele, a Theophrasto mirabiliter est laudata per se ipsa rerum scientia;</li>\n</ol>\n\n\n<p>Si longus, levis dictata sunt. Restatis igitur vos; Utram tandem linguam nescio? Estne, quaeso, inquam, sitienti in bibendo voluptas? </p>\n\n<p>Hoc tu nunc in illo probas. Duo Reges: constructio interrete. Quid adiuvas? Quonam, inquit, modo? Nondum autem explanatum satis, erat, quid maxime natura vellet. </p>\n\n<ul>\n\t<li>Quae duo sunt, unum facit.</li>\n\t<li>Nec enim, omnes avaritias si aeque avaritias esse dixerimus, sequetur ut etiam aequas esse dicamus.</li>\n\t<li>Quos quidem tibi studiose et diligenter tractandos magnopere censeo.</li>\n\t<li>Tenesne igitur, inquam, Hieronymus Rhodius quid dicat esse summum bonum, quo putet omnia referri oportere?</li>\n\t<li>Facit enim ille duo seiuncta ultima bonorum, quae ut essent vera, coniungi debuerunt;</li>\n\t<li>Sed venio ad inconstantiae crimen, ne saepius dicas me aberrare;</li>\n</ul>\n\n\n<dl>\n\t<dt><dfn>Optime, inquam.</dfn></dt>\n\t<dd>Idem fecisset Epicurus, si sententiam hanc, quae nunc Hieronymi est, coniunxisset cum Aristippi vetere sententia.</dd>\n\t<dt><dfn>Ille incendat?</dfn></dt>\n\t<dd>Quas enim kakaw Graeci appellant, vitia malo quam malitias nominare.</dd>\n\t<dt><dfn>Non semper, inquam;</dfn></dt>\n\t<dd>Dici enim nihil potest verius.</dd>\n\t<dt><dfn>Tria genera bonorum;</dfn></dt>\n\t<dd>Polemoni et iam ante Aristoteli ea prima visa sunt, quae paulo ante dixi.</dd>\n</dl>\n\n\n",
    "eventUrl": "http://en.wikipedia.com/wiki/Lorem_ipsum",
    "creation_date": "2018/10/26 17:58:9.952491 GMT-4",
    "contactEmail": "loremipsum@mail.com",
    "_uid": "c146b27edb7e400eb9a859681f8b9290",
    "expirationDate": "None",
    "contactName": "Ipsum morbi netus iaculis sem interdum egestas potenti.",
    "_content_type_id": "text/plain",
    "contactPhone": "Felis fusce hac sem.",
    "id": "massa-velit-sagittis-hendrerit.",
    "subject": [],
    "attendees": [],
    "effectiveDate": "None",
    "title": "Massa velit sagittis hendrerit.",
    "_content_type_contactPhone": "text/plain",
    "_content_type_eventUrl": "text/plain",
    "_content_type_language": "text/plain",
    "_defaultpage": "",
    "location": "Velit justo diam facilisis mauris libero netus metus sit risus.",
    "_content_type_title": "text/plain",
    "excludeFromNav": true,
    "_content_type_contactName": "text/plain",
    "_type": "Event",
    "description": "Class curae mattis faucibus penatibus. Fames morbi sagittis duis leo curae semper vivamus ridiculus facilisi netus a erat. Lorem vitae magna ullamcorper lobortis augue magna senectus nunc arcu elit amet arcu netus. Etiam massa. Fames morbi luctus. Class velit. Velit purus eleifend neque ad fusce tempus. Purus porta lorem taciti diam habitasse habitant inceptos dolor massa quis consequat erat. Lacus massa mattis varius sit. Fames magna donec eleifend adipiscing viverra cras a nisi ut pellentesque. Risus fames eget.",
    "_atrefs": {},
    "_layout": "event_view",
    "_workflow_history": {
        "simple_publication_workflow": [
            {
                "action": null,
                "review_state": "private",
                "actor": "admin",
                "comments": "",
                "time": "2018/10/26 17:58:9.956475 GMT-4"
            },
            {
                "action": "publish",
                "review_state": "published",
                "actor": "admin",
                "comments": "",
                "time": "2018/10/26 17:58:10.285269 GMT-4"
            }
        ]
    },
    "_content_type_rights": "text/plain",
    "_directly_provided": [],
    "_classname": "ATEvent",
    "_userdefined_roles": [],
    "_content_type_contactEmail": "text/plain",
    "_content_type": "text/html",
    "_id": "massa-velit-sagittis-hendrerit.",
    "modification_date": "2018/10/26 17:58:10.289221 GMT-4",
    "language": "en",
    "rights": "Magna felis porta per orci inceptos condimentum nam quam mattis facilisis est lorem. Morbi proin justo taciti fames id per ante pulvinar ullamcorper habitant aliquam feugiat sapien nibh eni. Class neque nullam turpis vivamus feugiat nunc parturient hac. Lacus magna nec. Dolor curae fermentum volutpat montes tellus porta parturient id. Lacus curae nam. Ipsum massa urna porta. Vitae class amet. Risus proin sit eni. Lorem curae a. Velit justo.",
    "_atbrefs": {},
    "_content_type_description": "text/plain",
    "_owner": "admin",
    "_content_type_location": "text/plain",
    "_permissions": {
        "Modify portal content": {
            "acquire": false,
            "roles": [
                "Editor",
                "Manager",
                "Owner",
                "Site Administrator"
            ]
        },
        "Access contents information": {
            "acquire": false,
            "roles": [
                "Anonymous"
            ]
        },
        "View": {
            "acquire": false,
            "roles": [
                "Anonymous"
            ]
        }
    },
    "_properties": [
        [
            "title",
            "Massa velit sagittis hendrerit.",
            "string"
        ]
    ],
    "allowDiscussion": false,
    "_gopip": 18,
    "creators": [
        "admin"
    ],
    "_ac_local_roles": {
        "admin": [
            "Owner"
        ]
    },
    "_path": "/Plone/about/lacus-purus-sit-augue-facilisis-ultricies-pede./purus-class-nisl-arcu-convallis-porta-mi-fusce-id./massa-velit-sagittis-hendrerit."
}