{
    "contributors": [],
    "creation_date": "2018/10/26 17:58:12.416072 GMT-4",
    "_uid": "1f4a28d354f84d66b3a846a1e7fd0c62",
    "expirationDate": "None",
    "_content_type_id": "text/plain",
    "id": "purus-justo-aenean-eu-turpis.",
    "subject": [],
    "modification_date": "2018/10/26 17:58:12.465227 GMT-4",
    "title": "Purus justo aenean eu turpis.",
    "_ac_local_roles": {
        "admin": [
            "Owner"
        ]
    },
    "_content_type_language": "text/plain",
    "_defaultpage": "index_html",
    "location": "Morbi netus nulla sit volutpat integer quis duis at lacus dictum.",
    "_content_type_title": "text/plain",
    "excludeFromNav": true,
    "_atbrefs": {},
    "_type": "File",
    "description": "Ipsum dolor velit commodo sed lobortis. Lorem metus congue lacus mollis ve per condimentum aliquam vel ve. Magna fusce nullam elit aenean quis. Lacus fames aptent risus proin elit quis pulvinar habitasse a penatibus class est nullam ut ligula praesent adipiscing. Neque curae netus rutrum eni mi risus dictum mi molestie ante. Felis risus velit dictum adipiscing consectetuer natoque malesuada eget sodales ante mi cras. Neque purus. Porta curae magnis pellentesque ridiculus fusce odio arcu porta aenean ad faucibus. Fames etiam. Lacus donec. Purus morbi pulvinar. Nulla netus. Neque donec etiam vel. Magna justo netus vehicula dui lacinia senectus cras tellus. Vitae fames mauris tempor etiam sapien netus turpis congue nunc. Class netus.",
    "_atrefs": {},
    "_layout": "file_view",
    "_workflow_history": {
        "simple_publication_workflow": [
            {
                "action": null,
                "review_state": "private",
                "actor": "admin",
                "comments": "",
                "time": "2018/10/26 17:57:57.276205 GMT-4"
            },
            {
                "action": "publish",
                "review_state": "published",
                "actor": "admin",
                "comments": "",
                "time": "2018/10/26 17:57:57.594883 GMT-4"
            }
        ]
    },
    "_datafield_file": {
        "encoding": "base64",
        "filename": "mi..dat",
        "data": "R0lGODlhAQABAPAAAPj8+AAAACH5BAEAAAAALAAAAAABAAEAAAICRAEAOw==",
        "content_type": "chemical/x-mopac-input",
        "size": [
            1,
            1
        ]
    },
    "_content_type_rights": "text/plain",
    "_classname": "ATBlob",
    "_directly_provided": [
        "plone.app.blob.interfaces.IATBlobFile",
        "Products.ATContentTypes.interfaces.file.IATFile",
        "Products.ATContentTypes.interfaces.file.IFileContent"
    ],
    "_userdefined_roles": [],
    "_content_type": "chemical/x-mopac-input",
    "_id": "purus-justo-aenean-eu-turpis.",
    "effectiveDate": "None",
    "language": "en",
    "rights": "Etiam porta sem cras adipiscing cum. Vitae felis vitae conubia ante. Justo lacus. Nulla curae euismod in duis faucibus ligula erat quis. Proin metus cubilia vel litora dis. Proin fames nisl nunc accumsan augue duis aliquam diam ut velit. Ipsum fusce aenean ut mauris volutpat pede. Nulla lorem a lacinia. Ipsum felis nec. Fames netus montes condimentum curae aenean et nam ut. Donec augue dis tellus commodo egestas inceptos donec eu tortor pretium ut. Risus class sociosqu at suspendisse et luctus mus.",
    "_content_type_description": "text/plain",
    "_owner": "admin",
    "_content_type_location": "text/plain",
    "_permissions": {},
    "_properties": [
        [
            "title",
            "Purus justo aenean eu turpis.",
            "string"
        ]
    ],
    "allowDiscussion": false,
    "_gopip": 27,
    "creators": [
        "admin"
    ],
    "_path": "/Plone/about/lacus-purus-sit-augue-facilisis-ultricies-pede./purus-class-nisl-arcu-convallis-porta-mi-fusce-id./purus-justo-aenean-eu-turpis."
}