{
    "locallyAllowedTypes": [
        "Document",
        "Event",
        "File",
        "Folder",
        "Image",
        "Link",
        "News Item",
        "Collection"
    ],
    "contributors": [],
    "creation_date": "2018/10/26 17:58:13.959422 GMT-4",
    "_uid": "e83b5be6ef6b4cd2a30cc80e1ee5dfe4",
    "expirationDate": "None",
    "_content_type_id": "text/plain",
    "immediatelyAddableTypes": [
        "Document",
        "Event",
        "File",
        "Folder",
        "Image",
        "Link",
        "News Item",
        "Collection"
    ],
    "id": "netus-proin-dictum-ve-cras-id-venenatis-donec.",
    "subject": [],
    "modification_date": "2018/10/26 17:58:14.293885 GMT-4",
    "title": "Netus proin dictum ve cras id venenatis donec.",
    "_ac_local_roles": {
        "admin": [
            "Owner"
        ]
    },
    "_content_type_language": "text/plain",
    "_defaultpage": "",
    "location": "Felis etiam.",
    "_content_type_title": "text/plain",
    "excludeFromNav": false,
    "_atbrefs": {},
    "constrainTypesMode": -1,
    "_type": "Folder",
    "description": "Lacus class vehicula est dictum ut urna. Ipsum justo leo velit donec sit. Etiam proin. Justo risus sociosqu sed fusce. Augue vitae per quam dis pede varius adipiscing neque quis at. Metus fames placerat ac. Justo morbi justo. Vitae dolor vitae a orci. Risus purus sagittis eu dictum. Felis donec vivamus pulvinar tellus senectus vestibulum cubilia. Purus dolor odio rhoncus ac odio semper conubia cursus. Curae nulla enim natoque ridiculus orci eros nam risus montes. Netus risus condimentum nisl eros laoreet sit auctor dui vivamus in. Nulla justo odio luctus eni erat morbi. Class morbi curae accumsan parturient feugiat quis cursus nec.",
    "_atrefs": {},
    "_layout": "folder_listing",
    "_workflow_history": {
        "simple_publication_workflow": [
            {
                "action": null,
                "review_state": "private",
                "actor": "admin",
                "comments": "",
                "time": "2018/10/26 17:58:13.965701 GMT-4"
            },
            {
                "action": "publish",
                "review_state": "published",
                "actor": "admin",
                "comments": "",
                "time": "2018/10/26 17:58:14.289282 GMT-4"
            }
        ]
    },
    "_content_type_rights": "text/plain",
    "_directly_provided": [],
    "language": "en",
    "_classname": "ATFolder",
    "banner": "<h1>Scisse enim te quis coarguere possit?</h1>\n\n<p>Lorem ipsum dolor sit amet, consectetur adipiscing elit. Sin aliud quid voles, postea. Tu vero, inquam, ducas licet, si sequetur; Nihil opus est exemplis hoc facere longius. </p>\n\n<ul>\n\t<li>Hoc est non modo cor non habere, sed ne palatum quidem.</li>\n\t<li>Oculorum, inquit Plato, est in nobis sensus acerrimus, quibus sapientiam non cernimus.</li>\n\t<li>Nemo nostrum istius generis asotos iucunde putat vivere.</li>\n</ul>\n\n\n<dl>\n\t<dt><dfn>Graccho, eius fere, aequal\u00ed?</dfn></dt>\n\t<dd>Sed tu, ut dignum est tua erga me et philosophiam voluntate ab adolescentulo suscepta, fac ut Metrodori tueare liberos.</dd>\n\t<dt><dfn>Immo alio genere;</dfn></dt>\n\t<dd>Age, inquies, ista parva sunt.</dd>\n\t<dt><dfn>Scrupulum, inquam, abeunti;</dfn></dt>\n\t<dd>At ille non pertimuit saneque fidenter: Istis quidem ipsis verbis, inquit;</dd>\n\t<dt><dfn>Sed hoc sane concedamus.</dfn></dt>\n\t<dd>Aliena dixit in physicis nec ea ipsa, quae tibi probarentur;</dd>\n</dl>\n\n\n<p>Hunc vos beatum; Facete M. Duo Reges: constructio interrete. Qui ita affectus, beatum esse numquam probabis; Haec igitur Epicuri non probo, inquam. Multoque hoc melius nos veriusque quam Stoici. </p>\n\n<p>Sumenda potius quam expetenda. Cur iustitia laudatur? </p>\n\n<ol>\n\t<li>Sapientem locupletat ipsa natura, cuius divitias Epicurus parabiles esse docuit.</li>\n\t<li>Ergo omni animali illud, quod appetiti positum est in eo, quod naturae est accommodatum.</li>\n\t<li>Quod dicit Epicurus etiam de voluptate, quae minime sint voluptates, eas obscurari saepe et obrui.</li>\n</ol>\n\n\n",
    "_userdefined_roles": [],
    "_content_type": "text/plain",
    "_id": "netus-proin-dictum-ve-cras-id-venenatis-donec.",
    "nextPreviousEnabled": true,
    "effectiveDate": "None",
    "_content_type_banner": "text/html",
    "rights": "Vitae lorem. Curae massa per cras torquent luctus taciti habitant vestibulum vulputate scelerisque ipsum. Felis massa nisl dui elit mus neque sodales. Velit magna facilisi habitasse duis cras. Morbi vitae. Magna class venenatis convallis neque convallis suscipit litora turpis dolor aptent montes dui. Massa donec suscipit enim laoreet. Morbi velit ante nulla nostra mattis nam nisl. Augue class auctor fames risus lacus potenti arcu ve vulputate eget.",
    "_content_type_description": "text/plain",
    "_owner": "admin",
    "_content_type_location": "text/plain",
    "_permissions": {
        "Change portal events": {
            "acquire": false,
            "roles": [
                "Editor",
                "Manager",
                "Owner",
                "Site Administrator"
            ]
        },
        "Modify portal content": {
            "acquire": false,
            "roles": [
                "Editor",
                "Manager",
                "Owner",
                "Site Administrator"
            ]
        },
        "Access contents information": {
            "acquire": false,
            "roles": [
                "Anonymous"
            ]
        },
        "View": {
            "acquire": false,
            "roles": [
                "Anonymous"
            ]
        }
    },
    "_properties": [
        [
            "title",
            "Netus proin dictum ve cras id venenatis donec.",
            "string"
        ]
    ],
    "allowDiscussion": false,
    "_gopip": 32,
    "creators": [
        "admin"
    ],
    "_path": "/Plone/about/lacus-purus-sit-augue-facilisis-ultricies-pede./purus-class-nisl-arcu-convallis-porta-mi-fusce-id./netus-proin-dictum-ve-cras-id-venenatis-donec."
}