{
    "contributors": [],
    "creation_date": "2018/10/26 17:58:21.254457 GMT-4",
    "_uid": "b253febef1dd45048866472b403143b9",
    "expirationDate": "None",
    "_content_type_id": "text/plain",
    "id": "class-felis-tortor-nisi-scelerisque-gravida-dolor-est-lobortis-penatibus-ac-magna-consectetuer.",
    "subject": [],
    "modification_date": "2018/10/26 17:58:21.297553 GMT-4",
    "title": "Class felis tortor nisi scelerisque gravida dolor est lobortis penatibus ac magna consectetuer.",
    "_ac_local_roles": {
        "admin": [
            "Owner"
        ]
    },
    "_content_type_language": "text/plain",
    "_defaultpage": "",
    "location": "Fames nulla felis leo nisl luctus ornare sit.",
    "_content_type_title": "text/plain",
    "excludeFromNav": false,
    "_atbrefs": {},
    "_type": "Link",
    "description": "Netus nulla bibendum etiam. Donec fames lorem molestie vulputate pellentesque lacinia eleifend ac purus. Fusce donec scelerisque eni mi congue maecenas urna cras hendrerit interdum purus. Fusce ipsum sed cras imperdiet sem. Lacus class mollis sollicitudin. Fusce massa dolor inceptos curae odio leo natoque et. Proin augue tincidunt suspendisse convallis urna morbi elit morbi ve montes. Netus curae pulvinar ut nostra a feugiat mauris fusce per habitasse facilisi taciti. Magna netus velit tempor sollicitudin. Class augue porta aptent magna placerat sit risus platea habitant. Massa netus sit cras risus libero lacus sociosqu tincidunt a ridiculus morbi. Vitae justo tempor montes mus blandit ve mus imperdiet senectus eu. Magna felis pede ac nisl ullamcorper blandit consectetuer tellus mi cum. Nulla augue commodo eu augue libero metus vivamus potenti nunc parturient magnis odio ligula mi fames nec diam in congue. Porta lacus dui lectus iaculis gravida dictumst netus. Augue massa varius consectetuer. Lorem dolor vitae magna potenti quisque nisi imperdiet sociosqu suscipit.",
    "_atrefs": {},
    "_layout": "link_redirect_view",
    "_workflow_history": {
        "simple_publication_workflow": [
            {
                "action": null,
                "review_state": "private",
                "actor": "admin",
                "comments": "",
                "time": "2018/10/26 17:58:21.257608 GMT-4"
            },
            {
                "action": "publish",
                "review_state": "published",
                "actor": "admin",
                "comments": "",
                "time": "2018/10/26 17:58:21.294112 GMT-4"
            }
        ]
    },
    "_content_type_rights": "text/plain",
    "_directly_provided": [],
    "_content_type_remoteUrl": "text/plain",
    "_classname": "ATLink",
    "_userdefined_roles": [],
    "_content_type": "text/plain",
    "_id": "class-felis-tortor-nisi-scelerisque-gravida-dolor-est-lobortis-penatibus-ac-magna-consectetuer.",
    "remoteUrl": "Augue%20netus.",
    "effectiveDate": "None",
    "language": "en",
    "rights": "Metus fames urna ve consectetuer urna ipsum ullamcorper ultrices porttitor a nec consequat tempor. Ipsum curae. Purus nulla cras lacinia risus. Lacus proin ultrices at duis risus lectus diam quam viverra nisi. Proin neque non eget elit penatibus id. Neque netus. Felis neque sodales non in dignissim dolor. Augue ipsum cubilia cum primis dolor aliquet mus potenti a. Neque netus sed. Netus purus eni nec leo fringilla vel. Fusce neque sociosqu. Dolor morbi senectus purus rhoncus cras nisl cursus litora. Curae augue pede nec pede. Vitae morbi class eni. Metus morbi varius consectetuer imperdiet mollis suscipit etiam aptent.",
    "_content_type_description": "text/plain",
    "_owner": "admin",
    "_content_type_location": "text/plain",
    "_permissions": {
        "Modify portal content": {
            "acquire": false,
            "roles": [
                "Editor",
                "Manager",
                "Owner",
                "Site Administrator"
            ]
        },
        "Access contents information": {
            "acquire": false,
            "roles": [
                "Anonymous"
            ]
        },
        "View": {
            "acquire": false,
            "roles": [
                "Anonymous"
            ]
        }
    },
    "_properties": [
        [
            "title",
            "Class felis tortor nisi scelerisque gravida dolor est lobortis penatibus ac magna consectetuer.",
            "string"
        ]
    ],
    "allowDiscussion": false,
    "_gopip": 51,
    "creators": [
        "admin"
    ],
    "_path": "/Plone/about/lacus-purus-sit-augue-facilisis-ultricies-pede./purus-class-nisl-arcu-convallis-porta-mi-fusce-id./class-felis-tortor-nisi-scelerisque-gravida-dolor-est-lobortis-penatibus-ac-magna-consectetuer."
}