{
    "contributors": [],
    "creation_date": "2018/10/26 17:58:22.273672 GMT-4",
    "_uid": "b917fd3c111140efb01b0de00c5c0eca",
    "expirationDate": "None",
    "_content_type_id": "text/plain",
    "id": "porta-risus-aenean-odio.",
    "subject": [],
    "modification_date": "2018/10/26 17:58:22.317228 GMT-4",
    "title": "Porta risus aenean odio.",
    "_ac_local_roles": {
        "admin": [
            "Owner"
        ]
    },
    "_content_type_language": "text/plain",
    "_defaultpage": "",
    "location": "Fusce morbi.",
    "_content_type_title": "text/plain",
    "excludeFromNav": false,
    "_atbrefs": {},
    "_type": "Link",
    "description": "Neque netus ornare ac. Justo nulla varius tortor lorem aliquet nec at blandit ve vulputate. Lacus nulla cras arcu proin maecenas. Vitae morbi sociosqu malesuada diam ullamcorper at ligula suscipit proin varius dictum mus. Metus proin nascetur mi cum ullamcorper lacinia. Dolor neque a blandit congue. Porta netus placerat nec vivamus taciti class adipiscing orci nulla. Porta felis tempor aenean penatibus ipsum a euismod nostra nibh.",
    "_atrefs": {},
    "_layout": "link_redirect_view",
    "_workflow_history": {
        "simple_publication_workflow": [
            {
                "action": null,
                "review_state": "private",
                "actor": "admin",
                "comments": "",
                "time": "2018/10/26 17:58:22.277943 GMT-4"
            },
            {
                "action": "publish",
                "review_state": "published",
                "actor": "admin",
                "comments": "",
                "time": "2018/10/26 17:58:22.313640 GMT-4"
            }
        ]
    },
    "_content_type_rights": "text/plain",
    "_directly_provided": [],
    "_content_type_remoteUrl": "text/plain",
    "_classname": "ATLink",
    "_userdefined_roles": [],
    "_content_type": "text/plain",
    "_id": "porta-risus-aenean-odio.",
    "remoteUrl": "Metus%20purus.",
    "effectiveDate": "None",
    "language": "en",
    "rights": "Etiam purus blandit cum pede curae aenean ultrices hymenaeos eu congue at phasellus erat. Felis massa litora phasellus dolor senectus adipiscing. Netus etiam per cras cubilia in. Justo lorem potenti mollis ac sociis at. Vitae felis metus nostra. Donec class quam in proin dictum. Dolor justo. Lacus morbi. Vitae netus integer egestas vulputate urna. Felis neque mus elit curabitur. Fusce magna quis volutpat lacinia commodo amet inceptos laoreet pretium. Class fames mauris amet tellus primis tincidunt eleifend aenean aptent dolor parturient suspendisse. Netus donec. Netus curae pede consequat dictumst nullam aenean commodo. Lorem augue fusce felis nisl. Proin class sem facilisi. Augue neque aliquet habitasse amet metus vulputate fusce eros. Donec etiam libero scelerisque nulla litora dolor blandit fermentum. Netus porta eget platea venenatis.",
    "_content_type_description": "text/plain",
    "_owner": "admin",
    "_content_type_location": "text/plain",
    "_permissions": {
        "Modify portal content": {
            "acquire": false,
            "roles": [
                "Editor",
                "Manager",
                "Owner",
                "Site Administrator"
            ]
        },
        "Access contents information": {
            "acquire": false,
            "roles": [
                "Anonymous"
            ]
        },
        "View": {
            "acquire": false,
            "roles": [
                "Anonymous"
            ]
        }
    },
    "_properties": [
        [
            "title",
            "Porta risus aenean odio.",
            "string"
        ]
    ],
    "allowDiscussion": false,
    "_gopip": 57,
    "creators": [
        "admin"
    ],
    "_path": "/Plone/about/lacus-purus-sit-augue-facilisis-ultricies-pede./purus-class-nisl-arcu-convallis-porta-mi-fusce-id./porta-risus-aenean-odio."
}