{
    "contributors": [],
    "_content_type_text": "text/html",
    "text": "<h1>Sequitur disserendi ratio cognitioque naturae;</h1>\n\n<p>Lorem ipsum dolor sit amet, consectetur adipiscing elit. Que Manilium, ab iisque M. Urgent tamen et nihil remittunt. Aliter enim nosmet ipsos nosse non possumus. Non est igitur voluptas bonum. Duo Reges: constructio interrete. Restatis igitur vos; </p>\n\n<dl>\n\t<dt><dfn>Haec dicuntur inconstantissime.</dfn></dt>\n\t<dd>Tu enim ista lenius, hic Stoicorum more nos vexat.</dd>\n\t<dt><dfn>Recte dicis;</dfn></dt>\n\t<dd>Nihil enim iam habes, quod ad corpus referas;</dd>\n\t<dt><dfn>Facete M.</dfn></dt>\n\t<dd>Partim cursu et peragratione laetantur, congregatione aliae coetum quodam modo civitatis imitantur;</dd>\n\t<dt><dfn>Recte dicis;</dfn></dt>\n\t<dd>Itaque quantum adiit periculum! ad honestatem enim illum omnem conatum suum referebat, non ad voluptatem.</dd>\n\t<dt><dfn>Qui convenit?</dfn></dt>\n\t<dd>Nemo nostrum istius generis asotos iucunde putat vivere.</dd>\n\t<dt><dfn>Non igitur bene.</dfn></dt>\n\t<dd>Quae qui non vident, nihil umquam magnum ac cognitione dignum amaverunt.</dd>\n</dl>\n\n\n<h3>Atque his de rebus et splendida est eorum et illustris oratio.</h3>\n\n<p><a href='http://loripsum.net/' target='_blank'>Sit sane ista voluptas.</a> Summum en\u00edm bonum exposuit vacuitatem doloris; Vide, quantum, inquam, fallare, Torquate. Nihil enim iam habes, quod ad corpus referas; Sed hoc sane concedamus. Quis hoc dicit? </p>\n\n<ol>\n\t<li>Age, inquies, ista parva sunt.</li>\n\t<li>Scio enim esse quosdam, qui quavis lingua philosophari possint;</li>\n</ol>\n\n\n<h2>Sed plane dicit quod intellegit.</h2>\n\n<p>Tenent mordicus. Nam ante Aristippus, et ille melius. Qui ita affectus, beatum esse numquam probabis; Invidiosum nomen est, infame, suspectum. Torquatus, is qui consul cum Cn. </p>\n\n<ul>\n\t<li>Immo istud quidem, inquam, quo loco quidque, nisi iniquum postulo, arbitratu meo.</li>\n\t<li>Sed non alienum est, quo facilius vis verbi intellegatur, rationem huius verbi faciendi Zenonis exponere.</li>\n\t<li>Nam si propter voluptatem, quae est ista laus, quae possit e macello peti?</li>\n\t<li>Quare hoc videndum est, possitne nobis hoc ratio philosophorum dare.</li>\n</ul>\n\n\n",
    "creation_date": "2018/10/26 17:58:23.727632 GMT-4",
    "imageCaption": "Etiam ipsum aliquam sociis fringilla sagittis ut.",
    "expirationDate": "None",
    "_content_type_id": "text/plain",
    "id": "etiam-vitae-mauris-feugiat-lacinia-taciti-ante-id-habitant-lacinia-sollicitudin.",
    "subject": [],
    "modification_date": "2018/10/26 17:58:24.063235 GMT-4",
    "title": "Etiam vitae mauris feugiat lacinia taciti ante id habitant lacinia sollicitudin.",
    "_ac_local_roles": {
        "admin": [
            "Owner"
        ]
    },
    "_content_type_language": "text/plain",
    "_defaultpage": "",
    "location": "Fusce porta dictum luctus orci tellus mi dui ad dapibus.",
    "_content_type_title": "text/plain",
    "excludeFromNav": true,
    "_atbrefs": {},
    "_content_type_imageCaption": "text/plain",
    "_type": "News Item",
    "description": "Vitae class dictumst in nec. Felis lacus ullamcorper torquent eros nisl feugiat. Class lacus cursus pellentesque vulputate tempor. Fames morbi ipsum netus fusce tempor tellus netus enim litora sapien risus iaculis facilisi magna mi. Netus massa varius magna nulla nullam quam dui eros erat conubia. Ipsum curae erat non at sollicitudin gravida venenatis diam egestas eu. Massa magna tortor id ligula bibendum faucibus. Massa ipsum sed odio ad dignissim. Massa porta tempor vestibulum. Justo risus iaculis ve congue vitae vestibulum torquent feugiat vivamus.",
    "_atrefs": {},
    "_layout": "newsitem_view",
    "_workflow_history": {
        "simple_publication_workflow": [
            {
                "action": null,
                "review_state": "private",
                "actor": "admin",
                "comments": "",
                "time": "2018/10/26 17:58:23.731358 GMT-4"
            },
            {
                "action": "publish",
                "review_state": "published",
                "actor": "admin",
                "comments": "",
                "time": "2018/10/26 17:58:24.058585 GMT-4"
            }
        ]
    },
    "_content_type_rights": "text/plain",
    "_directly_provided": [],
    "_classname": "ATNewsItem",
    "_userdefined_roles": [],
    "_content_type": "text/html",
    "_id": "etiam-vitae-mauris-feugiat-lacinia-taciti-ante-id-habitant-lacinia-sollicitudin.",
    "effectiveDate": "None",
    "language": "en",
    "rights": "Fames felis. Donec metus. Metus morbi donec lobortis parturient turpis odio elit dui enim. Lorem metus hendrerit arcu suspendisse hac urna sem pede. Donec porta primis tempus malesuada. Nulla morbi nullam mi nisi integer laoreet fringilla sem massa litora. Neque porta dis adipiscing at turpis. Massa magna pede bibendum sollicitudin tortor mauris ipsum adipiscing. Curae etiam quam id velit. Risus class a commodo aenean. Fusce metus eni nunc fusce ad nisl risus. Lorem fusce nullam est rhoncus pharetra id dolor accumsan sed nisl amet neque. Proin risus donec lectus venenatis adipiscing nam curae leo nisi nostra nullam dui inceptos.",
    "_content_type_description": "text/plain",
    "_uid": "9675e65b4568473894c4b9674d7b532f",
    "_owner": "admin",
    "_content_type_location": "text/plain",
    "_permissions": {
        "Modify portal content": {
            "acquire": false,
            "roles": [
                "Editor",
                "Manager",
                "Owner",
                "Site Administrator"
            ]
        },
        "Access contents information": {
            "acquire": false,
            "roles": [
                "Anonymous"
            ]
        },
        "View": {
            "acquire": false,
            "roles": [
                "Anonymous"
            ]
        }
    },
    "_properties": [
        [
            "title",
            "Etiam vitae mauris feugiat lacinia taciti ante id habitant lacinia sollicitudin.",
            "string"
        ]
    ],
    "allowDiscussion": false,
    "_gopip": 62,
    "creators": [
        "admin"
    ],
    "_path": "/Plone/about/lacus-purus-sit-augue-facilisis-ultricies-pede./purus-class-nisl-arcu-convallis-porta-mi-fusce-id./etiam-vitae-mauris-feugiat-lacinia-taciti-ante-id-habitant-lacinia-sollicitudin."
}