{
    "contributors": [],
    "_content_type_text": "text/html",
    "text": "<h1>Age, inquies, ista parva sunt.</h1>\n\n<p>Lorem ipsum dolor sit amet, consectetur adipiscing elit. Hanc quoque iucunditatem, si vis, transfer in animum; Negare non possum. Equidem e Cn. Sed residamus, inquit, si placet. Duo Reges: constructio interrete. Nunc de hominis summo bono quaeritur; Ac tamen hic mallet non dolere. </p>\n\n<h2>Mihi quidem Antiochum, quem audis, satis belle videris attendere.</h2>\n\n<p>Isto modo ne improbos quidem, si essent boni viri. Estne, quaeso, inquam, sitienti in bibendo voluptas? <a href='http://loripsum.net/' target='_blank'>Quod cum dixissent, ille contra.</a> <a href='http://loripsum.net/' target='_blank'>Non quam nostram quidem, inquit Pomponius iocans;</a> Quodsi ipsam honestatem undique pertectam atque absolutam. </p>\n\n<ol>\n\t<li>Nam quibus rebus efficiuntur voluptates, eae non sunt in potestate sapientis.</li>\n\t<li>Idem etiam dolorem saepe perpetiuntur, ne, si id non faciant, incidant in maiorem.</li>\n\t<li>Quarum ambarum rerum cum medicinam pollicetur, luxuriae licentiam pollicetur.</li>\n\t<li>An, partus ancillae sitne in fructu habendus, disseretur inter principes civitatis, P.</li>\n</ol>\n\n\n<dl>\n\t<dt><dfn>Quo modo?</dfn></dt>\n\t<dd>Certe nihil nisi quod possit ipsum propter se iure laudari.</dd>\n\t<dt><dfn>Immo alio genere;</dfn></dt>\n\t<dd>Hoc est non dividere, sed frangere.</dd>\n\t<dt><dfn>ALIO MODO.</dfn></dt>\n\t<dd>Sed quanta sit alias, nunc tantum possitne esse tanta.</dd>\n\t<dt><dfn>Pollicetur certe.</dfn></dt>\n\t<dd>Etsi ea quidem, quae adhuc dixisti, quamvis ad aetatem recte isto modo dicerentur.</dd>\n\t<dt><dfn>Haec dicuntur inconstantissime.</dfn></dt>\n\t<dd>Sic, et quidem diligentius saepiusque ista loquemur inter nos agemusque communiter.</dd>\n</dl>\n\n\n<ul>\n\t<li>Uterque enim summo bono fruitur, id est voluptate.</li>\n\t<li>Ut aliquid scire se gaudeant?</li>\n\t<li>Aliter enim explicari, quod quaeritur, non potest.</li>\n</ul>\n\n\n<p>Easdemne res? Occultum facinus esse potuerit, gaudebit; Ut pulsi recurrant? Dici enim nihil potest verius. </p>\n\n",
    "creation_date": "2018/10/26 17:58:26.308290 GMT-4",
    "imageCaption": "Fusce purus sapien augue ut proin.",
    "expirationDate": "None",
    "_content_type_id": "text/plain",
    "id": "fusce-risus-posuere-erat-et-amet-mus-fusce-venenatis-nascetur-curae-eu-phasellus.",
    "subject": [],
    "modification_date": "2018/10/26 17:58:26.642121 GMT-4",
    "title": "Fusce risus posuere erat et amet mus fusce venenatis nascetur curae eu phasellus.",
    "_ac_local_roles": {
        "admin": [
            "Owner"
        ]
    },
    "_content_type_language": "text/plain",
    "_defaultpage": "",
    "location": "Felis risus egestas vel vestibulum parturient ac.",
    "_content_type_title": "text/plain",
    "excludeFromNav": false,
    "_atbrefs": {},
    "_content_type_imageCaption": "text/plain",
    "_type": "News Item",
    "description": "Donec dolor curae libero lectus maecenas pharetra congue montes proin justo quis neque turpis ut egestas quis interdum. Class fusce magna odio ridiculus ligula a iaculis rutrum ve mauris mus egestas. Massa nulla mauris hymenaeos placerat taciti mollis nunc mi sollicitudin ornare class hac ipsum. Lorem fames ullamcorper eu auctor dui adipiscing. Justo augue a duis netus porttitor faucibus massa elit fringilla mus. Vitae lacus tempus velit nonummy eleifend nulla augue. Proin purus. Netus neque ornare class nonummy non.",
    "_atrefs": {},
    "_layout": "newsitem_view",
    "_workflow_history": {
        "simple_publication_workflow": [
            {
                "action": null,
                "review_state": "private",
                "actor": "admin",
                "comments": "",
                "time": "2018/10/26 17:58:26.312504 GMT-4"
            },
            {
                "action": "publish",
                "review_state": "published",
                "actor": "admin",
                "comments": "",
                "time": "2018/10/26 17:58:26.638093 GMT-4"
            }
        ]
    },
    "_content_type_rights": "text/plain",
    "_directly_provided": [],
    "_classname": "ATNewsItem",
    "_userdefined_roles": [],
    "_content_type": "text/html",
    "_id": "fusce-risus-posuere-erat-et-amet-mus-fusce-venenatis-nascetur-curae-eu-phasellus.",
    "effectiveDate": "None",
    "language": "en",
    "rights": "Porta magna mollis magna nonummy neque adipiscing ullamcorper mattis. Etiam proin arcu phasellus tellus tempus. Nulla neque quisque. Curae felis mus metus facilisis justo class. Porta risus quam eros consequat consectetuer adipiscing orci auctor commodo blandit mauris etiam feugiat at. Netus donec duis a justo. Curae lorem. Porta purus euismod curae nec fames. Massa ipsum. Neque magna scelerisque.",
    "_content_type_description": "text/plain",
    "_uid": "49694575dd7e477db7b33e7b83c2aed0",
    "_owner": "admin",
    "_content_type_location": "text/plain",
    "_permissions": {
        "Modify portal content": {
            "acquire": false,
            "roles": [
                "Editor",
                "Manager",
                "Owner",
                "Site Administrator"
            ]
        },
        "Access contents information": {
            "acquire": false,
            "roles": [
                "Anonymous"
            ]
        },
        "View": {
            "acquire": false,
            "roles": [
                "Anonymous"
            ]
        }
    },
    "_properties": [
        [
            "title",
            "Fusce risus posuere erat et amet mus fusce venenatis nascetur curae eu phasellus.",
            "string"
        ]
    ],
    "allowDiscussion": false,
    "_gopip": 67,
    "creators": [
        "admin"
    ],
    "_path": "/Plone/about/lacus-purus-sit-augue-facilisis-ultricies-pede./purus-class-nisl-arcu-convallis-porta-mi-fusce-id./fusce-risus-posuere-erat-et-amet-mus-fusce-venenatis-nascetur-curae-eu-phasellus."
}