{
    "tableContents": false,
    "_content_type_text": "text/html",
    "text": "<h1>Rapior illuc, revocat autem Antiochus, nec est praeterea, quem audiamus.</h1>\n\n<p>Lorem ipsum dolor sit amet, consectetur adipiscing elit. Sed quae tandem ista ratio est? Primum in nostrane potestate est, quid meminerimus? Cur tantas regiones barbarorum pedibus obiit, tot maria transmisit? Omnia contraria, quos etiam insanos esse vultis. </p>\n\n<p>Sedulo, inquam, faciam. Illa tamen simplicia, vestra versuta. Easdemne res? Ut aliquid scire se gaudeant? Peccata paria. Apparet statim, quae sint officia, quae actiones. </p>\n\n<ul>\n\t<li>Magni enim aestimabat pecuniam non modo non contra leges, sed etiam legibus partam.</li>\n\t<li>Praetereo multos, in bis doctum hominem et suavem, Hieronymum, quem iam cur Peripateticum appellem nescio.</li>\n\t<li>Atque ab his initiis profecti omnium virtutum et originem et progressionem persecuti sunt.</li>\n\t<li>Est igitur officium eius generis, quod nec in bonis ponatur nec in contrariis.</li>\n</ul>\n\n\n<ol>\n\t<li>Quid enim ab antiquis ex eo genere, quod ad disserendum valet, praetermissum est?</li>\n\t<li>Quando enim Socrates, qui parens philosophiae iure dici potest, quicquam tale fecit?</li>\n\t<li>Multa sunt dicta ab antiquis de contemnendis ac despiciendis rebus humanis;</li>\n\t<li>Sed in rebus apertissimis nimium longi sumus.</li>\n</ol>\n\n\n<dl>\n\t<dt><dfn>Peccata paria.</dfn></dt>\n\t<dd>Tibi hoc incredibile, quod beatissimum.</dd>\n\t<dt><dfn>Eademne, quae restincta siti?</dfn></dt>\n\t<dd>Roges enim Aristonem, bonane ei videantur haec: vacuitas doloris, divitiae, valitudo;</dd>\n\t<dt><dfn>Quid ergo?</dfn></dt>\n\t<dd>Piso, familiaris noster, et alia multa et hoc loco Stoicos irridebat: Quid enim?</dd>\n</dl>\n\n\n<p>Sed haec in pueris; Duo Reges: constructio interrete. Quid ergo hoc loco intellegit honestum? Praeteritis, inquit, gaudeo. Ecce aliud simile dissimile. Nihil sane. </p>\n\n",
    "creation_date": "2018/10/26 17:58:28.691827 GMT-4",
    "_uid": "f62a8ca3867043179884759fdd96e67f",
    "expirationDate": "None",
    "_content_type_id": "text/plain",
    "query": [],
    "_atbrefs": {},
    "id": "porta-ipsum-sociis-vulputate-et.",
    "subject": [],
    "_content_type_sort_on": "text/plain",
    "contributors": [],
    "effectiveDate": "None",
    "title": "Porta ipsum sociis vulputate et.",
    "_ac_local_roles": {
        "admin": [
            "Owner"
        ]
    },
    "sort_on": "Fames donec morbi tempor tellus nulla quam eu magna sollicitudin fringilla.",
    "_content_type_language": "text/plain",
    "_defaultpage": "",
    "location": "Donec class purus.",
    "_content_type_title": "text/plain",
    "excludeFromNav": false,
    "presentation": true,
    "_type": "Collection",
    "description": "Lacus dolor praesent porttitor ac malesuada lacinia. Massa fusce magna mattis sodales quisque eget a erat mi sagittis nisi congue nisi. Augue curae lacus a mattis nisl mus magnis rhoncus. Vitae purus a nibh morbi quisque aliquam. Proin curae donec magna senectus mi mattis porttitor nulla. Augue class tempus ornare diam in dictumst aliquet mattis. Massa risus vehicula fames magna libero natoque. Vitae ipsum sociis sollicitudin aliquet etiam dolor ipsum leo nunc parturient magnis netus vestibulum ve amet tristique maecenas. Donec metus etiam scelerisque eu aptent eu interdum.",
    "_atrefs": {},
    "_layout": "standard_view",
    "_workflow_history": {
        "simple_publication_workflow": [
            {
                "action": null,
                "review_state": "private",
                "actor": "admin",
                "comments": "",
                "time": "2018/10/26 17:58:28.697709 GMT-4"
            },
            {
                "action": "publish",
                "review_state": "published",
                "actor": "admin",
                "comments": "",
                "time": "2018/10/26 17:58:29.308323 GMT-4"
            }
        ]
    },
    "_content_type_rights": "text/plain",
    "_directly_provided": [],
    "_classname": "Collection",
    "sort_reversed": true,
    "banner": "<h1>Tollenda est atque extrahenda radicitus.</h1>\n\n<p>Lorem ipsum dolor sit amet, consectetur adipiscing elit. Etenim semper illud extra est, quod arte comprehenditur. <a href='http://loripsum.net/' target='_blank'>Bonum incolumis acies: misera caecitas.</a> Scisse enim te quis coarguere possit? Duo Reges: constructio interrete. At, si voluptas esset bonum, desideraret. <a href='http://loripsum.net/' target='_blank'>Apud ceteros autem philosophos, qui quaesivit aliquid, tacet;</a> Quae contraria sunt his, malane? Ergo illi intellegunt quid Epicurus dicat, ego non intellego? </p>\n\n<p>Quae contraria sunt his, malane? Qui est in parvis malis. <a href='http://loripsum.net/' target='_blank'>Aufert enim sensus actionemque tollit omnem.</a> Quae diligentissime contra Aristonem dicuntur a Chryippo. </p>\n\n<ol>\n\t<li>Nulla erit controversia.</li>\n\t<li>At quicum ioca seria, ut dicitur, quicum arcana, quicum occulta omnia?</li>\n\t<li>Tecum optime, deinde etiam cum mediocri amico.</li>\n</ol>\n\n\n<ul>\n\t<li>Quia dolori non voluptas contraria est, sed doloris privatio.</li>\n\t<li>Quae rursus dum sibi evelli ex ordine nolunt, horridiores evadunt, asperiores, duriores et oratione et moribus.</li>\n\t<li>Atqui iste locus est, Piso, tibi etiam atque etiam confirmandus, inquam;</li>\n\t<li>Sed tamen omne, quod de re bona dilucide dicitur, mihi praeclare dici videtur.</li>\n\t<li>Audeo dicere, inquit.</li>\n</ul>\n\n\n<p>Scrupulum, inquam, abeunti; Quo studio Aristophanem putamus aetatem in litteris duxisse? Quid, de quo nulla dissensio est? <a href='http://loripsum.net/' target='_blank'>Itaque hic ipse iam pridem est reiectus;</a> Quid est, quod ab ea absolvi et perfici debeat? <a href='http://loripsum.net/' target='_blank'>De illis, cum volemus.</a> Obsecro, inquit, Torquate, haec dicit Epicurus? </p>\n\n<dl>\n\t<dt><dfn>Quo modo?</dfn></dt>\n\t<dd>Itaque si aut requietem natura non quaereret aut eam posset alia quadam ratione consequi.</dd>\n\t<dt><dfn>Quid enim?</dfn></dt>\n\t<dd>Satisne ergo pudori consulat, si quis sine teste libidini pareat?</dd>\n\t<dt><dfn>Quid de Pythagora?</dfn></dt>\n\t<dd>Nunc haec primum fortasse audientis servire debemus.</dd>\n</dl>\n\n\n",
    "_userdefined_roles": [],
    "modification_date": "2018/10/26 17:58:29.313266 GMT-4",
    "_content_type": "text/html",
    "_id": "porta-ipsum-sociis-vulputate-et.",
    "language": "en",
    "_content_type_banner": "text/html",
    "rights": "Felis curae dis odio eu sem libero lacinia semper. Neque fames pede lacinia ad mus ullamcorper cubilia sed. Metus class facilisi. Augue purus. Justo porta sed quis nascetur. Magna lacus velit cursus scelerisque fames curabitur sapien convallis adipiscing. Curae nulla. Etiam justo fringilla habitasse felis id taciti at. Fusce augue risus ultrices nisi eleifend dui diam sed mauris taciti class eleifend vestibulum. Etiam morbi sed nostra iaculis cubilia blandit malesuada lectus. Neque lorem a congue nunc fermentum eni. Lorem massa. Risus magna dapibus leo in. Porta curae urna duis turpis nibh et quam volutpat enim placerat morbi ve mattis est. Dolor porta tempus scelerisque augue ridiculus iaculis orci. Curae neque netus nisl curae sodales potenti aenean ante leo netus parturient suscipit conubia phasellus. Curae morbi maecenas curae fermentum sem risus class.",
    "b_size": 30,
    "customViewFields": [
        "Title",
        "Creator",
        "Type",
        "ModificationDate"
    ],
    "_content_type_description": "text/plain",
    "_owner": "admin",
    "_content_type_location": "text/plain",
    "limit": 1000,
    "_permissions": {
        "Change portal events": {
            "acquire": false,
            "roles": [
                "Editor",
                "Manager",
                "Owner",
                "Site Administrator"
            ]
        },
        "Modify portal content": {
            "acquire": false,
            "roles": [
                "Editor",
                "Manager",
                "Owner",
                "Site Administrator"
            ]
        },
        "Access contents information": {
            "acquire": false,
            "roles": [
                "Anonymous"
            ]
        },
        "View": {
            "acquire": false,
            "roles": [
                "Anonymous"
            ]
        }
    },
    "_properties": [
        [
            "title",
            "Porta ipsum sociis vulputate et.",
            "string"
        ]
    ],
    "allowDiscussion": false,
    "_gopip": 71,
    "creators": [
        "admin"
    ],
    "_path": "/Plone/about/lacus-purus-sit-augue-facilisis-ultricies-pede./purus-class-nisl-arcu-convallis-porta-mi-fusce-id./porta-ipsum-sociis-vulputate-et."
}