{
    "tableContents": false,
    "_content_type_text": "text/html",
    "text": "<h1>Conferam tecum, quam cuique verso rem subicias;</h1>\n\n<p>Lorem ipsum dolor sit amet, consectetur adipiscing elit. Quae contraria sunt his, malane? Quis hoc dicit? Tanta vis admonitionis inest in locis; </p>\n\n<h2>Ergo illi intellegunt quid Epicurus dicat, ego non intellego?</h2>\n\n<p>Nulla erit controversia. Si longus, levis dictata sunt. An nisi populari fama? <a href='http://loripsum.net/' target='_blank'>An eiusdem modi?</a> Teneo, inquit, finem illi videri nihil dolere. Quid ergo hoc loco intellegit honestum? Quid de Platone aut de Democrito loquar? </p>\n\n<dl>\n\t<dt><dfn>Facete M.</dfn></dt>\n\t<dd>Age nunc isti doceant, vel tu potius quis enim ista melius?</dd>\n\t<dt><dfn>A mene tu?</dfn></dt>\n\t<dd>Graecis hoc modicum est: Leonidas, Epaminondas, tres aliqui aut quattuor;</dd>\n\t<dt><dfn>Quonam, inquit, modo?</dfn></dt>\n\t<dd>Ita ceterorum sententiis semotis relinquitur non mihi cum Torquato, sed virtuti cum voluptate certatio.</dd>\n\t<dt><dfn>Venit ad extremum;</dfn></dt>\n\t<dd>Atque ab his initiis profecti omnium virtutum et originem et progressionem persecuti sunt.</dd>\n\t<dt><dfn>Tenent mordicus.</dfn></dt>\n\t<dd>Profectus in exilium Tubulus statim nec respondere ausus;</dd>\n</dl>\n\n\n<ol>\n\t<li>Hoc est dicere: Non reprehenderem asotos, si non essent asoti.</li>\n\t<li>Consequentia exquirere, quoad sit id, quod volumus, effectum.</li>\n\t<li>Inscite autem medicinae et gubernationis ultimum cum ultimo sapientiae comparatur.</li>\n\t<li>Causa autem fuit huc veniendi ut quosdam hinc libros promerem.</li>\n\t<li>Quarum ambarum rerum cum medicinam pollicetur, luxuriae licentiam pollicetur.</li>\n</ol>\n\n\n<p>Sic enim censent, oportunitatis esse beate vivere. Fortemne possumus dicere eundem illum Torquatum? <a href='http://loripsum.net/' target='_blank'>Duo Reges: constructio interrete.</a> Sed quot homines, tot sententiae; </p>\n\n<ul>\n\t<li>Quarum ambarum rerum cum medicinam pollicetur, luxuriae licentiam pollicetur.</li>\n\t<li>Et harum quidem rerum facilis est et expedita distinctio.</li>\n\t<li>Tu enim ista lenius, hic Stoicorum more nos vexat.</li>\n\t<li>Tertium autem omnibus aut maximis rebus iis, quae secundum naturam sint, fruentem vivere.</li>\n\t<li>Sed vos squalidius, illorum vides quam niteat oratio.</li>\n</ul>\n\n\n",
    "creation_date": "2018/10/26 17:58:29.502796 GMT-4",
    "_uid": "8b393a60767c47b88754615c16d078d5",
    "expirationDate": "None",
    "_content_type_id": "text/plain",
    "query": [],
    "_atbrefs": {},
    "id": "velit-metus-magnis-nonummy-nunc-augue.",
    "subject": [],
    "_content_type_sort_on": "text/plain",
    "contributors": [],
    "effectiveDate": "None",
    "title": "Velit metus magnis nonummy nunc augue.",
    "_ac_local_roles": {
        "admin": [
            "Owner"
        ]
    },
    "sort_on": "Massa justo.",
    "_content_type_language": "text/plain",
    "_defaultpage": "",
    "location": "Fames risus integer vivamus praesent litora eros.",
    "_content_type_title": "text/plain",
    "excludeFromNav": false,
    "presentation": false,
    "_type": "Collection",
    "description": "Velit justo dictumst arcu laoreet a litora elementum vehicula. Magna class turpis cursus venenatis ipsum at proin justo commodo leo auctor commodo nibh cubilia. Neque dolor montes aenean consequat. Neque velit non porta. Curae fames tempor ullamcorper neque mauris metus parturient ve eleifend senectus magna a rutrum nisi ve velit nascetur. Purus felis nisl dui consectetuer tempus velit orci nonummy. Fames velit urna nulla sociosqu hac mi dolor bibendum pede aliquam. Nulla vitae lobortis metus id libero fames adipiscing pharetra. Fusce massa auctor adipiscing sollicitudin gravida. Dolor vitae aliquam pede nisl fringilla cras facilisis dis fringilla fames dolor. Massa felis suscipit parturient congue dui iaculis ve venenatis. Porta fusce porttitor sociis torquent cras posuere id in aenean sagittis. Felis metus. Ipsum purus platea condimentum morbi porttitor feugiat urna parturient. Justo netus nunc cras potenti in enim lacinia.",
    "_atrefs": {},
    "_layout": "standard_view",
    "_workflow_history": {
        "simple_publication_workflow": [
            {
                "action": null,
                "review_state": "private",
                "actor": "admin",
                "comments": "",
                "time": "2018/10/26 17:58:29.507269 GMT-4"
            },
            {
                "action": "publish",
                "review_state": "published",
                "actor": "admin",
                "comments": "",
                "time": "2018/10/26 17:58:30.117973 GMT-4"
            }
        ]
    },
    "_content_type_rights": "text/plain",
    "_directly_provided": [],
    "_classname": "Collection",
    "sort_reversed": false,
    "banner": "<h1>Mihi enim satis est, ipsis non satis.</h1>\n\n<p>Lorem ipsum dolor sit amet, consectetur adipiscing elit. Nihil ad rem! Ne sit sane; Itaque hic ipse iam pridem est reiectus; Nihil sane. Minime vero, inquit ille, consentit. </p>\n\n<p>Dat enim intervalla et relaxat. Duo Reges: constructio interrete. Quid adiuvas? <a href='http://loripsum.net/' target='_blank'>Estne, quaeso, inquam, sitienti in bibendo voluptas?</a> Idemne, quod iucunde? Idem adhuc; </p>\n\n<ol>\n\t<li>Eadem nunc mea adversum te oratio est.</li>\n\t<li>Sine ea igitur iucunde negat posse se vivere?</li>\n</ol>\n\n\n<p><a href='http://loripsum.net/' target='_blank'>Quid ergo?</a> Aliter enim explicari, quod quaeritur, non potest. </p>\n\n<ul>\n\t<li>In voluptate corporis-addam, si vis, animi, dum ea ipsa, ut vultis, sit e corpore-situm est vivere beate.</li>\n\t<li>Illa argumenta propria videamus, cur omnia sint paria peccata.</li>\n\t<li>Et ille ridens: Video, inquit, quid agas;</li>\n\t<li>Sed tu istuc dixti bene Latine, parum plane.</li>\n\t<li>Eam tum adesse, cum dolor omnis absit;</li>\n</ul>\n\n\n<dl>\n\t<dt><dfn>Facete M.</dfn></dt>\n\t<dd>Sunt etiam turpitudines plurimae, quae, nisi honestas natura plurimum valeat, cur non cadant in sapientem non est facile defendere.</dd>\n\t<dt><dfn>Quid adiuvas?</dfn></dt>\n\t<dd>Ego, quam ille praeponendam et magis eligendam, beatiorem hanc appello nec ullo minimo momento plus ei vitae tribuo quam Stoici.</dd>\n\t<dt><dfn>Praeclare hoc quidem.</dfn></dt>\n\t<dd>Sic, et quidem diligentius saepiusque ista loquemur inter nos agemusque communiter.</dd>\n\t<dt><dfn>Facete M.</dfn></dt>\n\t<dd>Et ille ridens: Video, inquit, quid agas;</dd>\n</dl>\n\n\n",
    "_userdefined_roles": [],
    "modification_date": "2018/10/26 17:58:30.122172 GMT-4",
    "_content_type": "text/html",
    "_id": "velit-metus-magnis-nonummy-nunc-augue.",
    "language": "en",
    "_content_type_banner": "text/html",
    "rights": "Dolor curae cubilia odio pede nibh eu dictumst nisl pretium id class porta. Risus augue. Magna metus sociis augue vestibulum suspendisse litora. Netus purus posuere neque quis integer etiam nonummy urna consectetuer pharetra augue ve. Lorem dolor. Metus netus litora lacinia ante nec fusce. Lacus lorem sociis proin sodales potenti ornare proin pretium libero est blandit lectus mi. Fames massa. Metus proin. Dolor fames mauris lobortis erat maecenas pulvinar ve lacus suspendisse volutpat egestas sodales. Class ipsum curae dui facilisis fames. Proin massa purus elit euismod curae felis laoreet malesuada duis suspendisse.",
    "b_size": 30,
    "customViewFields": [
        "Title",
        "Creator",
        "Type",
        "ModificationDate"
    ],
    "_content_type_description": "text/plain",
    "_owner": "admin",
    "_content_type_location": "text/plain",
    "limit": 1000,
    "_permissions": {
        "Change portal events": {
            "acquire": false,
            "roles": [
                "Editor",
                "Manager",
                "Owner",
                "Site Administrator"
            ]
        },
        "Modify portal content": {
            "acquire": false,
            "roles": [
                "Editor",
                "Manager",
                "Owner",
                "Site Administrator"
            ]
        },
        "Access contents information": {
            "acquire": false,
            "roles": [
                "Anonymous"
            ]
        },
        "View": {
            "acquire": false,
            "roles": [
                "Anonymous"
            ]
        }
    },
    "_properties": [
        [
            "title",
            "Velit metus magnis nonummy nunc augue.",
            "string"
        ]
    ],
    "allowDiscussion": false,
    "_gopip": 72,
    "creators": [
        "admin"
    ],
    "_path": "/Plone/about/lacus-purus-sit-augue-facilisis-ultricies-pede./purus-class-nisl-arcu-convallis-porta-mi-fusce-id./velit-metus-magnis-nonummy-nunc-augue."
}