{
    "tableContents": true,
    "_content_type_text": "text/html",
    "text": "<h1>Ut in voluptate sit, qui epuletur, in dolore, qui torqueatur.</h1>\n\n<p>Lorem ipsum dolor sit amet, consectetur adipiscing elit. <a href='http://loripsum.net/' target='_blank'>Duo Reges: constructio interrete.</a> Quod quidem iam fit etiam in Academia. Sint ista Graecorum; Universa enim illorum ratione cum tota vestra confligendum puto. </p>\n\n<dl>\n\t<dt><dfn>Sed haec omittamus;</dfn></dt>\n\t<dd>Atque haec ita iustitiae propria sunt, ut sint virtutum reliquarum communia.</dd>\n\t<dt><dfn>Scaevolam M.</dfn></dt>\n\t<dd>Animi enim quoque dolores percipiet omnibus partibus maiores quam corporis.</dd>\n</dl>\n\n\n<p><a href='http://loripsum.net/' target='_blank'>Tibi hoc incredibile, quod beatissimum.</a> Si quicquam extra virtutem habeatur in bonis. Quis hoc dicit? Quae duo sunt, unum facit. Scrupulum, inquam, abeunti; In schola desinis. </p>\n\n<h2>Eiuro, inquit adridens, iniquum, hac quidem de re;</h2>\n\n<p>Nihil illinc huc pervenit. Hic ambiguo ludimur. Ita credo. Et ille ridens: Video, inquit, quid agas; Quid vero? Videsne, ut haec concinant? </p>\n\n<ul>\n\t<li>In eo autem voluptas omnium Latine loquentium more ponitur, cum percipitur ea, quae sensum aliquem moveat, iucunditas.</li>\n\t<li>Vitae autem degendae ratio maxime quidem illis placuit quieta.</li>\n\t<li>Non dolere, inquam, istud quam vim habeat postea videro;</li>\n</ul>\n\n\n<ol>\n\t<li>Sed venio ad inconstantiae crimen, ne saepius dicas me aberrare;</li>\n\t<li>Audax negotium, dicerem impudens, nisi hoc institutum postea translatum ad philosophos nostros esset.</li>\n\t<li>Qui ita affectus, beatum esse numquam probabis;</li>\n\t<li>Tria genera bonorum;</li>\n\t<li>Cur igitur, inquam, res tam dissimiles eodem nomine appellas?</li>\n</ol>\n\n\n",
    "creation_date": "2018/10/26 17:58:33.736328 GMT-4",
    "_uid": "c46e7403eb974b6d96a4f2064fbc4065",
    "expirationDate": "None",
    "_content_type_id": "text/plain",
    "query": [],
    "_atbrefs": {},
    "id": "neque-netus.",
    "subject": [],
    "_content_type_sort_on": "text/plain",
    "contributors": [],
    "effectiveDate": "None",
    "title": "Neque netus.",
    "_ac_local_roles": {
        "admin": [
            "Owner"
        ]
    },
    "sort_on": "Lacus netus mauris eros blandit imperdiet placerat.",
    "_content_type_language": "text/plain",
    "_defaultpage": "",
    "location": "Metus etiam nisl ut litora habitant mauris taciti nam libero a.",
    "_content_type_title": "text/plain",
    "excludeFromNav": true,
    "presentation": true,
    "_type": "Collection",
    "description": "Donec nulla magnis nullam dolor sapien mi enim donec ad curae consectetuer molestie lorem risus netus. Felis lacus nisl at tempor. Risus metus interdum enim primis porttitor. Neque class montes tortor per rutrum. Vitae lorem lectus id viverra mi ut. Nulla porta aliquet libero est arcu dignissim class ultricies pede sit. Magna etiam. Dolor fusce. Morbi metus torquent quis. Fusce massa luctus ve nisi felis cursus proin porta sed. Purus justo a semper massa. Fames lorem. Metus massa mus nostra iaculis arcu porttitor ve. Augue porta. Metus magna urna hendrerit bibendum montes semper dolor nascetur mi.",
    "_atrefs": {},
    "_layout": "standard_view",
    "_workflow_history": {
        "simple_publication_workflow": [
            {
                "action": null,
                "review_state": "private",
                "actor": "admin",
                "comments": "",
                "time": "2018/10/26 17:58:33.740909 GMT-4"
            },
            {
                "action": "publish",
                "review_state": "published",
                "actor": "admin",
                "comments": "",
                "time": "2018/10/26 17:58:34.342566 GMT-4"
            }
        ]
    },
    "_content_type_rights": "text/plain",
    "_directly_provided": [],
    "_classname": "Collection",
    "sort_reversed": false,
    "banner": "<h1>Nec hoc ille non vidit, sed verborum magnificentia est et gloria delectatus.</h1>\n\n<p>Lorem ipsum dolor sit amet, consectetur adipiscing elit. <a href='http://loripsum.net/' target='_blank'>Quae cum dixisset, finem ille.</a> Mihi enim satis est, ipsis non satis. Sed nimis multa. </p>\n\n<ul>\n\t<li>At quanta conantur! Mundum hunc omnem oppidum esse nostrum! Incendi igitur eos, qui audiunt, vides.</li>\n\t<li>Nemo nostrum istius generis asotos iucunde putat vivere.</li>\n\t<li>Tum Lucius: Mihi vero ista valde probata sunt, quod item fratri puto.</li>\n\t<li>At habetur! Et ego id scilicet nesciebam! Sed ut sit, etiamne post mortem coletur?</li>\n</ul>\n\n\n<p>Iam in altera philosophiae parte. Quae sequuntur igitur? Aperiendum est igitur, quid sit voluptas; </p>\n\n<dl>\n\t<dt><dfn>Avaritiamne minuis?</dfn></dt>\n\t<dd>Quid enim me prohiberet Epicureum esse, si probarem, quae ille diceret?</dd>\n\t<dt><dfn>Confecta res esset.</dfn></dt>\n\t<dd>Ab hoc autem quaedam non melius quam veteres, quaedam omnino relicta.</dd>\n\t<dt><dfn>Quid enim?</dfn></dt>\n\t<dd>Quia dolori non voluptas contraria est, sed doloris privatio.</dd>\n\t<dt><dfn>Non semper, inquam;</dfn></dt>\n\t<dd>Nam constitui virtus nullo modo potesti nisi ea, quae sunt prima naturae, ut ad summam pertinentia tenebit.</dd>\n\t<dt><dfn>Quid ergo?</dfn></dt>\n\t<dd>In parvis enim saepe, qui nihil eorum cogitant, si quando iis ludentes minamur praecipitaturos alicunde, extimescunt.</dd>\n</dl>\n\n\n<p>De hominibus dici non necesse est. Quid sequatur, quid repugnet, vident. Si quae forte-possumus. Duo Reges: constructio interrete. Sed tu istuc dixti bene Latine, parum plane. Ostendit pedes et pectus. </p>\n\n<ol>\n\t<li>Nonne videmus quanta perturbatio rerum omnium consequatur, quanta confusio?</li>\n\t<li>Praeclare enim Plato: Beatum, cui etiam in senectute contigerit, ut sapientiam verasque opiniones assequi possit.</li>\n\t<li>Paulum, cum regem Persem captum adduceret, eodem flumine invectio?</li>\n\t<li>Ut non sine causa ex iis memoriae ducta sit disciplina.</li>\n</ol>\n\n\n",
    "_userdefined_roles": [],
    "modification_date": "2018/10/26 17:58:34.347908 GMT-4",
    "_content_type": "text/html",
    "_id": "neque-netus.",
    "language": "en",
    "_content_type_banner": "text/html",
    "rights": "Netus purus taciti semper neque suscipit eni ut nisl. Curae nulla mauris ligula molestie dolor euismod odio phasellus venenatis arcu. Augue class hac lobortis donec aliquam vivamus sapien. Metus netus. Proin purus. Netus class laoreet nostra nec amet maecenas volutpat ve pede. Justo proin risus class a. Lacus netus massa lectus ligula dui. Morbi proin fames nec vestibulum congue. Ipsum risus suspendisse cras amet malesuada mauris mi id orci accumsan. Nulla massa hendrerit fringilla erat leo enim pulvinar eu vitae mauris metus accumsan. Nulla ipsum eni porta fringilla ridiculus lorem libero lacus ut nostra ve.",
    "b_size": 30,
    "customViewFields": [
        "Title",
        "Creator",
        "Type",
        "ModificationDate"
    ],
    "_content_type_description": "text/plain",
    "_owner": "admin",
    "_content_type_location": "text/plain",
    "limit": 1000,
    "_permissions": {
        "Change portal events": {
            "acquire": false,
            "roles": [
                "Editor",
                "Manager",
                "Owner",
                "Site Administrator"
            ]
        },
        "Modify portal content": {
            "acquire": false,
            "roles": [
                "Editor",
                "Manager",
                "Owner",
                "Site Administrator"
            ]
        },
        "Access contents information": {
            "acquire": false,
            "roles": [
                "Anonymous"
            ]
        },
        "View": {
            "acquire": false,
            "roles": [
                "Anonymous"
            ]
        }
    },
    "_properties": [
        [
            "title",
            "Neque netus.",
            "string"
        ]
    ],
    "allowDiscussion": false,
    "_gopip": 77,
    "creators": [
        "admin"
    ],
    "_path": "/Plone/about/lacus-purus-sit-augue-facilisis-ultricies-pede./purus-class-nisl-arcu-convallis-porta-mi-fusce-id./neque-netus."
}