{
    "tableContents": true,
    "_content_type_text": "text/html",
    "text": "<h1>Tecum optime, deinde etiam cum mediocri amico.</h1>\n\n<p>Lorem ipsum dolor sit amet, consectetur adipiscing elit. Duo Reges: constructio interrete. Nam de isto magna dissensio est. Collige omnia, quae soletis: Praesidium amicorum. Ita fit cum gravior, tum etiam splendidior oratio. Verum hoc idem saepe faciamus. </p>\n\n<dl>\n\t<dt><dfn>Frater et T.</dfn></dt>\n\t<dd>Quoniam, si dis placet, ab Epicuro loqui discimus.</dd>\n\t<dt><dfn>Si quae forte-possumus.</dfn></dt>\n\t<dd>Qui enim voluptatem ipsam contemnunt, iis licet dicere se acupenserem maenae non anteponere.</dd>\n\t<dt><dfn>Nos commodius agimus.</dfn></dt>\n\t<dd>Qua tu etiam inprudens utebare non numquam.</dd>\n\t<dt><dfn>At multis malis affectus.</dfn></dt>\n\t<dd>Sin dicit obscurari quaedam nec apparere, quia valde parva sint, nos quoque concedimus;</dd>\n</dl>\n\n\n<ul>\n\t<li>Non est ista, inquam, Piso, magna dissensio.</li>\n\t<li>Bona autem corporis huic sunt, quod posterius posui, similiora.</li>\n\t<li>Hoc unum Aristo tenuit: praeter vitia atque virtutes negavit rem esse ullam aut fugiendam aut expetendam.</li>\n\t<li>Qualis ista philosophia est, quae non interitum afferat pravitatis, sed sit contenta mediocritate vitiorum?</li>\n</ul>\n\n\n<p><a href='http://loripsum.net/' target='_blank'>Sic consequentibus vestris sublatis prima tolluntur.</a> Quid de Platone aut de Democrito loquar? An nisi populari fama? Si quicquam extra virtutem habeatur in bonis. Cur post Tarentum ad Archytam? </p>\n\n<p>Quam nemo umquam voluptatem appellavit, appellat; Nunc omni virtuti vitium contrario nomine opponitur. Immo alio genere; Quare conare, quaeso. </p>\n\n<ol>\n\t<li>Hoc positum in Phaedro a Platone probavit Epicurus sensitque in omni disputatione id fieri oportere.</li>\n\t<li>Haec mihi videtur delicatior, ut ita dicam, molliorque ratio, quam virtutis vis gravitasque postulat.</li>\n</ol>\n\n\n",
    "creation_date": "2018/10/26 17:58:34.525338 GMT-4",
    "_uid": "d40776f125d14e56a58aa0b40af262af",
    "expirationDate": "None",
    "_content_type_id": "text/plain",
    "query": [],
    "_atbrefs": {},
    "id": "massa-felis-tortor-hac-habitant-a-nascetur-ante-rutrum-congue-justo-mi.",
    "subject": [],
    "_content_type_sort_on": "text/plain",
    "contributors": [],
    "effectiveDate": "None",
    "title": "Massa felis tortor hac habitant a nascetur ante rutrum congue justo mi.",
    "_ac_local_roles": {
        "admin": [
            "Owner"
        ]
    },
    "sort_on": "Magna augue nostra dignissim eni penatibus luctus.",
    "_content_type_language": "text/plain",
    "_defaultpage": "",
    "location": "Justo dolor dis nulla.",
    "_content_type_title": "text/plain",
    "excludeFromNav": true,
    "presentation": false,
    "_type": "Collection",
    "description": "Curae felis. Neque lacus sem nullam et pharetra gravida diam cubilia at justo id enim pharetra. Massa augue odio accumsan sem ad arcu id nisl fermentum sociis dignissim. Purus velit egestas dignissim varius a. Porta felis. Risus nulla. Purus lacus eros scelerisque. Proin massa nulla metus sapien imperdiet vestibulum dis proin quis in. Vitae curae a. Lorem vitae per fusce. Augue proin primis. Curae fames sit cras. Donec fames.",
    "_atrefs": {},
    "_layout": "standard_view",
    "_workflow_history": {
        "simple_publication_workflow": [
            {
                "action": null,
                "review_state": "private",
                "actor": "admin",
                "comments": "",
                "time": "2018/10/26 17:58:34.530265 GMT-4"
            },
            {
                "action": "publish",
                "review_state": "published",
                "actor": "admin",
                "comments": "",
                "time": "2018/10/26 17:58:35.133417 GMT-4"
            }
        ]
    },
    "_content_type_rights": "text/plain",
    "_directly_provided": [],
    "_classname": "Collection",
    "sort_reversed": true,
    "banner": "<h1>Quam ob rem tandem, inquit, non satisfacit?</h1>\n\n<p>Lorem ipsum dolor sit amet, consectetur adipiscing elit. A mene tu? Ut id aliis narrare gestiant? Duo Reges: constructio interrete. Quid enim possumus hoc agere divinius? Quo plebiscito decreta a senatu est consuli quaestio Cn. <a href='http://loripsum.net/' target='_blank'>Comprehensum, quod cognitum non habet?</a> </p>\n\n<dl>\n\t<dt><dfn>Peccata paria.</dfn></dt>\n\t<dd>Gracchum patrem non beatiorem fuisse quam fillum, cum alter stabilire rem publicam studuerit, alter evertere.</dd>\n\t<dt><dfn>Sed nimis multa.</dfn></dt>\n\t<dd>Longum est enim ad omnia respondere, quae a te dicta sunt.</dd>\n\t<dt><dfn>Memini vero, inquam;</dfn></dt>\n\t<dd>Quid, si reviviscant Platonis illi et deinceps qui eorum auditores fuerunt, et tecum ita loquantur?</dd>\n\t<dt><dfn>Optime, inquam.</dfn></dt>\n\t<dd>Pollicetur certe.</dd>\n\t<dt><dfn>Quid de Pythagora?</dfn></dt>\n\t<dd>Nec vero hoc oratione solum, sed multo magis vita et factis et moribus comprobavit.</dd>\n\t<dt><dfn>Bonum patria: miserum exilium.</dfn></dt>\n\t<dd>Quaero igitur, quo modo hae tantae commendationes a natura profectae subito a sapientia relictae sint.</dd>\n</dl>\n\n\n<ol>\n\t<li>Tenent mordicus.</li>\n\t<li>Tibi hoc incredibile, quod beatissimum.</li>\n\t<li>Nam, ut sint illa vendibiliora, haec uberiora certe sunt.</li>\n\t<li>Audio equidem philosophi vocem, Epicure, sed quid tibi dicendum sit oblitus es.</li>\n\t<li>Ut optime, secundum naturam affectum esse possit.</li>\n\t<li>Nos quidem Virtutes sic natae sumus, ut tibi serviremus, aliud negotii nihil habemus.</li>\n</ol>\n\n\n<ul>\n\t<li>Te ipsum, dignissimum maioribus tuis, voluptasne induxit, ut adolescentulus eriperes P.</li>\n\t<li>Ut etiam contendant et elaborent, si efficere possint, ut aut non appareat corporis vitium aut quam minimum appareat?</li>\n</ul>\n\n\n<p>Hoc mihi cum tuo fratre convenit. Iam in altera philosophiae parte. Si longus, levis. Quis est tam dissimile homini. Non potes, nisi retexueris illa. Quis istum dolorem timet? </p>\n\n<h2>Aeque enim contingit omnibus fidibus, ut incontentae sint.</h2>\n\n<p>Dici enim nihil potest verius. Sed hoc sane concedamus. <a href='http://loripsum.net/' target='_blank'>Audeo dicere, inquit.</a> Nemo igitur esse beatus potest. Si longus, levis; Et nemo nimium beatus est; Ut pulsi recurrant? </p>\n\n",
    "_userdefined_roles": [],
    "modification_date": "2018/10/26 17:58:35.138027 GMT-4",
    "_content_type": "text/html",
    "_id": "massa-felis-tortor-hac-habitant-a-nascetur-ante-rutrum-congue-justo-mi.",
    "language": "en",
    "_content_type_banner": "text/html",
    "rights": "Ipsum augue curae dui tempus et facilisi aliquam neque sit lacus. Proin curae malesuada. Porta class massa eni orci eros amet eu consectetuer aliquam. Fames proin. Proin metus taciti eni cursus dis. Proin fames cursus feugiat pretium odio hac mi lacus turpis. Dolor lacus justo semper. Massa metus consequat per nulla dui nunc. Augue purus per luctus a parturient nam. Morbi porta semper. Lorem curae montes cras erat nunc pede tristique ve nibh ligula. Fames massa vel adipiscing ultricies. Risus lacus a arcu parturient diam fames ullamcorper.",
    "b_size": 30,
    "customViewFields": [
        "Title",
        "Creator",
        "Type",
        "ModificationDate"
    ],
    "_content_type_description": "text/plain",
    "_owner": "admin",
    "_content_type_location": "text/plain",
    "limit": 1000,
    "_permissions": {
        "Change portal events": {
            "acquire": false,
            "roles": [
                "Editor",
                "Manager",
                "Owner",
                "Site Administrator"
            ]
        },
        "Modify portal content": {
            "acquire": false,
            "roles": [
                "Editor",
                "Manager",
                "Owner",
                "Site Administrator"
            ]
        },
        "Access contents information": {
            "acquire": false,
            "roles": [
                "Anonymous"
            ]
        },
        "View": {
            "acquire": false,
            "roles": [
                "Anonymous"
            ]
        }
    },
    "_properties": [
        [
            "title",
            "Massa felis tortor hac habitant a nascetur ante rutrum congue justo mi.",
            "string"
        ]
    ],
    "allowDiscussion": false,
    "_gopip": 78,
    "creators": [
        "admin"
    ],
    "_path": "/Plone/about/lacus-purus-sit-augue-facilisis-ultricies-pede./purus-class-nisl-arcu-convallis-porta-mi-fusce-id./massa-felis-tortor-hac-habitant-a-nascetur-ante-rutrum-congue-justo-mi."
}