{
    "contributors": [],
    "_content_type_text": "text/html",
    "text": "<h1>Memini vero, inquam;</h1>\n\n<p>Lorem ipsum dolor sit amet, consectetur adipiscing elit. <a href='http://loripsum.net/' target='_blank'>Murenam te accusante defenderem.</a> Stoicos roga. Quae est igitur causa istarum angustiarum? <a href='http://loripsum.net/' target='_blank'>Huius ego nunc auctoritatem sequens idem faciam.</a> </p>\n\n<h2>Sed quia studebat laudi et dignitati, multum in virtute processerat.</h2>\n\n<p>Confecta res esset. Haeret in salebra. Sed nimis multa. Ita multa dicunt, quae vix intellegam. Comprehensum, quod cognitum non habet? Equidem, sed audistine modo de Carneade? </p>\n\n<ul>\n\t<li>Cenasti in vita numquam bene, cum omnia in ista Consumis squilla atque acupensere cum decimano.</li>\n\t<li>Vives, inquit Aristo, magnifice atque praeclare, quod erit cumque visum ages, numquam angere, numquam cupies, numquam timebis.</li>\n\t<li>Nihilo beatiorem esse Metellum quam Regulum.</li>\n\t<li>Quod autem satis est, eo quicquid accessit, nimium est;</li>\n\t<li>Quibus natura iure responderit non esse verum aliunde finem beate vivendi, a se principia rei gerendae peti;</li>\n</ul>\n\n\n<ol>\n\t<li>Quos quidem tibi studiose et diligenter tractandos magnopere censeo.</li>\n\t<li>Nec enim, dum metuit, iustus est, et certe, si metuere destiterit, non erit;</li>\n\t<li>In quo etsi est magnus, tamen nova pleraque et perpauca de moribus.</li>\n</ol>\n\n\n<dl>\n\t<dt><dfn>Primum divisit ineleganter;</dfn></dt>\n\t<dd>Nam illud quidem adduci vix possum, ut ea, quae senserit ille, tibi non vera videantur.</dd>\n\t<dt><dfn>Nos vero, inquit ille;</dfn></dt>\n\t<dd>Quae sunt igitur communia vobis cum antiquis, iis sic utamur quasi concessis;</dd>\n\t<dt><dfn>Primum divisit ineleganter;</dfn></dt>\n\t<dd>Quid in isto egregio tuo officio et tanta fide-sic enim existimo-ad corpus refers?</dd>\n\t<dt><dfn>Immo videri fortasse.</dfn></dt>\n\t<dd>Et homini, qui ceteris animantibus plurimum praestat, praecipue a natura nihil datum esse dicemus?</dd>\n\t<dt><dfn>Quibusnam praeteritis?</dfn></dt>\n\t<dd>Aliter enim nosmet ipsos nosse non possumus.</dd>\n</dl>\n\n\n<p>Quid enim possumus hoc agere divinius? At eum nihili facit; <a href='http://loripsum.net/' target='_blank'>Duo Reges: constructio interrete.</a> Quo modo autem philosophus loquitur? </p>\n\n",
    "creation_date": "2018/10/26 17:58:36.669214 GMT-4",
    "_uid": "f7937cb119cb4e6abe8e3e70d34b6ee7",
    "expirationDate": "None",
    "_content_type_id": "text/plain",
    "id": "risus-lorem.",
    "subject": [],
    "effectiveDate": "None",
    "title": "Risus lorem.",
    "_ac_local_roles": {
        "admin": [
            "Owner"
        ]
    },
    "_content_type_language": "text/plain",
    "_defaultpage": "",
    "location": "Magna neque.",
    "_content_type_title": "text/plain",
    "excludeFromNav": true,
    "presentation": true,
    "_type": "Document",
    "description": "Metus proin ante tempus sed blandit. Class lorem congue ornare mus dictum amet ac. Risus purus ipsum metus per orci eget vitae taciti volutpat vulputate ante. Nulla purus sociis venenatis id primis. Ipsum vitae. Velit ipsum congue lectus fermentum vestibulum quis. Justo fusce nam risus congue sollicitudin ultricies massa ve platea. Massa augue sociis enim duis cras malesuada facilisi curae. Purus justo eros arcu tellus mi eu cursus praesent. Fusce lacus ligula neque suspendisse suscipit curabitur cum venenatis suscipit et felis. Nulla velit sed aliquet torquent tempus. Purus porta non eros convallis per odio nisi ante. Ipsum proin class felis mus lacus montes. Donec curae scelerisque cum arcu sodales ac lectus quis aliquam iaculis nisi ac.",
    "_atrefs": {},
    "_layout": "document_view",
    "_workflow_history": {
        "simple_publication_workflow": [
            {
                "action": null,
                "review_state": "private",
                "actor": "admin",
                "comments": "",
                "time": "2018/10/26 17:58:36.673049 GMT-4"
            },
            {
                "action": "publish",
                "review_state": "published",
                "actor": "admin",
                "comments": "",
                "time": "2018/10/26 17:58:37.287993 GMT-4"
            }
        ]
    },
    "_content_type_rights": "text/plain",
    "_directly_provided": [],
    "language": "en",
    "tableContents": true,
    "_classname": "ATDocument",
    "banner": "<h1>Nosti, credo, illud: Nemo pius est, qui pietatem-;</h1>\n\n<p>Lorem ipsum dolor sit amet, consectetur adipiscing elit. Duo Reges: constructio interrete. Summus dolor plures dies manere non potest? </p>\n\n<dl>\n\t<dt><dfn>Tu quidem reddes;</dfn></dt>\n\t<dd>Quid iudicant sensus?</dd>\n\t<dt><dfn>Paria sunt igitur.</dfn></dt>\n\t<dd>Haec et tu ita posuisti, et verba vestra sunt.</dd>\n\t<dt><dfn>Deinde dolorem quem maximum?</dfn></dt>\n\t<dd>Cur id non ita fit?</dd>\n\t<dt><dfn>At certe gravius.</dfn></dt>\n\t<dd>Igitur neque stultorum quisquam beatus neque sapientium non beatus.</dd>\n</dl>\n\n\n<ul>\n\t<li>Ita credo.</li>\n\t<li>Et quidem, Cato, hanc totam copiam iam Lucullo nostro notam esse oportebit;</li>\n\t<li>Nam his libris eum malo quam reliquo ornatu villae delectari.</li>\n\t<li>Quarum cum una sit, qua mores conformari putantur, differo eam partem, quae quasi stirps ets huius quaestionis.</li>\n\t<li>Propter nos enim illam, non propter eam nosmet ipsos diligimus.</li>\n\t<li>Legimus tamen Diogenem, Antipatrum, Mnesarchum, Panaetium, multos alios in primisque familiarem nostrum Posidonium.</li>\n</ul>\n\n\n<h2>Duarum enim vitarum nobis erunt instituta capienda.</h2>\n\n<p>Quid sequatur, quid repugnet, vident. Res enim concurrent contrariae. </p>\n\n<ol>\n\t<li>Transfer idem ad modestiam vel temperantiam, quae est moderatio cupiditatum rationi oboediens.</li>\n\t<li>Ex ea difficultate illae fallaciloquae, ut ait Accius, malitiae natae sunt.</li>\n\t<li>Dolere malum est: in crucem qui agitur, beatus esse non potest.</li>\n</ol>\n\n\n<p>Aliter homines, aliter philosophos loqui putas oportere? Praeclare hoc quidem. <a href='http://loripsum.net/' target='_blank'>Huius, Lyco, oratione locuples, rebus ipsis ielunior.</a> Utrum igitur tibi litteram videor an totas paginas commovere? At multis se probavit. </p>\n\n",
    "_userdefined_roles": [],
    "_content_type": "text/html",
    "_id": "risus-lorem.",
    "modification_date": "2018/10/26 17:58:37.291729 GMT-4",
    "_content_type_banner": "text/html",
    "rights": "Proin lorem litora ve ligula phasellus dictum nullam. Metus augue magnis litora elementum ut fringilla ipsum. Purus lorem tellus felis id. Risus massa cum primis quisque. Proin velit. Massa class eget laoreet ve torquent odio ante. Purus augue. Magna class dolor nec quis justo sociis tincidunt vestibulum est vestibulum dignissim. Augue etiam pharetra. Lacus velit porta enim malesuada nascetur tempor rutrum morbi dapibus habitant primis. Lacus vitae pulvinar augue orci nec lacinia dictumst ipsum sed orci. Ipsum magna lacus a quam et pellentesque. Velit lorem neque placerat curabitur fusce ve class hendrerit bibendum congue.",
    "_atbrefs": {},
    "_content_type_description": "text/plain",
    "_owner": "admin",
    "_content_type_location": "text/plain",
    "_permissions": {
        "Modify portal content": {
            "acquire": false,
            "roles": [
                "Editor",
                "Manager",
                "Owner",
                "Site Administrator"
            ]
        },
        "Access contents information": {
            "acquire": false,
            "roles": [
                "Anonymous"
            ]
        },
        "View": {
            "acquire": false,
            "roles": [
                "Anonymous"
            ]
        }
    },
    "_properties": [
        [
            "title",
            "Risus lorem.",
            "string"
        ]
    ],
    "allowDiscussion": false,
    "_gopip": 0,
    "creators": [
        "admin"
    ],
    "_path": "/Plone/about/lacus-purus-sit-augue-facilisis-ultricies-pede./nulla-magna-vivamus-eni-inceptos-venenatis./risus-lorem."
}