{
    "contributors": [],
    "_content_type_text": "text/html",
    "text": "<h1>Sed quae tandem ista ratio est?</h1>\n\n<p>Lorem ipsum dolor sit amet, consectetur adipiscing elit. De quibus cupio scire quid sentias. Illa videamus, quae a te de amicitia dicta sunt. Duo Reges: constructio interrete. </p>\n\n<ol>\n\t<li>Idem fecisset Epicurus, si sententiam hanc, quae nunc Hieronymi est, coniunxisset cum Aristippi vetere sententia.</li>\n\t<li>Sed quanta sit alias, nunc tantum possitne esse tanta.</li>\n\t<li>Estne, quaeso, inquam, sitienti in bibendo voluptas?</li>\n\t<li>Hic ego: Pomponius quidem, inquam, noster iocari videtur, et fortasse suo iure.</li>\n\t<li>Quod quidem iam fit etiam in Academia.</li>\n</ol>\n\n\n<ul>\n\t<li>Nihilo beatiorem esse Metellum quam Regulum.</li>\n\t<li>Cum ageremus, inquit, vitae beatum et eundem supremum diem, scribebamus haec.</li>\n\t<li>Eorum enim est haec querela, qui sibi cari sunt seseque diligunt.</li>\n\t<li>Voluptatem cum summum bonum diceret, primum in eo ipso parum vidit, deinde hoc quoque alienum;</li>\n</ul>\n\n\n<dl>\n\t<dt><dfn>Si id dicis, vicimus.</dfn></dt>\n\t<dd>Nihilne est in his rebus, quod dignum libero aut indignum esse ducamus?</dd>\n\t<dt><dfn>Stoici scilicet.</dfn></dt>\n\t<dd>Quodsi ipsam honestatem undique pertectam atque absolutam.</dd>\n</dl>\n\n\n<p>Ita prorsus, inquam; Quid censes in Latino fore? Terram, mihi crede, ea lanx et maria deprimet. Si quae forte-possumus. Non est ista, inquam, Piso, magna dissensio. Pugnant Stoici cum Peripateticis. </p>\n\n<p>Satis est ad hoc responsum. An eiusdem modi? Hos contra singulos dici est melius. Quae similitudo in genere etiam humano apparet. </p>\n\n",
    "creation_date": "2018/10/26 17:58:37.484819 GMT-4",
    "_uid": "95d4ec4f238f4855a01a4761d6b9a536",
    "expirationDate": "None",
    "_content_type_id": "text/plain",
    "id": "risus-purus-nisl-nostra-amet-porttitor-praesent.",
    "subject": [],
    "effectiveDate": "None",
    "title": "Risus purus nisl nostra amet porttitor praesent.",
    "_ac_local_roles": {
        "admin": [
            "Owner"
        ]
    },
    "_content_type_language": "text/plain",
    "_defaultpage": "",
    "location": "Augue felis sociis massa varius id lorem.",
    "_content_type_title": "text/plain",
    "excludeFromNav": true,
    "presentation": true,
    "_type": "Document",
    "description": "Metus netus ultrices venenatis. Fames fusce suspendisse molestie blandit pellentesque feugiat sem sociosqu euismod lacus id diam. Class neque aptent parturient molestie. Metus proin interdum non aliquet at dictumst vel posuere. Velit lorem cum adipiscing felis nunc nisl phasellus auctor lorem quisque. Curae proin lacinia nec imperdiet. Justo magna tempor auctor inceptos at. Justo vitae torquent venenatis ut eu arcu erat montes mollis lobortis. Nulla ipsum nullam turpis sociosqu condimentum. Dolor ipsum sem imperdiet aptent. Porta morbi velit sodales magnis cum elit adipiscing tristique. Netus magna eni ornare semper. Porta vitae sed. Metus velit. Magna risus. Lacus morbi suspendisse. Proin felis nec erat a etiam. Felis proin litora ac litora odio consectetuer at justo. Magna neque nulla augue felis dis felis nonummy tempus. Magna lorem ultrices ut suspendisse nunc.",
    "_atrefs": {},
    "_layout": "document_view",
    "_workflow_history": {
        "simple_publication_workflow": [
            {
                "action": null,
                "review_state": "private",
                "actor": "admin",
                "comments": "",
                "time": "2018/10/26 17:58:37.488616 GMT-4"
            },
            {
                "action": "publish",
                "review_state": "published",
                "actor": "admin",
                "comments": "",
                "time": "2018/10/26 17:58:38.090512 GMT-4"
            }
        ]
    },
    "_content_type_rights": "text/plain",
    "_directly_provided": [],
    "language": "en",
    "tableContents": true,
    "_classname": "ATDocument",
    "banner": "<h1>Quid est igitur, cur ita semper deum appellet Epicurus beatum et aeternum?</h1>\n\n<p>Lorem ipsum dolor sit amet, consectetur adipiscing elit. Nihil illinc huc pervenit. Haec igitur Epicuri non probo, inquam. </p>\n\n<p>Quae hic rei publicae vulnera inponebat, eadem ille sanabat. Duo Reges: constructio interrete. Bona autem corporis huic sunt, quod posterius posui, similiora. Quid censes in Latino fore? Pollicetur certe. Multoque hoc melius nos veriusque quam Stoici. Quis Aristidem non mortuum diligit? </p>\n\n<dl>\n\t<dt><dfn>At coluit ipse amicitias.</dfn></dt>\n\t<dd>Qui est in parvis malis.</dd>\n\t<dt><dfn>Ita credo.</dfn></dt>\n\t<dd>Quis enim confidit semper sibi illud stabile et firmum permansurum, quod fragile et caducum sit?</dd>\n\t<dt><dfn>Praeclare hoc quidem.</dfn></dt>\n\t<dd>Satisne igitur videor vim verborum tenere, an sum etiam nunc vel Graece loqui vel Latine docendus?</dd>\n\t<dt><dfn>Etiam beatissimum?</dfn></dt>\n\t<dd>Mihi, inquam, qui te id ipsum rogavi?</dd>\n\t<dt><dfn>Quod vestri non item.</dfn></dt>\n\t<dd>Aperiendum est igitur, quid sit voluptas;</dd>\n\t<dt><dfn>Sedulo, inquam, faciam.</dfn></dt>\n\t<dd>Ita ceterorum sententiis semotis relinquitur non mihi cum Torquato, sed virtuti cum voluptate certatio.</dd>\n</dl>\n\n\n<ol>\n\t<li>Commoda autem et incommoda in eo genere sunt, quae praeposita et reiecta diximus;</li>\n\t<li>Legimus tamen Diogenem, Antipatrum, Mnesarchum, Panaetium, multos alios in primisque familiarem nostrum Posidonium.</li>\n\t<li>Oculorum, inquit Plato, est in nobis sensus acerrimus, quibus sapientiam non cernimus.</li>\n</ol>\n\n\n<p>Vestri haec verecundius, illi fortasse constantius. Quae contraria sunt his, malane? </p>\n\n<ul>\n\t<li>Quae cum essent dicta, discessimus.</li>\n\t<li>Hinc ceteri particulas arripere conati suam quisque videro voluit afferre sententiam.</li>\n\t<li>Quae cum ita sint, effectum est nihil esse malum, quod turpe non sit.</li>\n\t<li>Et nunc quidem quod eam tuetur, ut de vite potissimum loquar, est id extrinsecus;</li>\n</ul>\n\n\n",
    "_userdefined_roles": [],
    "_content_type": "text/html",
    "_id": "risus-purus-nisl-nostra-amet-porttitor-praesent.",
    "modification_date": "2018/10/26 17:58:38.095402 GMT-4",
    "_content_type_banner": "text/html",
    "rights": "Curae fames porta tellus rutrum fames aliquam et. Magna metus vel facilisi. Augue fusce. Class nulla. Justo proin justo augue eni eget metus dolor justo augue justo cum ipsum. Vitae augue nec nibh in tincidunt morbi. Vitae class hac urna orci. Nulla fusce. Purus fames cum class urna leo ipsum. Class metus nostra eu pharetra pulvinar semper. Netus augue morbi tortor etiam. Velit etiam primis ad sagittis quam. Felis lacus feugiat fermentum et lectus cubilia aliquam nisi viverra. Massa velit. Vitae proin vivamus erat eu duis curae iaculis felis nisl. Curae massa eleifend magna et primis a torquent vel sodales semper.",
    "_atbrefs": {},
    "_content_type_description": "text/plain",
    "_owner": "admin",
    "_content_type_location": "text/plain",
    "_permissions": {
        "Modify portal content": {
            "acquire": false,
            "roles": [
                "Editor",
                "Manager",
                "Owner",
                "Site Administrator"
            ]
        },
        "Access contents information": {
            "acquire": false,
            "roles": [
                "Anonymous"
            ]
        },
        "View": {
            "acquire": false,
            "roles": [
                "Anonymous"
            ]
        }
    },
    "_properties": [
        [
            "title",
            "Risus purus nisl nostra amet porttitor praesent.",
            "string"
        ]
    ],
    "allowDiscussion": false,
    "_gopip": 1,
    "creators": [
        "admin"
    ],
    "_path": "/Plone/about/lacus-purus-sit-augue-facilisis-ultricies-pede./nulla-magna-vivamus-eni-inceptos-venenatis./risus-purus-nisl-nostra-amet-porttitor-praesent."
}