{
    "contributors": [],
    "_content_type_text": "text/html",
    "text": "<h1>Isto modo ne improbos quidem, si essent boni viri.</h1>\n\n<p>Lorem ipsum dolor sit amet, consectetur adipiscing elit. Duo Reges: constructio interrete. Zenonis est, inquam, hoc Stoici. Num quid tale Democritus? Quis istud, quaeso, nesciebat? Haec para/doca illi, nos admirabilia dicamus. Nam de isto magna dissensio est. Ut proverbia non nulla veriora sint quam vestra dogmata. At hoc in eo M. </p>\n\n<ul>\n\t<li>In qua si nihil est praeter rationem, sit in una virtute finis bonorum;</li>\n\t<li>Si est nihil nisi corpus, summa erunt illa: valitudo, vacuitas doloris, pulchritudo, cetera.</li>\n\t<li>Hoc dictum in una re latissime patet, ut in omnibus factis re, non teste moveamur.</li>\n\t<li>Paulum, cum regem Persem captum adduceret, eodem flumine invectio?</li>\n\t<li>Duarum enim vitarum nobis erunt instituta capienda.</li>\n</ul>\n\n\n<p>Si quae forte-possumus. Apparet statim, quae sint officia, quae actiones. At iste non dolendi status non vocatur voluptas. Tecum optime, deinde etiam cum mediocri amico. Omnia contraria, quos etiam insanos esse vultis. Primum quid tu dicis breve? </p>\n\n<ol>\n\t<li>Nec vero pietas adversus deos nec quanta iis gratia debeatur sine explicatione naturae intellegi potest.</li>\n\t<li>Illo enim addito iuste fit recte factum, per se autem hoc ipsum reddere in officio ponitur.</li>\n</ol>\n\n\n<dl>\n\t<dt><dfn>Ita prorsus, inquam;</dfn></dt>\n\t<dd>Res enim fortasse verae, certe graves, non ita tractantur, ut debent, sed aliquanto minutius.</dd>\n\t<dt><dfn>Quid vero?</dfn></dt>\n\t<dd>Ego vero volo in virtute vim esse quam maximam;</dd>\n\t<dt><dfn>Immo videri fortasse.</dfn></dt>\n\t<dd>Utrum igitur tibi litteram videor an totas paginas commovere?</dd>\n\t<dt><dfn>Quid de Pythagora?</dfn></dt>\n\t<dd>Tria genera bonorum;</dd>\n</dl>\n\n\n<p>Quod ea non occurrentia fingunt, vincunt Aristonem; Tuo vero id quidem, inquam, arbitratu. Praeteritis, inquit, gaudeo. Quicquid porro animo cernimus, id omne oritur a sensibus; </p>\n\n",
    "creation_date": "2018/10/26 17:58:41.495352 GMT-4",
    "_uid": "b314fc21b5f84ac78e7455d9d6be73c7",
    "expirationDate": "None",
    "_content_type_id": "text/plain",
    "id": "neque-purus-a-aliquam-at-senectus-velit-eu-eros-phasellus-mollis-est.",
    "subject": [],
    "effectiveDate": "None",
    "title": "Neque purus a aliquam at senectus velit eu eros phasellus mollis est.",
    "_ac_local_roles": {
        "admin": [
            "Owner"
        ]
    },
    "_content_type_language": "text/plain",
    "_defaultpage": "",
    "location": "Porta velit sapien luctus.",
    "_content_type_title": "text/plain",
    "excludeFromNav": true,
    "presentation": false,
    "_type": "Document",
    "description": "Augue morbi suspendisse placerat viverra. Porta justo commodo felis massa nullam ultricies mus. Metus ipsum vivamus. Metus curae scelerisque. Purus fames arcu condimentum. Donec felis ligula neque sociis adipiscing ipsum quis egestas in ligula placerat dui orci posuere mi mollis rhoncus sed. Porta purus pulvinar elit tortor ve vitae ac lacus nunc curabitur. Risus curae. Justo porta maecenas. Magna lacus. Netus porta dictumst malesuada hac euismod a tempus urna curae augue non. Morbi metus arcu mollis laoreet ut cras ac tincidunt felis. Netus class vel tempus et leo suspendisse blandit per torquent etiam sollicitudin risus quam. Fames magna. Proin felis scelerisque arcu dignissim inceptos ornare nisl gravida enim. Neque massa dis adipiscing mi. Massa lorem odio sodales egestas curabitur. Proin nulla dis massa velit suspendisse nascetur natoque eu. Fames felis placerat hac egestas mi sapien.",
    "_atrefs": {},
    "_layout": "document_view",
    "_workflow_history": {
        "simple_publication_workflow": [
            {
                "action": null,
                "review_state": "private",
                "actor": "admin",
                "comments": "",
                "time": "2018/10/26 17:58:41.499737 GMT-4"
            },
            {
                "action": "publish",
                "review_state": "published",
                "actor": "admin",
                "comments": "",
                "time": "2018/10/26 17:58:42.109844 GMT-4"
            }
        ]
    },
    "_content_type_rights": "text/plain",
    "_directly_provided": [],
    "language": "en",
    "tableContents": false,
    "_classname": "ATDocument",
    "banner": "<h1>Et hunc idem dico, inquieta sed ad virtutes et ad vitia nihil interesse.</h1>\n\n<p>Lorem ipsum dolor sit amet, consectetur adipiscing elit. Estne, quaeso, inquam, sitienti in bibendo voluptas? <a href='http://loripsum.net/' target='_blank'>Quid autem habent admirationis, cum prope accesseris?</a> Duo Reges: constructio interrete. Sed plane dicit quod intellegit. </p>\n\n<dl>\n\t<dt><dfn>Quid me istud rogas?</dfn></dt>\n\t<dd>Eadem nunc mea adversum te oratio est.</dd>\n\t<dt><dfn>Quis hoc dicit?</dfn></dt>\n\t<dd>Quorum sine causa fieri nihil putandum est.</dd>\n\t<dt><dfn>Reguli reiciendam;</dfn></dt>\n\t<dd>Facile pateremur, qui etiam nunc agendi aliquid discendique causa prope contra naturam v\u00edgillas suscipere soleamus.</dd>\n</dl>\n\n\n<ol>\n\t<li>Primum cur ista res digna odio est, nisi quod est turpis?</li>\n\t<li>Tum, Quintus et Pomponius cum idem se velle dixissent, Piso exorsus est.</li>\n</ol>\n\n\n<h2>Itaque his sapiens semper vacabit.</h2>\n\n<p>Ego vero isti, inquam, permitto. <a href='http://loripsum.net/' target='_blank'>Quamquam te quidem video minime esse deterritum.</a> Zenonis est, inquam, hoc Stoici. </p>\n\n<h3>Cum audissem Antiochum, Brute, ut solebam, cum M.</h3>\n\n<p>Nihilo beatiorem esse Metellum quam Regulum. Quod autem principium officii quaerunt, melius quam Pyrrho; Aliter autem vobis placet. Primum quid tu dicis breve? Qualem igitur hominem natura inchoavit? </p>\n\n<ul>\n\t<li>Unum est sine dolore esse, alterum cum voluptate.</li>\n\t<li>Sin eam, quam Hieronymus, ne fecisset idem, ut voluptatem illam Aristippi in prima commendatione poneret.</li>\n\t<li>Quasi vero, inquit, perpetua oratio rhetorum solum, non etiam philosophorum sit.</li>\n</ul>\n\n\n",
    "_userdefined_roles": [],
    "_content_type": "text/html",
    "_id": "neque-purus-a-aliquam-at-senectus-velit-eu-eros-phasellus-mollis-est.",
    "modification_date": "2018/10/26 17:58:42.113995 GMT-4",
    "_content_type_banner": "text/html",
    "rights": "Magna augue dictumst enim urna vestibulum litora lacus venenatis etiam venenatis. Proin etiam. Etiam velit nisl tristique sociosqu rutrum. Curae risus tellus eleifend cras commodo sodales hymenaeos pede mus. Massa porta donec iaculis odio consectetuer. Fames lorem magna vehicula nunc cum aenean tincidunt eleifend at morbi sollicitudin. Fusce lacus laoreet nonummy tortor netus parturient vehicula proin netus senectus ut. Nulla ipsum. Vitae porta justo praesent lorem tincidunt. Dolor donec a iaculis montes lorem adipiscing. Lacus neque curae quis leo duis egestas dignissim sagittis mi suspendisse ve dictum. Augue netus. Vitae netus fames nam venenatis massa nisl ante aenean maecenas donec. Neque ipsum dictum lorem fusce aliquam duis. Ipsum risus orci vel pretium nascetur cursus odio egestas et. Class porta netus montes eu mattis consectetuer hymenaeos netus sit eros pellentesque praesent fames.",
    "_atbrefs": {},
    "_content_type_description": "text/plain",
    "_owner": "admin",
    "_content_type_location": "text/plain",
    "_permissions": {
        "Modify portal content": {
            "acquire": false,
            "roles": [
                "Editor",
                "Manager",
                "Owner",
                "Site Administrator"
            ]
        },
        "Access contents information": {
            "acquire": false,
            "roles": [
                "Anonymous"
            ]
        },
        "View": {
            "acquire": false,
            "roles": [
                "Anonymous"
            ]
        }
    },
    "_properties": [
        [
            "title",
            "Neque purus a aliquam at senectus velit eu eros phasellus mollis est.",
            "string"
        ]
    ],
    "allowDiscussion": false,
    "_gopip": 6,
    "creators": [
        "admin"
    ],
    "_path": "/Plone/about/lacus-purus-sit-augue-facilisis-ultricies-pede./nulla-magna-vivamus-eni-inceptos-venenatis./neque-purus-a-aliquam-at-senectus-velit-eu-eros-phasellus-mollis-est."
}