{
    "contributors": [],
    "_content_type_text": "text/html",
    "text": "<h1>Duo Reges: constructio interrete.</h1>\n\n<p>Lorem ipsum dolor sit amet, consectetur adipiscing elit. Hoc tu nunc in illo probas. Quid autem habent admirationis, cum prope accesseris? Beatum, inquit. Cur, nisi quod turpis oratio est? Cur id non ita fit? Audeo dicere, inquit. Certe, nisi voluptatem tanti aestimaretis. Quid enim est a Chrysippo praetermissum in Stoicis? </p>\n\n<ol>\n\t<li>Quid est, quod ab ea absolvi et perfici debeat?</li>\n\t<li>Haec para/doca illi, nos admirabilia dicamus.</li>\n\t<li>Prodest, inquit, mihi eo esse animo.</li>\n\t<li>Non dolere, inquam, istud quam vim habeat postea videro;</li>\n\t<li>Nullus est igitur cuiusquam dies natalis.</li>\n\t<li>Non est ista, inquam, Piso, magna dissensio.</li>\n</ol>\n\n\n<p>Nihil enim hoc differt. Est enim effectrix multarum et magnarum voluptatum. Certe, nisi voluptatem tanti aestimaretis. Nihilo beatiorem esse Metellum quam Regulum. </p>\n\n<p>Quid nunc honeste dicit? Zenonis est, inquam, hoc Stoici. Iam id ipsum absurdum, maximum malum neglegi. </p>\n\n<ul>\n\t<li>Sed vos squalidius, illorum vides quam niteat oratio.</li>\n\t<li>Num igitur eum postea censes anxio animo aut sollicito fuisse?</li>\n\t<li>Quo igitur, inquit, modo?</li>\n\t<li>Eorum enim omnium multa praetermittentium, dum eligant aliquid, quod sequantur, quasi curta sententia;</li>\n</ul>\n\n\n<dl>\n\t<dt><dfn>Explanetur igitur.</dfn></dt>\n\t<dd>Haec qui audierit, ut ridere non curet, discedet tamen nihilo firmior ad dolorem ferendum, quam venerat.</dd>\n\t<dt><dfn>Non semper, inquam;</dfn></dt>\n\t<dd>Ac ne plura complectar-sunt enim innumerabilia-, bene laudata virtus voluptatis aditus intercludat necesse est.</dd>\n\t<dt><dfn>Immo alio genere;</dfn></dt>\n\t<dd>Pisone in eo gymnasio, quod Ptolomaeum vocatur, unaque nobiscum Q.</dd>\n\t<dt><dfn>Stoicos roga.</dfn></dt>\n\t<dd>Potius inflammat, ut coercendi magis quam dedocendi esse videantur.</dd>\n</dl>\n\n\n",
    "creation_date": "2018/10/26 17:58:42.344139 GMT-4",
    "_uid": "a0ae85e1b5424f4199a87fde6df3b8d5",
    "expirationDate": "None",
    "_content_type_id": "text/plain",
    "id": "curae-augue-eros-pulvinar-sed.",
    "subject": [],
    "effectiveDate": "None",
    "title": "Curae augue eros pulvinar sed.",
    "_ac_local_roles": {
        "admin": [
            "Owner"
        ]
    },
    "_content_type_language": "text/plain",
    "_defaultpage": "",
    "location": "Lorem purus nisi non montes inceptos suspendisse.",
    "_content_type_title": "text/plain",
    "excludeFromNav": true,
    "presentation": false,
    "_type": "Document",
    "description": "Dolor magna nibh in amet lobortis nonummy posuere mauris ve. Felis curae faucibus ad morbi ut metus turpis pellentesque fringilla nostra proin. Justo etiam tellus aptent suscipit felis in convallis. Velit class. Donec velit orci aliquet ad ante. Vitae proin. Porta metus semper. Morbi purus cursus. Etiam fames vel enim inceptos parturient ultricies ullamcorper cum ante ridiculus libero. Class vitae mauris adipiscing purus viverra sapien quam. Felis nulla maecenas diam sapien magnis lorem parturient pede purus proin nibh vitae cubilia. Etiam class vel leo nec id.",
    "_atrefs": {},
    "_layout": "document_view",
    "_workflow_history": {
        "simple_publication_workflow": [
            {
                "action": null,
                "review_state": "private",
                "actor": "admin",
                "comments": "",
                "time": "2018/10/26 17:58:42.348130 GMT-4"
            },
            {
                "action": "publish",
                "review_state": "published",
                "actor": "admin",
                "comments": "",
                "time": "2018/10/26 17:58:42.954524 GMT-4"
            }
        ]
    },
    "_content_type_rights": "text/plain",
    "_directly_provided": [],
    "language": "en",
    "tableContents": true,
    "_classname": "ATDocument",
    "banner": "<h1>Scisse enim te quis coarguere possit?</h1>\n\n<p>Lorem ipsum dolor sit amet, consectetur adipiscing elit. Quid nunc honeste dicit? Inde igitur, inquit, ordiendum est. Quod ea non occurrentia fingunt, vincunt Aristonem; </p>\n\n<h2>Sed eum qui audiebant, quoad poterant, defendebant sententiam suam.</h2>\n\n<p>Si longus, levis; Itaque his sapiens semper vacabit. Ratio quidem vestra sic cogit. Quid vero? Addidisti ad extremum etiam indoctum fuisse. </p>\n\n<ul>\n\t<li>Quid turpius quam sapientis vitam ex insipientium sermone pendere?</li>\n\t<li>Sin te auctoritas commovebat, nobisne omnibus et Platoni ipsi nescio quem illum anteponebas?</li>\n\t<li>Nam et complectitur verbis, quod vult, et dicit plane, quod intellegam;</li>\n\t<li>Quis est enim, in quo sit cupiditas, quin recte cupidus dici possit?</li>\n</ul>\n\n\n<ol>\n\t<li>Atque haec coniunctio confusioque virtutum tamen a philosophis ratione quadam distinguitur.</li>\n\t<li>Tollitur beneficium, tollitur gratia, quae sunt vincla concordiae.</li>\n\t<li>Tecum optime, deinde etiam cum mediocri amico.</li>\n\t<li>Non potes ergo ista tueri, Torquate, mihi crede, si te ipse et tuas cogitationes et studia perspexeris;</li>\n</ol>\n\n\n<dl>\n\t<dt><dfn>Pollicetur certe.</dfn></dt>\n\t<dd>Sequitur disserendi ratio cognitioque naturae;</dd>\n\t<dt><dfn>Cur iustitia laudatur?</dfn></dt>\n\t<dd>Quis Aristidem non mortuum diligit?</dd>\n</dl>\n\n\n<p>Duo Reges: constructio interrete. Velut ego nunc moveor. Sed in rebus apertissimis nimium longi sumus. Si longus, levis dictata sunt. </p>\n\n",
    "_userdefined_roles": [],
    "_content_type": "text/html",
    "_id": "curae-augue-eros-pulvinar-sed.",
    "modification_date": "2018/10/26 17:58:42.958603 GMT-4",
    "_content_type_banner": "text/html",
    "rights": "Massa morbi. Etiam magna lobortis netus. Dolor magna praesent eni. Fames lorem dis habitant a torquent. Porta purus risus dapibus. Class felis. Ipsum dolor luctus lobortis consequat pellentesque adipiscing orci. Massa ipsum. Purus massa cum nisi accumsan a pellentesque quis velit.",
    "_atbrefs": {},
    "_content_type_description": "text/plain",
    "_owner": "admin",
    "_content_type_location": "text/plain",
    "_permissions": {
        "Modify portal content": {
            "acquire": false,
            "roles": [
                "Editor",
                "Manager",
                "Owner",
                "Site Administrator"
            ]
        },
        "Access contents information": {
            "acquire": false,
            "roles": [
                "Anonymous"
            ]
        },
        "View": {
            "acquire": false,
            "roles": [
                "Anonymous"
            ]
        }
    },
    "_properties": [
        [
            "title",
            "Curae augue eros pulvinar sed.",
            "string"
        ]
    ],
    "allowDiscussion": false,
    "_gopip": 7,
    "creators": [
        "admin"
    ],
    "_path": "/Plone/about/lacus-purus-sit-augue-facilisis-ultricies-pede./nulla-magna-vivamus-eni-inceptos-venenatis./curae-augue-eros-pulvinar-sed."
}