{
    "startDate": "2018/11/06 02:45:14.543990 GMT-4",
    "endDate": "2018/11/07 12:28:35.307514 GMT-4",
    "contributors": [],
    "_content_type_text": "text/html",
    "text": "<h1>Longum est enim ad omnia respondere, quae a te dicta sunt.</h1>\n\n<p>Lorem ipsum dolor sit amet, consectetur adipiscing elit. Duarum enim vitarum nobis erunt instituta capienda. Quibus ego vehementer assentior. Cave putes quicquam esse verius. Duo Reges: constructio interrete. </p>\n\n<ul>\n\t<li>Numquam facies.</li>\n\t<li>Quid enim me prohiberet Epicureum esse, si probarem, quae ille diceret?</li>\n\t<li>Nos autem non solum beatae vitae istam esse oblectationem videmus, sed etiam levamentum miseriarum.</li>\n</ul>\n\n\n<p>Deinde disputat, quod cuiusque generis animantium statui deceat extremum. Ipse Epicurus fortasse redderet, ut Sextus Peducaeus, Sex. Quare attende, quaeso. Et quidem, inquit, vehementer errat; </p>\n\n<dl>\n\t<dt><dfn>Ita prorsus, inquam;</dfn></dt>\n\t<dd>Neminem videbis ita laudatum, ut artifex callidus comparandarum voluptatum diceretur.</dd>\n\t<dt><dfn>Falli igitur possumus.</dfn></dt>\n\t<dd>Si mala non sunt, iacet omnis ratio Peripateticorum.</dd>\n\t<dt><dfn>Tubulo putas dicere?</dfn></dt>\n\t<dd>Sed tamen enitar et, si minus multa mihi occurrent, non fugiam ista popularia.</dd>\n\t<dt><dfn>Optime, inquam.</dfn></dt>\n\t<dd>Cum sciret confestim esse moriendum eamque mortem ardentiore studio peteret, quam Epicurus voluptatem petendam putat.</dd>\n\t<dt><dfn>Peccata paria.</dfn></dt>\n\t<dd>Superiores tres erant, quae esse possent, quarum est una sola defensa, eaque vehementer.</dd>\n\t<dt><dfn>Contineo me ab exemplis.</dfn></dt>\n\t<dd>Ex quo, id quod omnes expetunt, beate vivendi ratio inveniri et comparari potest.</dd>\n</dl>\n\n\n<h2>At enim, qua in vita est aliquid mali, ea beata esse non potest.</h2>\n\n<p>Si quicquam extra virtutem habeatur in bonis. An nisi populari fama? Philosophi autem in suis lectulis plerumque moriuntur. <a href='http://loripsum.net/' target='_blank'>Sint ista Graecorum;</a> </p>\n\n<ol>\n\t<li>At cum de plurimis eadem dicit, tum certe de maximis.</li>\n\t<li>Haec para/doca illi, nos admirabilia dicamus.</li>\n</ol>\n\n\n",
    "eventUrl": "http://en.wikipedia.com/wiki/Lorem_ipsum",
    "creation_date": "2018/10/26 17:58:45.378478 GMT-4",
    "contactEmail": "loremipsum@mail.com",
    "_uid": "9a33d3713b2d4d409ffbbce5c8400bea",
    "expirationDate": "None",
    "contactName": "Massa lacus libero taciti eros amet tristique tempus sociosqu et dolor.",
    "_content_type_id": "text/plain",
    "contactPhone": "Justo proin ligula nibh congue mus orci nam ante vestibulum litora.",
    "id": "donec-fusce-nostra-aenean-lobortis-lacus-conubia-ad-ac.",
    "subject": [],
    "attendees": [],
    "effectiveDate": "None",
    "title": "Donec fusce nostra aenean lobortis lacus conubia ad ac.",
    "_content_type_contactPhone": "text/plain",
    "_content_type_eventUrl": "text/plain",
    "_content_type_language": "text/plain",
    "_defaultpage": "",
    "location": "Proin class dapibus sit varius eu neque ac et ante nisl.",
    "_content_type_title": "text/plain",
    "excludeFromNav": false,
    "_content_type_contactName": "text/plain",
    "_type": "Event",
    "description": "Metus felis bibendum facilisis consectetuer integer amet augue risus. Lacus massa. Nulla etiam auctor aenean nisi nostra justo felis dui netus. Curae velit. Nulla lacus purus hac duis varius ad ut dignissim condimentum proin. Ipsum donec. Curae nulla congue porta condimentum nibh orci nam. Lorem augue. Dolor nulla porta nullam magna eni. Morbi proin. Felis morbi est elit sem laoreet class in nisl eu netus. Justo donec magnis interdum purus eu hendrerit condimentum. Netus risus taciti convallis at. Morbi dolor odio libero natoque. Risus vitae facilisi nulla penatibus suspendisse metus. Morbi magna eleifend vitae lacinia cursus.",
    "_atrefs": {},
    "_layout": "event_view",
    "_workflow_history": {
        "simple_publication_workflow": [
            {
                "action": null,
                "review_state": "private",
                "actor": "admin",
                "comments": "",
                "time": "2018/10/26 17:58:45.382072 GMT-4"
            },
            {
                "action": "publish",
                "review_state": "published",
                "actor": "admin",
                "comments": "",
                "time": "2018/10/26 17:58:45.710024 GMT-4"
            }
        ]
    },
    "_content_type_rights": "text/plain",
    "_directly_provided": [],
    "_classname": "ATEvent",
    "_userdefined_roles": [],
    "_content_type_contactEmail": "text/plain",
    "_content_type": "text/html",
    "_id": "donec-fusce-nostra-aenean-lobortis-lacus-conubia-ad-ac.",
    "modification_date": "2018/10/26 17:58:45.714081 GMT-4",
    "language": "en",
    "rights": "Fusce donec ornare donec parturient ut molestie sapien integer. Ipsum magna sit porta lorem mollis elit dui ve volutpat pulvinar. Metus massa aenean proin platea magnis porta porttitor sed urna duis gravida et est. Felis fames. Augue vitae eni fermentum lectus parturient pellentesque quisque etiam ut. Ipsum felis integer tristique primis tortor dui cras adipiscing sed velit. Lacus ipsum. Class netus. Fames proin arcu quam lacinia lorem urna. Proin velit nibh torquent gravida conubia placerat fusce at. Metus lorem cursus justo imperdiet per morbi euismod dictum felis aptent. Neque etiam nam nisi lobortis massa leo nisi vestibulum cursus nulla. Augue netus justo magnis ve elit praesent est. Ipsum porta elementum molestie velit ornare dolor condimentum ut. Etiam risus. Donec massa senectus parturient aptent id molestie nonummy facilisi cubilia proin. Dolor massa per.",
    "_atbrefs": {},
    "_content_type_description": "text/plain",
    "_owner": "admin",
    "_content_type_location": "text/plain",
    "_permissions": {
        "Modify portal content": {
            "acquire": false,
            "roles": [
                "Editor",
                "Manager",
                "Owner",
                "Site Administrator"
            ]
        },
        "Access contents information": {
            "acquire": false,
            "roles": [
                "Anonymous"
            ]
        },
        "View": {
            "acquire": false,
            "roles": [
                "Anonymous"
            ]
        }
    },
    "_properties": [
        [
            "title",
            "Donec fusce nostra aenean lobortis lacus conubia ad ac.",
            "string"
        ]
    ],
    "allowDiscussion": false,
    "_gopip": 11,
    "creators": [
        "admin"
    ],
    "_ac_local_roles": {
        "admin": [
            "Owner"
        ]
    },
    "_path": "/Plone/about/lacus-purus-sit-augue-facilisis-ultricies-pede./nulla-magna-vivamus-eni-inceptos-venenatis./donec-fusce-nostra-aenean-lobortis-lacus-conubia-ad-ac."
}