{
    "startDate": "2018/11/14 05:51:43.741214 GMT-4",
    "endDate": "2018/11/15 05:32:56.979408 GMT-4",
    "contributors": [],
    "_content_type_text": "text/html",
    "text": "<h1>Quamquam te quidem video minime esse deterritum.</h1>\n\n<p>Lorem ipsum dolor sit amet, consectetur adipiscing elit. Quo tandem modo? Duo Reges: constructio interrete. Sed ego in hoc resisto; Gloriosa ostentatio in constituendo summo bono. Pauca mutat vel plura sane; </p>\n\n<dl>\n\t<dt><dfn>Sit sane ista voluptas.</dfn></dt>\n\t<dd>Post enim Chrysippum eum non sane est disputatum.</dd>\n\t<dt><dfn>Sed nimis multa.</dfn></dt>\n\t<dd>Quos quidem tibi studiose et diligenter tractandos magnopere censeo.</dd>\n\t<dt><dfn>Non igitur bene.</dfn></dt>\n\t<dd>Quid enim me prohiberet Epicureum esse, si probarem, quae ille diceret?</dd>\n</dl>\n\n\n<ol>\n\t<li>Hoc dixerit potius Ennius: Nimium boni est, cui nihil est mali.</li>\n\t<li>Nec mihi illud dixeris: Haec enim ipsa mihi sunt voluptati, et erant illa Torquatis.</li>\n\t<li>Hoc non est positum in nostra actione.</li>\n\t<li>Quam nemo umquam voluptatem appellavit, appellat;</li>\n</ol>\n\n\n<ul>\n\t<li>Quid est igitur, inquit, quod requiras?</li>\n\t<li>Illis videtur, qui illud non dubitant bonum dicere -;</li>\n\t<li>Non semper, inquam;</li>\n\t<li>Ut pulsi recurrant?</li>\n</ul>\n\n\n<p>Aut unde est hoc contritum vetustate proverbium: quicum in tenebris? <a href='http://loripsum.net/' target='_blank'>Praeclarae mortes sunt imperatoriae;</a> An haec ab eo non dicuntur? <a href='http://loripsum.net/' target='_blank'>Quae diligentissime contra Aristonem dicuntur a Chryippo.</a> Collige omnia, quae soletis: Praesidium amicorum. Aufert enim sensus actionemque tollit omnem. </p>\n\n<h2>Maximas vero virtutes iacere omnis necesse est voluptate dominante.</h2>\n\n<p><a href='http://loripsum.net/' target='_blank'>Quis non odit sordidos, vanos, leves, futtiles?</a> Haec para/doca illi, nos admirabilia dicamus. </p>\n\n",
    "eventUrl": "http://en.wikipedia.com/wiki/Lorem_ipsum",
    "creation_date": "2018/10/26 17:58:48.106438 GMT-4",
    "contactEmail": "loremipsum@mail.com",
    "_uid": "97516c556c5345e08f0cf2bdc60c0cde",
    "expirationDate": "None",
    "contactName": "Neque felis a vivamus ut nec ve facilisi lacus.",
    "_content_type_id": "text/plain",
    "contactPhone": "Class proin viverra duis a lorem iaculis erat odio laoreet.",
    "id": "lacus-felis.",
    "subject": [],
    "attendees": [],
    "effectiveDate": "None",
    "title": "Lacus felis.",
    "_content_type_contactPhone": "text/plain",
    "_content_type_eventUrl": "text/plain",
    "_content_type_language": "text/plain",
    "_defaultpage": "",
    "location": "Fames lorem scelerisque sit aptent iaculis ac cras cum.",
    "_content_type_title": "text/plain",
    "excludeFromNav": true,
    "_content_type_contactName": "text/plain",
    "_type": "Event",
    "description": "Proin augue hymenaeos condimentum. Lorem vitae. Neque dolor senectus in felis dignissim justo sed. Fusce nulla nunc dolor ve per curabitur lobortis ut mattis eget scelerisque conubia fusce. Neque purus eros elementum mattis maecenas vestibulum montes ut accumsan posuere. Donec felis litora. Proin nulla maecenas in justo quam nunc. Velit risus praesent netus et aptent felis et. Netus fusce sit eros urna parturient ve magnis. Morbi justo cursus at rutrum vehicula duis ultrices fusce donec ipsum.",
    "_atrefs": {},
    "_layout": "event_view",
    "_workflow_history": {
        "simple_publication_workflow": [
            {
                "action": null,
                "review_state": "private",
                "actor": "admin",
                "comments": "",
                "time": "2018/10/26 17:58:48.110790 GMT-4"
            },
            {
                "action": "publish",
                "review_state": "published",
                "actor": "admin",
                "comments": "",
                "time": "2018/10/26 17:58:48.435764 GMT-4"
            }
        ]
    },
    "_content_type_rights": "text/plain",
    "_directly_provided": [],
    "_classname": "ATEvent",
    "_userdefined_roles": [],
    "_content_type_contactEmail": "text/plain",
    "_content_type": "text/html",
    "_id": "lacus-felis.",
    "modification_date": "2018/10/26 17:58:48.439489 GMT-4",
    "language": "en",
    "rights": "Morbi ipsum nibh metus viverra dictum justo in rutrum dui commodo. Class morbi felis per hymenaeos. Neque magna nec porta feugiat hendrerit ad morbi hymenaeos eleifend ve etiam auctor primis. Risus lacus inceptos vestibulum. Donec metus. Etiam curae nostra. Class metus velit amet duis sed arcu ipsum. Massa ipsum. Neque donec urna placerat. Nulla fames interdum parturient nostra. Etiam fusce curae eget conubia nunc elit natoque. Donec lacus fames porttitor gravida lorem eu auctor hendrerit habitasse vitae cras facilisi condimentum. Velit nulla tortor interdum ve fames tempor phasellus eni consectetuer felis. Lacus etiam pharetra mi massa id quis id proin scelerisque inceptos donec. Magna ipsum hac enim nisi vestibulum ad nisl nunc donec cubilia conubia.",
    "_atbrefs": {},
    "_content_type_description": "text/plain",
    "_owner": "admin",
    "_content_type_location": "text/plain",
    "_permissions": {
        "Modify portal content": {
            "acquire": false,
            "roles": [
                "Editor",
                "Manager",
                "Owner",
                "Site Administrator"
            ]
        },
        "Access contents information": {
            "acquire": false,
            "roles": [
                "Anonymous"
            ]
        },
        "View": {
            "acquire": false,
            "roles": [
                "Anonymous"
            ]
        }
    },
    "_properties": [
        [
            "title",
            "Lacus felis.",
            "string"
        ]
    ],
    "allowDiscussion": false,
    "_gopip": 16,
    "creators": [
        "admin"
    ],
    "_ac_local_roles": {
        "admin": [
            "Owner"
        ]
    },
    "_path": "/Plone/about/lacus-purus-sit-augue-facilisis-ultricies-pede./nulla-magna-vivamus-eni-inceptos-venenatis./lacus-felis."
}