{
    "contributors": [],
    "creation_date": "2018/10/26 17:58:51.349081 GMT-4",
    "_uid": "4221eb15e1d343abbfe3b063c2e83a72",
    "expirationDate": "None",
    "_content_type_id": "text/plain",
    "id": "augue-netus-rutrum-suspendisse-class-tristique-nostra-velit-metus-magna-rutrum.",
    "subject": [],
    "modification_date": "2018/10/26 17:58:51.397046 GMT-4",
    "title": "Augue netus rutrum suspendisse class tristique nostra velit metus magna rutrum.",
    "_ac_local_roles": {
        "admin": [
            "Owner"
        ]
    },
    "_content_type_language": "text/plain",
    "_defaultpage": "index_html",
    "location": "Morbi justo.",
    "_content_type_title": "text/plain",
    "excludeFromNav": false,
    "_atbrefs": {},
    "_type": "File",
    "description": "Porta proin tortor. Felis donec. Lacus felis. Porta purus integer. Netus lacus molestie vel viverra nulla diam pede. Vitae etiam amet primis platea sodales mi pede tincidunt facilisi. Curae ipsum metus vel per ve facilisis orci ante. Lorem donec condimentum habitant dapibus vivamus congue nisi eu lacus at quam. Massa justo scelerisque torquent curabitur. Neque curae sit proin per nunc ve duis nam mauris. Metus velit. Morbi felis. Porta dolor montes. Ipsum massa lacinia aptent ut fusce id pellentesque euismod nam. Justo morbi.",
    "_atrefs": {},
    "_layout": "file_view",
    "_workflow_history": {
        "simple_publication_workflow": [
            {
                "action": null,
                "review_state": "private",
                "actor": "admin",
                "comments": "",
                "time": "2018/10/26 17:58:36.203027 GMT-4"
            },
            {
                "action": "publish",
                "review_state": "published",
                "actor": "admin",
                "comments": "",
                "time": "2018/10/26 17:58:36.521188 GMT-4"
            }
        ]
    },
    "_datafield_file": {
        "encoding": "base64",
        "filename": "etiam..dat",
        "data": "R0lGODlhAQABAPAAAPj8+AAAACH5BAEAAAAALAAAAAABAAEAAAICRAEAOw==",
        "content_type": "chemical/x-mopac-input",
        "size": [
            1,
            1
        ]
    },
    "_content_type_rights": "text/plain",
    "_classname": "ATBlob",
    "_directly_provided": [
        "plone.app.blob.interfaces.IATBlobFile",
        "Products.ATContentTypes.interfaces.file.IATFile",
        "Products.ATContentTypes.interfaces.file.IFileContent"
    ],
    "_userdefined_roles": [],
    "_content_type": "chemical/x-mopac-input",
    "_id": "augue-netus-rutrum-suspendisse-class-tristique-nostra-velit-metus-magna-rutrum.",
    "effectiveDate": "None",
    "language": "en",
    "rights": "Felis massa diam et amet. Massa nulla laoreet purus quam nonummy in nec imperdiet urna dignissim. Lorem porta. Justo class. Purus class blandit cursus nostra. Etiam curae eget. Magna velit magna accumsan ve per malesuada nisi duis. Etiam felis luctus. Dolor class curae sodales penatibus dui proin mattis condimentum class habitasse. Lacus purus pede accumsan suspendisse senectus curabitur a dolor. Curae dolor diam mollis sit amet elit porta conubia pretium lobortis ut condimentum id litora. Purus justo pulvinar enim dui lacus mus eros tristique imperdiet. Neque augue est amet sodales a ligula hendrerit id nullam conubia mollis est iaculis enim bibendum eni amet pellentesque in fusce sapien malesuada pulvinar ac risus. Netus donec proin dui integer varius nisl aptent habitasse accumsan. Fusce netus risus nullam magna in venenatis fusce etiam. Justo neque fringilla nunc. Justo magna sagittis adipiscing montes curae adipiscing nisi porta rhoncus commodo tellus.",
    "_content_type_description": "text/plain",
    "_owner": "admin",
    "_content_type_location": "text/plain",
    "_permissions": {},
    "_properties": [
        [
            "title",
            "Augue netus rutrum suspendisse class tristique nostra velit metus magna rutrum.",
            "string"
        ]
    ],
    "allowDiscussion": false,
    "_gopip": 24,
    "creators": [
        "admin"
    ],
    "_path": "/Plone/about/lacus-purus-sit-augue-facilisis-ultricies-pede./nulla-magna-vivamus-eni-inceptos-venenatis./augue-netus-rutrum-suspendisse-class-tristique-nostra-velit-metus-magna-rutrum."
}