{
    "locallyAllowedTypes": [
        "Document",
        "Event",
        "File",
        "Folder",
        "Image",
        "Link",
        "News Item",
        "Collection"
    ],
    "contributors": [],
    "creation_date": "2018/10/26 17:58:56.795384 GMT-4",
    "_uid": "c84a062524e44fdb8e644d6dcfbb2855",
    "expirationDate": "None",
    "_content_type_id": "text/plain",
    "immediatelyAddableTypes": [
        "Document",
        "Event",
        "File",
        "Folder",
        "Image",
        "Link",
        "News Item",
        "Collection"
    ],
    "id": "donec-fusce-vitae-per-risus.",
    "subject": [],
    "modification_date": "2018/10/26 17:58:57.130743 GMT-4",
    "title": "Donec fusce vitae per risus.",
    "_ac_local_roles": {
        "admin": [
            "Owner"
        ]
    },
    "_content_type_language": "text/plain",
    "_defaultpage": "",
    "location": "Purus dolor cursus neque ligula.",
    "_content_type_title": "text/plain",
    "excludeFromNav": true,
    "_atbrefs": {},
    "constrainTypesMode": -1,
    "_type": "Folder",
    "description": "Velit lacus etiam hymenaeos. Dolor justo eleifend nibh dis justo. Netus metus. Nulla fusce. Augue magna fames tellus. Risus massa non elit. Velit class. Dolor magna nascetur nam pretium et leo. Ipsum metus bibendum quis litora euismod taciti pede odio consequat pellentesque posuere habitant id. Risus felis luctus sit parturient venenatis vitae. Vitae nulla eros erat eros risus suscipit adipiscing tempor eget. Velit fusce mauris porta gravida nam dictumst risus fringilla nullam. Donec velit massa. Justo nulla vel erat eros eget enim curae eu. Netus purus facilisis diam natoque lectus. Purus etiam.",
    "_atrefs": {},
    "_layout": "folder_listing",
    "_workflow_history": {
        "simple_publication_workflow": [
            {
                "action": null,
                "review_state": "private",
                "actor": "admin",
                "comments": "",
                "time": "2018/10/26 17:58:56.801418 GMT-4"
            },
            {
                "action": "publish",
                "review_state": "published",
                "actor": "admin",
                "comments": "",
                "time": "2018/10/26 17:58:57.124877 GMT-4"
            }
        ]
    },
    "_content_type_rights": "text/plain",
    "_directly_provided": [],
    "language": "en",
    "_classname": "ATFolder",
    "banner": "<h1>Hic nihil fuit, quod quaereremus.</h1>\n\n<p>Lorem ipsum dolor sit amet, consectetur adipiscing elit. Primum in nostrane potestate est, quid meminerimus? Hunc vos beatum; Qui est in parvis malis. </p>\n\n<h2>Sed residamus, inquit, si placet.</h2>\n\n<p>Tu enim ista lenius, hic Stoicorum more nos vexat. Sed videbimus. Duo Reges: constructio interrete. Utram tandem linguam nescio? Quid est igitur, inquit, quod requiras? Age, inquies, ista parva sunt. Ait enim se, si uratur, Quam hoc suave! dicturum. </p>\n\n<dl>\n\t<dt><dfn>Nos commodius agimus.</dfn></dt>\n\t<dd>Addidisti ad extremum etiam indoctum fuisse.</dd>\n\t<dt><dfn>Sed videbimus.</dfn></dt>\n\t<dd>Quod autem meum munus dicis non equidem recuso, sed te adiungo socium.</dd>\n\t<dt><dfn>Erat enim Polemonis.</dfn></dt>\n\t<dd>Prave, nequiter, turpiter cenabat;</dd>\n\t<dt><dfn>Quo tandem modo?</dfn></dt>\n\t<dd>Id enim volumus, id contendimus, ut officii fructus sit ipsum officium.</dd>\n\t<dt><dfn>Perge porro;</dfn></dt>\n\t<dd>Non est ista, inquam, Piso, magna dissensio.</dd>\n\t<dt><dfn>Avaritiamne minuis?</dfn></dt>\n\t<dd>Conferam avum tuum Drusum cum C.</dd>\n</dl>\n\n\n<ol>\n\t<li>Sin kakan malitiam dixisses, ad aliud nos unum certum vitium consuetudo Latina traduceret.</li>\n\t<li>Theophrastus mediocriterne delectat, cum tractat locos ab Aristotele ante tractatos?</li>\n\t<li>Atque ab isto capite fluere necesse est omnem rationem bonorum et malorum.</li>\n\t<li>Quod non subducta utilitatis ratione effici solet, sed ipsum a se oritur et sua sponte nascitur.</li>\n</ol>\n\n\n<p>Ratio quidem vestra sic cogit. Quid autem habent admirationis, cum prope accesseris? Quis est tam dissimile homini. Hoc simile tandem est? At certe gravius. </p>\n\n<ul>\n\t<li>His singulis copiose responderi solet, sed quae perspicua sunt longa esse non debent.</li>\n\t<li>Fatebuntur Stoici haec omnia dicta esse praeclare, neque eam causam Zenoni desciscendi fuisse.</li>\n\t<li>Itaque eo, quale sit, breviter, ut tempus postulat, constituto accedam ad omnia tua, Torquate, nisi memoria forte defecerit.</li>\n\t<li>Nulla erit controversia.</li>\n\t<li>At iste non dolendi status non vocatur voluptas.</li>\n\t<li>Quamquam haec quidem praeposita recte et reiecta dicere licebit.</li>\n</ul>\n\n\n",
    "_userdefined_roles": [],
    "_content_type": "text/plain",
    "_id": "donec-fusce-vitae-per-risus.",
    "nextPreviousEnabled": false,
    "effectiveDate": "None",
    "_content_type_banner": "text/html",
    "rights": "Porta donec condimentum elit enim cum quis a nisl vitae gravida per curabitur iaculis nullam mi. Etiam vitae sed quam quis quisque amet eu dui. Risus purus aliquet senectus cras odio augue eget eni curae commodo per nascetur. Purus etiam ipsum dolor donec odio a ipsum id metus nec lacus velit. Proin donec. Proin justo auctor proin dolor sapien fusce aliquet. Velit massa. Dolor massa placerat phasellus class pretium rhoncus. Fusce proin torquent in curae in duis volutpat sapien mollis sagittis. Velit risus dui orci. Nulla fusce porta non nostra ut torquent feugiat iaculis quam litora massa. Velit nulla. Vitae ipsum ullamcorper senectus. Netus porta lacus volutpat magna pulvinar lorem per pede fusce cras posuere blandit libero arcu ad porttitor laoreet.",
    "_content_type_description": "text/plain",
    "_owner": "admin",
    "_content_type_location": "text/plain",
    "_permissions": {
        "Change portal events": {
            "acquire": false,
            "roles": [
                "Editor",
                "Manager",
                "Owner",
                "Site Administrator"
            ]
        },
        "Modify portal content": {
            "acquire": false,
            "roles": [
                "Editor",
                "Manager",
                "Owner",
                "Site Administrator"
            ]
        },
        "Access contents information": {
            "acquire": false,
            "roles": [
                "Anonymous"
            ]
        },
        "View": {
            "acquire": false,
            "roles": [
                "Anonymous"
            ]
        }
    },
    "_properties": [
        [
            "title",
            "Donec fusce vitae per risus.",
            "string"
        ]
    ],
    "allowDiscussion": false,
    "_gopip": 39,
    "creators": [
        "admin"
    ],
    "_path": "/Plone/about/lacus-purus-sit-augue-facilisis-ultricies-pede./nulla-magna-vivamus-eni-inceptos-venenatis./donec-fusce-vitae-per-risus."
}