{
    "contributors": [],
    "creation_date": "2018/10/26 17:59:0.693784 GMT-4",
    "_uid": "ea9600a18cac43c39a49cada33575add",
    "expirationDate": "None",
    "_content_type_id": "text/plain",
    "id": "neque-vitae-sem.",
    "subject": [],
    "modification_date": "2018/10/26 17:59:0.735463 GMT-4",
    "title": "Neque vitae sem.",
    "_ac_local_roles": {
        "admin": [
            "Owner"
        ]
    },
    "_content_type_language": "text/plain",
    "_defaultpage": "",
    "location": "Curae purus.",
    "_content_type_title": "text/plain",
    "excludeFromNav": false,
    "_atbrefs": {},
    "_type": "Link",
    "description": "Risus fames. Curae velit. Fusce fames. Augue ipsum eleifend felis. Magna ipsum ante risus aliquam eu eleifend quis. Metus donec metus a vivamus sapien mi mattis fames hendrerit pretium. Lacus lorem primis sollicitudin feugiat. Proin class. Velit netus accumsan urna. Fames donec. Ipsum felis interdum per cubilia sociosqu. Lorem justo nam quis et consectetuer cubilia curabitur dictumst purus neque. Curae ipsum erat natoque cum.",
    "_atrefs": {},
    "_layout": "link_redirect_view",
    "_workflow_history": {
        "simple_publication_workflow": [
            {
                "action": null,
                "review_state": "private",
                "actor": "admin",
                "comments": "",
                "time": "2018/10/26 17:59:0.697038 GMT-4"
            },
            {
                "action": "publish",
                "review_state": "published",
                "actor": "admin",
                "comments": "",
                "time": "2018/10/26 17:59:0.731863 GMT-4"
            }
        ]
    },
    "_content_type_rights": "text/plain",
    "_directly_provided": [],
    "_content_type_remoteUrl": "text/plain",
    "_classname": "ATLink",
    "_userdefined_roles": [],
    "_content_type": "text/plain",
    "_id": "neque-vitae-sem.",
    "remoteUrl": "Nulla%20purus.",
    "effectiveDate": "None",
    "language": "en",
    "rights": "Porta velit netus potenti tempus sed interdum tristique nibh tristique hac. Risus fusce odio at morbi sollicitudin interdum massa. Magna felis est. Augue netus orci condimentum feugiat curae leo class porttitor litora parturient pellentesque. Etiam risus. Felis magna habitant massa. Felis fames egestas leo vestibulum. Fusce curae sapien felis scelerisque. Risus morbi. Lacus lorem sit vel nam. Proin neque sociis consectetuer. Metus proin euismod turpis facilisis lorem dis facilisis purus. Fusce neque vitae class vel facilisi feugiat. Dolor purus. Proin class elementum ultrices tortor nonummy at praesent.",
    "_content_type_description": "text/plain",
    "_owner": "admin",
    "_content_type_location": "text/plain",
    "_permissions": {
        "Modify portal content": {
            "acquire": false,
            "roles": [
                "Editor",
                "Manager",
                "Owner",
                "Site Administrator"
            ]
        },
        "Access contents information": {
            "acquire": false,
            "roles": [
                "Anonymous"
            ]
        },
        "View": {
            "acquire": false,
            "roles": [
                "Anonymous"
            ]
        }
    },
    "_properties": [
        [
            "title",
            "Neque vitae sem.",
            "string"
        ]
    ],
    "allowDiscussion": false,
    "_gopip": 52,
    "creators": [
        "admin"
    ],
    "_path": "/Plone/about/lacus-purus-sit-augue-facilisis-ultricies-pede./nulla-magna-vivamus-eni-inceptos-venenatis./neque-vitae-sem."
}