{
    "contributors": [],
    "creation_date": "2018/10/26 17:59:0.837226 GMT-4",
    "_uid": "af5c4e5ac3164b8aa462cb0937fdcce4",
    "expirationDate": "None",
    "_content_type_id": "text/plain",
    "id": "neque-porta-risus-aptent-ligula-et.",
    "subject": [],
    "modification_date": "2018/10/26 17:59:0.878600 GMT-4",
    "title": "Neque porta risus aptent ligula et.",
    "_ac_local_roles": {
        "admin": [
            "Owner"
        ]
    },
    "_content_type_language": "text/plain",
    "_defaultpage": "",
    "location": "Fusce ipsum vel phasellus conubia nam.",
    "_content_type_title": "text/plain",
    "excludeFromNav": true,
    "_atbrefs": {},
    "_type": "Link",
    "description": "Proin neque sodales orci augue porttitor enim. Donec neque eleifend curae a eget adipiscing. Lorem dolor hac quam diam venenatis luctus metus nascetur magna. Etiam magna. Dolor class potenti rhoncus elit tempor ac eu arcu massa conubia nulla elit. Neque morbi ligula lacinia vivamus. Fames ipsum mauris ac. Justo vitae volutpat dolor primis sociis penatibus placerat velit tincidunt. Purus felis aliquam.",
    "_atrefs": {},
    "_layout": "link_redirect_view",
    "_workflow_history": {
        "simple_publication_workflow": [
            {
                "action": null,
                "review_state": "private",
                "actor": "admin",
                "comments": "",
                "time": "2018/10/26 17:59:0.840326 GMT-4"
            },
            {
                "action": "publish",
                "review_state": "published",
                "actor": "admin",
                "comments": "",
                "time": "2018/10/26 17:59:0.875365 GMT-4"
            }
        ]
    },
    "_content_type_rights": "text/plain",
    "_directly_provided": [],
    "_content_type_remoteUrl": "text/plain",
    "_classname": "ATLink",
    "_userdefined_roles": [],
    "_content_type": "text/plain",
    "_id": "neque-porta-risus-aptent-ligula-et.",
    "remoteUrl": "Lacus%20neque%20semper%20tempor%20pretium.",
    "effectiveDate": "None",
    "language": "en",
    "rights": "Metus dolor enim elit est. Fames dolor arcu sociosqu a consectetuer nisi. Lacus augue sodales nisl at consectetuer aptent. Vitae augue litora lobortis ridiculus consectetuer adipiscing. Proin ipsum aenean consequat rhoncus hac venenatis auctor. Velit lorem felis. Magna dolor vulputate vivamus urna ut nibh in dui nibh mus aliquam massa ad. Nulla etiam placerat sit sodales ipsum proin elit morbi tempor enim fringilla. Netus justo pharetra etiam euismod elit. Lorem augue per nisl tortor venenatis ut ultricies porta. Risus lacus felis enim. Justo etiam varius auctor purus id diam facilisis luctus litora tristique. Dolor neque taciti. Proin donec nascetur vulputate et. Purus felis sed fames consequat eni non phasellus.",
    "_content_type_description": "text/plain",
    "_owner": "admin",
    "_content_type_location": "text/plain",
    "_permissions": {
        "Modify portal content": {
            "acquire": false,
            "roles": [
                "Editor",
                "Manager",
                "Owner",
                "Site Administrator"
            ]
        },
        "Access contents information": {
            "acquire": false,
            "roles": [
                "Anonymous"
            ]
        },
        "View": {
            "acquire": false,
            "roles": [
                "Anonymous"
            ]
        }
    },
    "_properties": [
        [
            "title",
            "Neque porta risus aptent ligula et.",
            "string"
        ]
    ],
    "allowDiscussion": false,
    "_gopip": 53,
    "creators": [
        "admin"
    ],
    "_path": "/Plone/about/lacus-purus-sit-augue-facilisis-ultricies-pede./nulla-magna-vivamus-eni-inceptos-venenatis./neque-porta-risus-aptent-ligula-et."
}