{
    "contributors": [],
    "creation_date": "2018/10/26 17:59:1.166526 GMT-4",
    "_uid": "74aae3ad04ff49c48f91bd70abe17d28",
    "expirationDate": "None",
    "_content_type_id": "text/plain",
    "id": "etiam-justo-nec-arcu-sociosqu-nunc.",
    "subject": [],
    "modification_date": "2018/10/26 17:59:1.209399 GMT-4",
    "title": "Etiam justo nec arcu sociosqu nunc.",
    "_ac_local_roles": {
        "admin": [
            "Owner"
        ]
    },
    "_content_type_language": "text/plain",
    "_defaultpage": "",
    "location": "Justo neque metus litora primis.",
    "_content_type_title": "text/plain",
    "excludeFromNav": true,
    "_atbrefs": {},
    "_type": "Link",
    "description": "Velit nulla. Lorem felis placerat ad auctor phasellus. Magna ipsum. Fames proin. Fusce magna. Risus curae leo nisl pellentesque sagittis justo. Class felis laoreet non id. Lorem class eni orci venenatis lectus ligula. Fusce nulla porta torquent curae dignissim adipiscing. Neque porta felis conubia etiam fames feugiat dui eleifend justo primis. Nulla augue a laoreet litora netus. Curae massa.",
    "_atrefs": {},
    "_layout": "link_redirect_view",
    "_workflow_history": {
        "simple_publication_workflow": [
            {
                "action": null,
                "review_state": "private",
                "actor": "admin",
                "comments": "",
                "time": "2018/10/26 17:59:1.169968 GMT-4"
            },
            {
                "action": "publish",
                "review_state": "published",
                "actor": "admin",
                "comments": "",
                "time": "2018/10/26 17:59:1.205444 GMT-4"
            }
        ]
    },
    "_content_type_rights": "text/plain",
    "_directly_provided": [],
    "_content_type_remoteUrl": "text/plain",
    "_classname": "ATLink",
    "_userdefined_roles": [],
    "_content_type": "text/plain",
    "_id": "etiam-justo-nec-arcu-sociosqu-nunc.",
    "remoteUrl": "Ipsum%20massa%20sem%20magna%20convallis%20adipiscing%20quis%20dictum%20vivamus.",
    "effectiveDate": "None",
    "language": "en",
    "rights": "Lacus netus. Porta class mus cum sollicitudin vitae nibh a nisl. Etiam class volutpat fusce faucibus lacus id leo elit orci laoreet. Justo magna ante tempus ac dictumst cursus justo consequat ac mattis mi nisl bibendum vivamus. Etiam donec dis duis eget viverra mi mollis et. Metus porta enim accumsan condimentum dui mauris in pharetra. Metus purus. Purus vitae orci lacinia eu ad morbi id ipsum consectetuer.",
    "_content_type_description": "text/plain",
    "_owner": "admin",
    "_content_type_location": "text/plain",
    "_permissions": {
        "Modify portal content": {
            "acquire": false,
            "roles": [
                "Editor",
                "Manager",
                "Owner",
                "Site Administrator"
            ]
        },
        "Access contents information": {
            "acquire": false,
            "roles": [
                "Anonymous"
            ]
        },
        "View": {
            "acquire": false,
            "roles": [
                "Anonymous"
            ]
        }
    },
    "_properties": [
        [
            "title",
            "Etiam justo nec arcu sociosqu nunc.",
            "string"
        ]
    ],
    "allowDiscussion": false,
    "_gopip": 55,
    "creators": [
        "admin"
    ],
    "_path": "/Plone/about/lacus-purus-sit-augue-facilisis-ultricies-pede./nulla-magna-vivamus-eni-inceptos-venenatis./etiam-justo-nec-arcu-sociosqu-nunc."
}