{
    "contributors": [],
    "creation_date": "2018/10/26 17:59:1.822481 GMT-4",
    "_uid": "cd8934a67b5345faad809aca5f137515",
    "expirationDate": "None",
    "_content_type_id": "text/plain",
    "id": "netus-metus-aptent.",
    "subject": [],
    "modification_date": "2018/10/26 17:59:1.873676 GMT-4",
    "title": "Netus metus aptent.",
    "_ac_local_roles": {
        "admin": [
            "Owner"
        ]
    },
    "_content_type_language": "text/plain",
    "_defaultpage": "",
    "location": "Netus fusce.",
    "_content_type_title": "text/plain",
    "excludeFromNav": false,
    "_atbrefs": {},
    "_type": "Link",
    "description": "Fames felis inceptos imperdiet consectetuer iaculis mus ve cras volutpat inceptos etiam lobortis felis elit. Fames neque turpis scelerisque. Lacus etiam dictumst curae augue odio leo metus eros velit ultricies nibh. Etiam neque quis massa fusce nam. Proin netus urna dui a mollis felis purus turpis adipiscing. Magna felis tempus fermentum eni lorem. Fusce purus nisl ullamcorper lacinia scelerisque duis. Porta velit lobortis ad magna enim. Curae augue duis euismod natoque elementum hac enim urna ultrices. Class netus. Morbi purus primis suscipit. Lacus netus est vestibulum convallis class per ante non consectetuer.",
    "_atrefs": {},
    "_layout": "link_redirect_view",
    "_workflow_history": {
        "simple_publication_workflow": [
            {
                "action": null,
                "review_state": "private",
                "actor": "admin",
                "comments": "",
                "time": "2018/10/26 17:59:1.826710 GMT-4"
            },
            {
                "action": "publish",
                "review_state": "published",
                "actor": "admin",
                "comments": "",
                "time": "2018/10/26 17:59:1.867354 GMT-4"
            }
        ]
    },
    "_content_type_rights": "text/plain",
    "_directly_provided": [],
    "_content_type_remoteUrl": "text/plain",
    "_classname": "ATLink",
    "_userdefined_roles": [],
    "_content_type": "text/plain",
    "_id": "netus-metus-aptent.",
    "remoteUrl": "Massa%20curae%20class%20fames%20nec.",
    "effectiveDate": "None",
    "language": "en",
    "rights": "Justo dolor tempor. Nulla porta quisque. Magna proin torquent convallis magnis at dis fermentum pulvinar. Donec morbi elit ve consectetuer mauris sapien sem tempor hac aenean faucibus nonummy ut. Curae lorem. Netus vitae ridiculus consequat lorem justo massa eni eget euismod ve. Etiam lacus lorem conubia quam a eget. Lacus dolor hac ipsum. Class dolor aptent etiam cubilia aenean orci suspendisse egestas. Purus metus. Velit etiam cursus duis eu. Massa neque nostra fames neque platea ridiculus ve justo habitasse. Dolor lacus quam facilisi malesuada mi varius proin. Morbi massa a elit. Vitae etiam cras natoque. Donec porta nostra eu suscipit mus.",
    "_content_type_description": "text/plain",
    "_owner": "admin",
    "_content_type_location": "text/plain",
    "_permissions": {
        "Modify portal content": {
            "acquire": false,
            "roles": [
                "Editor",
                "Manager",
                "Owner",
                "Site Administrator"
            ]
        },
        "Access contents information": {
            "acquire": false,
            "roles": [
                "Anonymous"
            ]
        },
        "View": {
            "acquire": false,
            "roles": [
                "Anonymous"
            ]
        }
    },
    "_properties": [
        [
            "title",
            "Netus metus aptent.",
            "string"
        ]
    ],
    "allowDiscussion": false,
    "_gopip": 59,
    "creators": [
        "admin"
    ],
    "_path": "/Plone/about/lacus-purus-sit-augue-facilisis-ultricies-pede./nulla-magna-vivamus-eni-inceptos-venenatis./netus-metus-aptent."
}