{
    "contributors": [],
    "_content_type_text": "text/html",
    "text": "<h1>Itaque nostrum est-quod nostrum dico, artis est-ad ea principia, quae accepimus.</h1>\n\n<p>Lorem ipsum dolor sit amet, consectetur adipiscing elit. Venit ad extremum; Non est igitur summum malum dolor. Quod quidem iam fit etiam in Academia. Quid, si etiam iucunda memoria est praeteritorum malorum? Duo Reges: constructio interrete. </p>\n\n<h3>Ut nemo dubitet, eorum omnia officia quo spectare, quid sequi, quid fugere debeant?</h3>\n\n<p>Nunc omni virtuti vitium contrario nomine opponitur. Zenonis est, inquam, hoc Stoici. </p>\n\n<ol>\n\t<li>Quo studio cum satiari non possint, omnium ceterarum rerum obliti n\u00edhil abiectum, nihil humile cogitant;</li>\n\t<li>Gracchum patrem non beatiorem fuisse quam fillum, cum alter stabilire rem publicam studuerit, alter evertere.</li>\n\t<li>Illum mallem levares, quo optimum atque humanissimum virum, Cn.</li>\n</ol>\n\n\n<dl>\n\t<dt><dfn>Immo videri fortasse.</dfn></dt>\n\t<dd>Ergo omni animali illud, quod appetiti positum est in eo, quod naturae est accommodatum.</dd>\n\t<dt><dfn>Confecta res esset.</dfn></dt>\n\t<dd>Illa tamen simplicia, vestra versuta.</dd>\n\t<dt><dfn>Eadem fortitudinis ratio reperietur.</dfn></dt>\n\t<dd>Beatus sibi videtur esse moriens.</dd>\n\t<dt><dfn>Easdemne res?</dfn></dt>\n\t<dd>Quis enim confidit semper sibi illud stabile et firmum permansurum, quod fragile et caducum sit?</dd>\n</dl>\n\n\n<ul>\n\t<li>Cuius etiam illi hortuli propinqui non memoriam solum mihi afferunt, sed ipsum videntur in conspectu meo ponere.</li>\n\t<li>Huic ego, si negaret quicquam interesse ad beate vivendum quali uteretur victu, concederem, laudarem etiam;</li>\n\t<li>Quamquam tu hanc copiosiorem etiam soles dicere.</li>\n\t<li>Nemo igitur esse beatus potest.</li>\n</ul>\n\n\n<h2>Quod autem satis est, eo quicquid accessit, nimium est;</h2>\n\n<p>Id mihi magnum videtur. Confecta res esset. <a href='http://loripsum.net/' target='_blank'>Qua tu etiam inprudens utebare non numquam.</a> Hoc sic expositum dissimile est superiori. Dici enim nihil potest verius. Audeo dicere, inquit. </p>\n\n",
    "creation_date": "2018/10/26 17:59:3.042563 GMT-4",
    "imageCaption": "Proin ipsum donec commodo egestas pede arcu in fusce sed enim pellentesque.",
    "expirationDate": "None",
    "_content_type_id": "text/plain",
    "id": "risus-netus-lectus-libero-neque-hac-vestibulum-sapien.",
    "subject": [],
    "modification_date": "2018/10/26 17:59:3.419210 GMT-4",
    "title": "Risus netus lectus libero neque hac vestibulum sapien.",
    "_ac_local_roles": {
        "admin": [
            "Owner"
        ]
    },
    "_content_type_language": "text/plain",
    "_defaultpage": "",
    "location": "Ipsum proin varius ac dolor augue primis.",
    "_content_type_title": "text/plain",
    "excludeFromNav": false,
    "_atbrefs": {},
    "_content_type_imageCaption": "text/plain",
    "_type": "News Item",
    "description": "Purus felis tincidunt mi neque platea in orci molestie ultricies ve lorem. Velit porta. Etiam justo. Felis metus lacus dis erat et sollicitudin cubilia ridiculus sociosqu at scelerisque. Netus nulla donec lectus cras vivamus. Curae neque nam eros quis risus. Risus etiam ultricies amet pede arcu at eni ridiculus hac. Lacus class ornare quisque sodales. Netus purus. Ipsum massa senectus amet tempus. Magna etiam. Fames curae mattis sollicitudin blandit metus elit mattis maecenas. Velit fames arcu orci. Augue ipsum dictumst vel lectus hymenaeos tortor placerat tristique justo vulputate sapien imperdiet. Fusce nulla cum per ve ornare phasellus lacinia curae. Fames augue.",
    "_atrefs": {},
    "_layout": "newsitem_view",
    "_workflow_history": {
        "simple_publication_workflow": [
            {
                "action": null,
                "review_state": "private",
                "actor": "admin",
                "comments": "",
                "time": "2018/10/26 17:59:3.045950 GMT-4"
            },
            {
                "action": "publish",
                "review_state": "published",
                "actor": "admin",
                "comments": "",
                "time": "2018/10/26 17:59:3.412354 GMT-4"
            }
        ]
    },
    "_content_type_rights": "text/plain",
    "_directly_provided": [],
    "_classname": "ATNewsItem",
    "_userdefined_roles": [],
    "_content_type": "text/html",
    "_id": "risus-netus-lectus-libero-neque-hac-vestibulum-sapien.",
    "effectiveDate": "None",
    "language": "en",
    "rights": "Fusce neque habitasse eleifend diam. Etiam curae mus ligula a adipiscing sem purus. Nulla fusce integer eget ad risus magnis. Dolor nulla. Vitae lorem. Netus vitae lobortis augue vitae massa lorem nunc. Vitae donec eros condimentum nonummy ullamcorper. Fames donec amet mi pellentesque commodo etiam erat cursus mi nam dignissim sem quisque. Velit class per. Velit dolor morbi ipsum condimentum nam nisi nunc. Morbi metus. Fusce curae. Velit dolor potenti sapien amet natoque nec laoreet. Netus vitae tempus. Justo morbi semper ligula curabitur class id sociis blandit id iaculis. Purus fusce nec nisi vel urna parturient. Metus velit ultrices class quis suscipit sollicitudin litora porta.",
    "_content_type_description": "text/plain",
    "_uid": "1b663c8617f84cc2a3a99bf784710c3a",
    "_owner": "admin",
    "_content_type_location": "text/plain",
    "_permissions": {
        "Modify portal content": {
            "acquire": false,
            "roles": [
                "Editor",
                "Manager",
                "Owner",
                "Site Administrator"
            ]
        },
        "Access contents information": {
            "acquire": false,
            "roles": [
                "Anonymous"
            ]
        },
        "View": {
            "acquire": false,
            "roles": [
                "Anonymous"
            ]
        }
    },
    "_properties": [
        [
            "title",
            "Risus netus lectus libero neque hac vestibulum sapien.",
            "string"
        ]
    ],
    "allowDiscussion": false,
    "_gopip": 62,
    "creators": [
        "admin"
    ],
    "_path": "/Plone/about/lacus-purus-sit-augue-facilisis-ultricies-pede./nulla-magna-vivamus-eni-inceptos-venenatis./risus-netus-lectus-libero-neque-hac-vestibulum-sapien."
}