{
    "contributors": [],
    "_content_type_text": "text/html",
    "text": "<h1>Maximus dolor, inquit, brevis est.</h1>\n\n<p>Lorem ipsum dolor sit amet, consectetur adipiscing elit. Summum en\u00edm bonum exposuit vacuitatem doloris; Aufert enim sensus actionemque tollit omnem. Si quicquam extra virtutem habeatur in bonis. Quid adiuvas? Egone quaeris, inquit, quid sentiam? </p>\n\n<dl>\n\t<dt><dfn>Recte, inquit, intellegis.</dfn></dt>\n\t<dd>Non dolere, inquam, istud quam vim habeat postea videro;</dd>\n\t<dt><dfn>Audeo dicere, inquit.</dfn></dt>\n\t<dd>Sed potestne rerum maior esse dissensio?</dd>\n\t<dt><dfn>Non semper, inquam;</dfn></dt>\n\t<dd>Ergo instituto veterum, quo etiam Stoici utuntur, hinc capiamus exordium.</dd>\n\t<dt><dfn>Proclivi currit oratio.</dfn></dt>\n\t<dd>Nam his libris eum malo quam reliquo ornatu villae delectari.</dd>\n</dl>\n\n\n<ul>\n\t<li>Nihil ad rem! Ne sit sane;</li>\n\t<li>Putabam equidem satis, inquit, me dixisse.</li>\n\t<li>Estne, quaeso, inquam, sitienti in bibendo voluptas?</li>\n\t<li>Semper enim ita adsumit aliquid, ut ea, quae prima dederit, non deserat.</li>\n\t<li>Quis Pullum Numitorium Fregellanum, proditorem, quamquam rei publicae nostrae profuit, non odit?</li>\n</ul>\n\n\n<ol>\n\t<li>Certe, nisi voluptatem tanti aestimaretis.</li>\n\t<li>Non autem hoc: igitur ne illud quidem.</li>\n\t<li>Nemo nostrum istius generis asotos iucunde putat vivere.</li>\n\t<li>Sit enim idem caecus, debilis.</li>\n</ol>\n\n\n<h2>Duo Reges: constructio interrete.</h2>\n\n<p>Quantum Aristoxeni ingenium consumptum videmus in musicis? Conferam tecum, quam cuique verso rem subicias; Quorum sine causa fieri nihil putandum est. Cur iustitia laudatur? </p>\n\n<h3>Audio equidem philosophi vocem, Epicure, sed quid tibi dicendum sit oblitus es.</h3>\n\n<p><a href='http://loripsum.net/' target='_blank'>Sed haec nihil sane ad rem;</a> Quid ad utilitatem tantae pecuniae? <a href='http://loripsum.net/' target='_blank'>Non laboro, inquit, de nomine.</a> <a href='http://loripsum.net/' target='_blank'>Nulla erit controversia.</a> <a href='http://loripsum.net/' target='_blank'>Aliter homines, aliter philosophos loqui putas oportere?</a> Quis negat? Quae cum dixisset paulumque institisset, Quid est? An vero, inquit, quisquam potest probare, quod perceptfum, quod. Sed ea mala virtuti magnitudine obruebantur. </p>\n\n",
    "creation_date": "2018/10/26 17:59:3.608724 GMT-4",
    "imageCaption": "Lacus risus nec duis pellentesque parturient nunc fusce ridiculus eleifend.",
    "expirationDate": "None",
    "_content_type_id": "text/plain",
    "id": "fames-purus-posuere.",
    "subject": [],
    "modification_date": "2018/10/26 17:59:3.934812 GMT-4",
    "title": "Fames purus posuere.",
    "_ac_local_roles": {
        "admin": [
            "Owner"
        ]
    },
    "_content_type_language": "text/plain",
    "_defaultpage": "",
    "location": "Class fames dolor.",
    "_content_type_title": "text/plain",
    "excludeFromNav": false,
    "_atbrefs": {},
    "_content_type_imageCaption": "text/plain",
    "_type": "News Item",
    "description": "Proin nulla per arcu nisl. Fusce felis sapien in. Fames felis. Fames velit. Fames velit lacus. Vitae lacus mattis tortor magna est enim fermentum lobortis. Lacus porta. Metus lacus libero diam at nisl dolor magna. Augue lacus. Massa lacus integer ve quis duis nulla erat bibendum. Fames metus ultrices non eros adipiscing hymenaeos suspendisse dignissim urna orci fermentum ac libero suscipit penatibus eu. Velit fames porta justo tortor vestibulum.",
    "_atrefs": {},
    "_layout": "newsitem_view",
    "_workflow_history": {
        "simple_publication_workflow": [
            {
                "action": null,
                "review_state": "private",
                "actor": "admin",
                "comments": "",
                "time": "2018/10/26 17:59:3.612700 GMT-4"
            },
            {
                "action": "publish",
                "review_state": "published",
                "actor": "admin",
                "comments": "",
                "time": "2018/10/26 17:59:3.930801 GMT-4"
            }
        ]
    },
    "_content_type_rights": "text/plain",
    "_directly_provided": [],
    "_classname": "ATNewsItem",
    "_userdefined_roles": [],
    "_content_type": "text/html",
    "_id": "fames-purus-posuere.",
    "effectiveDate": "None",
    "language": "en",
    "rights": "Ipsum neque porta nam eget suscipit. Augue massa congue at mi tristique a proin blandit mollis et class. Fusce velit commodo mollis class fusce risus. Fames dolor curae commodo nonummy pede nibh neque ante. Etiam neque volutpat arcu. Proin etiam diam feugiat. Netus morbi sem augue metus taciti neque scelerisque. Porta nulla auctor nostra nascetur. Felis netus a euismod litora felis adipiscing urna cursus. Class magna. Etiam fusce nonummy non. Massa class quis elementum dictumst nisl. Dolor etiam augue est enim odio non aliquam id quam donec montes fames vestibulum nisi dignissim suscipit. Purus massa nulla. Felis neque porta maecenas venenatis eget lacinia ve curae hac. Morbi fusce.",
    "_content_type_description": "text/plain",
    "_uid": "516b2315452c4e219abfbeeafc532373",
    "_owner": "admin",
    "_content_type_location": "text/plain",
    "_permissions": {
        "Modify portal content": {
            "acquire": false,
            "roles": [
                "Editor",
                "Manager",
                "Owner",
                "Site Administrator"
            ]
        },
        "Access contents information": {
            "acquire": false,
            "roles": [
                "Anonymous"
            ]
        },
        "View": {
            "acquire": false,
            "roles": [
                "Anonymous"
            ]
        }
    },
    "_properties": [
        [
            "title",
            "Fames purus posuere.",
            "string"
        ]
    ],
    "allowDiscussion": false,
    "_gopip": 63,
    "creators": [
        "admin"
    ],
    "_path": "/Plone/about/lacus-purus-sit-augue-facilisis-ultricies-pede./nulla-magna-vivamus-eni-inceptos-venenatis./fames-purus-posuere."
}