{
    "tableContents": false,
    "_content_type_text": "text/html",
    "text": "<h1>Praeteritis, inquit, gaudeo.</h1>\n\n<p>Lorem ipsum dolor sit amet, consectetur adipiscing elit. Quis istum dolorem timet? Non est igitur voluptas bonum. </p>\n\n<ol>\n\t<li>Ergo instituto veterum, quo etiam Stoici utuntur, hinc capiamus exordium.</li>\n\t<li>Quis hoc dicit?</li>\n\t<li>At ille non pertimuit saneque fidenter: Istis quidem ipsis verbis, inquit;</li>\n\t<li>Quis enim confidit semper sibi illud stabile et firmum permansurum, quod fragile et caducum sit?</li>\n\t<li>Primum quid tu dicis breve?</li>\n</ol>\n\n\n<p>Bonum incolumis acies: misera caecitas. <a href='http://loripsum.net/' target='_blank'>Non laboro, inquit, de nomine.</a> </p>\n\n<dl>\n\t<dt><dfn>Idem adhuc;</dfn></dt>\n\t<dd>Placet igitur tibi, Cato, cum res sumpseris non concessas, ex illis efficere, quod velis?</dd>\n\t<dt><dfn>Quonam, inquit, modo?</dfn></dt>\n\t<dd>Sed residamus, inquit, si placet.</dd>\n\t<dt><dfn>Ut pulsi recurrant?</dfn></dt>\n\t<dd>Ex rebus enim timiditas, non ex vocabulis nascitur.</dd>\n\t<dt><dfn>Praeclare hoc quidem.</dfn></dt>\n\t<dd>Quamquam te quidem video minime esse deterritum.</dd>\n</dl>\n\n\n<ul>\n\t<li>Ille vero, si insipiens-quo certe, quoniam tyrannus -, numquam beatus;</li>\n\t<li>Post enim Chrysippum eum non sane est disputatum.</li>\n</ul>\n\n\n<h2>Duo Reges: constructio interrete.</h2>\n\n<p>Tu vero, inquam, ducas licet, si sequetur; Conferam tecum, quam cuique verso rem subicias; <a href='http://loripsum.net/' target='_blank'>Praeclare hoc quidem.</a> Egone quaeris, inquit, quid sentiam? Quae contraria sunt his, malane? <a href='http://loripsum.net/' target='_blank'>Ut optime, secundum naturam affectum esse possit.</a> Neutrum vero, inquit ille. </p>\n\n",
    "creation_date": "2018/10/26 17:59:8.764274 GMT-4",
    "_uid": "0e1e2824fe3b4bee8f473b4ee4b51687",
    "expirationDate": "None",
    "_content_type_id": "text/plain",
    "query": [],
    "_atbrefs": {},
    "id": "lacus-fusce-semper-dolor-habitant-ultricies-sollicitudin-quisque-praesent-montes-sociosqu-consequat.",
    "subject": [],
    "_content_type_sort_on": "text/plain",
    "contributors": [],
    "effectiveDate": "None",
    "title": "Lacus fusce semper dolor habitant ultricies sollicitudin quisque praesent montes sociosqu consequat.",
    "_ac_local_roles": {
        "admin": [
            "Owner"
        ]
    },
    "sort_on": "Fusce nulla libero cubilia primis in ultricies egestas neque.",
    "_content_type_language": "text/plain",
    "_defaultpage": "",
    "location": "Velit magna odio ad amet.",
    "_content_type_title": "text/plain",
    "excludeFromNav": false,
    "presentation": true,
    "_type": "Collection",
    "description": "Metus vitae faucibus cras egestas commodo eget. Dolor purus magnis velit viverra per in etiam. Netus justo dolor morbi a cras vestibulum. Fames ipsum elit sit felis lectus id. Netus massa. Purus ipsum non enim hac porta. Magna fusce gravida venenatis in scelerisque elit nunc. Velit proin volutpat arcu sodales a nostra felis parturient praesent nonummy eget interdum integer. Lorem nulla ornare at nec ad felis porttitor ridiculus massa at dignissim scelerisque nulla varius. Purus vitae quisque. Felis fames taciti rutrum viverra imperdiet ornare congue nunc viverra odio ad. Augue netus laoreet ac. Donec risus urna montes et lobortis praesent etiam. Felis justo feugiat conubia enim vehicula. Magna fames.",
    "_atrefs": {},
    "_layout": "standard_view",
    "_workflow_history": {
        "simple_publication_workflow": [
            {
                "action": null,
                "review_state": "private",
                "actor": "admin",
                "comments": "",
                "time": "2018/10/26 17:59:8.768960 GMT-4"
            },
            {
                "action": "publish",
                "review_state": "published",
                "actor": "admin",
                "comments": "",
                "time": "2018/10/26 17:59:9.438518 GMT-4"
            }
        ]
    },
    "_content_type_rights": "text/plain",
    "_directly_provided": [],
    "_classname": "Collection",
    "sort_reversed": true,
    "banner": "<h1>Luxuriam non reprehendit, modo sit vacua infinita cupiditate et timore.</h1>\n\n<p>Lorem ipsum dolor sit amet, consectetur adipiscing elit. Ut aliquid scire se gaudeant? Zenonis est, inquam, hoc Stoici. Immo alio genere; </p>\n\n<ul>\n\t<li>Eaedem enim utilitates poterunt eas labefactare atque pervertere.</li>\n\t<li>Sed erat aequius Triarium aliquid de dissensione nostra iudicare.</li>\n</ul>\n\n\n<p>Illum mallem levares, quo optimum atque humanissimum virum, Cn. Nam quid possumus facere melius? </p>\n\n<ol>\n\t<li>Quantum Aristoxeni ingenium consumptum videmus in musicis?</li>\n\t<li>Scientiam pollicentur, quam non erat mirum sapientiae cupido patria esse cariorem.</li>\n\t<li>Non modo carum sibi quemque, verum etiam vehementer carum esse?</li>\n</ol>\n\n\n<dl>\n\t<dt><dfn>Quid adiuvas?</dfn></dt>\n\t<dd>Equidem e Cn.</dd>\n\t<dt><dfn>Quid de Pythagora?</dfn></dt>\n\t<dd>Sed videbimus.</dd>\n\t<dt><dfn>Quis negat?</dfn></dt>\n\t<dd>Efficiens dici potest.</dd>\n\t<dt><dfn>Numquam facies.</dfn></dt>\n\t<dd>Incommoda autem et commoda-ita enim estmata et dustmata appello-communia esse voluerunt, paria noluerunt.</dd>\n\t<dt><dfn>Quonam, inquit, modo?</dfn></dt>\n\t<dd>Iam enim adesse poterit.</dd>\n\t<dt><dfn>At coluit ipse amicitias.</dfn></dt>\n\t<dd>Cetera illa adhibebat, quibus demptis negat se Epicurus intellegere quid sit bonum.</dd>\n\t<dt><dfn>Sed fortuna fortis;</dfn></dt>\n\t<dd>Expectoque quid ad id, quod quaerebam, respondeas.</dd>\n</dl>\n\n\n<h2>Laboro autem non sine causa;</h2>\n\n<p>Duo Reges: constructio interrete. An eiusdem modi? <a href='http://loripsum.net/' target='_blank'>Recte dicis;</a> Sed ea mala virtuti magnitudine obruebantur. Conferam avum tuum Drusum cum C. Haec para/doca illi, nos admirabilia dicamus. </p>\n\n",
    "_userdefined_roles": [],
    "modification_date": "2018/10/26 17:59:9.443256 GMT-4",
    "_content_type": "text/html",
    "_id": "lacus-fusce-semper-dolor-habitant-ultricies-sollicitudin-quisque-praesent-montes-sociosqu-consequat.",
    "language": "en",
    "_content_type_banner": "text/html",
    "rights": "Dolor class augue cursus diam eu auctor. Curae risus nisi proin lorem hymenaeos faucibus velit nibh. Magna porta fusce inceptos eros dapibus netus hac diam curae lectus. Dolor etiam molestie eni. Justo nulla fames enim. Fusce massa dictum arcu eu class turpis ligula nibh sapien parturient consectetuer euismod class vel. Lorem class auctor metus. Porta felis placerat nisl orci parturient est donec platea eu.",
    "b_size": 30,
    "customViewFields": [
        "Title",
        "Creator",
        "Type",
        "ModificationDate"
    ],
    "_content_type_description": "text/plain",
    "_owner": "admin",
    "_content_type_location": "text/plain",
    "limit": 1000,
    "_permissions": {
        "Change portal events": {
            "acquire": false,
            "roles": [
                "Editor",
                "Manager",
                "Owner",
                "Site Administrator"
            ]
        },
        "Modify portal content": {
            "acquire": false,
            "roles": [
                "Editor",
                "Manager",
                "Owner",
                "Site Administrator"
            ]
        },
        "Access contents information": {
            "acquire": false,
            "roles": [
                "Anonymous"
            ]
        },
        "View": {
            "acquire": false,
            "roles": [
                "Anonymous"
            ]
        }
    },
    "_properties": [
        [
            "title",
            "Lacus fusce semper dolor habitant ultricies sollicitudin quisque praesent montes sociosqu consequat.",
            "string"
        ]
    ],
    "allowDiscussion": false,
    "_gopip": 72,
    "creators": [
        "admin"
    ],
    "_path": "/Plone/about/lacus-purus-sit-augue-facilisis-ultricies-pede./nulla-magna-vivamus-eni-inceptos-venenatis./lacus-fusce-semper-dolor-habitant-ultricies-sollicitudin-quisque-praesent-montes-sociosqu-consequat."
}