{
    "tableContents": false,
    "_content_type_text": "text/html",
    "text": "<h1>Rapior illuc, revocat autem Antiochus, nec est praeterea, quem audiamus.</h1>\n\n<p>Lorem ipsum dolor sit amet, consectetur adipiscing elit. <a href='http://loripsum.net/' target='_blank'>Igitur neque stultorum quisquam beatus neque sapientium non beatus.</a> Negare non possum. At, si voluptas esset bonum, desideraret. Duo Reges: constructio interrete. Quo tandem modo? Quis Aristidem non mortuum diligit? Laboro autem non sine causa; </p>\n\n<h2>Vide, quaeso, rectumne sit.</h2>\n\n<p>Quaerimus enim finem bonorum. <a href='http://loripsum.net/' target='_blank'>Haeret in salebra.</a> </p>\n\n<p>Is es profecto tu. <a href='http://loripsum.net/' target='_blank'>Suam denique cuique naturam esse ad vivendum ducem.</a> Non est ista, inquam, Piso, magna dissensio. Quamquam id quidem licebit iis existimare, qui legerint. Tria genera bonorum; Avaritiamne minuis? Nulla erit controversia. </p>\n\n<ul>\n\t<li>Illa videamus, quae a te de amicitia dicta sunt.</li>\n\t<li>Hoc est vim afferre, Torquate, sensibus, extorquere ex animis cognitiones verborum, quibus inbuti sumus.</li>\n\t<li>Si enim ita est, vide ne facinus facias, cum mori suadeas.</li>\n\t<li>Stoici scilicet.</li>\n\t<li>Ad quorum et cognitionem et usum iam corroborati natura ipsa praeeunte deducimur.</li>\n\t<li>Tum ille: Tu autem cum ipse tantum librorum habeas, quos hic tandem requiris?</li>\n</ul>\n\n\n<ol>\n\t<li>Fortasse id optimum, sed ubi illud: Plus semper voluptatis?</li>\n\t<li>Si verbum sequimur, primum longius verbum praepositum quam bonum.</li>\n\t<li>Quo modo autem optimum, si bonum praeterea nullum est?</li>\n\t<li>Ea, quae dialectici nunc tradunt et docent, nonne ab illis instituta sunt aut inventa sunt?</li>\n\t<li>Memini me adesse P.</li>\n\t<li>An est aliquid per se ipsum flagitiosum, etiamsi nulla comitetur infamia?</li>\n</ol>\n\n\n<dl>\n\t<dt><dfn>Proclivi currit oratio.</dfn></dt>\n\t<dd>Nihil opus est exemplis hoc facere longius.</dd>\n\t<dt><dfn>Quae sequuntur igitur?</dfn></dt>\n\t<dd>Illum mallem levares, quo optimum atque humanissimum virum, Cn.</dd>\n\t<dt><dfn>Non igitur bene.</dfn></dt>\n\t<dd>Eam stabilem appellas.</dd>\n</dl>\n\n\n",
    "creation_date": "2018/10/26 17:59:9.625508 GMT-4",
    "_uid": "1f76259fbc684758852242eef3587e3f",
    "expirationDate": "None",
    "_content_type_id": "text/plain",
    "query": [],
    "_atbrefs": {},
    "id": "lacus-nulla-a-erat-parturient-ve-senectus-vehicula.",
    "subject": [],
    "_content_type_sort_on": "text/plain",
    "contributors": [],
    "effectiveDate": "None",
    "title": "Lacus nulla a erat parturient ve senectus vehicula.",
    "_ac_local_roles": {
        "admin": [
            "Owner"
        ]
    },
    "sort_on": "Magna neque nec.",
    "_content_type_language": "text/plain",
    "_defaultpage": "",
    "location": "Neque magna nec.",
    "_content_type_title": "text/plain",
    "excludeFromNav": true,
    "presentation": false,
    "_type": "Collection",
    "description": "Purus metus primis class sit eros tincidunt. Purus etiam eros tristique congue purus mus leo mi ante ultrices. Lacus etiam sit purus vestibulum gravida cras mi quam. Morbi proin viverra nisi id ipsum. Proin curae auctor habitant morbi augue tortor euismod. Metus class. Etiam ipsum inceptos ridiculus proin imperdiet. Risus lacus. Etiam donec mattis imperdiet lobortis ante habitasse turpis nisi tempor luctus. Felis morbi. Donec metus dui risus vulputate sit conubia ac justo. Neque porta aliquam lacinia erat quis eget laoreet aenean varius massa iaculis id et. Netus augue dolor. Massa morbi mattis placerat adipiscing malesuada. Proin vitae feugiat tristique dis arcu senectus lacus at sapien. Felis velit platea elit est etiam dapibus. Curae velit arcu rhoncus ante. Fames magna accumsan at curae dolor diam. Massa purus proin magna hymenaeos curabitur parturient gravida amet.",
    "_atrefs": {},
    "_layout": "standard_view",
    "_workflow_history": {
        "simple_publication_workflow": [
            {
                "action": null,
                "review_state": "private",
                "actor": "admin",
                "comments": "",
                "time": "2018/10/26 17:59:9.630015 GMT-4"
            },
            {
                "action": "publish",
                "review_state": "published",
                "actor": "admin",
                "comments": "",
                "time": "2018/10/26 17:59:10.225254 GMT-4"
            }
        ]
    },
    "_content_type_rights": "text/plain",
    "_directly_provided": [],
    "_classname": "Collection",
    "sort_reversed": true,
    "banner": "<h1>Cur post Tarentum ad Archytam?</h1>\n\n<p>Lorem ipsum dolor sit amet, consectetur adipiscing elit. Vide, quantum, inquam, fallare, Torquate. Tamen a proposito, inquam, aberramus. <a href='http://loripsum.net/' target='_blank'>Sed quid sentiat, non videtis.</a> </p>\n\n<dl>\n\t<dt><dfn>Nos commodius agimus.</dfn></dt>\n\t<dd>Consequentia exquirere, quoad sit id, quod volumus, effectum.</dd>\n\t<dt><dfn>Age sane, inquam.</dfn></dt>\n\t<dd>An eum discere ea mavis, quae cum plane perdidiceriti nihil sciat?</dd>\n\t<dt><dfn>Memini vero, inquam;</dfn></dt>\n\t<dd>Expressa vero in iis aetatibus, quae iam confirmatae sunt.</dd>\n\t<dt><dfn>Haeret in salebra.</dfn></dt>\n\t<dd>Nam ista vestra: Si gravis, brevis;</dd>\n\t<dt><dfn>Quis enim redargueret?</dfn></dt>\n\t<dd>Quo plebiscito decreta a senatu est consuli quaestio Cn.</dd>\n\t<dt><dfn>Pollicetur certe.</dfn></dt>\n\t<dd>Paupertas si malum est, mendicus beatus esse nemo potest, quamvis sit sapiens.</dd>\n</dl>\n\n\n<p>Maximas vero virtutes iacere omnis necesse est voluptate dominante. Duo Reges: constructio interrete. Optime, inquam. Ergo, inquit, tibi Q. At hoc in eo M. Iam in altera philosophiae parte. Tum mihi Piso: Quid ergo? Illa videamus, quae a te de amicitia dicta sunt. </p>\n\n<ol>\n\t<li>Quare ad ea primum, si videtur;</li>\n\t<li>Quis enim est, qui non videat haec esse in natura rerum tria?</li>\n\t<li>Sapiens autem semper beatus est et est aliquando in dolore;</li>\n\t<li>In eo autem voluptas omnium Latine loquentium more ponitur, cum percipitur ea, quae sensum aliquem moveat, iucunditas.</li>\n</ol>\n\n\n<h2>Quid vero?</h2>\n\n<p>Negare non possum. Haec dicuntur inconstantissime. Id mihi magnum videtur. Summae mihi videtur inscitiae. Quis enim redargueret? Tum Torquatus: Prorsus, inquit, assentior; </p>\n\n<ul>\n\t<li>An vero, inquit, quisquam potest probare, quod perceptfum, quod.</li>\n\t<li>Atque his de rebus et splendida est eorum et illustris oratio.</li>\n</ul>\n\n\n",
    "_userdefined_roles": [],
    "modification_date": "2018/10/26 17:59:10.229708 GMT-4",
    "_content_type": "text/html",
    "_id": "lacus-nulla-a-erat-parturient-ve-senectus-vehicula.",
    "language": "en",
    "_content_type_banner": "text/html",
    "rights": "Metus dolor tincidunt litora mus. Curae morbi dapibus per parturient vestibulum ve. Porta neque. Lorem morbi nibh mi non arcu metus natoque mus at sollicitudin rutrum. Proin nulla condimentum pharetra proin ut. Fusce purus a platea pede curabitur ad vulputate metus. Lorem risus ullamcorper ad mattis ac sagittis aliquet vivamus quam. Fusce lacus litora pellentesque nonummy. Fusce lorem sodales aptent ve torquent cubilia turpis in eros arcu. Purus proin a cursus porttitor. Fusce porta placerat venenatis tempus erat. Justo morbi blandit ultricies.",
    "b_size": 30,
    "customViewFields": [
        "Title",
        "Creator",
        "Type",
        "ModificationDate"
    ],
    "_content_type_description": "text/plain",
    "_owner": "admin",
    "_content_type_location": "text/plain",
    "limit": 1000,
    "_permissions": {
        "Change portal events": {
            "acquire": false,
            "roles": [
                "Editor",
                "Manager",
                "Owner",
                "Site Administrator"
            ]
        },
        "Modify portal content": {
            "acquire": false,
            "roles": [
                "Editor",
                "Manager",
                "Owner",
                "Site Administrator"
            ]
        },
        "Access contents information": {
            "acquire": false,
            "roles": [
                "Anonymous"
            ]
        },
        "View": {
            "acquire": false,
            "roles": [
                "Anonymous"
            ]
        }
    },
    "_properties": [
        [
            "title",
            "Lacus nulla a erat parturient ve senectus vehicula.",
            "string"
        ]
    ],
    "allowDiscussion": false,
    "_gopip": 73,
    "creators": [
        "admin"
    ],
    "_path": "/Plone/about/lacus-purus-sit-augue-facilisis-ultricies-pede./nulla-magna-vivamus-eni-inceptos-venenatis./lacus-nulla-a-erat-parturient-ve-senectus-vehicula."
}