{
    "tableContents": true,
    "_content_type_text": "text/html",
    "text": "<h1>Quia nec honesto quic quam honestius nec turpi turpius.</h1>\n\n<p>Lorem ipsum dolor sit amet, consectetur adipiscing elit. Quaerimus enim finem bonorum. <a href='http://loripsum.net/' target='_blank'>Aliud igitur esse censet gaudere, aliud non dolere.</a> Eam stabilem appellas. Duo Reges: constructio interrete. Collige omnia, quae soletis: Praesidium amicorum. </p>\n\n<p>Quid igitur, inquit, eos responsuros putas? Hoc Hieronymus summum bonum esse dixit. <a href='http://loripsum.net/' target='_blank'>Illud non continuo, ut aeque incontentae.</a> Ad eas enim res ab Epicuro praecepta dantur. </p>\n\n<h2>Idque testamento cavebit is, qui nobis quasi oraculum ediderit nihil post mortem ad nos pertinere?</h2>\n\n<p>Quae duo sunt, unum facit. Haec dicuntur inconstantissime. Quibus ego vehementer assentior. Restatis igitur vos; Aliter enim nosmet ipsos nosse non possumus. </p>\n\n<ol>\n\t<li>Illa argumenta propria videamus, cur omnia sint paria peccata.</li>\n\t<li>Num igitur eum postea censes anxio animo aut sollicito fuisse?</li>\n\t<li>Quoniam, si dis placet, ab Epicuro loqui discimus.</li>\n\t<li>Quae sunt igitur communia vobis cum antiquis, iis sic utamur quasi concessis;</li>\n\t<li>Quid enim me prohiberet Epicureum esse, si probarem, quae ille diceret?</li>\n\t<li>Nam quibus rebus efficiuntur voluptates, eae non sunt in potestate sapientis.</li>\n</ol>\n\n\n<dl>\n\t<dt><dfn>Etiam beatissimum?</dfn></dt>\n\t<dd>Duo enim genera quae erant, fecit tria.</dd>\n\t<dt><dfn>Facete M.</dfn></dt>\n\t<dd>Maximas vero virtutes iacere omnis necesse est voluptate dominante.</dd>\n</dl>\n\n\n<ul>\n\t<li>Nisi enim id faceret, cur Plato Aegyptum peragravit, ut a sacerdotibus barbaris numeros et caelestia acciperet?</li>\n\t<li>Sed emolumenta communia esse dicuntur, recte autem facta et peccata non habentur communia.</li>\n\t<li>Non est igitur summum malum dolor.</li>\n\t<li>Quia dolori non voluptas contraria est, sed doloris privatio.</li>\n</ul>\n\n\n",
    "creation_date": "2018/10/26 17:59:10.429634 GMT-4",
    "_uid": "263ae0df5cda401395d70f4ee9dc1c44",
    "expirationDate": "None",
    "_content_type_id": "text/plain",
    "query": [],
    "_atbrefs": {},
    "id": "donec-fusce-cubilia-aptent-eget-ridiculus-eu-purus-hymenaeos-nec-odio.",
    "subject": [],
    "_content_type_sort_on": "text/plain",
    "contributors": [],
    "effectiveDate": "None",
    "title": "Donec fusce cubilia aptent eget ridiculus eu purus hymenaeos nec odio.",
    "_ac_local_roles": {
        "admin": [
            "Owner"
        ]
    },
    "sort_on": "Risus netus sem vitae vulputate.",
    "_content_type_language": "text/plain",
    "_defaultpage": "",
    "location": "Morbi massa lacinia sit at nullam laoreet.",
    "_content_type_title": "text/plain",
    "excludeFromNav": false,
    "presentation": false,
    "_type": "Collection",
    "description": "Etiam purus sed. Purus velit arcu litora tempor per eni est mi. Velit lorem fusce vel porta donec a duis ut elementum fusce at. Netus curae vitae. Ipsum vitae sem risus elementum vulputate amet dui donec. Netus donec metus vulputate parturient. Fames neque varius litora fusce platea auctor dictumst adipiscing lectus curae parturient. Curae lorem eros semper primis pede. Porta netus etiam nam dis consectetuer velit ac imperdiet.",
    "_atrefs": {},
    "_layout": "standard_view",
    "_workflow_history": {
        "simple_publication_workflow": [
            {
                "action": null,
                "review_state": "private",
                "actor": "admin",
                "comments": "",
                "time": "2018/10/26 17:59:10.434253 GMT-4"
            },
            {
                "action": "publish",
                "review_state": "published",
                "actor": "admin",
                "comments": "",
                "time": "2018/10/26 17:59:11.025815 GMT-4"
            }
        ]
    },
    "_content_type_rights": "text/plain",
    "_directly_provided": [],
    "_classname": "Collection",
    "sort_reversed": false,
    "banner": "<h1>Sed in rebus apertissimis nimium longi sumus.</h1>\n\n<p>Lorem ipsum dolor sit amet, consectetur adipiscing elit. Duo Reges: constructio interrete. Quae autem natura suae primae institutionis oblita est? Traditur, inquit, ab Epicuro ratio neglegendi doloris. Omnes enim iucundum motum, quo sensus hilaretur. Idem iste, inquam, de voluptate quid sentit? Est, ut dicis, inquit; </p>\n\n<ol>\n\t<li>Quae similitudo in genere etiam humano apparet.</li>\n\t<li>Licet hic rursus ea commemores, quae optimis verbis ab Epicuro de laude amicitiae dicta sunt.</li>\n\t<li>Hinc ceteri particulas arripere conati suam quisque videro voluit afferre sententiam.</li>\n\t<li>Traditur, inquit, ab Epicuro ratio neglegendi doloris.</li>\n</ol>\n\n\n<h2>Egone non intellego, quid sit don Graece, Latine voluptas?</h2>\n\n<p>Collige omnia, quae soletis: Praesidium amicorum. Quis est tam dissimile homini. <a href='http://loripsum.net/' target='_blank'>Ita multa dicunt, quae vix intellegam.</a> Erat enim Polemonis. Tubulo putas dicere? Scaevolam M. </p>\n\n<dl>\n\t<dt><dfn>Id enim natura desiderat.</dfn></dt>\n\t<dd>In contemplatione et cognitione posita rerum, quae quia deorum erat vitae simillima, sapiente visa est dignissima.</dd>\n\t<dt><dfn>Venit ad extremum;</dfn></dt>\n\t<dd>Hanc quoque iucunditatem, si vis, transfer in animum;</dd>\n\t<dt><dfn>Ita prorsus, inquam;</dfn></dt>\n\t<dd>Satisne vobis videor pro meo iure in vestris auribus commentatus?</dd>\n\t<dt><dfn>Age sane, inquam.</dfn></dt>\n\t<dd>Videamus animi partes, quarum est conspectus illustrior;</dd>\n</dl>\n\n\n<p><a href='http://loripsum.net/' target='_blank'>Certe non potest.</a> Sequitur disserendi ratio cognitioque naturae; Quae contraria sunt his, malane? </p>\n\n<ul>\n\t<li>Incommoda autem et commoda-ita enim estmata et dustmata appello-communia esse voluerunt, paria noluerunt.</li>\n\t<li>Non quaero, quid dicat, sed quid convenienter possit rationi et sententiae suae dicere.</li>\n\t<li>Hoc positum in Phaedro a Platone probavit Epicurus sensitque in omni disputatione id fieri oportere.</li>\n</ul>\n\n\n",
    "_userdefined_roles": [],
    "modification_date": "2018/10/26 17:59:11.030095 GMT-4",
    "_content_type": "text/html",
    "_id": "donec-fusce-cubilia-aptent-eget-ridiculus-eu-purus-hymenaeos-nec-odio.",
    "language": "en",
    "_content_type_banner": "text/html",
    "rights": "Dolor vitae pharetra parturient. Fames morbi leo odio ultricies hac cras. Morbi proin platea mi diam massa feugiat ultrices. Etiam metus risus natoque senectus tempor taciti posuere non adipiscing purus quam. Fusce massa montes. Ipsum massa. Proin dolor. Lorem class. Donec augue. Etiam magna nisl class. Augue nulla. Fames porta inceptos et ante mi orci et hymenaeos gravida sollicitudin laoreet magna. Morbi lacus libero adipiscing vitae eget volutpat. Nulla massa. Felis dolor potenti integer cras mi sollicitudin egestas orci consectetuer parturient. Fames felis class blandit dis luctus rhoncus aenean mi. Velit ipsum interdum adipiscing aliquam enim ut faucibus hac augue massa etiam.",
    "b_size": 30,
    "customViewFields": [
        "Title",
        "Creator",
        "Type",
        "ModificationDate"
    ],
    "_content_type_description": "text/plain",
    "_owner": "admin",
    "_content_type_location": "text/plain",
    "limit": 1000,
    "_permissions": {
        "Change portal events": {
            "acquire": false,
            "roles": [
                "Editor",
                "Manager",
                "Owner",
                "Site Administrator"
            ]
        },
        "Modify portal content": {
            "acquire": false,
            "roles": [
                "Editor",
                "Manager",
                "Owner",
                "Site Administrator"
            ]
        },
        "Access contents information": {
            "acquire": false,
            "roles": [
                "Anonymous"
            ]
        },
        "View": {
            "acquire": false,
            "roles": [
                "Anonymous"
            ]
        }
    },
    "_properties": [
        [
            "title",
            "Donec fusce cubilia aptent eget ridiculus eu purus hymenaeos nec odio.",
            "string"
        ]
    ],
    "allowDiscussion": false,
    "_gopip": 74,
    "creators": [
        "admin"
    ],
    "_path": "/Plone/about/lacus-purus-sit-augue-facilisis-ultricies-pede./nulla-magna-vivamus-eni-inceptos-venenatis./donec-fusce-cubilia-aptent-eget-ridiculus-eu-purus-hymenaeos-nec-odio."
}