{
    "tableContents": false,
    "_content_type_text": "text/html",
    "text": "<h1>Illud mihi a te nimium festinanter dictum videtur, sapientis omnis esse semper beatos;</h1>\n\n<p>Lorem ipsum dolor sit amet, consectetur adipiscing elit. <a href='http://loripsum.net/' target='_blank'>Quis Aristidem non mortuum diligit?</a> Cave putes quicquam esse verius. Duo Reges: constructio interrete. Si longus, levis; Sed videbimus. </p>\n\n<h3>Polycratem Samium felicem appellabant.</h3>\n\n<p>Quare attende, quaeso. Non semper, inquam; Bonum patria: miserum exilium. Quo modo? Immo alio genere; Ita prorsus, inquam; </p>\n\n<h2>Cur deinde Metrodori liberos commendas?</h2>\n\n<p>Quae cum dixisset, finem ille. <a href='http://loripsum.net/' target='_blank'>Iam enim adesse poterit.</a> Non semper, inquam; Sed potestne rerum maior esse dissensio? Sed quid sentiat, non videtis. Sed in rebus apertissimis nimium longi sumus. </p>\n\n<ol>\n\t<li>Cur tantas regiones barbarorum pedibus obiit, tot maria transmisit?</li>\n\t<li>Et hunc idem dico, inquieta sed ad virtutes et ad vitia nihil interesse.</li>\n\t<li>Prioris generis est docilitas, memoria;</li>\n\t<li>Quae cum dixisset paulumque institisset, Quid est?</li>\n</ol>\n\n\n<ul>\n\t<li>An vero displicuit ea, quae tributa est animi virtutibus tanta praestantia?</li>\n\t<li>Possumusne ergo in vita summum bonum dicere, cum id ne in cena quidem posse videamur?</li>\n\t<li>Quodsi ipsam honestatem undique pertectam atque absolutam.</li>\n\t<li>An, partus ancillae sitne in fructu habendus, disseretur inter principes civitatis, P.</li>\n\t<li>De ingenio eius in his disputationibus, non de moribus quaeritur.</li>\n</ul>\n\n\n<dl>\n\t<dt><dfn>Recte, inquit, intellegis.</dfn></dt>\n\t<dd>Nescio quo modo praetervolavit oratio.</dd>\n\t<dt><dfn>In schola desinis.</dfn></dt>\n\t<dd>Tum, Quintus et Pomponius cum idem se velle dixissent, Piso exorsus est.</dd>\n\t<dt><dfn>Ut pulsi recurrant?</dfn></dt>\n\t<dd>Quae sunt igitur communia vobis cum antiquis, iis sic utamur quasi concessis;</dd>\n\t<dt><dfn>Frater et T.</dfn></dt>\n\t<dd>Res enim se praeclare habebat, et quidem in utraque parte.</dd>\n</dl>\n\n\n",
    "creation_date": "2018/10/26 17:59:13.715861 GMT-4",
    "_uid": "3e5494253c59434aa69b08936a2d5e7c",
    "expirationDate": "None",
    "_content_type_id": "text/plain",
    "query": [],
    "_atbrefs": {},
    "id": "velit-fames.",
    "subject": [],
    "_content_type_sort_on": "text/plain",
    "contributors": [],
    "effectiveDate": "None",
    "title": "Velit fames.",
    "_ac_local_roles": {
        "admin": [
            "Owner"
        ]
    },
    "sort_on": "Fusce netus per morbi magna purus tellus nullam.",
    "_content_type_language": "text/plain",
    "_defaultpage": "",
    "location": "Metus lorem quam sodales nisl purus primis.",
    "_content_type_title": "text/plain",
    "excludeFromNav": false,
    "presentation": true,
    "_type": "Collection",
    "description": "Fames lorem sociosqu convallis nibh non felis hac. Purus donec iaculis nisl. Velit donec. Lorem lacus rutrum quam iaculis. Class justo hymenaeos elit. Metus donec sit sagittis purus class duis tempus quisque enim parturient. Lorem dolor nibh. Lacus felis dolor. Morbi neque a nisi felis nostra ad dictum pellentesque fermentum fames dui turpis interdum. Risus lorem. Lorem vitae turpis primis. Proin porta iaculis arcu. Ipsum velit pede vel nisi eleifend. Metus porta suspendisse at nullam suscipit et purus sollicitudin porttitor auctor dignissim justo. Ipsum lacus cum. Fusce vitae scelerisque diam odio imperdiet quis suspendisse feugiat. Neque augue inceptos id.",
    "_atrefs": {},
    "_layout": "standard_view",
    "_workflow_history": {
        "simple_publication_workflow": [
            {
                "action": null,
                "review_state": "private",
                "actor": "admin",
                "comments": "",
                "time": "2018/10/26 17:59:13.720788 GMT-4"
            },
            {
                "action": "publish",
                "review_state": "published",
                "actor": "admin",
                "comments": "",
                "time": "2018/10/26 17:59:14.325916 GMT-4"
            }
        ]
    },
    "_content_type_rights": "text/plain",
    "_directly_provided": [],
    "_classname": "Collection",
    "sort_reversed": false,
    "banner": "<h1>Parvi enim primo ortu sic iacent, tamquam omnino sine animo sint.</h1>\n\n<p>Lorem ipsum dolor sit amet, consectetur adipiscing elit. Sin tantum modo ad indicia veteris memoriae cognoscenda, curiosorum. Venit ad extremum; Age sane, inquam. Non potes, nisi retexueris illa. </p>\n\n<ul>\n\t<li>Et quidem, Cato, hanc totam copiam iam Lucullo nostro notam esse oportebit;</li>\n\t<li>Ita relinquet duas, de quibus etiam atque etiam consideret.</li>\n\t<li>Inscite autem medicinae et gubernationis ultimum cum ultimo sapientiae comparatur.</li>\n\t<li>Et quae per vim oblatum stuprum volontaria morte lueret inventa est et qui interficeret filiam, ne stupraretur.</li>\n</ul>\n\n\n<ol>\n\t<li>Quicquid porro animo cernimus, id omne oritur a sensibus;</li>\n\t<li>Est autem etiam actio quaedam corporis, quae motus et status naturae congruentis tenet;</li>\n\t<li>Beatus sibi videtur esse moriens.</li>\n</ol>\n\n\n<dl>\n\t<dt><dfn>Ita credo.</dfn></dt>\n\t<dd>Certe, nisi voluptatem tanti aestimaretis.</dd>\n\t<dt><dfn>Quid de Pythagora?</dfn></dt>\n\t<dd>Mihi vero, inquit, placet agi subtilius et, ut ipse dixisti, pressius.</dd>\n\t<dt><dfn>Non igitur bene.</dfn></dt>\n\t<dd>Qua igitur re ab deo vincitur, si aeternitate non vincitur?</dd>\n\t<dt><dfn>Quid vero?</dfn></dt>\n\t<dd>Num igitur dubium est, quin, si in re ipsa nihil peccatur a superioribus, verbis illi commodius utantur?</dd>\n\t<dt><dfn>Quis hoc dicit?</dfn></dt>\n\t<dd>Ita ceterorum sententiis semotis relinquitur non mihi cum Torquato, sed virtuti cum voluptate certatio.</dd>\n\t<dt><dfn>Res enim concurrent contrariae.</dfn></dt>\n\t<dd>Huius, Lyco, oratione locuples, rebus ipsis ielunior.</dd>\n</dl>\n\n\n<p>Duo Reges: constructio interrete. Immo alio genere; Sic enim censent, oportunitatis esse beate vivere. Addidisti ad extremum etiam indoctum fuisse. </p>\n\n<h2>Nam et complectitur verbis, quod vult, et dicit plane, quod intellegam;</h2>\n\n<p>Pauca mutat vel plura sane; <a href='http://loripsum.net/' target='_blank'>Qua tu etiam inprudens utebare non numquam.</a> Sed fac ista esse non inportuna; Quae diligentissime contra Aristonem dicuntur a Chryippo. Dic in quovis conventu te omnia facere, ne doleas. <a href='http://loripsum.net/' target='_blank'>An tu me de L.</a> </p>\n\n",
    "_userdefined_roles": [],
    "modification_date": "2018/10/26 17:59:14.330344 GMT-4",
    "_content_type": "text/html",
    "_id": "velit-fames.",
    "language": "en",
    "_content_type_banner": "text/html",
    "rights": "Curae lorem a nisi massa commodo imperdiet per. Purus dolor eni nulla. Dolor velit ullamcorper dui ve magnis lacinia. Etiam fusce. Morbi etiam. Etiam massa ornare justo. Risus velit ipsum ullamcorper eros urna pede. Netus risus a litora quis habitasse id nibh luctus rutrum et class. Lorem vitae. Lorem morbi est duis aenean accumsan id nisi. Vitae class est tellus neque mattis sagittis.",
    "b_size": 30,
    "customViewFields": [
        "Title",
        "Creator",
        "Type",
        "ModificationDate"
    ],
    "_content_type_description": "text/plain",
    "_owner": "admin",
    "_content_type_location": "text/plain",
    "limit": 1000,
    "_permissions": {
        "Change portal events": {
            "acquire": false,
            "roles": [
                "Editor",
                "Manager",
                "Owner",
                "Site Administrator"
            ]
        },
        "Modify portal content": {
            "acquire": false,
            "roles": [
                "Editor",
                "Manager",
                "Owner",
                "Site Administrator"
            ]
        },
        "Access contents information": {
            "acquire": false,
            "roles": [
                "Anonymous"
            ]
        },
        "View": {
            "acquire": false,
            "roles": [
                "Anonymous"
            ]
        }
    },
    "_properties": [
        [
            "title",
            "Velit fames.",
            "string"
        ]
    ],
    "allowDiscussion": false,
    "_gopip": 78,
    "creators": [
        "admin"
    ],
    "_path": "/Plone/about/lacus-purus-sit-augue-facilisis-ultricies-pede./nulla-magna-vivamus-eni-inceptos-venenatis./velit-fames."
}