{
    "tableContents": true,
    "_content_type_text": "text/html",
    "text": "<h1>Immo vero, inquit, ad beatissime vivendum parum est, ad beate vero satis.</h1>\n\n<p>Lorem ipsum dolor sit amet, consectetur adipiscing elit. Facillimum id quidem est, inquam. <a href='http://loripsum.net/' target='_blank'>Duo Reges: constructio interrete.</a> Sed ad rem redeamus; ALIO MODO. Tria genera bonorum; Multoque hoc melius nos veriusque quam Stoici. Istam voluptatem perpetuam quis potest praestare sapienti? </p>\n\n<dl>\n\t<dt><dfn>Si quae forte-possumus.</dfn></dt>\n\t<dd>Suo enim quisque studio maxime ducitur.</dd>\n\t<dt><dfn>Age sane, inquam.</dfn></dt>\n\t<dd>Ut in geometria, prima si dederis, danda sunt omnia.</dd>\n\t<dt><dfn>Certe non potest.</dfn></dt>\n\t<dd>Vide, ne magis, inquam, tuum fuerit, cum re idem tibi, quod mihi, videretur, non nova te rebus nomina inponere.</dd>\n</dl>\n\n\n<ol>\n\t<li>Uterque enim summo bono fruitur, id est voluptate.</li>\n\t<li>Quid, si etiam iucunda memoria est praeteritorum malorum?</li>\n\t<li>Quid enim necesse est, tamquam meretricem in matronarum coetum, sic voluptatem in virtutum concilium adducere?</li>\n\t<li>Aliter autem vobis placet.</li>\n</ol>\n\n\n<p>Ut aliquid scire se gaudeant? Quis est, qui non oderit libidinosam, protervam adolescentiam? Primum divisit ineleganter; </p>\n\n<ul>\n\t<li>Iam id ipsum absurdum, maximum malum neglegi.</li>\n\t<li>Nam adhuc, meo fortasse vitio, quid ego quaeram non perspicis.</li>\n\t<li>Hoc unum Aristo tenuit: praeter vitia atque virtutes negavit rem esse ullam aut fugiendam aut expetendam.</li>\n\t<li>Non potes, nisi retexueris illa.</li>\n</ul>\n\n\n<h2>Haec dicuntur inconstantissime.</h2>\n\n<p>Ratio enim nostra consentit, pugnat oratio. Quae duo sunt, unum facit. <a href='http://loripsum.net/' target='_blank'>Quam ob rem tandem, inquit, non satisfacit?</a> Summus dolor plures dies manere non potest? Inde sermone vario sex illa a Dipylo stadia confecimus. </p>\n\n",
    "creation_date": "2018/10/26 17:59:14.524508 GMT-4",
    "_uid": "5ab9ca5cfbad4af7a2a6791ad2b75632",
    "expirationDate": "None",
    "_content_type_id": "text/plain",
    "query": [],
    "_atbrefs": {},
    "id": "morbi-justo-nibh.",
    "subject": [],
    "_content_type_sort_on": "text/plain",
    "contributors": [],
    "effectiveDate": "None",
    "title": "Morbi justo nibh.",
    "_ac_local_roles": {
        "admin": [
            "Owner"
        ]
    },
    "sort_on": "Risus porta blandit sagittis.",
    "_content_type_language": "text/plain",
    "_defaultpage": "",
    "location": "Netus ipsum eros urna nonummy ve porta vel proin ipsum.",
    "_content_type_title": "text/plain",
    "excludeFromNav": true,
    "presentation": false,
    "_type": "Collection",
    "description": "Neque porta platea condimentum proin tellus. Massa curae rutrum dis platea. Morbi risus eni diam est dui commodo purus eu tincidunt hendrerit amet duis vivamus vitae nulla amet pretium donec quisque. Lacus curae congue. Metus class eni urna leo dis pellentesque eu gravida erat at. Morbi ipsum nascetur leo ipsum curae. Massa curae senectus lacus dui pharetra netus porta. Class risus. Augue ipsum dis nisi vestibulum nec fusce hymenaeos. Justo proin nibh at nisl maecenas risus magna turpis. Felis porta erat aliquet felis quis lacinia dapibus auctor ac at id. Class magna potenti quam. Curae magna. Purus dolor lacinia senectus justo nam amet parturient cras lectus ridiculus.",
    "_atrefs": {},
    "_layout": "standard_view",
    "_workflow_history": {
        "simple_publication_workflow": [
            {
                "action": null,
                "review_state": "private",
                "actor": "admin",
                "comments": "",
                "time": "2018/10/26 17:59:14.529155 GMT-4"
            },
            {
                "action": "publish",
                "review_state": "published",
                "actor": "admin",
                "comments": "",
                "time": "2018/10/26 17:59:15.132511 GMT-4"
            }
        ]
    },
    "_content_type_rights": "text/plain",
    "_directly_provided": [],
    "_classname": "Collection",
    "sort_reversed": true,
    "banner": "<h1>Non est enim vitium in oratione solum, sed etiam in moribus.</h1>\n\n<p>Lorem ipsum dolor sit amet, consectetur adipiscing elit. Minime vero, inquit ille, consentit. Contineo me ab exemplis. Si enim ad populum me vocas, eum. Nescio quo modo praetervolavit oratio. Que Manilium, ab iisque M. Duo Reges: constructio interrete. </p>\n\n<h2>Aliter enim explicari, quod quaeritur, non potest.</h2>\n\n<p>Nunc omni virtuti vitium contrario nomine opponitur. Videamus igitur sententias eorum, tum ad verba redeamus. Traditur, inquit, ab Epicuro ratio neglegendi doloris. </p>\n\n<dl>\n\t<dt><dfn>Quonam, inquit, modo?</dfn></dt>\n\t<dd>Avaritiamne minuis?</dd>\n\t<dt><dfn>Tenent mordicus.</dfn></dt>\n\t<dd>Sed utrum hortandus es nobis, Luci, inquit, an etiam tua sponte propensus es?</dd>\n\t<dt><dfn>In schola desinis.</dfn></dt>\n\t<dd>Nos paucis ad haec additis finem faciamus aliquando;</dd>\n</dl>\n\n\n<ul>\n\t<li>Ergo et avarus erit, sed finite, et adulter, verum habebit modum, et luxuriosus eodem modo.</li>\n\t<li>Sed ne, dum huic obsequor, vobis molestus sim.</li>\n\t<li>Causa autem fuit huc veniendi ut quosdam hinc libros promerem.</li>\n\t<li>Expressa vero in iis aetatibus, quae iam confirmatae sunt.</li>\n\t<li>Quis istud possit, inquit, negare?</li>\n</ul>\n\n\n<ol>\n\t<li>Superiores tres erant, quae esse possent, quarum est una sola defensa, eaque vehementer.</li>\n\t<li>Venit ad extremum;</li>\n</ol>\n\n\n<p>Sint ista Graecorum; Istam voluptatem, inquit, Epicurus ignorat? Fortemne possumus dicere eundem illum Torquatum? Scrupulum, inquam, abeunti; Honesta oratio, Socratica, Platonis etiam. Quantum Aristoxeni ingenium consumptum videmus in musicis? </p>\n\n",
    "_userdefined_roles": [],
    "modification_date": "2018/10/26 17:59:15.137504 GMT-4",
    "_content_type": "text/html",
    "_id": "morbi-justo-nibh.",
    "language": "en",
    "_content_type_banner": "text/html",
    "rights": "Justo vitae vivamus et ut tristique ipsum et erat id malesuada a per. Donec risus feugiat pede phasellus aptent. Augue netus. Fusce dolor massa mus urna vehicula sollicitudin aenean at nibh neque id magnis convallis risus vel. Magna massa luctus litora nisl leo a dictum ipsum adipiscing faucibus. Velit porta cras erat eni. Felis morbi mollis sociis quis natoque ligula risus erat tristique taciti. Morbi augue dolor nostra class quis tempus nunc. Justo magna. Neque lacus hac semper ac. Massa morbi. Netus fames interdum adipiscing montes. Metus magna tempor platea elit quisque. Etiam dolor tempus id nibh est. Dolor metus hac ipsum elit. Vitae felis faucibus purus consectetuer risus at malesuada massa augue eros gravida semper ve sed hendrerit. Magna augue sagittis ac purus ac purus et porta. Lorem neque felis cras at arcu massa aliquam vel nonummy nostra mattis morbi commodo. Augue velit a auctor ante mi sollicitudin laoreet habitant. Lacus donec dis. Augue fusce pretium sed vestibulum velit.",
    "b_size": 30,
    "customViewFields": [
        "Title",
        "Creator",
        "Type",
        "ModificationDate"
    ],
    "_content_type_description": "text/plain",
    "_owner": "admin",
    "_content_type_location": "text/plain",
    "limit": 1000,
    "_permissions": {
        "Change portal events": {
            "acquire": false,
            "roles": [
                "Editor",
                "Manager",
                "Owner",
                "Site Administrator"
            ]
        },
        "Modify portal content": {
            "acquire": false,
            "roles": [
                "Editor",
                "Manager",
                "Owner",
                "Site Administrator"
            ]
        },
        "Access contents information": {
            "acquire": false,
            "roles": [
                "Anonymous"
            ]
        },
        "View": {
            "acquire": false,
            "roles": [
                "Anonymous"
            ]
        }
    },
    "_properties": [
        [
            "title",
            "Morbi justo nibh.",
            "string"
        ]
    ],
    "allowDiscussion": false,
    "_gopip": 79,
    "creators": [
        "admin"
    ],
    "_path": "/Plone/about/lacus-purus-sit-augue-facilisis-ultricies-pede./nulla-magna-vivamus-eni-inceptos-venenatis./morbi-justo-nibh."
}