{
    "contributors": [],
    "_content_type_text": "text/html",
    "text": "<h1>Potius inflammat, ut coercendi magis quam dedocendi esse videantur.</h1>\n\n<p>Lorem ipsum dolor sit amet, consectetur adipiscing elit. <a href='http://loripsum.net/' target='_blank'>Idemne, quod iucunde?</a> Si longus, levis dictata sunt. Ita relinquet duas, de quibus etiam atque etiam consideret. Sed plane dicit quod intellegit. </p>\n\n<dl>\n\t<dt><dfn>Quid vero?</dfn></dt>\n\t<dd>Inde sermone vario sex illa a Dipylo stadia confecimus.</dd>\n\t<dt><dfn>Tenent mordicus.</dfn></dt>\n\t<dd>Quam tu ponis in verbis, ego positam in re putabam.</dd>\n\t<dt><dfn>Scrupulum, inquam, abeunti;</dfn></dt>\n\t<dd>Verum enim diceret, idque Socratem, qui voluptatem nullo loco numerat, audio dicentem, cibi condimentum esse famem, potionis sitim.</dd>\n\t<dt><dfn>Ita prorsus, inquam;</dfn></dt>\n\t<dd>Licet hic rursus ea commemores, quae optimis verbis ab Epicuro de laude amicitiae dicta sunt.</dd>\n\t<dt><dfn>Reguli reiciendam;</dfn></dt>\n\t<dd>Id et fieri posse et saepe esse factum et ad voluptates percipiendas maxime pertinere.</dd>\n</dl>\n\n\n<h2>Non modo carum sibi quemque, verum etiam vehementer carum esse?</h2>\n\n<p>Duo Reges: constructio interrete. Cum audissem Antiochum, Brute, ut solebam, cum M. Non est ista, inquam, Piso, magna dissensio. Quae cum dixisset, finem ille. Erat enim res aperta. Habent enim et bene longam et satis litigiosam disputationem. </p>\n\n<ol>\n\t<li>Velut ego nunc moveor.</li>\n\t<li>Ita relinquet duas, de quibus etiam atque etiam consideret.</li>\n</ol>\n\n\n<ul>\n\t<li>At ille non pertimuit saneque fidenter: Istis quidem ipsis verbis, inquit;</li>\n\t<li>Quis est enim, in quo sit cupiditas, quin recte cupidus dici possit?</li>\n</ul>\n\n\n<h3>Suam denique cuique naturam esse ad vivendum ducem.</h3>\n\n<p>Id enim natura desiderat. Nullus est igitur cuiusquam dies natalis. Istic sum, inquit. Aliter enim explicari, quod quaeritur, non potest. Mihi enim satis est, ipsis non satis. </p>\n\n",
    "creation_date": "2018/10/26 17:59:16.653621 GMT-4",
    "_uid": "30df202e82cf4585a20979ae4e11f694",
    "expirationDate": "None",
    "_content_type_id": "text/plain",
    "id": "justo-velit-amet-volutpat-egestas-auctor-ipsum-vestibulum-eleifend-ipsum-ut.",
    "subject": [],
    "effectiveDate": "None",
    "title": "Justo velit amet volutpat egestas auctor ipsum vestibulum eleifend ipsum ut.",
    "_ac_local_roles": {
        "admin": [
            "Owner"
        ]
    },
    "_content_type_language": "text/plain",
    "_defaultpage": "",
    "location": "Donec proin quam dui.",
    "_content_type_title": "text/plain",
    "excludeFromNav": false,
    "presentation": true,
    "_type": "Document",
    "description": "Morbi risus mollis id porta ac ornare et ut tempor sem turpis diam aliquet eu. Velit porta. Fusce metus. Lorem fusce eni fames lacinia tincidunt pharetra velit. Nulla ipsum suspendisse ad varius sollicitudin feugiat. Massa risus viverra nibh elit quisque ut dignissim a class in ligula massa. Fusce fames montes ac senectus semper adipiscing senectus aliquam. Netus fusce. Vitae proin felis dapibus porttitor nisi cursus habitasse at. Velit class sociosqu porta at enim dictum mi. Morbi felis suscipit odio vehicula pellentesque dictum libero nisi eget nisl tristique. Netus nulla leo cubilia a ullamcorper sed lectus integer sapien mi facilisi tellus. Lacus fames.",
    "_atrefs": {},
    "_layout": "document_view",
    "_workflow_history": {
        "simple_publication_workflow": [
            {
                "action": null,
                "review_state": "private",
                "actor": "admin",
                "comments": "",
                "time": "2018/10/26 17:59:16.659496 GMT-4"
            },
            {
                "action": "publish",
                "review_state": "published",
                "actor": "admin",
                "comments": "",
                "time": "2018/10/26 17:59:17.255035 GMT-4"
            }
        ]
    },
    "_content_type_rights": "text/plain",
    "_directly_provided": [],
    "language": "en",
    "tableContents": true,
    "_classname": "ATDocument",
    "banner": "<h1>Ita enim vivunt quidam, ut eorum vita refellatur oratio.</h1>\n\n<p>Lorem ipsum dolor sit amet, consectetur adipiscing elit. Explanetur igitur. Memini vero, inquam; Praeteritis, inquit, gaudeo. Itaque his sapiens semper vacabit. Duo Reges: constructio interrete. Nam quid possumus facere melius? Tenent mordicus. Facillimum id quidem est, inquam. </p>\n\n<p>Sed quae tandem ista ratio est? Quid, quod res alia tota est? Erit enim mecum, si tecum erit. Quamquam haec quidem praeposita recte et reiecta dicere licebit. </p>\n\n<h2>Hoc ipsum elegantius poni meliusque potuit.</h2>\n\n<p>Omnia contraria, quos etiam insanos esse vultis. Suam denique cuique naturam esse ad vivendum ducem. Ne in odium veniam, si amicum destitero tueri. Eam stabilem appellas. Ego vero isti, inquam, permitto. Sint ista Graecorum; </p>\n\n<dl>\n\t<dt><dfn>Frater et T.</dfn></dt>\n\t<dd>Quis enim confidit semper sibi illud stabile et firmum permansurum, quod fragile et caducum sit?</dd>\n\t<dt><dfn>Iam contemni non poteris.</dfn></dt>\n\t<dd>Quod si ita sit, cur opera philosophiae sit danda nescio.</dd>\n</dl>\n\n\n<ul>\n\t<li>Non enim solum Torquatus dixit quid sentiret, sed etiam cur.</li>\n\t<li>Hoc ne statuam quidem dicturam pater aiebat, si loqui posset.</li>\n\t<li>Multoque hoc melius nos veriusque quam Stoici.</li>\n\t<li>Inde sermone vario sex illa a Dipylo stadia confecimus.</li>\n\t<li>Satisne ergo pudori consulat, si quis sine teste libidini pareat?</li>\n</ul>\n\n\n<ol>\n\t<li>Ea, quae dialectici nunc tradunt et docent, nonne ab illis instituta sunt aut inventa sunt?</li>\n\t<li>Est tamen ea secundum naturam multoque nos ad se expetendam magis hortatur quam superiora omnia.</li>\n</ol>\n\n\n",
    "_userdefined_roles": [],
    "_content_type": "text/html",
    "_id": "justo-velit-amet-volutpat-egestas-auctor-ipsum-vestibulum-eleifend-ipsum-ut.",
    "modification_date": "2018/10/26 17:59:17.259157 GMT-4",
    "_content_type_banner": "text/html",
    "rights": "Curae vitae per consequat tempor nibh ve fames. Donec fames aptent ac est elementum netus purus sociosqu diam. Nulla donec. Massa fusce phasellus sem euismod. Lacus dolor risus fermentum varius proin mollis. Dolor augue montes in senectus mus risus dui arcu taciti. Massa proin risus purus morbi dui augue urna. Justo ipsum hac amet nunc nulla magna enim felis semper purus parturient odio luctus facilisis hymenaeos pede vel. Risus etiam odio libero sit magnis nullam nunc ac. Massa lorem natoque cubilia fusce cras tincidunt. Ipsum etiam justo aliquet etiam sem. Risus purus sagittis purus. Curae etiam. Lorem magna. Neque vitae.",
    "_atbrefs": {},
    "_content_type_description": "text/plain",
    "_owner": "admin",
    "_content_type_location": "text/plain",
    "_permissions": {
        "Modify portal content": {
            "acquire": false,
            "roles": [
                "Editor",
                "Manager",
                "Owner",
                "Site Administrator"
            ]
        },
        "Access contents information": {
            "acquire": false,
            "roles": [
                "Anonymous"
            ]
        },
        "View": {
            "acquire": false,
            "roles": [
                "Anonymous"
            ]
        }
    },
    "_properties": [
        [
            "title",
            "Justo velit amet volutpat egestas auctor ipsum vestibulum eleifend ipsum ut.",
            "string"
        ]
    ],
    "allowDiscussion": false,
    "_gopip": 1,
    "creators": [
        "admin"
    ],
    "_path": "/Plone/about/lacus-purus-sit-augue-facilisis-ultricies-pede./felis-ipsum-dis-diam-quam-facilisi-et-condimentum-quis-sociis./justo-velit-amet-volutpat-egestas-auctor-ipsum-vestibulum-eleifend-ipsum-ut."
}