{
    "contributors": [],
    "_content_type_text": "text/html",
    "text": "<h1>Tu vero, inquam, ducas licet, si sequetur;</h1>\n\n<p>Lorem ipsum dolor sit amet, consectetur adipiscing elit. <a href='http://loripsum.net/' target='_blank'>Hoc ipsum elegantius poni meliusque potuit.</a> <a href='http://loripsum.net/' target='_blank'>Ita multa dicunt, quae vix intellegam.</a> Duo Reges: constructio interrete. Si longus, levis dictata sunt. Sumenda potius quam expetenda. Estne, quaeso, inquam, sitienti in bibendo voluptas? Graccho, eius fere, aequal\u00ed? Occultum facinus esse potuerit, gaudebit; </p>\n\n<ol>\n\t<li>Fortitudinis quaedam praecepta sunt ac paene leges, quae effeminari virum vetant in dolore.</li>\n\t<li>Quo modo autem optimum, si bonum praeterea nullum est?</li>\n\t<li>Maximas vero virtutes iacere omnis necesse est voluptate dominante.</li>\n\t<li>Quid in isto egregio tuo officio et tanta fide-sic enim existimo-ad corpus refers?</li>\n</ol>\n\n\n<ul>\n\t<li>Cur igitur, inquam, res tam dissimiles eodem nomine appellas?</li>\n\t<li>Quis contra in illa aetate pudorem, constantiam, etiamsi sua nihil intersit, non tamen diligat?</li>\n\t<li>Ille igitur vidit, non modo quot fuissent adhuc philosophorum de summo bono, sed quot omnino esse possent sententiae.</li>\n\t<li>Qualem igitur hominem natura inchoavit?</li>\n</ul>\n\n\n<h2>Sed quae tandem ista ratio est?</h2>\n\n<p>Istam voluptatem perpetuam quis potest praestare sapienti? Ita prorsus, inquam; </p>\n\n<dl>\n\t<dt><dfn>Si longus, levis.</dfn></dt>\n\t<dd>Respondent extrema primis, media utrisque, omnia omnibus.</dd>\n\t<dt><dfn>Quid Zeno?</dfn></dt>\n\t<dd>At ille non pertimuit saneque fidenter: Istis quidem ipsis verbis, inquit;</dd>\n</dl>\n\n\n<p>Ita prorsus, inquam; Iam in altera philosophiae parte. </p>\n\n",
    "creation_date": "2018/10/26 17:59:17.464635 GMT-4",
    "_uid": "536dc9183472469faee928b4cdf2a3f7",
    "expirationDate": "None",
    "_content_type_id": "text/plain",
    "id": "proin-augue-scelerisque-dictumst-fermentum-ad-mollis-volutpat-ridiculus-nisi.",
    "subject": [],
    "effectiveDate": "None",
    "title": "Proin augue scelerisque dictumst fermentum ad mollis volutpat ridiculus nisi.",
    "_ac_local_roles": {
        "admin": [
            "Owner"
        ]
    },
    "_content_type_language": "text/plain",
    "_defaultpage": "",
    "location": "Netus magna gravida sociis.",
    "_content_type_title": "text/plain",
    "excludeFromNav": true,
    "presentation": false,
    "_type": "Document",
    "description": "Morbi lacus. Nulla magna vehicula per euismod mattis. Justo augue. Proin nulla mattis etiam vel elit nunc senectus aliquet urna sollicitudin ac. Neque ipsum auctor vestibulum pellentesque conubia dui et dolor ipsum interdum amet. Metus velit erat ut ultrices quisque natoque eros parturient. Netus velit aliquet primis ante euismod lorem mus velit imperdiet. Morbi metus cursus consectetuer porttitor mattis massa adipiscing ad amet. Massa netus. Class fames sem amet praesent vitae. Purus porta netus iaculis cursus sit adipiscing ultricies dolor eu massa id. Metus neque sociis varius porta nec. Netus class sem vitae parturient ut tellus ut facilisi rhoncus purus. Purus fusce.",
    "_atrefs": {},
    "_layout": "document_view",
    "_workflow_history": {
        "simple_publication_workflow": [
            {
                "action": null,
                "review_state": "private",
                "actor": "admin",
                "comments": "",
                "time": "2018/10/26 17:59:17.469253 GMT-4"
            },
            {
                "action": "publish",
                "review_state": "published",
                "actor": "admin",
                "comments": "",
                "time": "2018/10/26 17:59:18.087315 GMT-4"
            }
        ]
    },
    "_content_type_rights": "text/plain",
    "_directly_provided": [],
    "language": "en",
    "tableContents": false,
    "_classname": "ATDocument",
    "banner": "<h1>Sic enim censent, oportunitatis esse beate vivere.</h1>\n\n<p>Lorem ipsum dolor sit amet, consectetur adipiscing elit. Quae sequuntur igitur? Dat enim intervalla et relaxat. Qui convenit? Huius, Lyco, oratione locuples, rebus ipsis ielunior. Quod cum dixissent, ille contra. </p>\n\n<ol>\n\t<li>Atqui reperies, inquit, in hoc quidem pertinacem;</li>\n\t<li>Primum divisit ineleganter;</li>\n\t<li>Ea possunt paria non esse.</li>\n</ol>\n\n\n<dl>\n\t<dt><dfn>Praeteritis, inquit, gaudeo.</dfn></dt>\n\t<dd>Idcirco enim non desideraret, quia, quod dolore caret, id in voluptate est.</dd>\n\t<dt><dfn>Quo tandem modo?</dfn></dt>\n\t<dd>Putabam equidem satis, inquit, me dixisse.</dd>\n\t<dt><dfn>Numquam facies.</dfn></dt>\n\t<dd>Quid nunc honeste dicit?</dd>\n\t<dt><dfn>Quis negat?</dfn></dt>\n\t<dd>Nam de summo mox, ut dixi, videbimus et ad id explicandum disputationem omnem conferemus.</dd>\n\t<dt><dfn>Itaque fecimus.</dfn></dt>\n\t<dd>Si enim ita est, vide ne facinus facias, cum mori suadeas.</dd>\n</dl>\n\n\n<p>Si longus, levis dictata sunt. Duo Reges: constructio interrete. <a href='http://loripsum.net/' target='_blank'>Nullus est igitur cuiusquam dies natalis.</a> Quodsi ipsam honestatem undique pertectam atque absolutam. <a href='http://loripsum.net/' target='_blank'>Satis est ad hoc responsum.</a> </p>\n\n<h2>Cum audissem Antiochum, Brute, ut solebam, cum M.</h2>\n\n<p>Hoc sic expositum dissimile est superiori. Minime vero istorum quidem, inquit. Si longus, levis. Omnis enim est natura diligens sui. Nihil illinc huc pervenit. </p>\n\n<ul>\n\t<li>Apparet statim, quae sint officia, quae actiones.</li>\n\t<li>Quamquam ab iis philosophiam et omnes ingenuas disciplinas habemus;</li>\n\t<li>Neminem videbis ita laudatum, ut artifex callidus comparandarum voluptatum diceretur.</li>\n\t<li>Idem fecisset Epicurus, si sententiam hanc, quae nunc Hieronymi est, coniunxisset cum Aristippi vetere sententia.</li>\n</ul>\n\n\n",
    "_userdefined_roles": [],
    "_content_type": "text/html",
    "_id": "proin-augue-scelerisque-dictumst-fermentum-ad-mollis-volutpat-ridiculus-nisi.",
    "modification_date": "2018/10/26 17:59:18.091733 GMT-4",
    "_content_type_banner": "text/html",
    "rights": "Metus neque sit eget consectetuer vestibulum urna. Massa curae tortor eros dolor potenti libero magna proin augue. Curae justo a tempor duis mi cras ac duis praesent tristique. Dolor donec accumsan parturient fermentum nibh quis vestibulum diam tincidunt. Neque class nec. Ipsum lorem eni. Proin nulla magna proin euismod primis ad. Morbi donec. Neque dolor congue litora dignissim egestas class. Lacus magna justo facilisi metus ve fames varius. Felis ipsum etiam nisi montes tempor lorem. Massa dolor leo facilisi. Nulla felis habitant hac. Proin ipsum nulla a sapien orci sollicitudin pulvinar velit cum purus iaculis duis inceptos semper taciti quam. Curae fusce nullam et eleifend odio sem senectus a pellentesque arcu posuere. Risus neque velit class risus. Justo velit massa metus potenti nisi interdum litora.",
    "_atbrefs": {},
    "_content_type_description": "text/plain",
    "_owner": "admin",
    "_content_type_location": "text/plain",
    "_permissions": {
        "Modify portal content": {
            "acquire": false,
            "roles": [
                "Editor",
                "Manager",
                "Owner",
                "Site Administrator"
            ]
        },
        "Access contents information": {
            "acquire": false,
            "roles": [
                "Anonymous"
            ]
        },
        "View": {
            "acquire": false,
            "roles": [
                "Anonymous"
            ]
        }
    },
    "_properties": [
        [
            "title",
            "Proin augue scelerisque dictumst fermentum ad mollis volutpat ridiculus nisi.",
            "string"
        ]
    ],
    "allowDiscussion": false,
    "_gopip": 2,
    "creators": [
        "admin"
    ],
    "_path": "/Plone/about/lacus-purus-sit-augue-facilisis-ultricies-pede./felis-ipsum-dis-diam-quam-facilisi-et-condimentum-quis-sociis./proin-augue-scelerisque-dictumst-fermentum-ad-mollis-volutpat-ridiculus-nisi."
}