{
    "contributors": [],
    "_content_type_text": "text/html",
    "text": "<h1>Traditur, inquit, ab Epicuro ratio neglegendi doloris.</h1>\n\n<p>Lorem ipsum dolor sit amet, consectetur adipiscing elit. Numquam facies. Qui ita affectus, beatum esse numquam probabis; Sed videbimus. Venit ad extremum; </p>\n\n<ol>\n\t<li>Est autem etiam actio quaedam corporis, quae motus et status naturae congruentis tenet;</li>\n\t<li>Dat enim intervalla et relaxat.</li>\n\t<li>Ille enim occurrentia nescio quae comminiscebatur;</li>\n\t<li>Illa enim, quae prosunt aut quae nocent, aut bona sunt aut mala, quae sint paria necesse est.</li>\n\t<li>Summus dolor plures dies manere non potest?</li>\n</ol>\n\n\n<p>Tamen a proposito, inquam, aberramus. Quonam, inquit, modo? Est enim effectrix multarum et magnarum voluptatum. <a href='http://loripsum.net/' target='_blank'>Sed eum qui audiebant, quoad poterant, defendebant sententiam suam.</a> Istic sum, inquit. An est aliquid, quod te sua sponte delectet? </p>\n\n<dl>\n\t<dt><dfn>Haeret in salebra.</dfn></dt>\n\t<dd>Partim cursu et peragratione laetantur, congregatione aliae coetum quodam modo civitatis imitantur;</dd>\n\t<dt><dfn>Poterat autem inpune;</dfn></dt>\n\t<dd>Tibi hoc incredibile, quod beatissimum.</dd>\n\t<dt><dfn>Itaque fecimus.</dfn></dt>\n\t<dd>Minime id quidem, inquam, alienum, multumque ad ea, quae quaerimus, explicatio tua ista profecerit.</dd>\n</dl>\n\n\n<h2>Duo Reges: constructio interrete.</h2>\n\n<p>Si enim ad populum me vocas, eum. Quod iam a me expectare noli. <a href='http://loripsum.net/' target='_blank'>Quacumque enim ingredimur, in aliqua historia vestigium ponimus.</a> An hoc usque quaque, aliter in vita? Si enim ad populum me vocas, eum. Cave putes quicquam esse verius. </p>\n\n<ul>\n\t<li>Esse enim, nisi eris, non potes.</li>\n\t<li>Semovenda est igitur voluptas, non solum ut recta sequamini, sed etiam ut loqui deceat frugaliter.</li>\n\t<li>Stuprata per vim Lucretia a regis filio testata civis se ipsa interemit.</li>\n\t<li>Non enim quaero quid verum, sed quid cuique dicendum sit.</li>\n</ul>\n\n\n",
    "creation_date": "2018/10/26 17:59:18.319362 GMT-4",
    "_uid": "70414eef0a2a43c9ad6584b3aa93bdc7",
    "expirationDate": "None",
    "_content_type_id": "text/plain",
    "id": "lacus-augue-sodales.",
    "subject": [],
    "effectiveDate": "None",
    "title": "Lacus augue sodales.",
    "_ac_local_roles": {
        "admin": [
            "Owner"
        ]
    },
    "_content_type_language": "text/plain",
    "_defaultpage": "",
    "location": "Lorem fames.",
    "_content_type_title": "text/plain",
    "excludeFromNav": true,
    "presentation": false,
    "_type": "Document",
    "description": "Lacus proin. Donec morbi auctor velit posuere et ve. Fames metus ornare. Metus neque maecenas elit cursus gravida aliquet nullam id ad nisi placerat vel commodo. Fusce vitae venenatis lobortis velit ad cursus ultricies. Curae fames. Nulla velit arcu facilisis lectus auctor. Lorem porta interdum nulla ad tellus mus nonummy lorem duis praesent lorem tortor. Class neque magnis ad eget etiam nunc venenatis est dis. Porta proin risus nam etiam felis. Neque nulla. Class lorem posuere nec at velit ad nunc.",
    "_atrefs": {},
    "_layout": "document_view",
    "_workflow_history": {
        "simple_publication_workflow": [
            {
                "action": null,
                "review_state": "private",
                "actor": "admin",
                "comments": "",
                "time": "2018/10/26 17:59:18.323636 GMT-4"
            },
            {
                "action": "publish",
                "review_state": "published",
                "actor": "admin",
                "comments": "",
                "time": "2018/10/26 17:59:18.913193 GMT-4"
            }
        ]
    },
    "_content_type_rights": "text/plain",
    "_directly_provided": [],
    "language": "en",
    "tableContents": true,
    "_classname": "ATDocument",
    "banner": "<h1>Quae cum essent dicta, finem fecimus et ambulandi et disputandi.</h1>\n\n<p>Lorem ipsum dolor sit amet, consectetur adipiscing elit. Facillimum id quidem est, inquam. Memini me adesse P. Haec dicuntur inconstantissime. Sed ad illum redeo. Duo Reges: constructio interrete. Sed potestne rerum maior esse dissensio? </p>\n\n<p>Verum hoc idem saepe faciamus. Si enim ad populum me vocas, eum. <a href='http://loripsum.net/' target='_blank'>Idemne, quod iucunde?</a> Quid dubitas igitur mutare principia naturae? Esse enim, nisi eris, non potes. Quorum sine causa fieri nihil putandum est. </p>\n\n<ol>\n\t<li>Perge porro;</li>\n\t<li>Summus dolor plures dies manere non potest?</li>\n\t<li>Age, inquies, ista parva sunt.</li>\n\t<li>Quem si tenueris, non modo meum Ciceronem, sed etiam me ipsum abducas licebit.</li>\n</ol>\n\n\n<ul>\n\t<li>An eum discere ea mavis, quae cum plane perdidiceriti nihil sciat?</li>\n\t<li>An quod ita callida est, ut optime possit architectari voluptates?</li>\n\t<li>Minime vero istorum quidem, inquit.</li>\n\t<li>Expectoque quid ad id, quod quaerebam, respondeas.</li>\n</ul>\n\n\n<p>Cum id fugiunt, re eadem defendunt, quae Peripatetici, verba. Tu quidem reddes; Quamquam id quidem licebit iis existimare, qui legerint. </p>\n\n<dl>\n\t<dt><dfn>Peccata paria.</dfn></dt>\n\t<dd>Illud urgueam, non intellegere eum quid sibi dicendum sit, cum dolorem summum malum esse dixerit.</dd>\n\t<dt><dfn>Quonam, inquit, modo?</dfn></dt>\n\t<dd>Te enim iudicem aequum puto, modo quae dicat ille bene noris.</dd>\n\t<dt><dfn>Nihilo magis.</dfn></dt>\n\t<dd>Hos contra singulos dici est melius.</dd>\n</dl>\n\n\n",
    "_userdefined_roles": [],
    "_content_type": "text/html",
    "_id": "lacus-augue-sodales.",
    "modification_date": "2018/10/26 17:59:18.917644 GMT-4",
    "_content_type_banner": "text/html",
    "rights": "Vitae magna montes. Risus augue. Felis class fusce etiam magna vehicula penatibus. Porta netus faucibus nec aliquam at semper etiam habitasse nam. Vitae risus ipsum neque quisque nec lectus posuere potenti viverra cubilia. Proin donec nec congue lobortis. Augue donec urna integer magna id mauris risus nonummy massa nibh libero nonummy facilisis. Velit ipsum vitae sit amet vehicula netus a litora. Donec ipsum. Massa vitae cursus bibendum dignissim ve ullamcorper. Justo risus sociosqu curae mi mauris ut. Velit proin sapien nostra nibh non. Lorem massa a integer mattis ipsum. Fusce dolor mus velit donec habitant hac sapien a integer cursus dis enim proin tristique sed sodales ad nascetur. Morbi dolor dictumst at tortor. Proin augue ornare volutpat fusce curae dui ligula. Magna justo a pede proin nunc maecenas massa.",
    "_atbrefs": {},
    "_content_type_description": "text/plain",
    "_owner": "admin",
    "_content_type_location": "text/plain",
    "_permissions": {
        "Modify portal content": {
            "acquire": false,
            "roles": [
                "Editor",
                "Manager",
                "Owner",
                "Site Administrator"
            ]
        },
        "Access contents information": {
            "acquire": false,
            "roles": [
                "Anonymous"
            ]
        },
        "View": {
            "acquire": false,
            "roles": [
                "Anonymous"
            ]
        }
    },
    "_properties": [
        [
            "title",
            "Lacus augue sodales.",
            "string"
        ]
    ],
    "allowDiscussion": false,
    "_gopip": 3,
    "creators": [
        "admin"
    ],
    "_path": "/Plone/about/lacus-purus-sit-augue-facilisis-ultricies-pede./felis-ipsum-dis-diam-quam-facilisi-et-condimentum-quis-sociis./lacus-augue-sodales."
}