{
    "contributors": [],
    "_content_type_text": "text/html",
    "text": "<h1>Primum in nostrane potestate est, quid meminerimus?</h1>\n\n<p>Lorem ipsum dolor sit amet, consectetur adipiscing elit. <a href='http://loripsum.net/' target='_blank'>Non laboro, inquit, de nomine.</a> Quid, de quo nulla dissensio est? </p>\n\n<h3>An vero, inquit, quisquam potest probare, quod perceptfum, quod.</h3>\n\n<p><a href='http://loripsum.net/' target='_blank'>Primum in nostrane potestate est, quid meminerimus?</a> Respondent extrema primis, media utrisque, omnia omnibus. Qui non moveatur et offensione turpitudinis et comprobatione honestatis? <a href='http://loripsum.net/' target='_blank'>Tum Torquatus: Prorsus, inquit, assentior;</a> Ne in odium veniam, si amicum destitero tueri. Duo enim genera quae erant, fecit tria. </p>\n\n<dl>\n\t<dt><dfn>Proclivi currit oratio.</dfn></dt>\n\t<dd>Nam et complectitur verbis, quod vult, et dicit plane, quod intellegam;</dd>\n\t<dt><dfn>Quo tandem modo?</dfn></dt>\n\t<dd>Itaque in rebus minime obscuris non multus est apud eos disserendi labor.</dd>\n\t<dt><dfn>Sedulo, inquam, faciam.</dfn></dt>\n\t<dd>Tuo vero id quidem, inquam, arbitratu.</dd>\n\t<dt><dfn>Quid enim?</dfn></dt>\n\t<dd>Iubet igitur nos Pythius Apollo noscere nosmet ipsos.</dd>\n</dl>\n\n\n<h2>Mihi, inquam, qui te id ipsum rogavi?</h2>\n\n<p>Sic enim censent, oportunitatis esse beate vivere. Mihi enim satis est, ipsis non satis. Sed nimis multa. Duo Reges: constructio interrete. Istic sum, inquit. </p>\n\n<ul>\n\t<li>Sed finge non solum callidum eum, qui aliquid improbe faciat, verum etiam praepotentem, ut M.</li>\n\t<li>Sedulo, inquam, faciam.</li>\n\t<li>Graecis hoc modicum est: Leonidas, Epaminondas, tres aliqui aut quattuor;</li>\n\t<li>Cuius similitudine perspecta in formarum specie ac dignitate transitum est ad honestatem dictorum atque factorum.</li>\n\t<li>Et ille ridens: Video, inquit, quid agas;</li>\n\t<li>Non quam nostram quidem, inquit Pomponius iocans;</li>\n</ul>\n\n\n<ol>\n\t<li>An me, inquis, tam amentem putas, ut apud imperitos isto modo loquar?</li>\n\t<li>In qua si nihil est praeter rationem, sit in una virtute finis bonorum;</li>\n\t<li>Cenasti in vita numquam bene, cum omnia in ista Consumis squilla atque acupensere cum decimano.</li>\n\t<li>Quid de Pythagora?</li>\n</ol>\n\n\n",
    "creation_date": "2018/10/26 17:59:19.100841 GMT-4",
    "_uid": "bfc4bfd37aa049f0801fb126e2549fee",
    "expirationDate": "None",
    "_content_type_id": "text/plain",
    "id": "proin-purus-odio-enim-class-nulla-magna-litora.",
    "subject": [],
    "effectiveDate": "None",
    "title": "Proin purus odio enim class nulla magna litora.",
    "_ac_local_roles": {
        "admin": [
            "Owner"
        ]
    },
    "_content_type_language": "text/plain",
    "_defaultpage": "",
    "location": "Fames metus nostra hac sociis a feugiat mattis lorem neque tempus dictum ultricies justo ultrices ac metus.",
    "_content_type_title": "text/plain",
    "excludeFromNav": true,
    "presentation": true,
    "_type": "Document",
    "description": "Netus risus. Netus justo varius mauris dignissim inceptos sociis. Fusce netus nam netus dignissim eleifend vitae porta. Felis dolor. Fames magna a cubilia ut taciti a. Vitae augue. Vitae velit nulla mauris malesuada vestibulum. Lorem etiam tortor duis condimentum in aptent odio in. Fames felis consequat elit non. Lacus porta mollis lobortis conubia malesuada dis habitant facilisis. Fames lacus varius habitasse. Metus justo mollis aenean facilisi suspendisse bibendum orci mattis sagittis auctor tellus dolor.",
    "_atrefs": {},
    "_layout": "document_view",
    "_workflow_history": {
        "simple_publication_workflow": [
            {
                "action": null,
                "review_state": "private",
                "actor": "admin",
                "comments": "",
                "time": "2018/10/26 17:59:19.105351 GMT-4"
            },
            {
                "action": "publish",
                "review_state": "published",
                "actor": "admin",
                "comments": "",
                "time": "2018/10/26 17:59:19.701327 GMT-4"
            }
        ]
    },
    "_content_type_rights": "text/plain",
    "_directly_provided": [],
    "language": "en",
    "tableContents": false,
    "_classname": "ATDocument",
    "banner": "<h1>Quae ista amicitia est?</h1>\n\n<p>Lorem ipsum dolor sit amet, consectetur adipiscing elit. Est, ut dicis, inquit; Dici enim nihil potest verius. Duo Reges: constructio interrete. Quis istud possit, inquit, negare? </p>\n\n<ol>\n\t<li>Negat esse eam, inquit, propter se expetendam.</li>\n\t<li>At ille non pertimuit saneque fidenter: Istis quidem ipsis verbis, inquit;</li>\n\t<li>Quamquam id quidem licebit iis existimare, qui legerint.</li>\n\t<li>Hunc vos beatum;</li>\n\t<li>Quoniam, si dis placet, ab Epicuro loqui discimus.</li>\n\t<li>Nam bonum ex quo appellatum sit, nescio, praepositum ex eo credo, quod praeponatur aliis.</li>\n</ol>\n\n\n<h2>Tollitur beneficium, tollitur gratia, quae sunt vincla concordiae.</h2>\n\n<p>Cum praesertim illa perdiscere ludus esset. <a href='http://loripsum.net/' target='_blank'>Egone quaeris, inquit, quid sentiam?</a> Maximus dolor, inquit, brevis est. Sed tamen intellego quid velit. Et ille ridens: Video, inquit, quid agas; Satis est ad hoc responsum. </p>\n\n<dl>\n\t<dt><dfn>Cur iustitia laudatur?</dfn></dt>\n\t<dd>Tum ille timide vel potius verecunde: Facio, inquit.</dd>\n\t<dt><dfn>Idem adhuc;</dfn></dt>\n\t<dd>Quod non faceret, si in voluptate summum bonum poneret.</dd>\n\t<dt><dfn>Quid ergo?</dfn></dt>\n\t<dd>Is ita vivebat, ut nulla tam exquisita posset inveniri voluptas, qua non abundaret.</dd>\n</dl>\n\n\n<ul>\n\t<li>Ita multo sanguine profuso in laetitia et in victoria est mortuus.</li>\n\t<li>Quem si tenueris, non modo meum Ciceronem, sed etiam me ipsum abducas licebit.</li>\n\t<li>Nam aliquando posse recte fieri dicunt nulla expectata nec quaesita voluptate.</li>\n\t<li>Experiamur igitur, inquit, etsi habet haec Stoicorum ratio difficilius quiddam et obscurius.</li>\n</ul>\n\n\n<p>Quis negat? <a href='http://loripsum.net/' target='_blank'>Sed ego in hoc resisto;</a> <a href='http://loripsum.net/' target='_blank'>Sed mehercule pergrata mihi oratio tua.</a> Verba tu fingas et ea dicas, quae non sentias? Si quae forte-possumus. </p>\n\n",
    "_userdefined_roles": [],
    "_content_type": "text/html",
    "_id": "proin-purus-odio-enim-class-nulla-magna-litora.",
    "modification_date": "2018/10/26 17:59:19.705712 GMT-4",
    "_content_type_banner": "text/html",
    "rights": "Purus lorem luctus venenatis elementum pede sit platea. Vitae porta interdum lacus ut felis ad a. Lacus neque scelerisque nascetur blandit eu. Class lorem dis elit eni arcu parturient mus vitae. Curae massa montes dis pede arcu ipsum. Dolor magna. Etiam donec. Proin metus quam condimentum posuere. Lorem ipsum condimentum facilisi dolor dis magna cum enim. Fusce fames. Ipsum purus dictumst ridiculus a metus sodales viverra erat luctus mi habitant nibh. Morbi fusce pharetra. Fusce purus ullamcorper vehicula purus vitae cras fermentum ve felis. Proin nulla mattis vestibulum sollicitudin dapibus nisi arcu nisl blandit dolor vestibulum arcu litora. Lacus morbi aenean curabitur sociosqu diam lectus.",
    "_atbrefs": {},
    "_content_type_description": "text/plain",
    "_owner": "admin",
    "_content_type_location": "text/plain",
    "_permissions": {
        "Modify portal content": {
            "acquire": false,
            "roles": [
                "Editor",
                "Manager",
                "Owner",
                "Site Administrator"
            ]
        },
        "Access contents information": {
            "acquire": false,
            "roles": [
                "Anonymous"
            ]
        },
        "View": {
            "acquire": false,
            "roles": [
                "Anonymous"
            ]
        }
    },
    "_properties": [
        [
            "title",
            "Proin purus odio enim class nulla magna litora.",
            "string"
        ]
    ],
    "allowDiscussion": false,
    "_gopip": 4,
    "creators": [
        "admin"
    ],
    "_path": "/Plone/about/lacus-purus-sit-augue-facilisis-ultricies-pede./felis-ipsum-dis-diam-quam-facilisi-et-condimentum-quis-sociis./proin-purus-odio-enim-class-nulla-magna-litora."
}