{
    "contributors": [],
    "_content_type_text": "text/html",
    "text": "<h1>Non enim, si omnia non sequebatur, idcirco non erat ortus illinc.</h1>\n\n<p>Lorem ipsum dolor sit amet, consectetur adipiscing elit. Quae sequuntur igitur? Duo Reges: constructio interrete. In schola desinis. Nihil opus est exemplis hoc facere longius. Sedulo, inquam, faciam. </p>\n\n<ol>\n\t<li>Nam illud vehementer repugnat, eundem beatum esse et multis malis oppressum.</li>\n\t<li>Universa enim illorum ratione cum tota vestra confligendum puto.</li>\n\t<li>Sed quanta sit alias, nunc tantum possitne esse tanta.</li>\n\t<li>Vide, quantum, inquam, fallare, Torquate.</li>\n\t<li>Tu autem negas fortem esse quemquam posse, qui dolorem malum putet.</li>\n</ol>\n\n\n<dl>\n\t<dt><dfn>Praeclare hoc quidem.</dfn></dt>\n\t<dd>Hi autem ponunt illi quidem prima naturae, sed ea seiungunt a finibus et a summa bonorum;</dd>\n\t<dt><dfn>Numquam facies.</dfn></dt>\n\t<dd>Non pugnem cum homine, cur tantum habeat in natura boni;</dd>\n\t<dt><dfn>Sed haec omittamus;</dfn></dt>\n\t<dd>Inde igitur, inquit, ordiendum est.</dd>\n\t<dt><dfn>Recte dicis;</dfn></dt>\n\t<dd>Quamquam id quidem, infinitum est in hac urbe;</dd>\n</dl>\n\n\n<h2>Iam id ipsum absurdum, maximum malum neglegi.</h2>\n\n<p>Gloriosa ostentatio in constituendo summo bono. Haec para/doca illi, nos admirabilia dicamus. Hoc est non dividere, sed frangere. Sequitur disserendi ratio cognitioque naturae; Huius ego nunc auctoritatem sequens idem faciam. </p>\n\n<ul>\n\t<li>Age nunc isti doceant, vel tu potius quis enim ista melius?</li>\n\t<li>Tollenda est atque extrahenda radicitus.</li>\n\t<li>Cur deinde Metrodori liberos commendas?</li>\n\t<li>Inde igitur, inquit, ordiendum est.</li>\n</ul>\n\n\n<h3>Itaque haec cum illis est dissensio, cum Peripateticis nulla sane.</h3>\n\n<p>Qui est in parvis malis. Summum a vobis bonum voluptas dicitur. At enim hic etiam dolore. Age, inquies, ista parva sunt. </p>\n\n",
    "creation_date": "2018/10/26 17:59:21.668850 GMT-4",
    "_uid": "7a37a676e56b488cbb244f7d3e1e5d54",
    "expirationDate": "None",
    "_content_type_id": "text/plain",
    "id": "justo-lacus-augue-elit.",
    "subject": [],
    "effectiveDate": "None",
    "title": "Justo lacus augue elit.",
    "_ac_local_roles": {
        "admin": [
            "Owner"
        ]
    },
    "_content_type_language": "text/plain",
    "_defaultpage": "",
    "location": "Fames massa fusce elit fusce rhoncus pede praesent malesuada consectetuer vestibulum nunc sapien.",
    "_content_type_title": "text/plain",
    "excludeFromNav": true,
    "presentation": false,
    "_type": "Document",
    "description": "Etiam lacus hac lorem vel arcu cubilia ante ut amet. Velit lorem ipsum metus dolor lorem tempor fames leo. Dolor justo sed suscipit conubia. Risus fusce quisque mi etiam mauris dictum rhoncus at habitasse neque cum enim venenatis cursus. Porta fusce lobortis ut est etiam curabitur dui. Neque felis. Proin risus primis tortor potenti quis sed consectetuer mi. Risus fames nec. Netus vitae mauris etiam tristique aliquet. Vitae netus torquent porttitor eu id fringilla etiam. Lacus neque suspendisse vehicula arcu nascetur metus viverra. Neque magna tempor nostra augue purus vehicula malesuada at scelerisque mi tellus. Lorem risus sapien in volutpat sit dolor. Dolor fusce tellus. Vitae risus viverra lorem morbi a elit parturient eros.",
    "_atrefs": {},
    "_layout": "document_view",
    "_workflow_history": {
        "simple_publication_workflow": [
            {
                "action": null,
                "review_state": "private",
                "actor": "admin",
                "comments": "",
                "time": "2018/10/26 17:59:21.673725 GMT-4"
            },
            {
                "action": "publish",
                "review_state": "published",
                "actor": "admin",
                "comments": "",
                "time": "2018/10/26 17:59:22.281872 GMT-4"
            }
        ]
    },
    "_content_type_rights": "text/plain",
    "_directly_provided": [],
    "language": "en",
    "tableContents": false,
    "_classname": "ATDocument",
    "banner": "<h1>De hominibus dici non necesse est.</h1>\n\n<p>Lorem ipsum dolor sit amet, consectetur adipiscing elit. Ostendit pedes et pectus. Si longus, levis dictata sunt. Dici enim nihil potest verius. <a href='http://loripsum.net/' target='_blank'>Quae cum magnifice primo dici viderentur, considerata minus probabantur.</a> </p>\n\n<p>Duo Reges: constructio interrete. <a href='http://loripsum.net/' target='_blank'>Quis enim redargueret?</a> <a href='http://loripsum.net/' target='_blank'>Occultum facinus esse potuerit, gaudebit;</a> Non enim iam stirpis bonum quaeret, sed animalis. Teneo, inquit, finem illi videri nihil dolere. Ea possunt paria non esse. Hunc vos beatum; Sullae consulatum? </p>\n\n<ul>\n\t<li>Nunc dicam de voluptate, nihil scilicet novi, ea tamen, quae te ipsum probaturum esse confidam.</li>\n\t<li>Ego quoque, inquit, didicerim libentius si quid attuleris, quam te reprehenderim.</li>\n\t<li>Sed quoniam et advesperascit et mihi ad villam revertendum est, nunc quidem hactenus;</li>\n</ul>\n\n\n<h2>Quae cum magnifice primo dici viderentur, considerata minus probabantur.</h2>\n\n<p>Quare conare, quaeso. Haeret in salebra. <a href='http://loripsum.net/' target='_blank'>Nos commodius agimus.</a> Is es profecto tu. <a href='http://loripsum.net/' target='_blank'>Quid de Platone aut de Democrito loquar?</a> Contemnit enim disserendi elegantiam, confuse loquitur. Sed residamus, inquit, si placet. Vide, quantum, inquam, fallare, Torquate. <a href='http://loripsum.net/' target='_blank'>Expressa vero in iis aetatibus, quae iam confirmatae sunt.</a> </p>\n\n<dl>\n\t<dt><dfn>Tu quidem reddes;</dfn></dt>\n\t<dd>Ut id aliis narrare gestiant?</dd>\n\t<dt><dfn>Poterat autem inpune;</dfn></dt>\n\t<dd>Stulti autem malorum memoria torquentur, sapientes bona praeterita grata recordatione renovata delectant.</dd>\n\t<dt><dfn>Quo tandem modo?</dfn></dt>\n\t<dd>Sapiens autem semper beatus est et est aliquando in dolore;</dd>\n</dl>\n\n\n<ol>\n\t<li>Illud dico, ea, quae dicat, praeclare inter se cohaerere.</li>\n\t<li>Hoc positum in Phaedro a Platone probavit Epicurus sensitque in omni disputatione id fieri oportere.</li>\n\t<li>Magni enim aestimabat pecuniam non modo non contra leges, sed etiam legibus partam.</li>\n\t<li>At ille pellit, qui permulcet sensum voluptate.</li>\n</ol>\n\n\n",
    "_userdefined_roles": [],
    "_content_type": "text/html",
    "_id": "justo-lacus-augue-elit.",
    "modification_date": "2018/10/26 17:59:22.292239 GMT-4",
    "_content_type_banner": "text/html",
    "rights": "Velit magna aliquet sit id erat. Porta morbi curae. Justo neque per nisi leo tristique feugiat leo montes tortor dis vestibulum tempor vel. Fames neque luctus ante ullamcorper blandit leo mi primis. Curae netus lobortis nibh viverra id ornare phasellus. Purus neque. Massa risus neque morbi. Proin fames eni diam nunc morbi ve. Curae purus platea taciti sagittis orci. Velit neque aptent tellus cras. Dolor ipsum. Risus velit lectus convallis venenatis dolor ante enim molestie justo. Purus ipsum amet lacus mi vulputate dolor.",
    "_atbrefs": {},
    "_content_type_description": "text/plain",
    "_owner": "admin",
    "_content_type_location": "text/plain",
    "_permissions": {
        "Modify portal content": {
            "acquire": false,
            "roles": [
                "Editor",
                "Manager",
                "Owner",
                "Site Administrator"
            ]
        },
        "Access contents information": {
            "acquire": false,
            "roles": [
                "Anonymous"
            ]
        },
        "View": {
            "acquire": false,
            "roles": [
                "Anonymous"
            ]
        }
    },
    "_properties": [
        [
            "title",
            "Justo lacus augue elit.",
            "string"
        ]
    ],
    "allowDiscussion": false,
    "_gopip": 7,
    "creators": [
        "admin"
    ],
    "_path": "/Plone/about/lacus-purus-sit-augue-facilisis-ultricies-pede./felis-ipsum-dis-diam-quam-facilisi-et-condimentum-quis-sociis./justo-lacus-augue-elit."
}