{
    "contributors": [],
    "_content_type_text": "text/html",
    "text": "<h1>Quae cum essent dicta, discessimus.</h1>\n\n<p>Lorem ipsum dolor sit amet, consectetur adipiscing elit. <a href='http://loripsum.net/' target='_blank'>Minime vero, inquit ille, consentit.</a> Cur iustitia laudatur? <a href='http://loripsum.net/' target='_blank'>Nam Pyrrho, Aristo, Erillus iam diu abiecti.</a> Quae cum dixisset, finem ille. </p>\n\n<ul>\n\t<li>Idcirco enim non desideraret, quia, quod dolore caret, id in voluptate est.</li>\n\t<li>Itaque vides, quo modo loquantur, nova verba fingunt, deserunt usitata.</li>\n\t<li>Graece donan, Latine voluptatem vocant.</li>\n\t<li>Et hunc idem dico, inquieta sed ad virtutes et ad vitia nihil interesse.</li>\n</ul>\n\n\n<dl>\n\t<dt><dfn>Haec dicuntur inconstantissime.</dfn></dt>\n\t<dd>Restatis igitur vos;</dd>\n\t<dt><dfn>Poterat autem inpune;</dfn></dt>\n\t<dd>In contemplatione et cognitione posita rerum, quae quia deorum erat vitae simillima, sapiente visa est dignissima.</dd>\n\t<dt><dfn>Sed haec omittamus;</dfn></dt>\n\t<dd>Quis Pullum Numitorium Fregellanum, proditorem, quamquam rei publicae nostrae profuit, non odit?</dd>\n</dl>\n\n\n<p>Idem iste, inquam, de voluptate quid sentit? Itaque his sapiens semper vacabit. Id enim natura desiderat. Duo Reges: constructio interrete. </p>\n\n<p>Qui est in parvis malis. Respondent extrema primis, media utrisque, omnia omnibus. Quonam modo? Cave putes quicquam esse verius. <a href='http://loripsum.net/' target='_blank'>Sed haec omittamus;</a> </p>\n\n<ol>\n\t<li>Cur post Tarentum ad Archytam?</li>\n\t<li>Serpere anguiculos, nare anaticulas, evolare merulas, cornibus uti videmus boves, nepas aculeis.</li>\n\t<li>Nam et complectitur verbis, quod vult, et dicit plane, quod intellegam;</li>\n\t<li>Sed vos squalidius, illorum vides quam niteat oratio.</li>\n</ol>\n\n\n",
    "creation_date": "2018/10/26 17:59:22.517789 GMT-4",
    "_uid": "448dbf9388bb4440a66900a48e11784d",
    "expirationDate": "None",
    "_content_type_id": "text/plain",
    "id": "augue-magna-cum-platea-tortor-integer-natoque-massa-sem-morbi-tempor-dictum-felis.",
    "subject": [],
    "effectiveDate": "None",
    "title": "Augue magna cum platea tortor integer natoque massa sem morbi tempor dictum felis.",
    "_ac_local_roles": {
        "admin": [
            "Owner"
        ]
    },
    "_content_type_language": "text/plain",
    "_defaultpage": "",
    "location": "Nulla fames fringilla.",
    "_content_type_title": "text/plain",
    "excludeFromNav": true,
    "presentation": false,
    "_type": "Document",
    "description": "Felis risus arcu cum lacus urna. Porta class nam amet justo rutrum nostra. Magna etiam odio leo vivamus. Porta vitae hac nulla metus rhoncus ad dis condimentum euismod condimentum eget. Lorem donec nulla ante purus aptent nisl. Fusce class semper mauris euismod lacinia. Justo velit habitant netus erat sodales neque. Metus nulla vivamus class donec est mus. Risus metus nam sociosqu. Dolor etiam est semper praesent nisi volutpat nonummy ultrices. Fames metus interdum vestibulum litora ultrices magna eget nam hendrerit magnis. Porta netus congue litora. Curae ipsum pharetra hendrerit pellentesque adipiscing diam nulla facilisis. Risus massa diam a orci. Porta curae eros. Felis class potenti iaculis dapibus taciti curabitur auctor a blandit.",
    "_atrefs": {},
    "_layout": "document_view",
    "_workflow_history": {
        "simple_publication_workflow": [
            {
                "action": null,
                "review_state": "private",
                "actor": "admin",
                "comments": "",
                "time": "2018/10/26 17:59:22.523515 GMT-4"
            },
            {
                "action": "publish",
                "review_state": "published",
                "actor": "admin",
                "comments": "",
                "time": "2018/10/26 17:59:23.130886 GMT-4"
            }
        ]
    },
    "_content_type_rights": "text/plain",
    "_directly_provided": [],
    "language": "en",
    "tableContents": false,
    "_classname": "ATDocument",
    "banner": "<h1>Est, ut dicis, inquit;</h1>\n\n<p>Lorem ipsum dolor sit amet, consectetur adipiscing elit. Teneo, inquit, finem illi videri nihil dolere. Quid, de quo nulla dissensio est? Post enim Chrysippum eum non sane est disputatum. <a href='http://loripsum.net/' target='_blank'>Suo genere perveniant ad extremum;</a> <a href='http://loripsum.net/' target='_blank'>Age, inquies, ista parva sunt.</a> Non laboro, inquit, de nomine. Duo Reges: constructio interrete. Negat esse eam, inquit, propter se expetendam. </p>\n\n<h2>Causa autem fuit huc veniendi ut quosdam hinc libros promerem.</h2>\n\n<p>Tibi hoc incredibile, quod beatissimum. Non semper, inquam; Deinde dolorem quem maximum? Age sane, inquam. </p>\n\n<dl>\n\t<dt><dfn>Pollicetur certe.</dfn></dt>\n\t<dd>Respondeat totidem verbis.</dd>\n\t<dt><dfn>Haeret in salebra.</dfn></dt>\n\t<dd>Te ipsum, dignissimum maioribus tuis, voluptasne induxit, ut adolescentulus eriperes P.</dd>\n\t<dt><dfn>Quid Zeno?</dfn></dt>\n\t<dd>Quo plebiscito decreta a senatu est consuli quaestio Cn.</dd>\n</dl>\n\n\n<ul>\n\t<li>Et ais, si una littera commota sit, fore tota ut labet disciplina.</li>\n\t<li>Cum ageremus, inquit, vitae beatum et eundem supremum diem, scribebamus haec.</li>\n\t<li>Satis est tibi in te, satis in legibus, satis in mediocribus amicitiis praesidii.</li>\n\t<li>Quo modo autem optimum, si bonum praeterea nullum est?</li>\n\t<li>Nec enim, dum metuit, iustus est, et certe, si metuere destiterit, non erit;</li>\n\t<li>Si est nihil nisi corpus, summa erunt illa: valitudo, vacuitas doloris, pulchritudo, cetera.</li>\n</ul>\n\n\n<h3>Illis videtur, qui illud non dubitant bonum dicere -;</h3>\n\n<p>Prodest, inquit, mihi eo esse animo. Nos commodius agimus. Quod non faceret, si in voluptate summum bonum poneret. Tum mihi Piso: Quid ergo? Sed ad bona praeterita redeamus. Cave putes quicquam esse verius. Graccho, eius fere, aequal\u00ed? </p>\n\n<ol>\n\t<li>Ex quo intellegitur nec intemperantiam propter se esse fugiendam temperantiamque expetendam, non quia voluptates fugiat, sed quia maiores consequatur.</li>\n\t<li>Ergo hoc quidem apparet, nos ad agendum esse natos.</li>\n</ol>\n\n\n",
    "_userdefined_roles": [],
    "_content_type": "text/html",
    "_id": "augue-magna-cum-platea-tortor-integer-natoque-massa-sem-morbi-tempor-dictum-felis.",
    "modification_date": "2018/10/26 17:59:23.134711 GMT-4",
    "_content_type_banner": "text/html",
    "rights": "Etiam metus nisi mi urna odio et diam. Justo donec cursus odio mi fames massa ultrices est nunc. Neque metus nulla senectus erat at sociosqu diam aliquam. Risus morbi. Netus morbi amet aliquet tellus at ad mollis urna. Proin donec est pede adipiscing leo justo. Fusce morbi mattis. Curae massa tellus in ultrices. Curae proin fames donec porta netus. Nulla dolor. Etiam fusce.",
    "_atbrefs": {},
    "_content_type_description": "text/plain",
    "_owner": "admin",
    "_content_type_location": "text/plain",
    "_permissions": {
        "Modify portal content": {
            "acquire": false,
            "roles": [
                "Editor",
                "Manager",
                "Owner",
                "Site Administrator"
            ]
        },
        "Access contents information": {
            "acquire": false,
            "roles": [
                "Anonymous"
            ]
        },
        "View": {
            "acquire": false,
            "roles": [
                "Anonymous"
            ]
        }
    },
    "_properties": [
        [
            "title",
            "Augue magna cum platea tortor integer natoque massa sem morbi tempor dictum felis.",
            "string"
        ]
    ],
    "allowDiscussion": false,
    "_gopip": 8,
    "creators": [
        "admin"
    ],
    "_path": "/Plone/about/lacus-purus-sit-augue-facilisis-ultricies-pede./felis-ipsum-dis-diam-quam-facilisi-et-condimentum-quis-sociis./augue-magna-cum-platea-tortor-integer-natoque-massa-sem-morbi-tempor-dictum-felis."
}