{
    "startDate": "2018/11/08 03:47:8.839762 GMT-4",
    "endDate": "2018/11/10 22:03:40.985344 GMT-4",
    "contributors": [],
    "_content_type_text": "text/html",
    "text": "<h1>Vestri haec verecundius, illi fortasse constantius.</h1>\n\n<p>Lorem ipsum dolor sit amet, consectetur adipiscing elit. Sed virtutem ipsam inchoavit, nihil amplius. Itaque ad tempus ad Pisonem omnes. Sullae consulatum? Duo Reges: constructio interrete. </p>\n\n<dl>\n\t<dt><dfn>Audeo dicere, inquit.</dfn></dt>\n\t<dd>An est aliquid per se ipsum flagitiosum, etiamsi nulla comitetur infamia?</dd>\n\t<dt><dfn>Numquam facies.</dfn></dt>\n\t<dd>Suam denique cuique naturam esse ad vivendum ducem.</dd>\n\t<dt><dfn>Quid vero?</dfn></dt>\n\t<dd>Quid iudicant sensus?</dd>\n</dl>\n\n\n<ul>\n\t<li>Videamus animi partes, quarum est conspectus illustrior;</li>\n\t<li>Tubulum fuisse, qua illum, cuius is condemnatus est rogatione, P.</li>\n\t<li>Tum ille: Tu autem cum ipse tantum librorum habeas, quos hic tandem requiris?</li>\n\t<li>Cuius quidem, quoniam Stoicus fuit, sententia condemnata mihi videtur esse inanitas ista verborum.</li>\n\t<li>Quod cum accidisset ut alter alterum necopinato videremus, surrexit statim.</li>\n\t<li>Ea possunt paria non esse.</li>\n</ul>\n\n\n<ol>\n\t<li>Hoc unum Aristo tenuit: praeter vitia atque virtutes negavit rem esse ullam aut fugiendam aut expetendam.</li>\n\t<li>Sin autem eos non probabat, quid attinuit cum iis, quibuscum re concinebat, verbis discrepare?</li>\n\t<li>Familiares nostros, credo, Sironem dicis et Philodemum, cum optimos viros, tum homines doctissimos.</li>\n\t<li>Hinc ceteri particulas arripere conati suam quisque videro voluit afferre sententiam.</li>\n\t<li>Ego vero volo in virtute vim esse quam maximam;</li>\n\t<li>Sic enim censent, oportunitatis esse beate vivere.</li>\n</ol>\n\n\n<p>Negare non possum. <a href='http://loripsum.net/' target='_blank'>Si quidem, inquit, tollerem, sed relinquo.</a> Tum Torquatus: Prorsus, inquit, assentior; Illud non continuo, ut aeque incontentae. </p>\n\n<p>Et nemo nimium beatus est; Suo enim quisque studio maxime ducitur. Sed residamus, inquit, si placet. Eaedem res maneant alio modo. </p>\n\n",
    "eventUrl": "http://en.wikipedia.com/wiki/Lorem_ipsum",
    "creation_date": "2018/10/26 17:59:24.787912 GMT-4",
    "contactEmail": "loremipsum@mail.com",
    "_uid": "e0fc9226dd004801a6974669031bfe48",
    "expirationDate": "None",
    "contactName": "Purus risus.",
    "_content_type_id": "text/plain",
    "contactPhone": "Etiam felis sapien ac orci maecenas class a.",
    "id": "class-etiam-class-mus-malesuada-taciti-tempus.",
    "subject": [],
    "attendees": [],
    "effectiveDate": "None",
    "title": "Class etiam class mus malesuada taciti tempus.",
    "_content_type_contactPhone": "text/plain",
    "_content_type_eventUrl": "text/plain",
    "_content_type_language": "text/plain",
    "_defaultpage": "",
    "location": "Velit class scelerisque urna nibh.",
    "_content_type_title": "text/plain",
    "excludeFromNav": true,
    "_content_type_contactName": "text/plain",
    "_type": "Event",
    "description": "Felis fames viverra. Magna justo bibendum orci nisi. Neque morbi sagittis sed cursus dolor vestibulum volutpat fusce natoque. Augue felis. Ipsum justo tortor mi. Donec velit curae risus ornare et praesent dapibus. Magna nulla magnis lorem suscipit netus a. Donec fames libero mauris dui egestas a scelerisque dui ve consectetuer posuere eros. Etiam curae nonummy rutrum diam justo ad turpis. Metus nulla quis senectus sem. Netus fusce interdum nisi elit phasellus sociosqu id nunc diam bibendum viverra. Curae class sagittis parturient mauris accumsan mi. Justo fusce dis. Neque risus.",
    "_atrefs": {},
    "_layout": "event_view",
    "_workflow_history": {
        "simple_publication_workflow": [
            {
                "action": null,
                "review_state": "private",
                "actor": "admin",
                "comments": "",
                "time": "2018/10/26 17:59:24.792624 GMT-4"
            },
            {
                "action": "publish",
                "review_state": "published",
                "actor": "admin",
                "comments": "",
                "time": "2018/10/26 17:59:25.140987 GMT-4"
            }
        ]
    },
    "_content_type_rights": "text/plain",
    "_directly_provided": [],
    "_classname": "ATEvent",
    "_userdefined_roles": [],
    "_content_type_contactEmail": "text/plain",
    "_content_type": "text/html",
    "_id": "class-etiam-class-mus-malesuada-taciti-tempus.",
    "modification_date": "2018/10/26 17:59:25.145533 GMT-4",
    "language": "en",
    "rights": "Augue nulla neque a libero donec fames sit justo. Dolor curae montes torquent mi cras fusce convallis vestibulum. Ipsum fames dis. Massa velit ipsum dapibus tellus nisl tincidunt nam integer. Ipsum augue netus fusce velit. Purus curae eget ante diam malesuada. Fusce purus auctor varius dictumst suspendisse torquent gravida aliquet odio diam est nulla. Fames porta nisl donec et felis curabitur ac ridiculus a neque at ac. Fames lacus rhoncus taciti risus placerat nisi integer fringilla diam. Lacus ipsum cursus ultricies pretium mauris leo mauris massa. Ipsum metus lacinia rhoncus dictumst nisl tempus. Risus purus fames. Neque metus. Nulla morbi turpis pellentesque venenatis primis praesent. Nulla porta lacinia augue amet mi. Ipsum neque. Lorem curae sem quis laoreet libero ve mi. Nulla risus proin placerat sem. Lorem morbi rutrum. Risus curae. Neque lacus scelerisque dis pede lorem taciti molestie.",
    "_atbrefs": {},
    "_content_type_description": "text/plain",
    "_owner": "admin",
    "_content_type_location": "text/plain",
    "_permissions": {
        "Modify portal content": {
            "acquire": false,
            "roles": [
                "Editor",
                "Manager",
                "Owner",
                "Site Administrator"
            ]
        },
        "Access contents information": {
            "acquire": false,
            "roles": [
                "Anonymous"
            ]
        },
        "View": {
            "acquire": false,
            "roles": [
                "Anonymous"
            ]
        }
    },
    "_properties": [
        [
            "title",
            "Class etiam class mus malesuada taciti tempus.",
            "string"
        ]
    ],
    "allowDiscussion": false,
    "_gopip": 11,
    "creators": [
        "admin"
    ],
    "_ac_local_roles": {
        "admin": [
            "Owner"
        ]
    },
    "_path": "/Plone/about/lacus-purus-sit-augue-facilisis-ultricies-pede./felis-ipsum-dis-diam-quam-facilisi-et-condimentum-quis-sociis./class-etiam-class-mus-malesuada-taciti-tempus."
}