{
    "startDate": "2018/11/07 10:49:24.276921 GMT-4",
    "endDate": "2018/11/08 00:06:3.870665 GMT-4",
    "contributors": [],
    "_content_type_text": "text/html",
    "text": "<h1>Laboro autem non sine causa;</h1>\n\n<p>Lorem ipsum dolor sit amet, consectetur adipiscing elit. Si enim ad populum me vocas, eum. Zenonis est, inquam, hoc Stoici. Contemnit enim disserendi elegantiam, confuse loquitur. </p>\n\n<p>Omnia peccata paria dicitis. Quis istum dolorem timet? Solum praeterea formosum, solum liberum, solum civem, stultost; Sed nunc, quod agimus; Certe, nisi voluptatem tanti aestimaretis. Laboro autem non sine causa; </p>\n\n<ul>\n\t<li>Saepe ab Aristotele, a Theophrasto mirabiliter est laudata per se ipsa rerum scientia;</li>\n\t<li>Parvi enim primo ortu sic iacent, tamquam omnino sine animo sint.</li>\n\t<li>Poterat autem inpune;</li>\n</ul>\n\n\n<ol>\n\t<li>Quod ea non occurrentia fingunt, vincunt Aristonem;</li>\n\t<li>Quae animi affectio suum cuique tribuens atque hanc, quam dico.</li>\n\t<li>Ad eas enim res ab Epicuro praecepta dantur.</li>\n\t<li>Dulce amarum, leve asperum, prope longe, stare movere, quadratum rotundum.</li>\n\t<li>Negat enim summo bono afferre incrementum diem.</li>\n</ol>\n\n\n<h2>Haec bene dicuntur, nec ego repugno, sed inter sese ipsa pugnant.</h2>\n\n<p>Duo Reges: constructio interrete. At hoc in eo M. Suo genere perveniant ad extremum; Ea possunt paria non esse. Teneo, inquit, finem illi videri nihil dolere. Qui est in parvis malis. </p>\n\n<dl>\n\t<dt><dfn>Peccata paria.</dfn></dt>\n\t<dd>Ut alios omittam, hunc appello, quem ille unum secutus est.</dd>\n\t<dt><dfn>Certe non potest.</dfn></dt>\n\t<dd>Neque enim disputari sine reprehensione nec cum iracundia aut pertinacia recte disputari potest.</dd>\n\t<dt><dfn>Perge porro;</dfn></dt>\n\t<dd>Qua tu etiam inprudens utebare non numquam.</dd>\n\t<dt><dfn>Equidem e Cn.</dfn></dt>\n\t<dd>Contemnit enim disserendi elegantiam, confuse loquitur.</dd>\n</dl>\n\n\n",
    "eventUrl": "http://en.wikipedia.com/wiki/Lorem_ipsum",
    "creation_date": "2018/10/26 17:59:25.386449 GMT-4",
    "contactEmail": "loremipsum@mail.com",
    "_uid": "23d0a52bc4954c6c81e3a7ba25e23aae",
    "expirationDate": "None",
    "contactName": "Magna proin cum class imperdiet blandit sollicitudin feugiat volutpat primis eleifend.",
    "_content_type_id": "text/plain",
    "contactPhone": "Fusce neque nam nisi est.",
    "id": "velit-magna-commodo-fermentum-nascetur-mauris-pede-diam-laoreet-ac-lectus-imperdiet-penatibus.",
    "subject": [],
    "attendees": [],
    "effectiveDate": "None",
    "title": "Velit magna commodo fermentum nascetur mauris pede diam laoreet ac lectus imperdiet penatibus.",
    "_content_type_contactPhone": "text/plain",
    "_content_type_eventUrl": "text/plain",
    "_content_type_language": "text/plain",
    "_defaultpage": "",
    "location": "Lorem class leo hymenaeos molestie sapien varius urna nisl feugiat ac mi convallis.",
    "_content_type_title": "text/plain",
    "excludeFromNav": false,
    "_content_type_contactName": "text/plain",
    "_type": "Event",
    "description": "Risus ipsum felis eget augue iaculis nibh consectetuer maecenas. Nulla ipsum suscipit adipiscing congue nam commodo at taciti aliquam rhoncus penatibus rutrum. Netus etiam cursus taciti risus justo mus etiam parturient. Justo class. Purus risus a nunc. Lacus neque magnis conubia id pulvinar duis aenean. Purus velit posuere platea arcu ut metus et. Purus curae leo nec lacinia et ut tortor. Vitae proin gravida conubia ante proin natoque cubilia. Augue metus. Etiam risus cubilia pede neque imperdiet urna montes aliquam elit massa ut nibh donec. Dolor fusce etiam.",
    "_atrefs": {},
    "_layout": "event_view",
    "_workflow_history": {
        "simple_publication_workflow": [
            {
                "action": null,
                "review_state": "private",
                "actor": "admin",
                "comments": "",
                "time": "2018/10/26 17:59:25.391454 GMT-4"
            },
            {
                "action": "publish",
                "review_state": "published",
                "actor": "admin",
                "comments": "",
                "time": "2018/10/26 17:59:25.727575 GMT-4"
            }
        ]
    },
    "_content_type_rights": "text/plain",
    "_directly_provided": [],
    "_classname": "ATEvent",
    "_userdefined_roles": [],
    "_content_type_contactEmail": "text/plain",
    "_content_type": "text/html",
    "_id": "velit-magna-commodo-fermentum-nascetur-mauris-pede-diam-laoreet-ac-lectus-imperdiet-penatibus.",
    "modification_date": "2018/10/26 17:59:25.732479 GMT-4",
    "language": "en",
    "rights": "Dolor nulla porta lobortis. Magna velit eleifend sem donec sociis tincidunt lobortis augue. Neque nulla molestie duis rhoncus. Netus donec tortor mattis torquent condimentum placerat eros conubia velit id. Risus augue a laoreet sapien. Morbi fames. Class ipsum. Porta felis cursus at luctus facilisi parturient pretium. Nulla velit libero erat ligula in nisi ad. Donec fusce nostra netus. Nulla lorem quisque ante ultrices vehicula nulla etiam elit hac aliquet pede.",
    "_atbrefs": {},
    "_content_type_description": "text/plain",
    "_owner": "admin",
    "_content_type_location": "text/plain",
    "_permissions": {
        "Modify portal content": {
            "acquire": false,
            "roles": [
                "Editor",
                "Manager",
                "Owner",
                "Site Administrator"
            ]
        },
        "Access contents information": {
            "acquire": false,
            "roles": [
                "Anonymous"
            ]
        },
        "View": {
            "acquire": false,
            "roles": [
                "Anonymous"
            ]
        }
    },
    "_properties": [
        [
            "title",
            "Velit magna commodo fermentum nascetur mauris pede diam laoreet ac lectus imperdiet penatibus.",
            "string"
        ]
    ],
    "allowDiscussion": false,
    "_gopip": 12,
    "creators": [
        "admin"
    ],
    "_ac_local_roles": {
        "admin": [
            "Owner"
        ]
    },
    "_path": "/Plone/about/lacus-purus-sit-augue-facilisis-ultricies-pede./felis-ipsum-dis-diam-quam-facilisi-et-condimentum-quis-sociis./velit-magna-commodo-fermentum-nascetur-mauris-pede-diam-laoreet-ac-lectus-imperdiet-penatibus."
}