{
    "startDate": "2018/11/15 10:49:25.232155 GMT-4",
    "endDate": "2018/11/16 04:05:22.301829 GMT-4",
    "contributors": [],
    "_content_type_text": "text/html",
    "text": "<h1>De hominibus dici non necesse est.</h1>\n\n<p>Lorem ipsum dolor sit amet, consectetur adipiscing elit. Itaque hic ipse iam pridem est reiectus; Quid ergo hoc loco intellegit honestum? <a href='http://loripsum.net/' target='_blank'>Quae similitudo in genere etiam humano apparet.</a> Nescio quo modo praetervolavit oratio. </p>\n\n<h2>Sit enim idem caecus, debilis.</h2>\n\n<p>Duo Reges: constructio interrete. Re mihi non aeque satisfacit, et quidem locis pluribus. Quodcumque in mentem incideret, et quodcumque tamquam occurreret. <a href='http://loripsum.net/' target='_blank'>Si quicquam extra virtutem habeatur in bonis.</a> Summum a vobis bonum voluptas dicitur. Quae cum magnifice primo dici viderentur, considerata minus probabantur. Tollenda est atque extrahenda radicitus. <a href='http://loripsum.net/' target='_blank'>Haec dicuntur inconstantissime.</a> </p>\n\n<p>Et quidem, inquit, vehementer errat; Sed tamen intellego quid velit. Tanta vis admonitionis inest in locis; Quodcumque in mentem incideret, et quodcumque tamquam occurreret. Illi enim inter se dissentiunt. <a href='http://loripsum.net/' target='_blank'>Duo enim genera quae erant, fecit tria.</a> </p>\n\n<ul>\n\t<li>Hac videlicet ratione, quod ea, quae externa sunt, iis tuemur officiis, quae oriuntur a suo cuiusque genere virtutis.</li>\n\t<li>Quas enim kakaw Graeci appellant, vitia malo quam malitias nominare.</li>\n\t<li>Quod autem satis est, eo quicquid accessit, nimium est;</li>\n\t<li>Alterum significari idem, ut si diceretur, officia media omnia aut pleraque servantem vivere.</li>\n</ul>\n\n\n<ol>\n\t<li>Miserum hominem! Si dolor summum malum est, dici aliter non potest.</li>\n\t<li>Scio enim esse quosdam, qui quavis lingua philosophari possint;</li>\n\t<li>Quis Aristidem non mortuum diligit?</li>\n\t<li>Ita redarguitur ipse a sese, convincunturque scripta eius probitate ipsius ac moribus.</li>\n\t<li>Quamquam non negatis nos intellegere quid sit voluptas, sed quid ille dicat.</li>\n\t<li>Torquatus, is qui consul cum Cn.</li>\n</ol>\n\n\n<dl>\n\t<dt><dfn>ALIO MODO.</dfn></dt>\n\t<dd>Quid ergo dubitamus, quin, si non dolere voluptas sit summa, non esse in voluptate dolor sit maximus?</dd>\n\t<dt><dfn>Nihil sane.</dfn></dt>\n\t<dd>Conclusum est enim contra Cyrenaicos satis acute, nihil ad Epicurum.</dd>\n\t<dt><dfn>Venit ad extremum;</dfn></dt>\n\t<dd>Quis enim potest ea, quae probabilia videantur ei, non probare?</dd>\n\t<dt><dfn>Facete M.</dfn></dt>\n\t<dd>Consequentia exquirere, quoad sit id, quod volumus, effectum.</dd>\n</dl>\n\n\n",
    "eventUrl": "http://en.wikipedia.com/wiki/Lorem_ipsum",
    "creation_date": "2018/10/26 17:59:26.019846 GMT-4",
    "contactEmail": "loremipsum@mail.com",
    "_uid": "fa08c1766db34ef88477879ad99cdcc6",
    "expirationDate": "None",
    "contactName": "Purus felis praesent lacus risus potenti vitae eros.",
    "_content_type_id": "text/plain",
    "contactPhone": "Etiam purus donec.",
    "id": "morbi-porta.",
    "subject": [],
    "attendees": [],
    "effectiveDate": "None",
    "title": "Morbi porta.",
    "_content_type_contactPhone": "text/plain",
    "_content_type_eventUrl": "text/plain",
    "_content_type_language": "text/plain",
    "_defaultpage": "",
    "location": "Lorem donec.",
    "_content_type_title": "text/plain",
    "excludeFromNav": false,
    "_content_type_contactName": "text/plain",
    "_type": "Event",
    "description": "Etiam nulla sapien in neque ridiculus. Fusce lorem viverra ornare fusce in vitae vel diam. Magna felis libero dignissim lacinia. Massa donec sociosqu parturient nostra. Porta magna morbi ornare nostra. Lorem justo varius ornare suscipit lorem arcu. Lacus dolor. Neque morbi vehicula magna diam arcu sociosqu auctor nostra. Ipsum proin massa. Justo fames. Lorem dolor enim hac vitae quisque luctus sit laoreet quis cum lacus. Etiam curae.",
    "_atrefs": {},
    "_layout": "event_view",
    "_workflow_history": {
        "simple_publication_workflow": [
            {
                "action": null,
                "review_state": "private",
                "actor": "admin",
                "comments": "",
                "time": "2018/10/26 17:59:26.024414 GMT-4"
            },
            {
                "action": "publish",
                "review_state": "published",
                "actor": "admin",
                "comments": "",
                "time": "2018/10/26 17:59:26.346827 GMT-4"
            }
        ]
    },
    "_content_type_rights": "text/plain",
    "_directly_provided": [],
    "_classname": "ATEvent",
    "_userdefined_roles": [],
    "_content_type_contactEmail": "text/plain",
    "_content_type": "text/html",
    "_id": "morbi-porta.",
    "modification_date": "2018/10/26 17:59:26.350952 GMT-4",
    "language": "en",
    "rights": "Purus porta nisi accumsan natoque. Massa risus. Augue fames metus sagittis consequat dolor phasellus faucibus nostra orci. Felis risus dolor orci natoque urna. Lorem risus nullam ut ipsum scelerisque senectus. Felis lorem nostra nisl pellentesque vestibulum cras morbi condimentum in aptent penatibus maecenas. Donec velit. Lacus neque magnis suspendisse morbi. Donec felis dapibus interdum. Morbi ipsum blandit aliquam. Massa fames quis feugiat mauris dui odio non lacus litora. Felis neque. Metus vitae. Donec nulla litora sollicitudin consequat lacus mi dolor platea eu. Dolor velit scelerisque ut congue tristique vestibulum odio.",
    "_atbrefs": {},
    "_content_type_description": "text/plain",
    "_owner": "admin",
    "_content_type_location": "text/plain",
    "_permissions": {
        "Modify portal content": {
            "acquire": false,
            "roles": [
                "Editor",
                "Manager",
                "Owner",
                "Site Administrator"
            ]
        },
        "Access contents information": {
            "acquire": false,
            "roles": [
                "Anonymous"
            ]
        },
        "View": {
            "acquire": false,
            "roles": [
                "Anonymous"
            ]
        }
    },
    "_properties": [
        [
            "title",
            "Morbi porta.",
            "string"
        ]
    ],
    "allowDiscussion": false,
    "_gopip": 13,
    "creators": [
        "admin"
    ],
    "_ac_local_roles": {
        "admin": [
            "Owner"
        ]
    },
    "_path": "/Plone/about/lacus-purus-sit-augue-facilisis-ultricies-pede./felis-ipsum-dis-diam-quam-facilisi-et-condimentum-quis-sociis./morbi-porta."
}