{
    "startDate": "2018/11/10 07:56:0.220578 GMT-4",
    "endDate": "2018/11/12 08:10:0.975825 GMT-4",
    "contributors": [],
    "_content_type_text": "text/html",
    "text": "<h1>Est enim effectrix multarum et magnarum voluptatum.</h1>\n\n<p>Lorem ipsum dolor sit amet, consectetur adipiscing elit. <a href='http://loripsum.net/' target='_blank'>Nos cum te, M.</a> <a href='http://loripsum.net/' target='_blank'>Tum Triarius: Posthac quidem, inquit, audacius.</a> Haec dicuntur inconstantissime. Perge porro; <a href='http://loripsum.net/' target='_blank'>Duo Reges: constructio interrete.</a> Hic nihil fuit, quod quaereremus. </p>\n\n<dl>\n\t<dt><dfn>Restatis igitur vos;</dfn></dt>\n\t<dd>Post enim Chrysippum eum non sane est disputatum.</dd>\n\t<dt><dfn>Immo alio genere;</dfn></dt>\n\t<dd>Quae cum essent dicta, finem fecimus et ambulandi et disputandi.</dd>\n\t<dt><dfn>Equidem e Cn.</dfn></dt>\n\t<dd>Quamquam ab iis philosophiam et omnes ingenuas disciplinas habemus;</dd>\n</dl>\n\n\n<ul>\n\t<li>In voluptate corporis-addam, si vis, animi, dum ea ipsa, ut vultis, sit e corpore-situm est vivere beate.</li>\n\t<li>Piso igitur hoc modo, vir optimus tuique, ut scis, amantissimus.</li>\n\t<li>Nam si quae sunt aliae, falsum est omnis animi voluptates esse e corporis societate.</li>\n\t<li>Hoc enim identidem dicitis, non intellegere nos quam dicatis voluptatem.</li>\n</ul>\n\n\n<ol>\n\t<li>Ratio enim nostra consentit, pugnat oratio.</li>\n\t<li>Nam si quae sunt aliae, falsum est omnis animi voluptates esse e corporis societate.</li>\n\t<li>Fortasse id optimum, sed ubi illud: Plus semper voluptatis?</li>\n\t<li>Si verbum sequimur, primum longius verbum praepositum quam bonum.</li>\n\t<li>Esse enim quam vellet iniquus iustus poterat inpune.</li>\n\t<li>Ergo opifex plus sibi proponet ad formarum quam civis excellens ad factorum pulchritudinem?</li>\n</ol>\n\n\n<h2>Tubulum fuisse, qua illum, cuius is condemnatus est rogatione, P.</h2>\n\n<p>Respondeat totidem verbis. Audeo dicere, inquit. Quonam modo? Sed vos squalidius, illorum vides quam niteat oratio. </p>\n\n<p>Quid Zeno? Quis Aristidem non mortuum diligit? Et quidem, inquit, vehementer errat; Nihil illinc huc pervenit. </p>\n\n",
    "eventUrl": "http://en.wikipedia.com/wiki/Lorem_ipsum",
    "creation_date": "2018/10/26 17:59:26.653132 GMT-4",
    "contactEmail": "loremipsum@mail.com",
    "_uid": "730c33303adb4ea8a42615edbf9199c0",
    "expirationDate": "None",
    "contactName": "Ipsum augue erat cubilia.",
    "_content_type_id": "text/plain",
    "contactPhone": "Fames morbi.",
    "id": "nulla-proin.",
    "subject": [],
    "attendees": [],
    "effectiveDate": "None",
    "title": "Nulla proin.",
    "_content_type_contactPhone": "text/plain",
    "_content_type_eventUrl": "text/plain",
    "_content_type_language": "text/plain",
    "_defaultpage": "",
    "location": "Justo fusce nisi vivamus lacinia hendrerit ut condimentum et semper nulla ullamcorper.",
    "_content_type_title": "text/plain",
    "excludeFromNav": false,
    "_content_type_contactName": "text/plain",
    "_type": "Event",
    "description": "Dolor fames facilisis ullamcorper. Proin fusce nulla. Neque risus. Porta massa ullamcorper. Vitae netus mattis fermentum sodales ornare dis auctor. Metus ipsum a aptent amet dapibus curae. Magna nulla elit ut consectetuer litora primis amet. Etiam fames cras. Felis vitae vehicula adipiscing tempor sed eu a cras. Lorem class. Proin lorem.",
    "_atrefs": {},
    "_layout": "event_view",
    "_workflow_history": {
        "simple_publication_workflow": [
            {
                "action": null,
                "review_state": "private",
                "actor": "admin",
                "comments": "",
                "time": "2018/10/26 17:59:26.658618 GMT-4"
            },
            {
                "action": "publish",
                "review_state": "published",
                "actor": "admin",
                "comments": "",
                "time": "2018/10/26 17:59:26.988138 GMT-4"
            }
        ]
    },
    "_content_type_rights": "text/plain",
    "_directly_provided": [],
    "_classname": "ATEvent",
    "_userdefined_roles": [],
    "_content_type_contactEmail": "text/plain",
    "_content_type": "text/html",
    "_id": "nulla-proin.",
    "modification_date": "2018/10/26 17:59:26.994557 GMT-4",
    "language": "en",
    "rights": "Porta donec suscipit ad felis nostra at inceptos iaculis lacus quam. Class fusce morbi netus quisque morbi urna sagittis sed quisque risus nisl. Velit proin. Fusce justo sed. Velit dolor placerat porttitor bibendum elit. Proin purus lectus porta cras conubia felis justo bibendum erat. Fusce felis facilisi ac. Class risus dictum erat morbi eu duis morbi. Risus lorem luctus nibh ornare ad id.",
    "_atbrefs": {},
    "_content_type_description": "text/plain",
    "_owner": "admin",
    "_content_type_location": "text/plain",
    "_permissions": {
        "Modify portal content": {
            "acquire": false,
            "roles": [
                "Editor",
                "Manager",
                "Owner",
                "Site Administrator"
            ]
        },
        "Access contents information": {
            "acquire": false,
            "roles": [
                "Anonymous"
            ]
        },
        "View": {
            "acquire": false,
            "roles": [
                "Anonymous"
            ]
        }
    },
    "_properties": [
        [
            "title",
            "Nulla proin.",
            "string"
        ]
    ],
    "allowDiscussion": false,
    "_gopip": 14,
    "creators": [
        "admin"
    ],
    "_ac_local_roles": {
        "admin": [
            "Owner"
        ]
    },
    "_path": "/Plone/about/lacus-purus-sit-augue-facilisis-ultricies-pede./felis-ipsum-dis-diam-quam-facilisi-et-condimentum-quis-sociis./nulla-proin."
}