{
    "startDate": "2018/11/01 18:10:48.248146 GMT-4",
    "endDate": "2018/11/03 16:01:28.156755 GMT-4",
    "contributors": [],
    "_content_type_text": "text/html",
    "text": "<h1>Quid enim est a Chrysippo praetermissum in Stoicis?</h1>\n\n<p>Lorem ipsum dolor sit amet, consectetur adipiscing elit. Quid censes in Latino fore? Quid, de quo nulla dissensio est? Quid censes in Latino fore? <a href='http://loripsum.net/' target='_blank'>Tria genera bonorum;</a> Duo Reges: constructio interrete. Non est igitur summum malum dolor. </p>\n\n<ol>\n\t<li>Ita redarguitur ipse a sese, convincunturque scripta eius probitate ipsius ac moribus.</li>\n\t<li>Facile est hoc cernere in primis puerorum aetatulis.</li>\n\t<li>Hoc enim identidem dicitis, non intellegere nos quam dicatis voluptatem.</li>\n\t<li>Quid in isto egregio tuo officio et tanta fide-sic enim existimo-ad corpus refers?</li>\n</ol>\n\n\n<p>Nam quid possumus facere melius? Non quam nostram quidem, inquit Pomponius iocans; Videsne quam sit magna dissensio? Nunc vides, quid faciat. </p>\n\n<ul>\n\t<li>Ergo opifex plus sibi proponet ad formarum quam civis excellens ad factorum pulchritudinem?</li>\n\t<li>Mihi, inquam, qui te id ipsum rogavi?</li>\n\t<li>Ut placet, inquit, etsi enim illud erat aptius, aequum cuique concedere.</li>\n\t<li>Itaque primos congressus copulationesque et consuetudinum instituendarum voluntates fieri propter voluptatem;</li>\n</ul>\n\n\n<h2>Nam, ut sint illa vendibiliora, haec uberiora certe sunt.</h2>\n\n<p>Quae diligentissime contra Aristonem dicuntur a Chryippo. <a href='http://loripsum.net/' target='_blank'>Uterque enim summo bono fruitur, id est voluptate.</a> Sed residamus, inquit, si placet. </p>\n\n<dl>\n\t<dt><dfn>Quonam, inquit, modo?</dfn></dt>\n\t<dd>Habes, inquam, Cato, formam eorum, de quibus loquor, philosophorum.</dd>\n\t<dt><dfn>Sed haec omittamus;</dfn></dt>\n\t<dd>Plane idem, inquit, et maxima quidem, qua fieri nulla maior potest.</dd>\n\t<dt><dfn>Sullae consulatum?</dfn></dt>\n\t<dd>Itaque mihi non satis videmini considerare quod iter sit naturae quaeque progressio.</dd>\n\t<dt><dfn>Itaque fecimus.</dfn></dt>\n\t<dd>Nunc omni virtuti vitium contrario nomine opponitur.</dd>\n</dl>\n\n\n",
    "eventUrl": "http://en.wikipedia.com/wiki/Lorem_ipsum",
    "creation_date": "2018/10/26 17:59:28.378352 GMT-4",
    "contactEmail": "loremipsum@mail.com",
    "_uid": "8b7c0191e17e4896ad582bcb8f9544f8",
    "expirationDate": "None",
    "contactName": "Nulla felis taciti at tortor pharetra sem donec risus placerat dignissim magna mauris netus.",
    "_content_type_id": "text/plain",
    "contactPhone": "Fames porta tempor sapien etiam lacinia pede ultrices velit.",
    "id": "proin-augue-luctus-id.",
    "subject": [],
    "attendees": [],
    "effectiveDate": "None",
    "title": "Proin augue luctus id.",
    "_content_type_contactPhone": "text/plain",
    "_content_type_eventUrl": "text/plain",
    "_content_type_language": "text/plain",
    "_defaultpage": "",
    "location": "Nulla felis leo odio aptent ac semper fringilla.",
    "_content_type_title": "text/plain",
    "excludeFromNav": true,
    "_content_type_contactName": "text/plain",
    "_type": "Event",
    "description": "Massa velit tempor congue praesent duis tempor. Velit neque vitae eni duis proin volutpat dolor. Nulla neque urna quisque urna elit morbi. Vitae etiam tempus class lacus ligula fames suspendisse inceptos lorem in justo sollicitudin. Lacus class proin bibendum etiam at auctor diam ad odio nonummy at integer eros ac. Ipsum justo. Dolor risus lectus velit non facilisi aliquam ut praesent maecenas ut nostra. Massa felis magnis rutrum rhoncus viverra platea per enim penatibus montes dolor adipiscing. Neque donec. Class magna a tortor elit eros ipsum id elementum justo a. Felis massa cras aliquam euismod rutrum.",
    "_atrefs": {},
    "_layout": "event_view",
    "_workflow_history": {
        "simple_publication_workflow": [
            {
                "action": null,
                "review_state": "private",
                "actor": "admin",
                "comments": "",
                "time": "2018/10/26 17:59:28.382481 GMT-4"
            },
            {
                "action": "publish",
                "review_state": "published",
                "actor": "admin",
                "comments": "",
                "time": "2018/10/26 17:59:28.708983 GMT-4"
            }
        ]
    },
    "_content_type_rights": "text/plain",
    "_directly_provided": [],
    "_classname": "ATEvent",
    "_userdefined_roles": [],
    "_content_type_contactEmail": "text/plain",
    "_content_type": "text/html",
    "_id": "proin-augue-luctus-id.",
    "modification_date": "2018/10/26 17:59:28.713251 GMT-4",
    "language": "en",
    "rights": "Nulla purus pretium ve ad tempus sociis lorem cras. Fames augue litora condimentum metus convallis mauris. Justo class sapien eu varius morbi class. Fames ipsum montes parturient vitae erat suspendisse viverra suspendisse diam penatibus montes proin. Class purus consequat. Ipsum donec porta ullamcorper quam eros ipsum mattis scelerisque fames hendrerit etiam ve. Justo fusce volutpat hac gravida aptent nulla vestibulum id pharetra. Risus etiam quis vehicula fusce id magna per facilisis proin. Ipsum felis facilisis morbi in facilisis adipiscing conubia eget. Augue risus congue proin ut nulla tincidunt imperdiet. Curae donec varius ve magnis curabitur per erat facilisis aenean fames sit. Velit porta platea ut duis id dictumst pretium proin cras maecenas vestibulum potenti nibh enim sodales.",
    "_atbrefs": {},
    "_content_type_description": "text/plain",
    "_owner": "admin",
    "_content_type_location": "text/plain",
    "_permissions": {
        "Modify portal content": {
            "acquire": false,
            "roles": [
                "Editor",
                "Manager",
                "Owner",
                "Site Administrator"
            ]
        },
        "Access contents information": {
            "acquire": false,
            "roles": [
                "Anonymous"
            ]
        },
        "View": {
            "acquire": false,
            "roles": [
                "Anonymous"
            ]
        }
    },
    "_properties": [
        [
            "title",
            "Proin augue luctus id.",
            "string"
        ]
    ],
    "allowDiscussion": false,
    "_gopip": 17,
    "creators": [
        "admin"
    ],
    "_ac_local_roles": {
        "admin": [
            "Owner"
        ]
    },
    "_path": "/Plone/about/lacus-purus-sit-augue-facilisis-ultricies-pede./felis-ipsum-dis-diam-quam-facilisi-et-condimentum-quis-sociis./proin-augue-luctus-id."
}