{
    "startDate": "2018/11/01 13:51:34.063128 GMT-4",
    "endDate": "2018/11/01 23:44:58.293750 GMT-4",
    "contributors": [],
    "_content_type_text": "text/html",
    "text": "<h1>Nam Pyrrho, Aristo, Erillus iam diu abiecti.</h1>\n\n<p>Lorem ipsum dolor sit amet, consectetur adipiscing elit. <a href='http://loripsum.net/' target='_blank'>An hoc usque quaque, aliter in vita?</a> Duo Reges: constructio interrete. <a href='http://loripsum.net/' target='_blank'>Age sane, inquam.</a> <a href='http://loripsum.net/' target='_blank'>Si longus, levis dictata sunt.</a> Estne, quaeso, inquam, sitienti in bibendo voluptas? Ut aliquid scire se gaudeant? </p>\n\n<ol>\n\t<li>Idemque diviserunt naturam hominis in animum et corpus.</li>\n\t<li>Nec enim ignoras his istud honestum non summum modo, sed etiam, ut tu vis, solum bonum videri.</li>\n\t<li>Maximas vero virtutes iacere omnis necesse est voluptate dominante.</li>\n\t<li>Non enim, si malum est dolor, carere eo malo satis est ad bene vivendum.</li>\n</ol>\n\n\n<ul>\n\t<li>Tum ille timide vel potius verecunde: Facio, inquit.</li>\n\t<li>Sed eum qui audiebant, quoad poterant, defendebant sententiam suam.</li>\n\t<li>Negabat igitur ullam esse artem, quae ipsa a se proficisceretur;</li>\n</ul>\n\n\n<p>Aliter enim nosmet ipsos nosse non possumus. Quid, de quo nulla dissensio est? Si id dicis, vicimus. Summus dolor plures dies manere non potest? Tria genera bonorum; Comprehensum, quod cognitum non habet? Eademne, quae restincta siti? </p>\n\n<h2>Non laboro, inquit, de nomine.</h2>\n\n<p>Ac tamen hic mallet non dolere. Occultum facinus esse potuerit, gaudebit; Quorum sine causa fieri nihil putandum est. <a href='http://loripsum.net/' target='_blank'>Neutrum vero, inquit ille.</a> Sed hoc sane concedamus. Egone quaeris, inquit, quid sentiam? </p>\n\n<dl>\n\t<dt><dfn>Memini vero, inquam;</dfn></dt>\n\t<dd>Unum nescio, quo modo possit, si luxuriosus sit, finitas cupiditates habere.</dd>\n\t<dt><dfn>Praeclare hoc quidem.</dfn></dt>\n\t<dd>-, sed ut hoc iudicaremus, non esse in iis partem maximam positam beate aut secus vivendi.</dd>\n\t<dt><dfn>Facete M.</dfn></dt>\n\t<dd>Si enim ita est, vide ne facinus facias, cum mori suadeas.</dd>\n\t<dt><dfn>Sed videbimus.</dfn></dt>\n\t<dd>Vide, quaeso, rectumne sit.</dd>\n</dl>\n\n\n",
    "eventUrl": "http://en.wikipedia.com/wiki/Lorem_ipsum",
    "creation_date": "2018/10/26 17:59:28.944959 GMT-4",
    "contactEmail": "loremipsum@mail.com",
    "_uid": "1f780fef487049ea8cd675162ea31ec9",
    "expirationDate": "None",
    "contactName": "Etiam netus pharetra parturient integer pede elit.",
    "_content_type_id": "text/plain",
    "contactPhone": "Etiam neque fermentum blandit metus nibh feugiat ve nulla dis odio sociis tincidunt.",
    "id": "metus-dolor-pharetra-justo-ve.",
    "subject": [],
    "attendees": [],
    "effectiveDate": "None",
    "title": "Metus dolor pharetra justo ve.",
    "_content_type_contactPhone": "text/plain",
    "_content_type_eventUrl": "text/plain",
    "_content_type_language": "text/plain",
    "_defaultpage": "",
    "location": "Augue fusce arcu malesuada at imperdiet vestibulum quis varius habitasse vestibulum.",
    "_content_type_title": "text/plain",
    "excludeFromNav": true,
    "_content_type_contactName": "text/plain",
    "_type": "Event",
    "description": "Class donec molestie velit dolor cum pede vulputate habitant nullam. Fames etiam elit euismod urna est rutrum conubia eni. Porta proin pretium justo nunc in orci in magna lobortis. Porta lacus posuere lobortis lacinia etiam parturient mi. Lacus donec neque suscipit erat hac pellentesque ut sodales id in ornare. Nulla curae montes cubilia erat eros odio nascetur felis rhoncus. Vitae nulla rutrum bibendum eget enim blandit et phasellus orci. Netus felis a quam. Lorem curae hac maecenas. Lorem lacus orci sem dui. Lorem fames tempor venenatis praesent luctus diam cursus sociis. Porta risus nullam semper nisl suspendisse viverra dui ad massa. Fusce proin duis varius id arcu auctor diam blandit. Felis fames augue a quisque congue eu cras fringilla ac habitasse erat non. Ipsum netus a cursus nisl auctor malesuada ve. Neque fames.",
    "_atrefs": {},
    "_layout": "event_view",
    "_workflow_history": {
        "simple_publication_workflow": [
            {
                "action": null,
                "review_state": "private",
                "actor": "admin",
                "comments": "",
                "time": "2018/10/26 17:59:28.950481 GMT-4"
            },
            {
                "action": "publish",
                "review_state": "published",
                "actor": "admin",
                "comments": "",
                "time": "2018/10/26 17:59:29.291665 GMT-4"
            }
        ]
    },
    "_content_type_rights": "text/plain",
    "_directly_provided": [],
    "_classname": "ATEvent",
    "_userdefined_roles": [],
    "_content_type_contactEmail": "text/plain",
    "_content_type": "text/html",
    "_id": "metus-dolor-pharetra-justo-ve.",
    "modification_date": "2018/10/26 17:59:29.296191 GMT-4",
    "language": "en",
    "rights": "Metus curae. Porta fusce sapien fames mus. Netus justo auctor porta. Etiam lacus. Massa netus rutrum suscipit neque odio lobortis risus ut lacus sem nascetur dolor a. Class augue a tortor. Proin massa ornare non hac sem eu. Fames donec. Dolor augue. Proin neque. Metus nulla sit magna primis ligula netus. Dolor velit facilisi arcu pretium nisl sagittis a habitant eni blandit.",
    "_atbrefs": {},
    "_content_type_description": "text/plain",
    "_owner": "admin",
    "_content_type_location": "text/plain",
    "_permissions": {
        "Modify portal content": {
            "acquire": false,
            "roles": [
                "Editor",
                "Manager",
                "Owner",
                "Site Administrator"
            ]
        },
        "Access contents information": {
            "acquire": false,
            "roles": [
                "Anonymous"
            ]
        },
        "View": {
            "acquire": false,
            "roles": [
                "Anonymous"
            ]
        }
    },
    "_properties": [
        [
            "title",
            "Metus dolor pharetra justo ve.",
            "string"
        ]
    ],
    "allowDiscussion": false,
    "_gopip": 18,
    "creators": [
        "admin"
    ],
    "_ac_local_roles": {
        "admin": [
            "Owner"
        ]
    },
    "_path": "/Plone/about/lacus-purus-sit-augue-facilisis-ultricies-pede./felis-ipsum-dis-diam-quam-facilisi-et-condimentum-quis-sociis./metus-dolor-pharetra-justo-ve."
}