{
    "contributors": [],
    "creation_date": "2018/10/26 17:59:30.914853 GMT-4",
    "_uid": "e496802681fc42f6957384577cd61912",
    "expirationDate": "None",
    "_content_type_id": "text/plain",
    "id": "fusce-class-augue-curae.",
    "subject": [],
    "modification_date": "2018/10/26 17:59:30.965380 GMT-4",
    "title": "Fusce class augue curae.",
    "_ac_local_roles": {
        "admin": [
            "Owner"
        ]
    },
    "_content_type_language": "text/plain",
    "_defaultpage": "index_html",
    "location": "Lorem massa tellus ut augue dictum suspendisse.",
    "_content_type_title": "text/plain",
    "excludeFromNav": false,
    "_atbrefs": {},
    "_type": "File",
    "description": "Augue donec magna lacus porta a semper ante. Magna augue. Ipsum felis torquent parturient. Metus netus condimentum ad turpis volutpat mi varius risus. Vitae risus nunc rhoncus ve dapibus eget diam ligula. Justo lacus cursus ipsum. Augue etiam vehicula nisi lobortis pellentesque rutrum. Magna purus a. Fusce class. Metus fames non litora id accumsan non magnis. Morbi lacus felis ultrices metus dui dolor. Etiam vitae. Felis purus pharetra fusce pellentesque tristique magna cum parturient in tristique curae habitant habitasse congue. Proin fames a platea. Dolor metus. Felis curae orci lacinia quam nibh donec. Ipsum curae duis nisl magna pulvinar eu sit elit vestibulum ad ligula magna. Fames netus morbi lacinia quisque magnis.",
    "_atrefs": {},
    "_layout": "file_view",
    "_workflow_history": {
        "simple_publication_workflow": [
            {
                "action": null,
                "review_state": "private",
                "actor": "admin",
                "comments": "",
                "time": "2018/10/26 17:59:15.338982 GMT-4"
            },
            {
                "action": "publish",
                "review_state": "published",
                "actor": "admin",
                "comments": "",
                "time": "2018/10/26 17:59:15.657379 GMT-4"
            }
        ]
    },
    "_datafield_file": {
        "encoding": "base64",
        "filename": "sociosqu..dat",
        "data": "R0lGODlhAQABAPAAAPj8+AAAACH5BAEAAAAALAAAAAABAAEAAAICRAEAOw==",
        "content_type": "chemical/x-mopac-input",
        "size": [
            1,
            1
        ]
    },
    "_content_type_rights": "text/plain",
    "_classname": "ATBlob",
    "_directly_provided": [
        "plone.app.blob.interfaces.IATBlobFile",
        "Products.ATContentTypes.interfaces.file.IATFile",
        "Products.ATContentTypes.interfaces.file.IFileContent"
    ],
    "_userdefined_roles": [],
    "_content_type": "chemical/x-mopac-input",
    "_id": "fusce-class-augue-curae.",
    "effectiveDate": "None",
    "language": "en",
    "rights": "Magna dolor suspendisse maecenas phasellus fusce orci rutrum justo. Velit vitae. Neque nulla. Fames fusce duis erat in imperdiet magna. Dolor metus congue phasellus primis eros ultricies per. Velit donec netus sociosqu in. Felis ipsum amet platea porta senectus nulla arcu eu dis enim nunc nibh. Lacus justo nisi et habitant. Etiam lorem purus eni erat arcu fermentum. Ipsum fusce. Justo lorem cum adipiscing. Porta fames sit eros hac elit lacinia auctor leo id. Velit class tempor montes tincidunt. Justo lorem neque duis nunc vel rutrum eu. Justo fusce venenatis parturient diam. Netus porta a dictum nulla habitant eu massa mi pellentesque odio.",
    "_content_type_description": "text/plain",
    "_owner": "admin",
    "_content_type_location": "text/plain",
    "_permissions": {},
    "_properties": [
        [
            "title",
            "Fusce class augue curae.",
            "string"
        ]
    ],
    "allowDiscussion": false,
    "_gopip": 24,
    "creators": [
        "admin"
    ],
    "_path": "/Plone/about/lacus-purus-sit-augue-facilisis-ultricies-pede./felis-ipsum-dis-diam-quam-facilisi-et-condimentum-quis-sociis./fusce-class-augue-curae."
}