{
    "contributors": [],
    "creation_date": "2018/10/26 17:59:31.605005 GMT-4",
    "_uid": "704829b7ae11420797097cdc6cf33fc4",
    "expirationDate": "None",
    "_content_type_id": "text/plain",
    "id": "felis-massa-nullam-donec-vestibulum-cubilia-sed-malesuada-lorem-metus-varius-porta-hac-nisi.",
    "subject": [],
    "modification_date": "2018/10/26 17:59:31.652942 GMT-4",
    "title": "Felis massa nullam donec vestibulum cubilia sed malesuada lorem metus varius porta hac nisi.",
    "_ac_local_roles": {
        "admin": [
            "Owner"
        ]
    },
    "_content_type_language": "text/plain",
    "_defaultpage": "index_html",
    "location": "Ipsum proin viverra cubilia odio in curae sollicitudin.",
    "_content_type_title": "text/plain",
    "excludeFromNav": false,
    "_atbrefs": {},
    "_type": "File",
    "description": "Netus fusce. Felis neque. Augue lacus egestas ut cum imperdiet natoque lorem sed elit nisl ridiculus. Morbi velit nunc leo. Fames felis dis lorem posuere turpis sed inceptos viverra velit mi sagittis hac diam. Morbi porta. Morbi netus.",
    "_atrefs": {},
    "_layout": "file_view",
    "_workflow_history": {
        "simple_publication_workflow": [
            {
                "action": null,
                "review_state": "private",
                "actor": "admin",
                "comments": "",
                "time": "2018/10/26 17:59:15.338982 GMT-4"
            },
            {
                "action": "publish",
                "review_state": "published",
                "actor": "admin",
                "comments": "",
                "time": "2018/10/26 17:59:15.657379 GMT-4"
            }
        ]
    },
    "_datafield_file": {
        "encoding": "base64",
        "filename": "fringilla..dat",
        "data": "R0lGODlhAQABAPAAAPj8+AAAACH5BAEAAAAALAAAAAABAAEAAAICRAEAOw==",
        "content_type": "chemical/x-mopac-input",
        "size": [
            1,
            1
        ]
    },
    "_content_type_rights": "text/plain",
    "_classname": "ATBlob",
    "_directly_provided": [
        "plone.app.blob.interfaces.IATBlobFile",
        "Products.ATContentTypes.interfaces.file.IATFile",
        "Products.ATContentTypes.interfaces.file.IFileContent"
    ],
    "_userdefined_roles": [],
    "_content_type": "chemical/x-mopac-input",
    "_id": "felis-massa-nullam-donec-vestibulum-cubilia-sed-malesuada-lorem-metus-varius-porta-hac-nisi.",
    "effectiveDate": "None",
    "language": "en",
    "rights": "Augue justo. Nulla risus lorem nullam sollicitudin convallis. Donec porta aliquam in penatibus. Class porta fames lorem. Ipsum etiam vivamus varius metus posuere at dui enim odio lobortis ridiculus at eget interdum at. Neque porta dictum arcu vel enim. Felis curae. Donec etiam nisl class fames imperdiet eu. Fusce magna interdum. Netus dolor justo dictumst purus et dictum. Class felis.",
    "_content_type_description": "text/plain",
    "_owner": "admin",
    "_content_type_location": "text/plain",
    "_permissions": {},
    "_properties": [
        [
            "title",
            "Felis massa nullam donec vestibulum cubilia sed malesuada lorem metus varius porta hac nisi.",
            "string"
        ]
    ],
    "allowDiscussion": false,
    "_gopip": 27,
    "creators": [
        "admin"
    ],
    "_path": "/Plone/about/lacus-purus-sit-augue-facilisis-ultricies-pede./felis-ipsum-dis-diam-quam-facilisi-et-condimentum-quis-sociis./felis-massa-nullam-donec-vestibulum-cubilia-sed-malesuada-lorem-metus-varius-porta-hac-nisi."
}