{
    "locallyAllowedTypes": [
        "Document",
        "Event",
        "File",
        "Folder",
        "Image",
        "Link",
        "News Item",
        "Collection"
    ],
    "contributors": [],
    "creation_date": "2018/10/26 17:59:32.724615 GMT-4",
    "_uid": "c4cbc58af2da4815bfbdf6b21e837e3c",
    "expirationDate": "None",
    "_content_type_id": "text/plain",
    "immediatelyAddableTypes": [
        "Document",
        "Event",
        "File",
        "Folder",
        "Image",
        "Link",
        "News Item",
        "Collection"
    ],
    "id": "felis-lorem-platea-erat-porta.",
    "subject": [],
    "modification_date": "2018/10/26 17:59:33.049867 GMT-4",
    "title": "Felis lorem platea erat porta.",
    "_ac_local_roles": {
        "admin": [
            "Owner"
        ]
    },
    "_content_type_language": "text/plain",
    "_defaultpage": "",
    "location": "Velit netus primis pellentesque vivamus netus integer accumsan luctus vestibulum suscipit nunc vehicula purus.",
    "_content_type_title": "text/plain",
    "excludeFromNav": true,
    "_atbrefs": {},
    "constrainTypesMode": -1,
    "_type": "Folder",
    "description": "Curae etiam egestas nisi nec. Lacus proin cras ut sem sapien mauris massa mattis ante est. Nulla proin. Class justo hac amet. Ipsum justo. Morbi ipsum. Fames class. Neque fusce elit feugiat tortor nam elit potenti aliquam pede diam sem. Porta purus orci purus ultrices in condimentum arcu porttitor nostra a. Massa lorem tempus class cum dis at taciti sollicitudin fermentum. Ipsum curae morbi eni velit. Proin nulla.",
    "_atrefs": {},
    "_layout": "folder_listing",
    "_workflow_history": {
        "simple_publication_workflow": [
            {
                "action": null,
                "review_state": "private",
                "actor": "admin",
                "comments": "",
                "time": "2018/10/26 17:59:32.730038 GMT-4"
            },
            {
                "action": "publish",
                "review_state": "published",
                "actor": "admin",
                "comments": "",
                "time": "2018/10/26 17:59:33.045440 GMT-4"
            }
        ]
    },
    "_content_type_rights": "text/plain",
    "_directly_provided": [],
    "language": "en",
    "_classname": "ATFolder",
    "banner": "<h1>Sed quanta sit alias, nunc tantum possitne esse tanta.</h1>\n\n<p>Lorem ipsum dolor sit amet, consectetur adipiscing elit. Eam stabilem appellas. Duo Reges: constructio interrete. Nunc haec primum fortasse audientis servire debemus. Eademne, quae restincta siti? Non potes, nisi retexueris illa. Sin laboramus, quis est, qui alienae modum statuat industriae? </p>\n\n<p>Quamquam tu hanc copiosiorem etiam soles dicere. Quis non odit sordidos, vanos, leves, futtiles? Neutrum vero, inquit ille. Ego vero isti, inquam, permitto. Nunc haec primum fortasse audientis servire debemus. </p>\n\n<p>Conferam tecum, quam cuique verso rem subicias; Sed in rebus apertissimis nimium longi sumus. Ergo, inquit, tibi Q. Nulla erit controversia. </p>\n\n<ol>\n\t<li>Isto modo ne improbos quidem, si essent boni viri.</li>\n\t<li>Cur tantas regiones barbarorum pedibus obiit, tot maria transmisit?</li>\n\t<li>In his igitur partibus duabus nihil erat, quod Zeno commutare gestiret.</li>\n\t<li>An vero displicuit ea, quae tributa est animi virtutibus tanta praestantia?</li>\n\t<li>Nondum autem explanatum satis, erat, quid maxime natura vellet.</li>\n</ol>\n\n\n<dl>\n\t<dt><dfn>Igitur ne dolorem quidem.</dfn></dt>\n\t<dd>Si ista mala sunt, in quae potest incidere sapiens, sapientem esse non esse ad beate vivendum satis.</dd>\n\t<dt><dfn>Quid Zeno?</dfn></dt>\n\t<dd>Ergo id est convenienter naturae vivere, a natura discedere.</dd>\n</dl>\n\n\n<ul>\n\t<li>O magnam vim ingenii causamque iustam, cur nova existeret disciplina! Perge porro.</li>\n\t<li>Traditur, inquit, ab Epicuro ratio neglegendi doloris.</li>\n</ul>\n\n\n",
    "_userdefined_roles": [],
    "_content_type": "text/plain",
    "_id": "felis-lorem-platea-erat-porta.",
    "nextPreviousEnabled": true,
    "effectiveDate": "None",
    "_content_type_banner": "text/html",
    "rights": "Morbi nulla. Donec purus arcu in odio nostra. Curae metus condimentum nec mi sapien tristique rhoncus cursus in. Dolor morbi suspendisse est. Lorem velit mauris parturient volutpat viverra felis ipsum penatibus. Netus class nascetur purus sit sapien magnis dis ut justo neque. Risus curae. Velit lacus pretium rhoncus. Felis risus condimentum et ligula mi aptent ultrices erat odio curabitur. Etiam augue varius cursus nam. Fusce vitae cubilia convallis amet nam pellentesque libero vitae laoreet luctus. Augue lorem auctor. Morbi magna blandit etiam at arcu sem nisl sem. Proin lorem eni enim velit magna. Neque justo accumsan ac neque nec. Porta purus nec fermentum netus quis porta aliquam. Augue massa litora at senectus aliquam. Dolor neque tristique nec pulvinar. Lorem felis commodo viverra elit sollicitudin lobortis class netus sapien. Ipsum class. Class felis nec quis vitae convallis dictumst massa ante dui.",
    "_content_type_description": "text/plain",
    "_owner": "admin",
    "_content_type_location": "text/plain",
    "_permissions": {
        "Change portal events": {
            "acquire": false,
            "roles": [
                "Editor",
                "Manager",
                "Owner",
                "Site Administrator"
            ]
        },
        "Modify portal content": {
            "acquire": false,
            "roles": [
                "Editor",
                "Manager",
                "Owner",
                "Site Administrator"
            ]
        },
        "Access contents information": {
            "acquire": false,
            "roles": [
                "Anonymous"
            ]
        },
        "View": {
            "acquire": false,
            "roles": [
                "Anonymous"
            ]
        }
    },
    "_properties": [
        [
            "title",
            "Felis lorem platea erat porta.",
            "string"
        ]
    ],
    "allowDiscussion": false,
    "_gopip": 31,
    "creators": [
        "admin"
    ],
    "_path": "/Plone/about/lacus-purus-sit-augue-facilisis-ultricies-pede./felis-ipsum-dis-diam-quam-facilisi-et-condimentum-quis-sociis./felis-lorem-platea-erat-porta."
}