{
    "locallyAllowedTypes": [
        "Document",
        "Event",
        "File",
        "Folder",
        "Image",
        "Link",
        "News Item",
        "Collection"
    ],
    "contributors": [],
    "creation_date": "2018/10/26 17:59:34.069878 GMT-4",
    "_uid": "d8b77c28878349d8a8a357497c68c979",
    "expirationDate": "None",
    "_content_type_id": "text/plain",
    "immediatelyAddableTypes": [
        "Document",
        "Event",
        "File",
        "Folder",
        "Image",
        "Link",
        "News Item",
        "Collection"
    ],
    "id": "dolor-porta-libero-ve-ultrices-pulvinar-natoque-vivamus-netus-ad-nulla-auctor-pellentesque-integer.",
    "subject": [],
    "modification_date": "2018/10/26 17:59:34.395722 GMT-4",
    "title": "Dolor porta libero ve ultrices pulvinar natoque vivamus netus ad nulla auctor pellentesque integer.",
    "_ac_local_roles": {
        "admin": [
            "Owner"
        ]
    },
    "_content_type_language": "text/plain",
    "_defaultpage": "",
    "location": "Augue donec.",
    "_content_type_title": "text/plain",
    "excludeFromNav": true,
    "_atbrefs": {},
    "constrainTypesMode": -1,
    "_type": "Folder",
    "description": "Proin netus. Magna curae tortor porta parturient suscipit pretium orci donec praesent risus ac congue nunc fames. Fames curae nec urna nam quisque maecenas pretium volutpat egestas quis a lacus ad. Fusce ipsum sem fringilla auctor. Massa ipsum mus orci netus velit felis massa eleifend pede curabitur ultrices eu neque. Augue morbi nonummy blandit purus class quam aliquet. Lorem neque suspendisse molestie nulla massa sit. Ipsum fames malesuada nec sollicitudin massa ac platea conubia mi ve quam. Metus lorem platea molestie litora varius vitae in vitae mi. Neque nulla. Donec porta mauris sollicitudin penatibus. Metus netus diam fringilla litora quis in pellentesque platea justo. Proin lacus velit tempus pellentesque venenatis metus rhoncus nonummy aptent malesuada habitant diam tortor ac dolor. Curae massa risus placerat mi quam. Lorem porta congue eleifend bibendum conubia senectus. Metus purus.",
    "_atrefs": {},
    "_layout": "folder_listing",
    "_workflow_history": {
        "simple_publication_workflow": [
            {
                "action": null,
                "review_state": "private",
                "actor": "admin",
                "comments": "",
                "time": "2018/10/26 17:59:34.075636 GMT-4"
            },
            {
                "action": "publish",
                "review_state": "published",
                "actor": "admin",
                "comments": "",
                "time": "2018/10/26 17:59:34.390708 GMT-4"
            }
        ]
    },
    "_content_type_rights": "text/plain",
    "_directly_provided": [],
    "language": "en",
    "_classname": "ATFolder",
    "banner": "<h1>Scisse enim te quis coarguere possit?</h1>\n\n<p>Lorem ipsum dolor sit amet, consectetur adipiscing elit. Quae quo sunt excelsiores, eo dant clariora indicia naturae. An eiusdem modi? Primum divisit ineleganter; An haec ab eo non dicuntur? Duo Reges: constructio interrete. Esse enim, nisi eris, non potes. Quonam, inquit, modo? Quam si explicavisset, non tam haesitaret. </p>\n\n<ol>\n\t<li>Intellegi quidem, ut propter aliam quampiam rem, verbi gratia propter voluptatem, nos amemus;</li>\n\t<li>Et quidem, inquit, vehementer errat;</li>\n\t<li>Que Manilium, ab iisque M.</li>\n\t<li>Quae hic rei publicae vulnera inponebat, eadem ille sanabat.</li>\n</ol>\n\n\n<dl>\n\t<dt><dfn>Immo videri fortasse.</dfn></dt>\n\t<dd>Cum autem negant ea quicquam ad beatam vitam pertinere, rursus naturam relinquunt.</dd>\n\t<dt><dfn>At certe gravius.</dfn></dt>\n\t<dd>Qua igitur re ab deo vincitur, si aeternitate non vincitur?</dd>\n\t<dt><dfn>Sed haec omittamus;</dfn></dt>\n\t<dd>Idne consensisse de Calatino plurimas gentis arbitramur, primarium populi fuisse, quod praestantissimus fuisset in conficiendis voluptatibus?</dd>\n\t<dt><dfn>Idem adhuc;</dfn></dt>\n\t<dd>Quod autem principium officii quaerunt, melius quam Pyrrho;</dd>\n</dl>\n\n\n<ul>\n\t<li>Et si turpitudinem fugimus in statu et motu corporis, quid est cur pulchritudinem non sequamur?</li>\n\t<li>Haec et tu ita posuisti, et verba vestra sunt.</li>\n\t<li>Ego vero volo in virtute vim esse quam maximam;</li>\n\t<li>Quaesita enim virtus est, non quae relinqueret naturam, sed quae tueretur.</li>\n</ul>\n\n\n<p>Memini vero, inquam; Rationis enim perfectio est virtus; Tum ille: Ain tandem? At certe gravius. <a href='http://loripsum.net/' target='_blank'>Qualem igitur hominem natura inchoavit?</a> Quod cum dixissent, ille contra. <a href='http://loripsum.net/' target='_blank'>Solum praeterea formosum, solum liberum, solum civem, stultost;</a> </p>\n\n<p>Sed in rebus apertissimis nimium longi sumus. Hoc est non dividere, sed frangere. Si enim ad populum me vocas, eum. Conferam tecum, quam cuique verso rem subicias; Sin tantum modo ad indicia veteris memoriae cognoscenda, curiosorum. Hos contra singulos dici est melius. </p>\n\n",
    "_userdefined_roles": [],
    "_content_type": "text/plain",
    "_id": "dolor-porta-libero-ve-ultrices-pulvinar-natoque-vivamus-netus-ad-nulla-auctor-pellentesque-integer.",
    "nextPreviousEnabled": true,
    "effectiveDate": "None",
    "_content_type_banner": "text/html",
    "rights": "Curae etiam. Risus nulla mus magna fringilla ve quam duis dolor. Fames donec commodo. Fames neque. Proin etiam senectus nec ut convallis a vel fringilla dui convallis tempus felis. Netus nulla nam nulla aptent urna dictum vestibulum consectetuer quisque. Vitae augue rhoncus elementum duis posuere nisl sem curae rhoncus taciti quis porttitor. Nulla velit. Metus magna fusce congue ullamcorper augue tellus. Augue fusce duis tempus. Class donec senectus fusce arcu.",
    "_content_type_description": "text/plain",
    "_owner": "admin",
    "_content_type_location": "text/plain",
    "_permissions": {
        "Change portal events": {
            "acquire": false,
            "roles": [
                "Editor",
                "Manager",
                "Owner",
                "Site Administrator"
            ]
        },
        "Modify portal content": {
            "acquire": false,
            "roles": [
                "Editor",
                "Manager",
                "Owner",
                "Site Administrator"
            ]
        },
        "Access contents information": {
            "acquire": false,
            "roles": [
                "Anonymous"
            ]
        },
        "View": {
            "acquire": false,
            "roles": [
                "Anonymous"
            ]
        }
    },
    "_properties": [
        [
            "title",
            "Dolor porta libero ve ultrices pulvinar natoque vivamus netus ad nulla auctor pellentesque integer.",
            "string"
        ]
    ],
    "allowDiscussion": false,
    "_gopip": 34,
    "creators": [
        "admin"
    ],
    "_path": "/Plone/about/lacus-purus-sit-augue-facilisis-ultricies-pede./felis-ipsum-dis-diam-quam-facilisi-et-condimentum-quis-sociis./dolor-porta-libero-ve-ultrices-pulvinar-natoque-vivamus-netus-ad-nulla-auctor-pellentesque-integer."
}