{
    "locallyAllowedTypes": [
        "Document",
        "Event",
        "File",
        "Folder",
        "Image",
        "Link",
        "News Item",
        "Collection"
    ],
    "contributors": [],
    "creation_date": "2018/10/26 17:59:35.465732 GMT-4",
    "_uid": "0cfcfbb1d0a244d6b0ce1ecd7a8c52cb",
    "expirationDate": "None",
    "_content_type_id": "text/plain",
    "immediatelyAddableTypes": [
        "Document",
        "Event",
        "File",
        "Folder",
        "Image",
        "Link",
        "News Item",
        "Collection"
    ],
    "id": "curae-risus.",
    "subject": [],
    "modification_date": "2018/10/26 17:59:35.796848 GMT-4",
    "title": "Curae risus.",
    "_ac_local_roles": {
        "admin": [
            "Owner"
        ]
    },
    "_content_type_language": "text/plain",
    "_defaultpage": "",
    "location": "Lorem augue curae potenti nibh eu senectus elit sociis feugiat duis pharetra auctor.",
    "_content_type_title": "text/plain",
    "excludeFromNav": false,
    "_atbrefs": {},
    "constrainTypesMode": -1,
    "_type": "Folder",
    "description": "Velit fames. Neque netus nostra ad. Lorem neque odio cras semper duis pellentesque ve porta fames class ornare feugiat in sociis vivamus et gravida ve. Morbi nulla enim fusce ut. Class fusce vitae sem odio consectetuer et proin sem quam a. Risus massa. Proin ipsum cras senectus nibh libero pede. Vitae porta. Risus fames imperdiet nam laoreet dis aliquet sociosqu orci. Morbi proin. Morbi metus. Porta ipsum magnis condimentum. Curae morbi etiam eget mus nisl a dolor egestas nisl. Lacus neque nibh non. Risus fames cum eros id felis. Lacus augue. Justo class fames litora cursus habitant ut lacus primis. Massa lacus luctus aptent nulla cursus nisi eget parturient porttitor erat urna.",
    "_atrefs": {},
    "_layout": "folder_listing",
    "_workflow_history": {
        "simple_publication_workflow": [
            {
                "action": null,
                "review_state": "private",
                "actor": "admin",
                "comments": "",
                "time": "2018/10/26 17:59:35.471023 GMT-4"
            },
            {
                "action": "publish",
                "review_state": "published",
                "actor": "admin",
                "comments": "",
                "time": "2018/10/26 17:59:35.791582 GMT-4"
            }
        ]
    },
    "_content_type_rights": "text/plain",
    "_directly_provided": [],
    "language": "en",
    "_classname": "ATFolder",
    "banner": "<h1>Hoc loco tenere se Triarius non potuit.</h1>\n\n<p>Lorem ipsum dolor sit amet, consectetur adipiscing elit. Bonum valitudo: miser morbus. Vitiosum est enim in dividendo partem in genere numerare. Egone quaeris, inquit, quid sentiam? Quae contraria sunt his, malane? Tum Torquatus: Prorsus, inquit, assentior; </p>\n\n<ul>\n\t<li>Quid ergo dubitamus, quin, si non dolere voluptas sit summa, non esse in voluptate dolor sit maximus?</li>\n\t<li>Quod vestri non item.</li>\n\t<li>Licet hic rursus ea commemores, quae optimis verbis ab Epicuro de laude amicitiae dicta sunt.</li>\n</ul>\n\n\n<p>Quid me istud rogas? Tubulo putas dicere? </p>\n\n<ol>\n\t<li>An potest, inquit ille, quicquam esse suavius quam nihil dolere?</li>\n\t<li>Nec tamen ullo modo summum pecudis bonum et hominis idem mihi videri potest.</li>\n\t<li>Tecum optime, deinde etiam cum mediocri amico.</li>\n\t<li>Theophrastus mediocriterne delectat, cum tractat locos ab Aristotele ante tractatos?</li>\n</ol>\n\n\n<dl>\n\t<dt><dfn>Respondeat totidem verbis.</dfn></dt>\n\t<dd>Nec vero alia sunt quaerenda contra Carneadeam illam sententiam.</dd>\n\t<dt><dfn>Reguli reiciendam;</dfn></dt>\n\t<dd>Propter nos enim illam, non propter eam nosmet ipsos diligimus.</dd>\n\t<dt><dfn>Sed fortuna fortis;</dfn></dt>\n\t<dd>Non autem hoc: igitur ne illud quidem.</dd>\n</dl>\n\n\n<h2>Duo Reges: constructio interrete.</h2>\n\n<p>Memini vero, inquam; Hic ambiguo ludimur. Quia dolori non voluptas contraria est, sed doloris privatio. <a href='http://loripsum.net/' target='_blank'>Videamus animi partes, quarum est conspectus illustrior;</a> Equidem e Cn. </p>\n\n",
    "_userdefined_roles": [],
    "_content_type": "text/plain",
    "_id": "curae-risus.",
    "nextPreviousEnabled": false,
    "effectiveDate": "None",
    "_content_type_banner": "text/html",
    "rights": "Dolor metus porta hymenaeos habitant tellus duis litora. Donec morbi. Netus donec neque non quam inceptos aliquam ornare leo rhoncus. Lacus vitae nostra pede ad. Justo donec. Massa class non mauris. Lacus fames. Velit magna risus a dapibus ad nam suspendisse potenti dis venenatis orci dignissim sociis. Massa velit ornare curabitur lorem inceptos morbi. Lorem neque ornare fames nec laoreet.",
    "_content_type_description": "text/plain",
    "_owner": "admin",
    "_content_type_location": "text/plain",
    "_permissions": {
        "Change portal events": {
            "acquire": false,
            "roles": [
                "Editor",
                "Manager",
                "Owner",
                "Site Administrator"
            ]
        },
        "Modify portal content": {
            "acquire": false,
            "roles": [
                "Editor",
                "Manager",
                "Owner",
                "Site Administrator"
            ]
        },
        "Access contents information": {
            "acquire": false,
            "roles": [
                "Anonymous"
            ]
        },
        "View": {
            "acquire": false,
            "roles": [
                "Anonymous"
            ]
        }
    },
    "_properties": [
        [
            "title",
            "Curae risus.",
            "string"
        ]
    ],
    "allowDiscussion": false,
    "_gopip": 37,
    "creators": [
        "admin"
    ],
    "_path": "/Plone/about/lacus-purus-sit-augue-facilisis-ultricies-pede./felis-ipsum-dis-diam-quam-facilisi-et-condimentum-quis-sociis./curae-risus."
}