{
    "contributors": [],
    "creation_date": "2018/10/26 17:59:39.891714 GMT-4",
    "_uid": "8cedc55c97e44d0b9343fd1e9a35c520",
    "expirationDate": "None",
    "_content_type_id": "text/plain",
    "id": "massa-nulla-varius-ut-tempus-ante-taciti-aenean-convallis-ad-nisl-vulputate-ac.",
    "subject": [],
    "modification_date": "2018/10/26 17:59:39.933112 GMT-4",
    "title": "Massa nulla varius ut tempus ante taciti aenean convallis ad nisl vulputate ac.",
    "_ac_local_roles": {
        "admin": [
            "Owner"
        ]
    },
    "_content_type_language": "text/plain",
    "_defaultpage": "",
    "location": "Donec fames varius netus dictum at lacus hac.",
    "_content_type_title": "text/plain",
    "excludeFromNav": false,
    "_atbrefs": {},
    "_type": "Link",
    "description": "Netus class nisi. Massa risus nisi dictumst ridiculus hac arcu adipiscing odio tellus blandit sapien. Risus velit scelerisque et auctor sollicitudin dapibus. Metus risus. Donec proin non mattis bibendum vulputate. Augue purus curae risus velit integer vivamus rutrum duis. Risus neque. Velit fusce libero ve nisi aenean natoque potenti lacinia lectus hac. Massa nulla amet venenatis dictumst semper vestibulum pellentesque euismod arcu id arcu. Magna augue ornare nullam ve.",
    "_atrefs": {},
    "_layout": "link_redirect_view",
    "_workflow_history": {
        "simple_publication_workflow": [
            {
                "action": null,
                "review_state": "private",
                "actor": "admin",
                "comments": "",
                "time": "2018/10/26 17:59:39.895077 GMT-4"
            },
            {
                "action": "publish",
                "review_state": "published",
                "actor": "admin",
                "comments": "",
                "time": "2018/10/26 17:59:39.929591 GMT-4"
            }
        ]
    },
    "_content_type_rights": "text/plain",
    "_directly_provided": [],
    "_content_type_remoteUrl": "text/plain",
    "_classname": "ATLink",
    "_userdefined_roles": [],
    "_content_type": "text/plain",
    "_id": "massa-nulla-varius-ut-tempus-ante-taciti-aenean-convallis-ad-nisl-vulputate-ac.",
    "remoteUrl": "Porta%20augue%20pharetra%20quis%20sit%20lacus%20eni%20eros%20ultrices%20per.",
    "effectiveDate": "None",
    "language": "en",
    "rights": "Morbi ipsum luctus varius leo potenti elit pharetra. Etiam lacus dis. Class lacus netus integer pede. Neque proin nunc orci mattis. Proin risus vel quis justo fusce magnis at eros nonummy proin non ante. Etiam augue a tempor tristique augue amet at. Donec neque risus tempor vestibulum consectetuer integer. Lorem fusce. Fusce risus. Nulla class facilisi. Lorem ipsum. Vitae curae urna hac enim. Nulla magna nostra ligula sit et nulla dignissim.",
    "_content_type_description": "text/plain",
    "_owner": "admin",
    "_content_type_location": "text/plain",
    "_permissions": {
        "Modify portal content": {
            "acquire": false,
            "roles": [
                "Editor",
                "Manager",
                "Owner",
                "Site Administrator"
            ]
        },
        "Access contents information": {
            "acquire": false,
            "roles": [
                "Anonymous"
            ]
        },
        "View": {
            "acquire": false,
            "roles": [
                "Anonymous"
            ]
        }
    },
    "_properties": [
        [
            "title",
            "Massa nulla varius ut tempus ante taciti aenean convallis ad nisl vulputate ac.",
            "string"
        ]
    ],
    "allowDiscussion": false,
    "_gopip": 50,
    "creators": [
        "admin"
    ],
    "_path": "/Plone/about/lacus-purus-sit-augue-facilisis-ultricies-pede./felis-ipsum-dis-diam-quam-facilisi-et-condimentum-quis-sociis./massa-nulla-varius-ut-tempus-ante-taciti-aenean-convallis-ad-nisl-vulputate-ac."
}