{
    "contributors": [],
    "creation_date": "2018/10/26 17:59:40.790481 GMT-4",
    "_uid": "d0d18bca7ccc496c920b8e43fd9b5970",
    "expirationDate": "None",
    "_content_type_id": "text/plain",
    "id": "vitae-purus.",
    "subject": [],
    "modification_date": "2018/10/26 17:59:40.838100 GMT-4",
    "title": "Vitae purus.",
    "_ac_local_roles": {
        "admin": [
            "Owner"
        ]
    },
    "_content_type_language": "text/plain",
    "_defaultpage": "",
    "location": "Massa porta.",
    "_content_type_title": "text/plain",
    "excludeFromNav": true,
    "_atbrefs": {},
    "_type": "Link",
    "description": "Risus justo quam egestas tortor proin adipiscing faucibus nibh ligula ve egestas. Risus netus sit potenti amet porta litora hendrerit morbi egestas habitasse ut. Neque felis. Nulla augue nullam magna leo elit nam sollicitudin. Vitae lacus dapibus nonummy. Velit class lectus eget nulla tempor integer in placerat tempor rutrum nisl. Nulla augue a tempor porttitor sociosqu neque at facilisis lacinia. Neque augue cubilia cum nisi odio adipiscing dignissim pede tristique. Etiam class scelerisque torquent habitasse. Felis curae dictumst nunc vel inceptos euismod. Augue curae per hac leo mus mi metus sollicitudin curae cras.",
    "_atrefs": {},
    "_layout": "link_redirect_view",
    "_workflow_history": {
        "simple_publication_workflow": [
            {
                "action": null,
                "review_state": "private",
                "actor": "admin",
                "comments": "",
                "time": "2018/10/26 17:59:40.793789 GMT-4"
            },
            {
                "action": "publish",
                "review_state": "published",
                "actor": "admin",
                "comments": "",
                "time": "2018/10/26 17:59:40.834094 GMT-4"
            }
        ]
    },
    "_content_type_rights": "text/plain",
    "_directly_provided": [],
    "_content_type_remoteUrl": "text/plain",
    "_classname": "ATLink",
    "_userdefined_roles": [],
    "_content_type": "text/plain",
    "_id": "vitae-purus.",
    "remoteUrl": "Massa%20lacus%20pretium%20tellus.",
    "effectiveDate": "None",
    "language": "en",
    "rights": "Fames risus sed justo massa odio elit vitae mauris sed eu. Metus magna varius ridiculus nascetur ut magna montes euismod ac at nisi metus purus. Metus risus vitae pharetra ridiculus a malesuada fames cum vestibulum malesuada odio diam. Etiam morbi molestie vulputate nunc dis sollicitudin etiam et. Lorem porta dis viverra mi et. Neque lacus. Class nulla inceptos neque eu aenean hac egestas sem. Vitae fames quisque diam id eni nunc molestie ultricies a eni. Proin velit ante vitae justo sociis lacus. Felis ipsum. Felis risus nisl feugiat lorem in tristique imperdiet ante mus elit. Massa vitae ullamcorper vehicula quis molestie blandit enim class netus. Ipsum risus nec amet volutpat nam dictum ad. Metus augue nulla quisque pulvinar fames molestie ut purus id. Proin felis a enim velit hymenaeos curae urna dignissim auctor. Neque vitae ullamcorper mus montes eros tortor.",
    "_content_type_description": "text/plain",
    "_owner": "admin",
    "_content_type_location": "text/plain",
    "_permissions": {
        "Modify portal content": {
            "acquire": false,
            "roles": [
                "Editor",
                "Manager",
                "Owner",
                "Site Administrator"
            ]
        },
        "Access contents information": {
            "acquire": false,
            "roles": [
                "Anonymous"
            ]
        },
        "View": {
            "acquire": false,
            "roles": [
                "Anonymous"
            ]
        }
    },
    "_properties": [
        [
            "title",
            "Vitae purus.",
            "string"
        ]
    ],
    "allowDiscussion": false,
    "_gopip": 55,
    "creators": [
        "admin"
    ],
    "_path": "/Plone/about/lacus-purus-sit-augue-facilisis-ultricies-pede./felis-ipsum-dis-diam-quam-facilisi-et-condimentum-quis-sociis./vitae-purus."
}