{
    "contributors": [],
    "_content_type_text": "text/html",
    "text": "<h1>Quamquam te quidem video minime esse deterritum.</h1>\n\n<p>Lorem ipsum dolor sit amet, consectetur adipiscing elit. Et nemo nimium beatus est; Duo Reges: constructio interrete. Quis est tam dissimile homini. Negat esse eam, inquit, propter se expetendam. Illi enim inter se dissentiunt. Ita prorsus, inquam; </p>\n\n<ol>\n\t<li>Sed ad haec, nisi molestum est, habeo quae velim.</li>\n\t<li>Tu enim ista lenius, hic Stoicorum more nos vexat.</li>\n</ol>\n\n\n<h2>Omnia contraria, quos etiam insanos esse vultis.</h2>\n\n<p>Quam ob rem tandem, inquit, non satisfacit? Hoc sic expositum dissimile est superiori. Hoc sic expositum dissimile est superiori. Frater et T. Expectoque quid ad id, quod quaerebam, respondeas. Cur deinde Metrodori liberos commendas? Minime vero istorum quidem, inquit. <a href='http://loripsum.net/' target='_blank'>Philosophi autem in suis lectulis plerumque moriuntur.</a> Id Sextilius factum negabat. </p>\n\n<ul>\n\t<li>Atque hoc loco similitudines eas, quibus illi uti solent, dissimillimas proferebas.</li>\n\t<li>Qui autem esse poteris, nisi te amor ipse ceperit?</li>\n\t<li>Summum en\u00edm bonum exposuit vacuitatem doloris;</li>\n</ul>\n\n\n<p>Sed fac ista esse non inportuna; Tum Quintus: Est plane, Piso, ut dicis, inquit. </p>\n\n<dl>\n\t<dt><dfn>An eiusdem modi?</dfn></dt>\n\t<dd>In eo autem voluptas omnium Latine loquentium more ponitur, cum percipitur ea, quae sensum aliquem moveat, iucunditas.</dd>\n\t<dt><dfn>Quis enim redargueret?</dfn></dt>\n\t<dd>Nam, ut sint illa vendibiliora, haec uberiora certe sunt.</dd>\n\t<dt><dfn>Optime, inquam.</dfn></dt>\n\t<dd>Que Manilium, ab iisque M.</dd>\n\t<dt><dfn>Quid vero?</dfn></dt>\n\t<dd>Tu enim ista lenius, hic Stoicorum more nos vexat.</dd>\n</dl>\n\n\n",
    "creation_date": "2018/10/26 17:59:44.795180 GMT-4",
    "imageCaption": "Lacus velit platea sollicitudin commodo bibendum ac litora varius ridiculus in magna platea adipiscing pellentesque.",
    "expirationDate": "None",
    "_content_type_id": "text/plain",
    "id": "lacus-justo-sit-orci-nam-urna.",
    "subject": [],
    "modification_date": "2018/10/26 17:59:45.125579 GMT-4",
    "title": "Lacus justo sit orci nam urna.",
    "_ac_local_roles": {
        "admin": [
            "Owner"
        ]
    },
    "_content_type_language": "text/plain",
    "_defaultpage": "",
    "location": "Donec lorem nunc a dolor ad dolor mus vitae vivamus est.",
    "_content_type_title": "text/plain",
    "excludeFromNav": true,
    "_atbrefs": {},
    "_content_type_imageCaption": "text/plain",
    "_type": "News Item",
    "description": "Augue proin netus enim aliquam ad id vel. Lacus risus mattis ullamcorper justo ridiculus. Vitae class vehicula est neque fringilla leo lacinia senectus quam nunc class ac porta. Massa curae mus nisi curabitur ligula odio commodo per ad metus eni quam leo. Magna justo metus sit arcu ve quis metus risus porta. Ipsum augue. Proin augue magna habitant eni urna. Neque augue aptent porttitor. Felis massa pulvinar lorem rhoncus metus nulla porta. Curae donec. Augue nulla. Fusce metus etiam sociis sapien pede habitasse sit convallis. Etiam morbi mauris et fames eu aenean laoreet et orci. Proin netus lobortis hymenaeos a. Ipsum lorem erat ullamcorper posuere consectetuer feugiat. Velit etiam cubilia vivamus quam odio ultricies libero facilisi.",
    "_atrefs": {},
    "_layout": "newsitem_view",
    "_workflow_history": {
        "simple_publication_workflow": [
            {
                "action": null,
                "review_state": "private",
                "actor": "admin",
                "comments": "",
                "time": "2018/10/26 17:59:44.798670 GMT-4"
            },
            {
                "action": "publish",
                "review_state": "published",
                "actor": "admin",
                "comments": "",
                "time": "2018/10/26 17:59:45.120893 GMT-4"
            }
        ]
    },
    "_content_type_rights": "text/plain",
    "_directly_provided": [],
    "_classname": "ATNewsItem",
    "_userdefined_roles": [],
    "_content_type": "text/html",
    "_id": "lacus-justo-sit-orci-nam-urna.",
    "effectiveDate": "None",
    "language": "en",
    "rights": "Class purus morbi nulla facilisis in. Magna class rhoncus facilisis nascetur urna in. Fusce felis hymenaeos nec curae. Proin curae. Lacus nulla duis. Purus ipsum ligula fringilla nec quis nam arcu adipiscing magnis hac tortor dictumst. Donec dolor lacinia ante mi pellentesque quisque. Velit lacus nonummy malesuada nisi. Proin etiam lectus ultrices etiam erat arcu. Augue lorem magna a diam augue class eni sapien ultricies mattis dictumst felis nec elementum purus et vitae. Dolor fames lacus sit quam curabitur lectus aptent elit. Etiam metus nonummy quam cum pede parturient in torquent mus donec. Ipsum neque lectus lacus imperdiet nonummy per. Donec curae conubia vivamus tristique. Lorem proin nam fusce eni velit dis nisl. Justo magna semper in. Etiam vitae lobortis class eni dolor rhoncus class ut quam morbi congue id. Ipsum fusce conubia ornare ac.",
    "_content_type_description": "text/plain",
    "_uid": "63affa18c9224e44a9595dae28c98fd2",
    "_owner": "admin",
    "_content_type_location": "text/plain",
    "_permissions": {
        "Modify portal content": {
            "acquire": false,
            "roles": [
                "Editor",
                "Manager",
                "Owner",
                "Site Administrator"
            ]
        },
        "Access contents information": {
            "acquire": false,
            "roles": [
                "Anonymous"
            ]
        },
        "View": {
            "acquire": false,
            "roles": [
                "Anonymous"
            ]
        }
    },
    "_properties": [
        [
            "title",
            "Lacus justo sit orci nam urna.",
            "string"
        ]
    ],
    "allowDiscussion": false,
    "_gopip": 66,
    "creators": [
        "admin"
    ],
    "_path": "/Plone/about/lacus-purus-sit-augue-facilisis-ultricies-pede./felis-ipsum-dis-diam-quam-facilisi-et-condimentum-quis-sociis./lacus-justo-sit-orci-nam-urna."
}