{
    "contributors": [],
    "_content_type_text": "text/html",
    "text": "<h1>Cum id fugiunt, re eadem defendunt, quae Peripatetici, verba.</h1>\n\n<p>Lorem ipsum dolor sit amet, consectetur adipiscing elit. <a href='http://loripsum.net/' target='_blank'>Satis est ad hoc responsum.</a> Duo Reges: constructio interrete. Quibusnam praeteritis? <a href='http://loripsum.net/' target='_blank'>Eaedem enim utilitates poterunt eas labefactare atque pervertere.</a> <a href='http://loripsum.net/' target='_blank'>Moriatur, inquit.</a> Ita fit cum gravior, tum etiam splendidior oratio. </p>\n\n<dl>\n\t<dt><dfn>Perge porro;</dfn></dt>\n\t<dd>Quae qui non vident, nihil umquam magnum ac cognitione dignum amaverunt.</dd>\n\t<dt><dfn>Immo videri fortasse.</dfn></dt>\n\t<dd>Negat enim summo bono afferre incrementum diem.</dd>\n\t<dt><dfn>In schola desinis.</dfn></dt>\n\t<dd>Omnes enim iucundum motum, quo sensus hilaretur.</dd>\n\t<dt><dfn>Eam stabilem appellas.</dfn></dt>\n\t<dd>Itaque et manendi in vita et migrandi ratio omnis iis rebus, quas supra dixi, metienda.</dd>\n\t<dt><dfn>Tenent mordicus.</dfn></dt>\n\t<dd>Quoniam, si dis placet, ab Epicuro loqui discimus.</dd>\n</dl>\n\n\n<h3>Sapiens autem semper beatus est et est aliquando in dolore;</h3>\n\n<p>Certe, nisi voluptatem tanti aestimaretis. Ne discipulum abducam, times. Honesta oratio, Socratica, Platonis etiam. Quid, si etiam iucunda memoria est praeteritorum malorum? </p>\n\n<ul>\n\t<li>Nam prius a se poterit quisque discedere quam appetitum earum rerum, quae sibi conducant, amittere.</li>\n\t<li>Sin kakan malitiam dixisses, ad aliud nos unum certum vitium consuetudo Latina traduceret.</li>\n\t<li>Cenasti in vita numquam bene, cum omnia in ista Consumis squilla atque acupensere cum decimano.</li>\n\t<li>Quid loquor de nobis, qui ad laudem et ad decus nati, suscepti, instituti sumus?</li>\n\t<li>Sed plane dicit quod intellegit.</li>\n\t<li>Iubet igitur nos Pythius Apollo noscere nosmet ipsos.</li>\n</ul>\n\n\n<ol>\n\t<li>Quid enim de amicitia statueris utilitatis causa expetenda vides.</li>\n\t<li>Quod dicit Epicurus etiam de voluptate, quae minime sint voluptates, eas obscurari saepe et obrui.</li>\n\t<li>Quamquam tu hanc copiosiorem etiam soles dicere.</li>\n</ol>\n\n\n<h2>Progredientibus autem aetatibus sensim tardeve potius quasi nosmet ipsos cognoscimus.</h2>\n\n<p>Verum hoc idem saepe faciamus. Solum praeterea formosum, solum liberum, solum civem, stultost; Tollitur beneficium, tollitur gratia, quae sunt vincla concordiae. Sed ego in hoc resisto; Quid sequatur, quid repugnet, vident. Qui ita affectus, beatum esse numquam probabis; Paria sunt igitur. </p>\n\n",
    "creation_date": "2018/10/26 17:59:46.366940 GMT-4",
    "imageCaption": "Fusce porta auctor.",
    "expirationDate": "None",
    "_content_type_id": "text/plain",
    "id": "felis-metus.",
    "subject": [],
    "modification_date": "2018/10/26 17:59:46.700546 GMT-4",
    "title": "Felis metus.",
    "_ac_local_roles": {
        "admin": [
            "Owner"
        ]
    },
    "_content_type_language": "text/plain",
    "_defaultpage": "",
    "location": "Nulla velit.",
    "_content_type_title": "text/plain",
    "excludeFromNav": true,
    "_atbrefs": {},
    "_content_type_imageCaption": "text/plain",
    "_type": "News Item",
    "description": "Purus netus aliquet ultricies odio nisl mus ut. Risus donec. Nulla porta per tincidunt taciti at litora nulla id morbi mollis. Vitae class sociis urna sapien inceptos. Augue metus a aliquam mi ut taciti felis. Curae vitae ultricies vehicula auctor lectus sem vivamus hac et netus. Justo fames vel fames iaculis. Porta nulla pharetra odio ultricies aenean. Metus curae. Justo lorem nec quam. Justo massa vehicula nibh mus fames phasellus parturient sed risus habitasse dictumst quam dignissim. Felis curae. Augue donec cum lacus arcu. Justo dolor etiam ipsum odio mauris. Justo nulla. Dolor metus. Proin magna purus nonummy elit enim non nonummy dolor natoque hac phasellus.",
    "_atrefs": {},
    "_layout": "newsitem_view",
    "_workflow_history": {
        "simple_publication_workflow": [
            {
                "action": null,
                "review_state": "private",
                "actor": "admin",
                "comments": "",
                "time": "2018/10/26 17:59:46.370341 GMT-4"
            },
            {
                "action": "publish",
                "review_state": "published",
                "actor": "admin",
                "comments": "",
                "time": "2018/10/26 17:59:46.695580 GMT-4"
            }
        ]
    },
    "_content_type_rights": "text/plain",
    "_directly_provided": [],
    "_classname": "ATNewsItem",
    "_userdefined_roles": [],
    "_content_type": "text/html",
    "_id": "felis-metus.",
    "effectiveDate": "None",
    "language": "en",
    "rights": "Porta netus interdum malesuada nascetur senectus aptent. Donec netus cum lacus cum nisi quam est nulla. Velit donec a luctus venenatis praesent magna litora volutpat quam pede donec mus. Etiam fusce tempus integer porttitor libero ad phasellus urna consequat. Ipsum lacus aptent et maecenas vel egestas lobortis ac scelerisque. Curae proin. Dolor purus quam netus arcu fringilla habitasse quam velit quis eros nec. Metus netus primis in maecenas nam feugiat. Porta purus. Metus dolor purus amet morbi. Neque felis facilisi fringilla molestie fames. Magna risus justo neque purus nec eget dolor ridiculus fermentum. Donec porta lobortis hymenaeos velit sagittis eu litora id. Felis purus dis fusce rhoncus cum. Felis purus a nisl etiam.",
    "_content_type_description": "text/plain",
    "_uid": "45718cf0e60c4fa0bc708a91f40f4033",
    "_owner": "admin",
    "_content_type_location": "text/plain",
    "_permissions": {
        "Modify portal content": {
            "acquire": false,
            "roles": [
                "Editor",
                "Manager",
                "Owner",
                "Site Administrator"
            ]
        },
        "Access contents information": {
            "acquire": false,
            "roles": [
                "Anonymous"
            ]
        },
        "View": {
            "acquire": false,
            "roles": [
                "Anonymous"
            ]
        }
    },
    "_properties": [
        [
            "title",
            "Felis metus.",
            "string"
        ]
    ],
    "allowDiscussion": false,
    "_gopip": 69,
    "creators": [
        "admin"
    ],
    "_path": "/Plone/about/lacus-purus-sit-augue-facilisis-ultricies-pede./felis-ipsum-dis-diam-quam-facilisi-et-condimentum-quis-sociis./felis-metus."
}