{
    "tableContents": false,
    "_content_type_text": "text/html",
    "text": "<h1>Rapior illuc, revocat autem Antiochus, nec est praeterea, quem audiamus.</h1>\n\n<p>Lorem ipsum dolor sit amet, consectetur adipiscing elit. Quis hoc dicit? Quantum Aristoxeni ingenium consumptum videmus in musicis? Mihi enim satis est, ipsis non satis. Tum Triarius: Posthac quidem, inquit, audacius. Duo Reges: constructio interrete. </p>\n\n<dl>\n\t<dt><dfn>Stoicos roga.</dfn></dt>\n\t<dd>In his igitur partibus duabus nihil erat, quod Zeno commutare gestiret.</dd>\n\t<dt><dfn>An nisi populari fama?</dfn></dt>\n\t<dd>Id enim volumus, id contendimus, ut officii fructus sit ipsum officium.</dd>\n\t<dt><dfn>Non igitur bene.</dfn></dt>\n\t<dd>Hoc unum Aristo tenuit: praeter vitia atque virtutes negavit rem esse ullam aut fugiendam aut expetendam.</dd>\n\t<dt><dfn>Perge porro;</dfn></dt>\n\t<dd>Multa sunt dicta ab antiquis de contemnendis ac despiciendis rebus humanis;</dd>\n</dl>\n\n\n<ul>\n\t<li>Gracchum patrem non beatiorem fuisse quam fillum, cum alter stabilire rem publicam studuerit, alter evertere.</li>\n\t<li>Videmusne ut pueri ne verberibus quidem a contemplandis rebus perquirendisque deterreantur?</li>\n\t<li>Num igitur utiliorem tibi hunc Triarium putas esse posse, quam si tua sint Puteolis granaria?</li>\n\t<li>Parvi enim primo ortu sic iacent, tamquam omnino sine animo sint.</li>\n\t<li>Polemoni et iam ante Aristoteli ea prima visa sunt, quae paulo ante dixi.</li>\n</ul>\n\n\n<ol>\n\t<li>Illi enim inter se dissentiunt.</li>\n\t<li>Verba tu fingas et ea dicas, quae non sentias?</li>\n\t<li>Sin te auctoritas commovebat, nobisne omnibus et Platoni ipsi nescio quem illum anteponebas?</li>\n\t<li>Claudii libidini, qui tum erat summo ne imperio, dederetur.</li>\n</ol>\n\n\n<h2>Sed haec ab Antiocho, familiari nostro, dicuntur multo melius et fortius, quam a Stasea dicebantur.</h2>\n\n<p>Tum mihi Piso: Quid ergo? <a href='http://loripsum.net/' target='_blank'>Eam stabilem appellas.</a> Et quidem, inquit, vehementer errat; Eademne, quae restincta siti? Prave, nequiter, turpiter cenabat; </p>\n\n<p>Terram, mihi crede, ea lanx et maria deprimet. Invidiosum nomen est, infame, suspectum. Egone quaeris, inquit, quid sentiam? Cum praesertim illa perdiscere ludus esset. </p>\n\n",
    "creation_date": "2018/10/26 17:59:46.936123 GMT-4",
    "_uid": "f6666b72cbf94b10b551c58c4da2ad70",
    "expirationDate": "None",
    "_content_type_id": "text/plain",
    "query": [],
    "_atbrefs": {},
    "id": "morbi-proin.",
    "subject": [],
    "_content_type_sort_on": "text/plain",
    "contributors": [],
    "effectiveDate": "None",
    "title": "Morbi proin.",
    "_ac_local_roles": {
        "admin": [
            "Owner"
        ]
    },
    "sort_on": "Lacus purus.",
    "_content_type_language": "text/plain",
    "_defaultpage": "",
    "location": "Risus augue libero purus adipiscing id luctus pretium.",
    "_content_type_title": "text/plain",
    "excludeFromNav": false,
    "presentation": true,
    "_type": "Collection",
    "description": "Proin porta fusce commodo aliquet tortor justo urna orci eleifend nostra sociis. Dolor proin feugiat. Magna neque varius et accumsan aliquam ac dapibus enim sem risus. Class etiam. Magna risus ullamcorper ad mauris convallis sit potenti. Augue lacus odio nunc. Ipsum curae molestie amet id phasellus condimentum. Morbi lacus. Ipsum velit faucibus netus facilisis risus eget dignissim dictum hac vestibulum etiam blandit. Purus justo nullam sociis eni mollis at pede mattis in. Lorem etiam. Massa curae tempus eu ac nullam magna malesuada non. Massa porta magnis nunc quis mus porta nunc natoque venenatis arcu mus euismod ad fermentum.",
    "_atrefs": {},
    "_layout": "standard_view",
    "_workflow_history": {
        "simple_publication_workflow": [
            {
                "action": null,
                "review_state": "private",
                "actor": "admin",
                "comments": "",
                "time": "2018/10/26 17:59:46.941699 GMT-4"
            },
            {
                "action": "publish",
                "review_state": "published",
                "actor": "admin",
                "comments": "",
                "time": "2018/10/26 17:59:47.541408 GMT-4"
            }
        ]
    },
    "_content_type_rights": "text/plain",
    "_directly_provided": [],
    "_classname": "Collection",
    "sort_reversed": true,
    "banner": "<h1>Quarum ambarum rerum cum medicinam pollicetur, luxuriae licentiam pollicetur.</h1>\n\n<p>Lorem ipsum dolor sit amet, consectetur adipiscing elit. Hoc enim constituto in philosophia constituta sunt omnia. Tubulo putas dicere? Sumenda potius quam expetenda. Quid sequatur, quid repugnet, vident. Duo Reges: constructio interrete. <a href='http://loripsum.net/' target='_blank'>Quare conare, quaeso.</a> </p>\n\n<h2>Videamus igitur sententias eorum, tum ad verba redeamus.</h2>\n\n<p>An potest cupiditas finiri? Disserendi artem nullam habuit. Nos commodius agimus. Beatus sibi videtur esse moriens. Qui ita affectus, beatum esse numquam probabis; <a href='http://loripsum.net/' target='_blank'>Prave, nequiter, turpiter cenabat;</a> </p>\n\n<h3>Isto modo, ne si avia quidem eius nata non esset.</h3>\n\n<p>Addidisti ad extremum etiam indoctum fuisse. An eiusdem modi? Immo videri fortasse. Comprehensum, quod cognitum non habet? Easdemne res? Virtutis, magnitudinis animi, patientiae, fortitudinis fomentis dolor mitigari solet. </p>\n\n<dl>\n\t<dt><dfn>Restatis igitur vos;</dfn></dt>\n\t<dd>Etenim semper illud extra est, quod arte comprehenditur.</dd>\n\t<dt><dfn>Proclivi currit oratio.</dfn></dt>\n\t<dd>Nam si quae sunt aliae, falsum est omnis animi voluptates esse e corporis societate.</dd>\n\t<dt><dfn>Sed haec in pueris;</dfn></dt>\n\t<dd>Quid sequatur, quid repugnet, vident.</dd>\n</dl>\n\n\n<ol>\n\t<li>Scio enim esse quosdam, qui quavis lingua philosophari possint;</li>\n\t<li>Iam illud quale tandem est, bona praeterita non effluere sapienti, mala meminisse non oportere?</li>\n\t<li>Maximas vero virtutes iacere omnis necesse est voluptate dominante.</li>\n\t<li>Et ais, si una littera commota sit, fore tota ut labet disciplina.</li>\n</ol>\n\n\n<ul>\n\t<li>Si stante, hoc natura videlicet vult, salvam esse se, quod concedimus;</li>\n\t<li>Ne tum quidem te respicies et cogitabis sibi quemque natum esse et suis voluptatibus?</li>\n\t<li>Si verbum sequimur, primum longius verbum praepositum quam bonum.</li>\n\t<li>Materiam vero rerum et copiam apud hos exilem, apud illos uberrimam reperiemus.</li>\n</ul>\n\n\n",
    "_userdefined_roles": [],
    "modification_date": "2018/10/26 17:59:47.547173 GMT-4",
    "_content_type": "text/html",
    "_id": "morbi-proin.",
    "language": "en",
    "_content_type_banner": "text/html",
    "rights": "Felis proin nibh a nisi. Proin augue mollis odio dignissim tincidunt augue penatibus urna. Purus fames neque.",
    "b_size": 30,
    "customViewFields": [
        "Title",
        "Creator",
        "Type",
        "ModificationDate"
    ],
    "_content_type_description": "text/plain",
    "_owner": "admin",
    "_content_type_location": "text/plain",
    "limit": 1000,
    "_permissions": {
        "Change portal events": {
            "acquire": false,
            "roles": [
                "Editor",
                "Manager",
                "Owner",
                "Site Administrator"
            ]
        },
        "Modify portal content": {
            "acquire": false,
            "roles": [
                "Editor",
                "Manager",
                "Owner",
                "Site Administrator"
            ]
        },
        "Access contents information": {
            "acquire": false,
            "roles": [
                "Anonymous"
            ]
        },
        "View": {
            "acquire": false,
            "roles": [
                "Anonymous"
            ]
        }
    },
    "_properties": [
        [
            "title",
            "Morbi proin.",
            "string"
        ]
    ],
    "allowDiscussion": false,
    "_gopip": 70,
    "creators": [
        "admin"
    ],
    "_path": "/Plone/about/lacus-purus-sit-augue-facilisis-ultricies-pede./felis-ipsum-dis-diam-quam-facilisi-et-condimentum-quis-sociis./morbi-proin."
}