{
    "tableContents": true,
    "_content_type_text": "text/html",
    "text": "<h1>Quacumque enim ingredimur, in aliqua historia vestigium ponimus.</h1>\n\n<p>Lorem ipsum dolor sit amet, consectetur adipiscing elit. Dici enim nihil potest verius. Duo Reges: constructio interrete. Istam voluptatem, inquit, Epicurus ignorat? <a href='http://loripsum.net/' target='_blank'>Itaque his sapiens semper vacabit.</a> </p>\n\n<p><a href='http://loripsum.net/' target='_blank'>Egone quaeris, inquit, quid sentiam?</a> Id mihi magnum videtur. Aliter enim nosmet ipsos nosse non possumus. At hoc in eo M. Venit ad extremum; </p>\n\n<dl>\n\t<dt><dfn>Quibusnam praeteritis?</dfn></dt>\n\t<dd>Sed id ne cogitari quidem potest quale sit, ut non repugnet ipsum sibi.</dd>\n\t<dt><dfn>Quid nunc honeste dicit?</dfn></dt>\n\t<dd>Non enim, si omnia non sequebatur, idcirco non erat ortus illinc.</dd>\n\t<dt><dfn>Praeteritis, inquit, gaudeo.</dfn></dt>\n\t<dd>Quamquam non negatis nos intellegere quid sit voluptas, sed quid ille dicat.</dd>\n</dl>\n\n\n<ul>\n\t<li>Ergo opifex plus sibi proponet ad formarum quam civis excellens ad factorum pulchritudinem?</li>\n\t<li>Nobis Heracleotes ille Dionysius flagitiose descivisse videtur a Stoicis propter oculorum dolorem.</li>\n\t<li>Itaque et manendi in vita et migrandi ratio omnis iis rebus, quas supra dixi, metienda.</li>\n\t<li>Nondum autem explanatum satis, erat, quid maxime natura vellet.</li>\n</ul>\n\n\n<ol>\n\t<li>Qua tu etiam inprudens utebare non numquam.</li>\n\t<li>Et quidem Arcesilas tuus, etsi fuit in disserendo pertinacior, tamen noster fuit;</li>\n</ol>\n\n\n<p>Nunc de hominis summo bono quaeritur; Ne in odium veniam, si amicum destitero tueri. Traditur, inquit, ab Epicuro ratio neglegendi doloris. </p>\n\n",
    "creation_date": "2018/10/26 17:59:51.145614 GMT-4",
    "_uid": "61add6fac6aa4b0fa2301212ef0e5328",
    "expirationDate": "None",
    "_content_type_id": "text/plain",
    "query": [],
    "_atbrefs": {},
    "id": "augue-ipsum-odio-senectus-sed-nonummy-a-ullamcorper.",
    "subject": [],
    "_content_type_sort_on": "text/plain",
    "contributors": [],
    "effectiveDate": "None",
    "title": "Augue ipsum odio senectus sed nonummy a ullamcorper.",
    "_ac_local_roles": {
        "admin": [
            "Owner"
        ]
    },
    "sort_on": "Magna purus accumsan est proin per erat.",
    "_content_type_language": "text/plain",
    "_defaultpage": "",
    "location": "Proin velit.",
    "_content_type_title": "text/plain",
    "excludeFromNav": false,
    "presentation": true,
    "_type": "Collection",
    "description": "Risus dolor. Felis augue laoreet ante pellentesque et egestas nisi ut. Justo felis risus magnis libero per tempor purus. Porta lacus ullamcorper hac quam faucibus. Lacus purus. Massa donec sit montes aptent hymenaeos iaculis metus ac risus diam fermentum sociis. Vitae magna. Fames justo. Ipsum porta enim volutpat donec. Netus proin primis sollicitudin hendrerit turpis. Class dolor. Fames ipsum nunc sodales id in nisl dis a varius vulputate ac pede ve nunc sagittis ipsum. Lorem porta. Augue purus est urna primis eleifend augue. Augue nulla venenatis cum. Proin augue posuere et litora ut pharetra cras natoque in magna nisl facilisis ut. Purus vitae odio. Nulla ipsum cubilia nibh duis aliquam eget inceptos sit donec fringilla tincidunt. Etiam dolor nisi nec proin dictum risus quisque blandit volutpat dictum nullam donec. Lacus ipsum quisque hymenaeos sociis.",
    "_atrefs": {},
    "_layout": "standard_view",
    "_workflow_history": {
        "simple_publication_workflow": [
            {
                "action": null,
                "review_state": "private",
                "actor": "admin",
                "comments": "",
                "time": "2018/10/26 17:59:51.151994 GMT-4"
            },
            {
                "action": "publish",
                "review_state": "published",
                "actor": "admin",
                "comments": "",
                "time": "2018/10/26 17:59:51.839319 GMT-4"
            }
        ]
    },
    "_content_type_rights": "text/plain",
    "_directly_provided": [],
    "_classname": "Collection",
    "sort_reversed": false,
    "banner": "<h1>Nihil ad rem! Ne sit sane;</h1>\n\n<p>Lorem ipsum dolor sit amet, consectetur adipiscing elit. Sit sane ista voluptas. <a href='http://loripsum.net/' target='_blank'>Magna laus.</a> Zenonis est, inquam, hoc Stoici. </p>\n\n<ul>\n\t<li>Istam voluptatem perpetuam quis potest praestare sapienti?</li>\n\t<li>Tertium autem omnibus aut maximis rebus iis, quae secundum naturam sint, fruentem vivere.</li>\n\t<li>Pauca mutat vel plura sane;</li>\n\t<li>Nulla profecto est, quin suam vim retineat a primo ad extremum.</li>\n</ul>\n\n\n<h2>Mihi vero, inquit, placet agi subtilius et, ut ipse dixisti, pressius.</h2>\n\n<p><a href='http://loripsum.net/' target='_blank'>Quare attende, quaeso.</a> Dat enim intervalla et relaxat. Duo Reges: constructio interrete. Non semper, inquam; Quid, si etiam iucunda memoria est praeteritorum malorum? Nos cum te, M. </p>\n\n<dl>\n\t<dt><dfn>Scaevolam M.</dfn></dt>\n\t<dd>Ac tamen, ne cui loco non videatur esse responsum, pauca etiam nunc dicam ad reliquam orationem tuam.</dd>\n\t<dt><dfn>Poterat autem inpune;</dfn></dt>\n\t<dd>Mihi enim erit isdem istis fortasse iam utendum.</dd>\n\t<dt><dfn>Immo alio genere;</dfn></dt>\n\t<dd>Nam de summo mox, ut dixi, videbimus et ad id explicandum disputationem omnem conferemus.</dd>\n\t<dt><dfn>Confecta res esset.</dfn></dt>\n\t<dd>Hanc ergo intuens debet institutum illud quasi signum absolvere.</dd>\n</dl>\n\n\n<ol>\n\t<li>Et quidem, inquit, vehementer errat;</li>\n\t<li>De malis autem et bonis ab iis animalibus, quae nondum depravata sint, ait optime iudicari.</li>\n\t<li>Similiter sensus, cum accessit ad naturam, tuetur illam quidem, sed etiam se tuetur;</li>\n\t<li>Haec bene dicuntur, nec ego repugno, sed inter sese ipsa pugnant.</li>\n</ol>\n\n\n<p>Videamus animi partes, quarum est conspectus illustrior; Scrupulum, inquam, abeunti; Nam Pyrrho, Aristo, Erillus iam diu abiecti. Ut aliquid scire se gaudeant? <a href='http://loripsum.net/' target='_blank'>Nihilo magis.</a> Tollitur beneficium, tollitur gratia, quae sunt vincla concordiae. Bonum integritas corporis: misera debilitas. Quam nemo umquam voluptatem appellavit, appellat; </p>\n\n",
    "_userdefined_roles": [],
    "modification_date": "2018/10/26 17:59:51.846407 GMT-4",
    "_content_type": "text/html",
    "_id": "augue-ipsum-odio-senectus-sed-nonummy-a-ullamcorper.",
    "language": "en",
    "_content_type_banner": "text/html",
    "rights": "Fames proin. Proin ipsum. Magna lacus hac magnis metus. Netus donec pretium at sit ve sodales nisi a pede massa. Massa neque semper vulputate praesent mauris vestibulum faucibus porta eu. Lacus justo nec lorem fringilla. Velit risus curabitur enim. Curae risus tempor libero velit sem. Donec porta. Fames class magnis parturient consectetuer feugiat etiam quam. Donec fusce congue adipiscing dolor euismod dolor in litora. Donec risus nunc per diam consectetuer id magna vel congue lectus. Morbi augue gravida tempus nisi pellentesque parturient.",
    "b_size": 30,
    "customViewFields": [
        "Title",
        "Creator",
        "Type",
        "ModificationDate"
    ],
    "_content_type_description": "text/plain",
    "_owner": "admin",
    "_content_type_location": "text/plain",
    "limit": 1000,
    "_permissions": {
        "Change portal events": {
            "acquire": false,
            "roles": [
                "Editor",
                "Manager",
                "Owner",
                "Site Administrator"
            ]
        },
        "Modify portal content": {
            "acquire": false,
            "roles": [
                "Editor",
                "Manager",
                "Owner",
                "Site Administrator"
            ]
        },
        "Access contents information": {
            "acquire": false,
            "roles": [
                "Anonymous"
            ]
        },
        "View": {
            "acquire": false,
            "roles": [
                "Anonymous"
            ]
        }
    },
    "_properties": [
        [
            "title",
            "Augue ipsum odio senectus sed nonummy a ullamcorper.",
            "string"
        ]
    ],
    "allowDiscussion": false,
    "_gopip": 75,
    "creators": [
        "admin"
    ],
    "_path": "/Plone/about/lacus-purus-sit-augue-facilisis-ultricies-pede./felis-ipsum-dis-diam-quam-facilisi-et-condimentum-quis-sociis./augue-ipsum-odio-senectus-sed-nonummy-a-ullamcorper."
}