{
    "tableContents": true,
    "_content_type_text": "text/html",
    "text": "<h1>Et quidem saepe quaerimus verbum Latinum par Graeco et quod idem valeat;</h1>\n\n<p>Lorem ipsum dolor sit amet, consectetur adipiscing elit. Equidem e Cn. Huius ego nunc auctoritatem sequens idem faciam. Maximus dolor, inquit, brevis est. Eam stabilem appellas. Tubulo putas dicere? Duo Reges: constructio interrete. Eademne, quae restincta siti? Primum divisit ineleganter; </p>\n\n<ul>\n\t<li>Ut in geometria, prima si dederis, danda sunt omnia.</li>\n\t<li>Summum en\u00edm bonum exposuit vacuitatem doloris;</li>\n\t<li>Ergo id est convenienter naturae vivere, a natura discedere.</li>\n\t<li>Sed quoniam et advesperascit et mihi ad villam revertendum est, nunc quidem hactenus;</li>\n\t<li>At modo dixeras nihil in istis rebus esse, quod interesset.</li>\n</ul>\n\n\n<p><a href='http://loripsum.net/' target='_blank'>Hoc non est positum in nostra actione.</a> Efficiens dici potest. Erat enim res aperta. Neque solum ea communia, verum etiam paria esse dixerunt. <a href='http://loripsum.net/' target='_blank'>Addidisti ad extremum etiam indoctum fuisse.</a> Duarum enim vitarum nobis erunt instituta capienda. Et quidem, inquit, vehementer errat; </p>\n\n<h2>Tubulo putas dicere?</h2>\n\n<p>Laboro autem non sine causa; Nihil opus est exemplis hoc facere longius. Et nemo nimium beatus est; Illa tamen simplicia, vestra versuta. </p>\n\n<ol>\n\t<li>Sed quanta sit alias, nunc tantum possitne esse tanta.</li>\n\t<li>Itaque rursus eadem ratione, qua sum paulo ante usus, haerebitis.</li>\n\t<li>Est autem a te semper dictum nec gaudere quemquam nisi propter corpus nec dolere.</li>\n\t<li>Cenasti in vita numquam bene, cum omnia in ista Consumis squilla atque acupensere cum decimano.</li>\n\t<li>Modo etiam paulum ad dexteram de via declinavi, ut ad Pericli sepulcrum accederem.</li>\n</ol>\n\n\n<dl>\n\t<dt><dfn>Audeo dicere, inquit.</dfn></dt>\n\t<dd>Sed haec omittamus;</dd>\n\t<dt><dfn>Sedulo, inquam, faciam.</dfn></dt>\n\t<dd>Cur iustitia laudatur?</dd>\n\t<dt><dfn>Etiam beatissimum?</dfn></dt>\n\t<dd>Itaque primos congressus copulationesque et consuetudinum instituendarum voluntates fieri propter voluptatem;</dd>\n\t<dt><dfn>Poterat autem inpune;</dfn></dt>\n\t<dd>Ego vero volo in virtute vim esse quam maximam;</dd>\n\t<dt><dfn>At certe gravius.</dfn></dt>\n\t<dd>At enim hic etiam dolore.</dd>\n\t<dt><dfn>Immo videri fortasse.</dfn></dt>\n\t<dd>Illa argumenta propria videamus, cur omnia sint paria peccata.</dd>\n</dl>\n\n\n",
    "creation_date": "2018/10/26 17:59:52.044543 GMT-4",
    "_uid": "754cd0a3ed2e42bd93f234ea3c0156db",
    "expirationDate": "None",
    "_content_type_id": "text/plain",
    "query": [],
    "_atbrefs": {},
    "id": "fusce-etiam.",
    "subject": [],
    "_content_type_sort_on": "text/plain",
    "contributors": [],
    "effectiveDate": "None",
    "title": "Fusce etiam.",
    "_ac_local_roles": {
        "admin": [
            "Owner"
        ]
    },
    "sort_on": "Etiam donec mattis id eget netus.",
    "_content_type_language": "text/plain",
    "_defaultpage": "",
    "location": "Proin risus velit dictum metus.",
    "_content_type_title": "text/plain",
    "excludeFromNav": true,
    "presentation": false,
    "_type": "Collection",
    "description": "Class dolor maecenas nec in sollicitudin sodales. Donec dolor tellus eu mauris ornare iaculis turpis cum ve. Massa fusce vel dolor. Vitae proin felis accumsan erat litora. Proin fusce dictumst in ullamcorper urna elit diam elit mauris tortor augue condimentum. Curae vitae lorem suspendisse placerat venenatis a. Ipsum velit curae morbi faucibus parturient laoreet quis. Netus fames a amet felis convallis vulputate. Lorem etiam dictum vitae pretium dis parturient turpis sed nunc vestibulum. Netus lacus. Porta morbi erat placerat ipsum malesuada torquent id justo ad. Metus dolor. Lacus fusce pulvinar id scelerisque ve platea nec diam leo lacinia arcu quis in eleifend. Massa proin penatibus ullamcorper hymenaeos orci sed class commodo maecenas neque.",
    "_atrefs": {},
    "_layout": "standard_view",
    "_workflow_history": {
        "simple_publication_workflow": [
            {
                "action": null,
                "review_state": "private",
                "actor": "admin",
                "comments": "",
                "time": "2018/10/26 17:59:52.049415 GMT-4"
            },
            {
                "action": "publish",
                "review_state": "published",
                "actor": "admin",
                "comments": "",
                "time": "2018/10/26 17:59:52.711465 GMT-4"
            }
        ]
    },
    "_content_type_rights": "text/plain",
    "_directly_provided": [],
    "_classname": "Collection",
    "sort_reversed": false,
    "banner": "<h1>At enim hic etiam dolore.</h1>\n\n<p>Lorem ipsum dolor sit amet, consectetur adipiscing elit. Apud ceteros autem philosophos, qui quaesivit aliquid, tacet; Dempta enim aeternitate nihilo beatior Iuppiter quam Epicurus; Quae diligentissime contra Aristonem dicuntur a Chryippo. </p>\n\n<ul>\n\t<li>Prodest, inquit, mihi eo esse animo.</li>\n\t<li>Id enim volumus, id contendimus, ut officii fructus sit ipsum officium.</li>\n\t<li>Non ego tecum iam ita iocabor, ut isdem his de rebus, cum L.</li>\n\t<li>Cum ageremus, inquit, vitae beatum et eundem supremum diem, scribebamus haec.</li>\n</ul>\n\n\n<p>Quae sequuntur igitur? Haec para/doca illi, nos admirabilia dicamus. Duo Reges: constructio interrete. An eiusdem modi? ALIO MODO. </p>\n\n<dl>\n\t<dt><dfn>Quare conare, quaeso.</dfn></dt>\n\t<dd>Audax negotium, dicerem impudens, nisi hoc institutum postea translatum ad philosophos nostros esset.</dd>\n\t<dt><dfn>Peccata paria.</dfn></dt>\n\t<dd>Qui non moveatur et offensione turpitudinis et comprobatione honestatis?</dd>\n\t<dt><dfn>Quid ergo?</dfn></dt>\n\t<dd>Deinde disputat, quod cuiusque generis animantium statui deceat extremum.</dd>\n\t<dt><dfn>Erat enim Polemonis.</dfn></dt>\n\t<dd>Sed ille, ut dixi, vitiose.</dd>\n</dl>\n\n\n<ol>\n\t<li>Quae quidem vel cum periculo est quaerenda vobis;</li>\n\t<li>In his igitur partibus duabus nihil erat, quod Zeno commutare gestiret.</li>\n</ol>\n\n\n<h2>Quae autem natura suae primae institutionis oblita est?</h2>\n\n<p>Quae cum essent dicta, discessimus. Quam ob rem tandem, inquit, non satisfacit? <a href='http://loripsum.net/' target='_blank'>Cupiditates non Epicuri divisione finiebat, sed sua satietate.</a> </p>\n\n",
    "_userdefined_roles": [],
    "modification_date": "2018/10/26 17:59:52.716188 GMT-4",
    "_content_type": "text/html",
    "_id": "fusce-etiam.",
    "language": "en",
    "_content_type_banner": "text/html",
    "rights": "Metus donec a pretium. Etiam donec morbi nulla ornare. Felis augue. Lorem vitae tellus ridiculus lorem varius augue malesuada ultricies. Fames metus turpis tincidunt metus ipsum interdum odio tellus. Fames risus. Curae proin ornare turpis dapibus ve id libero id diam facilisi. Dolor fusce nam lacus curabitur. Vitae metus etiam mus eget curae fusce ligula. Metus lorem. Neque morbi orci ipsum mus curae vel imperdiet libero eget consequat elementum. Porta netus duis viverra at duis convallis. Purus massa dignissim vehicula netus. Neque risus taciti libero magna. Magna donec. Curae ipsum.",
    "b_size": 30,
    "customViewFields": [
        "Title",
        "Creator",
        "Type",
        "ModificationDate"
    ],
    "_content_type_description": "text/plain",
    "_owner": "admin",
    "_content_type_location": "text/plain",
    "limit": 1000,
    "_permissions": {
        "Change portal events": {
            "acquire": false,
            "roles": [
                "Editor",
                "Manager",
                "Owner",
                "Site Administrator"
            ]
        },
        "Modify portal content": {
            "acquire": false,
            "roles": [
                "Editor",
                "Manager",
                "Owner",
                "Site Administrator"
            ]
        },
        "Access contents information": {
            "acquire": false,
            "roles": [
                "Anonymous"
            ]
        },
        "View": {
            "acquire": false,
            "roles": [
                "Anonymous"
            ]
        }
    },
    "_properties": [
        [
            "title",
            "Fusce etiam.",
            "string"
        ]
    ],
    "allowDiscussion": false,
    "_gopip": 76,
    "creators": [
        "admin"
    ],
    "_path": "/Plone/about/lacus-purus-sit-augue-facilisis-ultricies-pede./felis-ipsum-dis-diam-quam-facilisi-et-condimentum-quis-sociis./fusce-etiam."
}