{
    "tableContents": true,
    "_content_type_text": "text/html",
    "text": "<h1>Negat esse eam, inquit, propter se expetendam.</h1>\n\n<p>Lorem ipsum dolor sit amet, consectetur adipiscing elit. Duo Reges: constructio interrete. Quae cum dixisset paulumque institisset, Quid est? Aliter enim explicari, quod quaeritur, non potest. At multis malis affectus. </p>\n\n<dl>\n\t<dt><dfn>Scrupulum, inquam, abeunti;</dfn></dt>\n\t<dd>Is ita vivebat, ut nulla tam exquisita posset inveniri voluptas, qua non abundaret.</dd>\n\t<dt><dfn>Stoici scilicet.</dfn></dt>\n\t<dd>Quid est igitur, cur ita semper deum appellet Epicurus beatum et aeternum?</dd>\n\t<dt><dfn>Reguli reiciendam;</dfn></dt>\n\t<dd>Sed non alienum est, quo facilius vis verbi intellegatur, rationem huius verbi faciendi Zenonis exponere.</dd>\n\t<dt><dfn>Hunc vos beatum;</dfn></dt>\n\t<dd>Septem autem illi non suo, sed populorum suffragio omnium nominati sunt.</dd>\n</dl>\n\n\n<ul>\n\t<li>Traditur, inquit, ab Epicuro ratio neglegendi doloris.</li>\n\t<li>Cur ipse Pythagoras et Aegyptum lustravit et Persarum magos adiit?</li>\n\t<li>Utrum igitur tibi litteram videor an totas paginas commovere?</li>\n\t<li>Dolor ergo, id est summum malum, metuetur semper, etiamsi non aderit;</li>\n</ul>\n\n\n<p>Ita relinquet duas, de quibus etiam atque etiam consideret. Nos commodius agimus. Urgent tamen et nihil remittunt. Animum autem reliquis rebus ita perfecit, ut corpus; Fortemne possumus dicere eundem illum Torquatum? Primum divisit ineleganter; </p>\n\n<ol>\n\t<li>Ut non sine causa ex iis memoriae ducta sit disciplina.</li>\n\t<li>Graece donan, Latine voluptatem vocant.</li>\n\t<li>Num igitur eum postea censes anxio animo aut sollicito fuisse?</li>\n\t<li>Illa argumenta propria videamus, cur omnia sint paria peccata.</li>\n</ol>\n\n\n<h2>Itaque hic ipse iam pridem est reiectus;</h2>\n\n<p>Tubulo putas dicere? Dici enim nihil potest verius. <a href='http://loripsum.net/' target='_blank'>Pauca mutat vel plura sane;</a> Quamquam te quidem video minime esse deterritum. </p>\n\n",
    "creation_date": "2018/10/26 17:59:54.665374 GMT-4",
    "_uid": "6d5009d20769455c98e2b283d20a3cbb",
    "expirationDate": "None",
    "_content_type_id": "text/plain",
    "query": [],
    "_atbrefs": {},
    "id": "lacus-donec.",
    "subject": [],
    "_content_type_sort_on": "text/plain",
    "contributors": [],
    "effectiveDate": "None",
    "title": "Lacus donec.",
    "_ac_local_roles": {
        "admin": [
            "Owner"
        ]
    },
    "sort_on": "Nulla metus erat integer rhoncus nisl eu nunc est nulla porttitor.",
    "_content_type_language": "text/plain",
    "_defaultpage": "",
    "location": "Risus nulla felis torquent elementum ac aenean hac laoreet at.",
    "_content_type_title": "text/plain",
    "excludeFromNav": true,
    "presentation": false,
    "_type": "Collection",
    "description": "Lorem proin cubilia magna odio mollis congue hac mollis placerat. Etiam netus ultricies vestibulum sed risus convallis ipsum senectus. Velit curae luctus gravida rhoncus cursus in. Morbi fusce. Purus fames eni quam cras nullam cursus cubilia urna imperdiet lacus. Porta ipsum eni tortor est pretium massa dui arcu nec metus. Proin fusce montes cursus dui potenti habitant congue duis consequat. Magna morbi enim hac ante accumsan neque. Velit donec nascetur felis ac morbi ultricies parturient duis. Netus felis nisi nullam luctus ipsum scelerisque mi lectus a parturient vel adipiscing parturient ad sociis ultricies litora. Etiam neque volutpat lorem hymenaeos sagittis ad scelerisque. Vitae fames sodales placerat quisque massa at curae habitant.",
    "_atrefs": {},
    "_layout": "standard_view",
    "_workflow_history": {
        "simple_publication_workflow": [
            {
                "action": null,
                "review_state": "private",
                "actor": "admin",
                "comments": "",
                "time": "2018/10/26 17:59:54.669685 GMT-4"
            },
            {
                "action": "publish",
                "review_state": "published",
                "actor": "admin",
                "comments": "",
                "time": "2018/10/26 17:59:55.273278 GMT-4"
            }
        ]
    },
    "_content_type_rights": "text/plain",
    "_directly_provided": [],
    "_classname": "Collection",
    "sort_reversed": true,
    "banner": "<h1>Cur deinde Metrodori liberos commendas?</h1>\n\n<p>Lorem ipsum dolor sit amet, consectetur adipiscing elit. Tubulo putas dicere? At enim hic etiam dolore. At iam decimum annum in spelunca iacet. </p>\n\n<ul>\n\t<li>Utrum igitur tibi litteram videor an totas paginas commovere?</li>\n\t<li>Ergo omni animali illud, quod appetiti positum est in eo, quod naturae est accommodatum.</li>\n\t<li>Mihi, inquam, qui te id ipsum rogavi?</li>\n\t<li>Totum autem id externum est, et quod externum, id in casu est.</li>\n</ul>\n\n\n<p>Nam Pyrrho, Aristo, Erillus iam diu abiecti. Eam tum adesse, cum dolor omnis absit; Non semper, inquam; Hoc tu nunc in illo probas. <a href='http://loripsum.net/' target='_blank'>Non igitur bene.</a> Quae contraria sunt his, malane? </p>\n\n<ol>\n\t<li>Qui ita affectus, beatum esse numquam probabis;</li>\n\t<li>Non enim quaero quid verum, sed quid cuique dicendum sit.</li>\n\t<li>Mihi enim satis est, ipsis non satis.</li>\n\t<li>Quid enim tanto opus est instrumento in optimis artibus comparandis?</li>\n\t<li>Quae cum dixisset paulumque institisset, Quid est?</li>\n\t<li>Non autem hoc: igitur ne illud quidem.</li>\n</ol>\n\n\n<dl>\n\t<dt><dfn>Tubulo putas dicere?</dfn></dt>\n\t<dd>Nam aliquando posse recte fieri dicunt nulla expectata nec quaesita voluptate.</dd>\n\t<dt><dfn>Quo modo?</dfn></dt>\n\t<dd>Iam illud quale tandem est, bona praeterita non effluere sapienti, mala meminisse non oportere?</dd>\n</dl>\n\n\n<h2>Beatus autem esse in maximarum rerum timore nemo potest.</h2>\n\n<p>Duo Reges: constructio interrete. Tecum optime, deinde etiam cum mediocri amico. Sed mehercule pergrata mihi oratio tua. Occultum facinus esse potuerit, gaudebit; At enim hic etiam dolore. Quid sequatur, quid repugnet, vident. </p>\n\n",
    "_userdefined_roles": [],
    "modification_date": "2018/10/26 17:59:55.278203 GMT-4",
    "_content_type": "text/html",
    "_id": "lacus-donec.",
    "language": "en",
    "_content_type_banner": "text/html",
    "rights": "Fusce velit sociis platea proin suspendisse dui cras diam pretium. Magna justo. Fames donec nunc quis inceptos. Augue fusce. Metus fames luctus pellentesque. Neque ipsum cum fermentum elit hac dapibus accumsan platea nisl. Magna porta fermentum ridiculus amet dui quis dignissim. Porta magna sit nullam. Nulla metus a litora urna consectetuer at. Lacus vitae gravida est ad porttitor felis a dictum massa et a cras parturient ornare dui. Neque etiam. Augue magna facilisi venenatis cursus. Magna porta montes nulla fusce tortor metus purus nullam. Lorem felis auctor hymenaeos porta nisl id class sollicitudin pharetra proin a lacinia sociis enim ultricies. Augue risus platea quis tempor.",
    "b_size": 30,
    "customViewFields": [
        "Title",
        "Creator",
        "Type",
        "ModificationDate"
    ],
    "_content_type_description": "text/plain",
    "_owner": "admin",
    "_content_type_location": "text/plain",
    "limit": 1000,
    "_permissions": {
        "Change portal events": {
            "acquire": false,
            "roles": [
                "Editor",
                "Manager",
                "Owner",
                "Site Administrator"
            ]
        },
        "Modify portal content": {
            "acquire": false,
            "roles": [
                "Editor",
                "Manager",
                "Owner",
                "Site Administrator"
            ]
        },
        "Access contents information": {
            "acquire": false,
            "roles": [
                "Anonymous"
            ]
        },
        "View": {
            "acquire": false,
            "roles": [
                "Anonymous"
            ]
        }
    },
    "_properties": [
        [
            "title",
            "Lacus donec.",
            "string"
        ]
    ],
    "allowDiscussion": false,
    "_gopip": 79,
    "creators": [
        "admin"
    ],
    "_path": "/Plone/about/lacus-purus-sit-augue-facilisis-ultricies-pede./felis-ipsum-dis-diam-quam-facilisi-et-condimentum-quis-sociis./lacus-donec."
}