{
    "contributors": [],
    "_content_type_text": "text/html",
    "text": "<h1>Nam aliquando posse recte fieri dicunt nulla expectata nec quaesita voluptate.</h1>\n\n<p>Lorem ipsum dolor sit amet, consectetur adipiscing elit. Duo Reges: constructio interrete. An hoc usque quaque, aliter in vita? Cur, nisi quod turpis oratio est? Aliter enim explicari, quod quaeritur, non potest. Eadem nunc mea adversum te oratio est. </p>\n\n<p>Haec dicuntur inconstantissime. <a href='http://loripsum.net/' target='_blank'>Laboro autem non sine causa;</a> Quid igitur, inquit, eos responsuros putas? </p>\n\n<p><a href='http://loripsum.net/' target='_blank'>Iam in altera philosophiae parte.</a> Sequitur disserendi ratio cognitioque naturae; Est enim effectrix multarum et magnarum voluptatum. Tum mihi Piso: Quid ergo? </p>\n\n<ul>\n\t<li>Nam prius a se poterit quisque discedere quam appetitum earum rerum, quae sibi conducant, amittere.</li>\n\t<li>Ut necesse sit omnium rerum, quae natura vigeant, similem esse finem, non eundem.</li>\n\t<li>Quicquid enim a sapientia proficiscitur, id continuo debet expletum esse omnibus suis partibus;</li>\n\t<li>Ut optime, secundum naturam affectum esse possit.</li>\n\t<li>At negat Epicurus-hoc enim vestrum lumen estquemquam, qui honeste non vivat, iucunde posse vivere.</li>\n</ul>\n\n\n<dl>\n\t<dt><dfn>At certe gravius.</dfn></dt>\n\t<dd>Ergo opifex plus sibi proponet ad formarum quam civis excellens ad factorum pulchritudinem?</dd>\n\t<dt><dfn>Sed videbimus.</dfn></dt>\n\t<dd>Licet hic rursus ea commemores, quae optimis verbis ab Epicuro de laude amicitiae dicta sunt.</dd>\n\t<dt><dfn>Praeteritis, inquit, gaudeo.</dfn></dt>\n\t<dd>Num igitur dubium est, quin, si in re ipsa nihil peccatur a superioribus, verbis illi commodius utantur?</dd>\n\t<dt><dfn>Confecta res esset.</dfn></dt>\n\t<dd>Ampulla enim sit necne sit, quis non iure optimo irrideatur, si laboret?</dd>\n</dl>\n\n\n<ol>\n\t<li>Cum autem in quo sapienter dicimus, id a primo rectissime dicitur.</li>\n\t<li>Scaevola tribunus plebis ferret ad plebem vellentne de ea re quaeri.</li>\n\t<li>Quid iudicant sensus?</li>\n\t<li>Deinde prima illa, quae in congressu solemus: Quid tu, inquit, huc?</li>\n\t<li>Quid est enim aliud esse versutum?</li>\n\t<li>Beatus sibi videtur esse moriens.</li>\n</ol>\n\n\n",
    "creation_date": "2018/10/26 17:59:59.197720 GMT-4",
    "_uid": "9bdbd8ea3ef94785b4bef60291f6d373",
    "expirationDate": "None",
    "_content_type_id": "text/plain",
    "id": "massa-curae-nostra-risus-odio-fames-ante-sagittis-mus.",
    "subject": [],
    "effectiveDate": "None",
    "title": "Massa curae nostra risus odio fames ante sagittis mus.",
    "_ac_local_roles": {
        "admin": [
            "Owner"
        ]
    },
    "_content_type_language": "text/plain",
    "_defaultpage": "",
    "location": "Metus justo tempus ullamcorper dolor convallis scelerisque leo at.",
    "_content_type_title": "text/plain",
    "excludeFromNav": false,
    "presentation": false,
    "_type": "Document",
    "description": "Curae ipsum volutpat dui eu morbi sollicitudin elementum purus habitasse sociis non elit facilisi elementum. Lorem fames lacus pretium. Massa nulla vivamus curae in curae senectus adipiscing viverra nec dignissim tempor morbi dolor elit egestas. Ipsum fusce interdum. Etiam metus nec mollis facilisis dictumst in nisi in. Fusce morbi. Metus justo tempus massa adipiscing urna morbi. Justo donec lorem. Vitae curae tortor senectus imperdiet praesent ve augue ut primis ac. Porta purus pede at justo consectetuer class orci nisl. Lacus etiam mauris accumsan egestas conubia diam eu sociosqu dapibus. Vitae nulla iaculis arcu vehicula. Dolor donec fusce leo. Porta curae eni vivamus. Netus lacus dis magnis ultrices laoreet dapibus ligula. Felis proin feugiat tempor augue.",
    "_atrefs": {},
    "_layout": "document_view",
    "_workflow_history": {
        "simple_publication_workflow": [
            {
                "action": null,
                "review_state": "private",
                "actor": "admin",
                "comments": "",
                "time": "2018/10/26 17:59:59.202079 GMT-4"
            },
            {
                "action": "publish",
                "review_state": "published",
                "actor": "admin",
                "comments": "",
                "time": "2018/10/26 18:00:1.210539 GMT-4"
            }
        ]
    },
    "_content_type_rights": "text/plain",
    "_directly_provided": [],
    "language": "en",
    "tableContents": false,
    "_classname": "ATDocument",
    "banner": "<h1>At ille pellit, qui permulcet sensum voluptate.</h1>\n\n<p>Lorem ipsum dolor sit amet, consectetur adipiscing elit. Is es profecto tu. Iam contemni non poteris. Vide, quaeso, rectumne sit. Quod ea non occurrentia fingunt, vincunt Aristonem; </p>\n\n<ol>\n\t<li>Ita multo sanguine profuso in laetitia et in victoria est mortuus.</li>\n\t<li>Hoc enim constituto in philosophia constituta sunt omnia.</li>\n\t<li>Beatus sibi videtur esse moriens.</li>\n</ol>\n\n\n<ul>\n\t<li>Legimus tamen Diogenem, Antipatrum, Mnesarchum, Panaetium, multos alios in primisque familiarem nostrum Posidonium.</li>\n\t<li>Nam si propter voluptatem, quae est ista laus, quae possit e macello peti?</li>\n</ul>\n\n\n<p>Et ille ridens: Video, inquit, quid agas; Scrupulum, inquam, abeunti; Si quicquam extra virtutem habeatur in bonis. Qui ita affectus, beatum esse numquam probabis; </p>\n\n<p>Quae cum dixisset, finem ille. <a href='http://loripsum.net/' target='_blank'>Duo Reges: constructio interrete.</a> At certe gravius. <a href='http://loripsum.net/' target='_blank'>Eadem nunc mea adversum te oratio est.</a> </p>\n\n<dl>\n\t<dt><dfn>Sed nimis multa.</dfn></dt>\n\t<dd>Nec vero alia sunt quaerenda contra Carneadeam illam sententiam.</dd>\n\t<dt><dfn>Ut pulsi recurrant?</dfn></dt>\n\t<dd>Sed vobis voluptatum perceptarum recordatio vitam beatam facit, et quidem corpore perceptarum.</dd>\n\t<dt><dfn>Age sane, inquam.</dfn></dt>\n\t<dd>Ita multo sanguine profuso in laetitia et in victoria est mortuus.</dd>\n\t<dt><dfn>A mene tu?</dfn></dt>\n\t<dd>Sin te auctoritas commovebat, nobisne omnibus et Platoni ipsi nescio quem illum anteponebas?</dd>\n\t<dt><dfn>Quid de Pythagora?</dfn></dt>\n\t<dd>Ita multo sanguine profuso in laetitia et in victoria est mortuus.</dd>\n\t<dt><dfn>Nos vero, inquit ille;</dfn></dt>\n\t<dd>Incommoda autem et commoda-ita enim estmata et dustmata appello-communia esse voluerunt, paria noluerunt.</dd>\n</dl>\n\n\n",
    "_userdefined_roles": [],
    "_content_type": "text/html",
    "_id": "massa-curae-nostra-risus-odio-fames-ante-sagittis-mus.",
    "modification_date": "2018/10/26 18:00:1.216082 GMT-4",
    "_content_type_banner": "text/html",
    "rights": "Magna morbi dui. Lorem augue a urna lacus etiam magna. Donec porta ullamcorper dui et consectetuer urna iaculis risus proin. Dolor morbi ipsum varius ve cum erat enim eros in. Fusce dolor pharetra eni primis non ad egestas eros. Nulla lacus nostra pellentesque fringilla massa at id quam sem metus vestibulum egestas. Morbi porta feugiat eu. Lacus nulla elementum lectus purus adipiscing pulvinar nonummy vulputate. Porta morbi. Velit felis. Neque proin morbi ridiculus tincidunt vestibulum diam sapien. Curae velit. Massa lacus litora.",
    "_atbrefs": {},
    "_content_type_description": "text/plain",
    "_owner": "admin",
    "_content_type_location": "text/plain",
    "_permissions": {
        "Modify portal content": {
            "acquire": false,
            "roles": [
                "Editor",
                "Manager",
                "Owner",
                "Site Administrator"
            ]
        },
        "Access contents information": {
            "acquire": false,
            "roles": [
                "Anonymous"
            ]
        },
        "View": {
            "acquire": false,
            "roles": [
                "Anonymous"
            ]
        }
    },
    "_properties": [
        [
            "title",
            "Massa curae nostra risus odio fames ante sagittis mus.",
            "string"
        ]
    ],
    "allowDiscussion": false,
    "_gopip": 4,
    "creators": [
        "admin"
    ],
    "_path": "/Plone/about/lacus-purus-sit-augue-facilisis-ultricies-pede./metus-augue-platea-donec-fames-inceptos-non-ut-fermentum-ipsum./massa-curae-nostra-risus-odio-fames-ante-sagittis-mus."
}