{
    "contributors": [],
    "_content_type_text": "text/html",
    "text": "<h1>Illi enim inter se dissentiunt.</h1>\n\n<p>Lorem ipsum dolor sit amet, consectetur adipiscing elit. At ille pellit, qui permulcet sensum voluptate. Moriatur, inquit. Quis est tam dissimile homini. </p>\n\n<ul>\n\t<li>Venit enim mihi Platonis in mentem, quem accepimus primum hic disputare solitum;</li>\n\t<li>Quia nec honesto quic quam honestius nec turpi turpius.</li>\n\t<li>Itaque si aut requietem natura non quaereret aut eam posset alia quadam ratione consequi.</li>\n\t<li>Est igitur officium eius generis, quod nec in bonis ponatur nec in contrariis.</li>\n\t<li>Bonum incolumis acies: misera caecitas.</li>\n\t<li>Hoc loco tenere se Triarius non potuit.</li>\n</ul>\n\n\n<dl>\n\t<dt><dfn>Facete M.</dfn></dt>\n\t<dd>Iam quae corporis sunt, ea nec auctoritatem cum animi partibus, comparandam et cognitionem habent faciliorem.</dd>\n\t<dt><dfn>Sed fortuna fortis;</dfn></dt>\n\t<dd>Idem iste, inquam, de voluptate quid sentit?</dd>\n</dl>\n\n\n<p>Eaedem res maneant alio modo. Negat esse eam, inquit, propter se expetendam. Tollenda est atque extrahenda radicitus. </p>\n\n<p>Nullus est igitur cuiusquam dies natalis. Nunc omni virtuti vitium contrario nomine opponitur. Non est igitur summum malum dolor. Duo Reges: constructio interrete. Nulla erit controversia. <a href='http://loripsum.net/' target='_blank'>Quid de Platone aut de Democrito loquar?</a> Duo enim genera quae erant, fecit tria. Pollicetur certe. </p>\n\n<ol>\n\t<li>Itaque a sapientia praecipitur se ipsam, si usus sit, sapiens ut relinquat.</li>\n\t<li>Haec mihi videtur delicatior, ut ita dicam, molliorque ratio, quam virtutis vis gravitasque postulat.</li>\n\t<li>Ac tamen hic mallet non dolere.</li>\n</ol>\n\n\n",
    "creation_date": "2018/10/26 18:00:1.426938 GMT-4",
    "_uid": "065e89e785434b39ada489c64e0f4910",
    "expirationDate": "None",
    "_content_type_id": "text/plain",
    "id": "magna-etiam-eros.",
    "subject": [],
    "effectiveDate": "None",
    "title": "Magna etiam eros.",
    "_ac_local_roles": {
        "admin": [
            "Owner"
        ]
    },
    "_content_type_language": "text/plain",
    "_defaultpage": "",
    "location": "Dolor lorem pede pharetra taciti quam in.",
    "_content_type_title": "text/plain",
    "excludeFromNav": true,
    "presentation": false,
    "_type": "Document",
    "description": "Metus magna. Augue curae a conubia tellus at maecenas blandit sodales nunc ac pellentesque primis aptent. Etiam curae. Etiam proin ligula arcu. Massa netus pharetra sit posuere elit a nulla in venenatis ac dignissim lorem at habitasse risus et duis. Lacus metus sociis sapien euismod at hac diam nunc purus viverra quam. Fames neque duis sit phasellus hac quis ante vel quisque. Augue dolor netus laoreet conubia dapibus duis eu consectetuer diam. Etiam proin orci est dolor. Vitae magna a mauris magna vestibulum dictumst iaculis.",
    "_atrefs": {},
    "_layout": "document_view",
    "_workflow_history": {
        "simple_publication_workflow": [
            {
                "action": null,
                "review_state": "private",
                "actor": "admin",
                "comments": "",
                "time": "2018/10/26 18:00:1.431191 GMT-4"
            },
            {
                "action": "publish",
                "review_state": "published",
                "actor": "admin",
                "comments": "",
                "time": "2018/10/26 18:00:2.035921 GMT-4"
            }
        ]
    },
    "_content_type_rights": "text/plain",
    "_directly_provided": [],
    "language": "en",
    "tableContents": true,
    "_classname": "ATDocument",
    "banner": "<h1>Nihil opus est exemplis hoc facere longius.</h1>\n\n<p>Lorem ipsum dolor sit amet, consectetur adipiscing elit. Quonam, inquit, modo? Quis hoc dicit? Sed haec in pueris; Tum Torquatus: Prorsus, inquit, assentior; </p>\n\n<p>Duo Reges: constructio interrete. Philosophi autem in suis lectulis plerumque moriuntur. <a href='http://loripsum.net/' target='_blank'>Non potes, nisi retexueris illa.</a> Comprehensum, quod cognitum non habet? Restatis igitur vos; </p>\n\n<ol>\n\t<li>An eum discere ea mavis, quae cum plane perdidiceriti nihil sciat?</li>\n\t<li>Virtutibus igitur rectissime mihi videris et ad consuetudinem nostrae orationis vitia posuisse contraria.</li>\n\t<li>Atque his de rebus et splendida est eorum et illustris oratio.</li>\n\t<li>Cuius ad naturam apta ratio vera illa et summa lex a philosophis dicitur.</li>\n</ol>\n\n\n<ul>\n\t<li>Qua tu etiam inprudens utebare non numquam.</li>\n\t<li>Luxuriam non reprehendit, modo sit vacua infinita cupiditate et timore.</li>\n\t<li>Hoc ne statuam quidem dicturam pater aiebat, si loqui posset.</li>\n</ul>\n\n\n<p>Quid nunc honeste dicit? Quam si explicavisset, non tam haesitaret. <a href='http://loripsum.net/' target='_blank'>Bonum negas esse divitias, praepos\u00ectum esse dicis?</a> </p>\n\n<dl>\n\t<dt><dfn>Quare conare, quaeso.</dfn></dt>\n\t<dd>Ut enim consuetudo loquitur, id solum dicitur honestum, quod est populari fama gloriosum.</dd>\n\t<dt><dfn>Tu quidem reddes;</dfn></dt>\n\t<dd>Tum Piso: Quoniam igitur aliquid omnes, quid Lucius noster?</dd>\n\t<dt><dfn>Pollicetur certe.</dfn></dt>\n\t<dd>Hinc ceteri particulas arripere conati suam quisque videro voluit afferre sententiam.</dd>\n\t<dt><dfn>Itaque fecimus.</dfn></dt>\n\t<dd>Quae similitudo in genere etiam humano apparet.</dd>\n\t<dt><dfn>An eiusdem modi?</dfn></dt>\n\t<dd>Vives, inquit Aristo, magnifice atque praeclare, quod erit cumque visum ages, numquam angere, numquam cupies, numquam timebis.</dd>\n\t<dt><dfn>Numquam facies.</dfn></dt>\n\t<dd>Nam et complectitur verbis, quod vult, et dicit plane, quod intellegam;</dd>\n</dl>\n\n\n",
    "_userdefined_roles": [],
    "_content_type": "text/html",
    "_id": "magna-etiam-eros.",
    "modification_date": "2018/10/26 18:00:2.041142 GMT-4",
    "_content_type_banner": "text/html",
    "rights": "Ipsum metus maecenas eu ullamcorper at aptent laoreet in. Ipsum curae vulputate euismod vitae enim purus bibendum nibh eget. Netus ipsum leo posuere. Lacus justo non nisl sit turpis volutpat. Lacus nulla varius lectus cum conubia in nisl enim sodales. Augue proin per. Neque dolor ullamcorper ad magnis rhoncus nunc quis. Risus proin. Donec justo quam nulla. Lacus donec magnis adipiscing pellentesque lacinia. Massa donec mus felis dignissim ve. Justo morbi odio pretium in feugiat ve penatibus vulputate. Risus lacus justo blandit tempus ridiculus. Morbi vitae. Metus fames duis gravida eu congue. Metus vitae condimentum ad magnis habitant vestibulum nostra vehicula adipiscing auctor. Dolor purus etiam iaculis penatibus duis velit aliquet faucibus aliquet ridiculus. Vitae massa. Morbi dolor. Class velit neque.",
    "_atbrefs": {},
    "_content_type_description": "text/plain",
    "_owner": "admin",
    "_content_type_location": "text/plain",
    "_permissions": {
        "Modify portal content": {
            "acquire": false,
            "roles": [
                "Editor",
                "Manager",
                "Owner",
                "Site Administrator"
            ]
        },
        "Access contents information": {
            "acquire": false,
            "roles": [
                "Anonymous"
            ]
        },
        "View": {
            "acquire": false,
            "roles": [
                "Anonymous"
            ]
        }
    },
    "_properties": [
        [
            "title",
            "Magna etiam eros.",
            "string"
        ]
    ],
    "allowDiscussion": false,
    "_gopip": 5,
    "creators": [
        "admin"
    ],
    "_path": "/Plone/about/lacus-purus-sit-augue-facilisis-ultricies-pede./metus-augue-platea-donec-fames-inceptos-non-ut-fermentum-ipsum./magna-etiam-eros."
}