{
    "contributors": [],
    "_content_type_text": "text/html",
    "text": "<h1>Duo Reges: constructio interrete.</h1>\n\n<p>Lorem ipsum dolor sit amet, consectetur adipiscing elit. Tecum optime, deinde etiam cum mediocri amico. At ille pellit, qui permulcet sensum voluptate. Idem iste, inquam, de voluptate quid sentit? Illi enim inter se dissentiunt. </p>\n\n<h3>Qui-vere falsone, quaerere mittimus-dicitur oculis se privasse;</h3>\n\n<p><a href='http://loripsum.net/' target='_blank'>Igitur ne dolorem quidem.</a> At enim hic etiam dolore. Hoc simile tandem est? Tamen a proposito, inquam, aberramus. Igitur ne dolorem quidem. Suo genere perveniant ad extremum; </p>\n\n<dl>\n\t<dt><dfn>Memini vero, inquam;</dfn></dt>\n\t<dd>Cur igitur easdem res, inquam, Peripateticis dicentibus verbum nullum est, quod non intellegatur?</dd>\n\t<dt><dfn>Memini vero, inquam;</dfn></dt>\n\t<dd>Sed nonne merninisti licere mihi ista probare, quae sunt a te dicta?</dd>\n\t<dt><dfn>Proclivi currit oratio.</dfn></dt>\n\t<dd>Sed ille, ut dixi, vitiose.</dd>\n\t<dt><dfn>Qui convenit?</dfn></dt>\n\t<dd>Quae cum ita sint, effectum est nihil esse malum, quod turpe non sit.</dd>\n</dl>\n\n\n<ol>\n\t<li>Profectus in exilium Tubulus statim nec respondere ausus;</li>\n\t<li>Hoc mihi cum tuo fratre convenit.</li>\n</ol>\n\n\n<h2>Mihi enim satis est, ipsis non satis.</h2>\n\n<p>Contemnit enim disserendi elegantiam, confuse loquitur. Rhetorice igitur, inquam, nos mavis quam dialectice disputare? <a href='http://loripsum.net/' target='_blank'>Cave putes quicquam esse verius.</a> De illis, cum volemus. Cur post Tarentum ad Archytam? Tum Triarius: Posthac quidem, inquit, audacius. Sed ad bona praeterita redeamus. Non dolere, inquam, istud quam vim habeat postea videro; </p>\n\n<ul>\n\t<li>Quis est, qui non oderit libidinosam, protervam adolescentiam?</li>\n\t<li>Hoc simile tandem est?</li>\n\t<li>Aberat omnis dolor, qui si adesset, nec molliter ferret et tamen medicis plus quam philosophis uteretur.</li>\n\t<li>Nam adhuc, meo fortasse vitio, quid ego quaeram non perspicis.</li>\n\t<li>Ex ea difficultate illae fallaciloquae, ut ait Accius, malitiae natae sunt.</li>\n\t<li>Et quidem illud ipsum non nimium probo et tantum patior, philosophum loqui de cupiditatibus finiendis.</li>\n</ul>\n\n\n",
    "creation_date": "2018/10/26 18:00:3.831235 GMT-4",
    "_uid": "35a048c52e684ad394d931154a895e22",
    "expirationDate": "None",
    "_content_type_id": "text/plain",
    "id": "class-etiam-congue-magna-vel.",
    "subject": [],
    "effectiveDate": "None",
    "title": "Class etiam congue magna vel.",
    "_ac_local_roles": {
        "admin": [
            "Owner"
        ]
    },
    "_content_type_language": "text/plain",
    "_defaultpage": "",
    "location": "Lacus nulla sodales cum.",
    "_content_type_title": "text/plain",
    "excludeFromNav": true,
    "presentation": false,
    "_type": "Document",
    "description": "Augue etiam mollis. Lorem donec nisl pharetra nulla erat. Justo metus praesent ac nostra gravida pede. Nulla magna lorem non. Ipsum morbi purus. Velit lorem scelerisque suscipit. Metus etiam nascetur cum quis magna ridiculus tellus aenean est conubia neque eni orci. Netus etiam vitae aenean elementum nascetur ac ullamcorper pede ante posuere. Lorem curae dignissim euismod proin in dis tincidunt augue sagittis tristique pharetra. Donec curae nec velit commodo. Ipsum porta nisl sit pede erat proin arcu placerat. Curae ipsum mollis per. Etiam metus scelerisque lobortis purus dolor est vestibulum at. Felis vitae mauris ridiculus lobortis ve nullam.",
    "_atrefs": {},
    "_layout": "document_view",
    "_workflow_history": {
        "simple_publication_workflow": [
            {
                "action": null,
                "review_state": "private",
                "actor": "admin",
                "comments": "",
                "time": "2018/10/26 18:00:3.835268 GMT-4"
            },
            {
                "action": "publish",
                "review_state": "published",
                "actor": "admin",
                "comments": "",
                "time": "2018/10/26 18:00:4.434597 GMT-4"
            }
        ]
    },
    "_content_type_rights": "text/plain",
    "_directly_provided": [],
    "language": "en",
    "tableContents": true,
    "_classname": "ATDocument",
    "banner": "<h1>Dolere malum est: in crucem qui agitur, beatus esse non potest.</h1>\n\n<p>Lorem ipsum dolor sit amet, consectetur adipiscing elit. <a href='http://loripsum.net/' target='_blank'>Quis enim redargueret?</a> <a href='http://loripsum.net/' target='_blank'>Quid enim possumus hoc agere divinius?</a> Beatus sibi videtur esse moriens. </p>\n\n<p>Quis Aristidem non mortuum diligit? Apparet statim, quae sint officia, quae actiones. Deinde disputat, quod cuiusque generis animantium statui deceat extremum. Bestiarum vero nullum iudicium puto. Sed plane dicit quod intellegit. Inquit, dasne adolescenti veniam? In schola desinis. </p>\n\n<ol>\n\t<li>Sic enim censent, oportunitatis esse beate vivere.</li>\n\t<li>Et quidem Arcesilas tuus, etsi fuit in disserendo pertinacior, tamen noster fuit;</li>\n\t<li>Utrum igitur tibi litteram videor an totas paginas commovere?</li>\n\t<li>Legimus tamen Diogenem, Antipatrum, Mnesarchum, Panaetium, multos alios in primisque familiarem nostrum Posidonium.</li>\n</ol>\n\n\n<ul>\n\t<li>Cuius similitudine perspecta in formarum specie ac dignitate transitum est ad honestatem dictorum atque factorum.</li>\n\t<li>Aliter homines, aliter philosophos loqui putas oportere?</li>\n\t<li>Curium putes loqui, interdum ita laudat, ut quid praeterea sit bonum neget se posse ne suspicari quidem.</li>\n</ul>\n\n\n<dl>\n\t<dt><dfn>Sed haec omittamus;</dfn></dt>\n\t<dd>Vadem te ad mortem tyranno dabis pro amico, ut Pythagoreus ille Siculo fecit tyranno?</dd>\n\t<dt><dfn>Avaritiamne minuis?</dfn></dt>\n\t<dd>Ea, quae dialectici nunc tradunt et docent, nonne ab illis instituta sunt aut inventa sunt?</dd>\n\t<dt><dfn>Tria genera bonorum;</dfn></dt>\n\t<dd>Aliter enim explicari, quod quaeritur, non potest.</dd>\n</dl>\n\n\n<p><a href='http://loripsum.net/' target='_blank'>Duo Reges: constructio interrete.</a> At enim sequor utilitatem. Sed ad bona praeterita redeamus. Quid, quod res alia tota est? <a href='http://loripsum.net/' target='_blank'>Non est igitur summum malum dolor.</a> </p>\n\n",
    "_userdefined_roles": [],
    "_content_type": "text/html",
    "_id": "class-etiam-congue-magna-vel.",
    "modification_date": "2018/10/26 18:00:4.438645 GMT-4",
    "_content_type_banner": "text/html",
    "rights": "Magna ipsum tortor platea cum nullam. Fusce risus commodo sociis mus interdum hymenaeos taciti montes. Magna massa risus libero ornare. Purus massa amet posuere in dolor erat in consectetuer dictum. Etiam augue ipsum nisl sodales lacus. Netus curae a viverra cursus varius erat enim vel. Curae felis. Neque risus class vitae nisl aliquam. Fusce lorem donec orci. Ipsum dolor aliquam. Purus magna. Massa justo. Porta felis a auctor convallis inceptos felis eu curae nec nisl morbi vulputate dictumst erat hac magna aenean fringilla. Purus lorem. Purus nulla viverra gravida augue hac donec vitae sit nunc duis nulla risus aptent. Netus fames.",
    "_atbrefs": {},
    "_content_type_description": "text/plain",
    "_owner": "admin",
    "_content_type_location": "text/plain",
    "_permissions": {
        "Modify portal content": {
            "acquire": false,
            "roles": [
                "Editor",
                "Manager",
                "Owner",
                "Site Administrator"
            ]
        },
        "Access contents information": {
            "acquire": false,
            "roles": [
                "Anonymous"
            ]
        },
        "View": {
            "acquire": false,
            "roles": [
                "Anonymous"
            ]
        }
    },
    "_properties": [
        [
            "title",
            "Class etiam congue magna vel.",
            "string"
        ]
    ],
    "allowDiscussion": false,
    "_gopip": 8,
    "creators": [
        "admin"
    ],
    "_path": "/Plone/about/lacus-purus-sit-augue-facilisis-ultricies-pede./metus-augue-platea-donec-fames-inceptos-non-ut-fermentum-ipsum./class-etiam-congue-magna-vel."
}