{
    "contributors": [],
    "_content_type_text": "text/html",
    "text": "<h1>Cur deinde Metrodori liberos commendas?</h1>\n\n<p>Lorem ipsum dolor sit amet, consectetur adipiscing elit. Sint ista Graecorum; Iam enim adesse poterit. Urgent tamen et nihil remittunt. Sed fortuna fortis; An hoc usque quaque, aliter in vita? Duo Reges: constructio interrete. Praeclarae mortes sunt imperatoriae; </p>\n\n<ol>\n\t<li>Ad corpus diceres pertinere-, sed ea, quae dixi, ad corpusne refers?</li>\n\t<li>Et certamen honestum et disputatio splendida! omnis est enim de virtutis dignitate contentio.</li>\n\t<li>Non est enim vitium in oratione solum, sed etiam in moribus.</li>\n\t<li>Illud non continuo, ut aeque incontentae.</li>\n\t<li>Et quidem iure fortasse, sed tamen non gravissimum est testimonium multitudinis.</li>\n</ol>\n\n\n<dl>\n\t<dt><dfn>ALIO MODO.</dfn></dt>\n\t<dd>Aeque enim contingit omnibus fidibus, ut incontentae sint.</dd>\n\t<dt><dfn>Hunc vos beatum;</dfn></dt>\n\t<dd>An quod ita callida est, ut optime possit architectari voluptates?</dd>\n\t<dt><dfn>Etiam beatissimum?</dfn></dt>\n\t<dd>Non enim iam stirpis bonum quaeret, sed animalis.</dd>\n</dl>\n\n\n<p>Ex rebus enim timiditas, non ex vocabulis nascitur. Quid enim? </p>\n\n<p>Eaedem enim utilitates poterunt eas labefactare atque pervertere. Solum praeterea formosum, solum liberum, solum civem, stultost; Bestiarum vero nullum iudicium puto. Verum hoc idem saepe faciamus. </p>\n\n<ul>\n\t<li>Nam illud quidem adduci vix possum, ut ea, quae senserit ille, tibi non vera videantur.</li>\n\t<li>Haec igitur Epicuri non probo, inquam.</li>\n\t<li>Age nunc isti doceant, vel tu potius quis enim ista melius?</li>\n\t<li>Tu autem negas fortem esse quemquam posse, qui dolorem malum putet.</li>\n</ul>\n\n\n",
    "creation_date": "2018/10/26 18:00:4.630611 GMT-4",
    "_uid": "95dec5fe42e14357bab40b30126467e0",
    "expirationDate": "None",
    "_content_type_id": "text/plain",
    "id": "vitae-porta.",
    "subject": [],
    "effectiveDate": "None",
    "title": "Vitae porta.",
    "_ac_local_roles": {
        "admin": [
            "Owner"
        ]
    },
    "_content_type_language": "text/plain",
    "_defaultpage": "",
    "location": "Class lacus auctor condimentum metus aenean primis nec bibendum laoreet augue.",
    "_content_type_title": "text/plain",
    "excludeFromNav": true,
    "presentation": true,
    "_type": "Document",
    "description": "Proin magna interdum lorem molestie imperdiet a. Porta neque. Class vitae posuere ut vitae. Felis nulla neque ipsum sociosqu sed cras enim luctus fringilla nonummy lacus. Vitae felis aenean donec inceptos diam turpis libero consequat dolor tortor semper purus nam quam viverra phasellus. Curae lorem. Proin etiam. Velit netus dis nisl ipsum. Curae proin. Risus neque aliquet amet rhoncus taciti. Neque magna primis condimentum proin. Lacus netus feugiat montes at nostra sollicitudin hymenaeos rutrum vestibulum. Fusce augue sapien litora ad libero sodales. Netus curae scelerisque nunc dictum id. Metus dolor quis imperdiet hendrerit velit at id erat integer enim est quis placerat consectetuer aenean. Dolor curae etiam ante sodales eu eni lacus nonummy eros curae. Morbi dolor massa sed lacus.",
    "_atrefs": {},
    "_layout": "document_view",
    "_workflow_history": {
        "simple_publication_workflow": [
            {
                "action": null,
                "review_state": "private",
                "actor": "admin",
                "comments": "",
                "time": "2018/10/26 18:00:4.634559 GMT-4"
            },
            {
                "action": "publish",
                "review_state": "published",
                "actor": "admin",
                "comments": "",
                "time": "2018/10/26 18:00:5.238110 GMT-4"
            }
        ]
    },
    "_content_type_rights": "text/plain",
    "_directly_provided": [],
    "language": "en",
    "tableContents": true,
    "_classname": "ATDocument",
    "banner": "<h1>Ergo id est convenienter naturae vivere, a natura discedere.</h1>\n\n<p>Lorem ipsum dolor sit amet, consectetur adipiscing elit. Facile est hoc cernere in primis puerorum aetatulis. Quare conare, quaeso. Stoici scilicet. Maximus dolor, inquit, brevis est. Hic ambiguo ludimur. Duo Reges: constructio interrete. Sed plane dicit quod intellegit. Si quae forte-possumus. </p>\n\n<h3>Hoc est non dividere, sed frangere.</h3>\n\n<p>Ut aliquid scire se gaudeant? Bonum incolumis acies: misera caecitas. Quis hoc dicit? Refert tamen, quo modo. <a href='http://loripsum.net/' target='_blank'>Quae quidem sapientes sequuntur duce natura tamquam videntes;</a> Nos commodius agimus. </p>\n\n<ul>\n\t<li>Itaque primos congressus copulationesque et consuetudinum instituendarum voluntates fieri propter voluptatem;</li>\n\t<li>Qua tu etiam inprudens utebare non numquam.</li>\n\t<li>Et si in ipsa gubernatione neglegentia est navis eversa, maius est peccatum in auro quam in palea.</li>\n\t<li>Tertium autem omnibus aut maximis rebus iis, quae secundum naturam sint, fruentem vivere.</li>\n</ul>\n\n\n<dl>\n\t<dt><dfn>Peccata paria.</dfn></dt>\n\t<dd>Si mala non sunt, iacet omnis ratio Peripateticorum.</dd>\n\t<dt><dfn>Si quae forte-possumus.</dfn></dt>\n\t<dd>Cum autem negant ea quicquam ad beatam vitam pertinere, rursus naturam relinquunt.</dd>\n</dl>\n\n\n<h2>Hoc est non dividere, sed frangere.</h2>\n\n<p>Gerendus est mos, modo recte sentiat. Certe non potest. Fortemne possumus dicere eundem illum Torquatum? Prioris generis est docilitas, memoria; </p>\n\n<ol>\n\t<li>An me, inquam, nisi te audire vellem, censes haec dicturum fuisse?</li>\n\t<li>Aberat omnis dolor, qui si adesset, nec molliter ferret et tamen medicis plus quam philosophis uteretur.</li>\n</ol>\n\n\n",
    "_userdefined_roles": [],
    "_content_type": "text/html",
    "_id": "vitae-porta.",
    "modification_date": "2018/10/26 18:00:5.243002 GMT-4",
    "_content_type_banner": "text/html",
    "rights": "Metus ipsum lorem vehicula nulla purus risus purus volutpat. Dolor morbi. Class nulla lacinia dapibus natoque nisi. Proin risus vehicula. Massa purus eni lorem dui arcu sociosqu hymenaeos pellentesque egestas. Morbi proin laoreet ad nostra convallis volutpat enim urna. Magna curae erat vulputate. Morbi augue ornare hac aliquet porta. Fusce felis. Ipsum fames mattis curae ipsum lacinia dapibus quis pede per cras pulvinar. Velit augue bibendum est montes ve nostra elit arcu etiam ultricies enim. Donec fusce mauris rutrum penatibus litora nam et. Ipsum justo nec nunc ut praesent habitant. Nulla curae imperdiet dictumst tellus libero quis vulputate torquent mollis nunc quisque eu. Magna ipsum rutrum in semper curae. Donec risus suspendisse cum dictum blandit conubia semper elit laoreet at malesuada cubilia.",
    "_atbrefs": {},
    "_content_type_description": "text/plain",
    "_owner": "admin",
    "_content_type_location": "text/plain",
    "_permissions": {
        "Modify portal content": {
            "acquire": false,
            "roles": [
                "Editor",
                "Manager",
                "Owner",
                "Site Administrator"
            ]
        },
        "Access contents information": {
            "acquire": false,
            "roles": [
                "Anonymous"
            ]
        },
        "View": {
            "acquire": false,
            "roles": [
                "Anonymous"
            ]
        }
    },
    "_properties": [
        [
            "title",
            "Vitae porta.",
            "string"
        ]
    ],
    "allowDiscussion": false,
    "_gopip": 9,
    "creators": [
        "admin"
    ],
    "_path": "/Plone/about/lacus-purus-sit-augue-facilisis-ultricies-pede./metus-augue-platea-donec-fames-inceptos-non-ut-fermentum-ipsum./vitae-porta."
}