{
    "startDate": "2018/10/15 03:50:52.541950 GMT-4",
    "endDate": "2018/10/15 18:43:59.007104 GMT-4",
    "contributors": [],
    "_content_type_text": "text/html",
    "text": "<h1>Qui-vere falsone, quaerere mittimus-dicitur oculis se privasse;</h1>\n\n<p>Lorem ipsum dolor sit amet, consectetur adipiscing elit. <a href='http://loripsum.net/' target='_blank'>Hoc est non dividere, sed frangere.</a> Non potes, nisi retexueris illa. <a href='http://loripsum.net/' target='_blank'>Tum Quintus: Est plane, Piso, ut dicis, inquit.</a> Estne, quaeso, inquam, sitienti in bibendo voluptas? </p>\n\n<ol>\n\t<li>Sunt etiam turpitudines plurimae, quae, nisi honestas natura plurimum valeat, cur non cadant in sapientem non est facile defendere.</li>\n\t<li>Quasi vero, inquit, perpetua oratio rhetorum solum, non etiam philosophorum sit.</li>\n\t<li>Nec lapathi suavitatem acupenseri Galloni Laelius anteponebat, sed suavitatem ipsam neglegebat;</li>\n\t<li>Sin est etiam corpus, ista explanatio naturae nempe hoc effecerit, ut ea, quae ante explanationem tenebamus, relinquamus.</li>\n</ol>\n\n\n<dl>\n\t<dt><dfn>Ita credo.</dfn></dt>\n\t<dd>Tum Triarius: Posthac quidem, inquit, audacius.</dd>\n\t<dt><dfn>Avaritiamne minuis?</dfn></dt>\n\t<dd>Haeret in salebra.</dd>\n\t<dt><dfn>Ille incendat?</dfn></dt>\n\t<dd>At iste non dolendi status non vocatur voluptas.</dd>\n\t<dt><dfn>Quis negat?</dfn></dt>\n\t<dd>Habent enim et bene longam et satis litigiosam disputationem.</dd>\n</dl>\n\n\n<h3>Quid vero?</h3>\n\n<p>Graccho, eius fere, aequal\u00ed? Videsne quam sit magna dissensio? Sed fortuna fortis; Quos quidem tibi studiose et diligenter tractandos magnopere censeo. </p>\n\n<h2>Ut alios omittam, hunc appello, quem ille unum secutus est.</h2>\n\n<p>Hoc est non dividere, sed frangere. Duo Reges: constructio interrete. Quod quidem iam fit etiam in Academia. Que Manilium, ab iisque M. Cur haec eadem Democritus? Satis est ad hoc responsum. Bonum incolumis acies: misera caecitas. Haec igitur Epicuri non probo, inquam. Ratio quidem vestra sic cogit. </p>\n\n<ul>\n\t<li>Sunt enim prima elementa naturae, quibus auctis v\u00edrtutis quasi germen efficitur.</li>\n\t<li>Bona autem corporis huic sunt, quod posterius posui, similiora.</li>\n\t<li>Isto modo ne improbos quidem, si essent boni viri.</li>\n</ul>\n\n\n",
    "eventUrl": "http://en.wikipedia.com/wiki/Lorem_ipsum",
    "creation_date": "2018/10/26 18:00:7.658920 GMT-4",
    "contactEmail": "loremipsum@mail.com",
    "_uid": "a9e92c782c8a4d19b086cdef9c479c10",
    "expirationDate": "None",
    "contactName": "Neque donec.",
    "_content_type_id": "text/plain",
    "contactPhone": "Fusce metus imperdiet nam neque class hac.",
    "id": "velit-curae-mollis-eu-eleifend-montes-aptent-hac.",
    "subject": [],
    "attendees": [],
    "effectiveDate": "None",
    "title": "Velit curae mollis eu eleifend montes aptent hac.",
    "_content_type_contactPhone": "text/plain",
    "_content_type_eventUrl": "text/plain",
    "_content_type_language": "text/plain",
    "_defaultpage": "",
    "location": "Netus felis curae purus a vivamus ve ultricies adipiscing.",
    "_content_type_title": "text/plain",
    "excludeFromNav": false,
    "_content_type_contactName": "text/plain",
    "_type": "Event",
    "description": "Etiam metus leo tellus. Dolor felis amet sodales ad nostra mi accumsan nulla a tempus vulputate praesent velit at tellus. Velit class a. Proin lorem condimentum sagittis. Class porta quam quis hymenaeos.",
    "_atrefs": {},
    "_layout": "event_view",
    "_workflow_history": {
        "simple_publication_workflow": [
            {
                "action": null,
                "review_state": "private",
                "actor": "admin",
                "comments": "",
                "time": "2018/10/26 18:00:7.662475 GMT-4"
            },
            {
                "action": "publish",
                "review_state": "published",
                "actor": "admin",
                "comments": "",
                "time": "2018/10/26 18:00:7.994584 GMT-4"
            }
        ]
    },
    "_content_type_rights": "text/plain",
    "_directly_provided": [],
    "_classname": "ATEvent",
    "_userdefined_roles": [],
    "_content_type_contactEmail": "text/plain",
    "_content_type": "text/html",
    "_id": "velit-curae-mollis-eu-eleifend-montes-aptent-hac.",
    "modification_date": "2018/10/26 18:00:7.998996 GMT-4",
    "language": "en",
    "rights": "Ipsum proin tempus fermentum id etiam. Metus netus gravida per id pellentesque. Etiam dolor. Etiam metus leo vestibulum curae pretium nostra porta ut facilisis tincidunt nunc platea ornare consequat. Vitae ipsum tortor netus lacinia habitant porta lacus. Neque lorem urna cubilia. Etiam nulla suscipit purus quis. Justo vitae convallis lacinia augue diam inceptos eu. Etiam porta ornare. Class purus vel tellus purus interdum habitasse nulla fringilla. Metus justo porta fames sem eget conubia nec at a eros. Fames ipsum dui erat sollicitudin ve vivamus urna eni.",
    "_atbrefs": {},
    "_content_type_description": "text/plain",
    "_owner": "admin",
    "_content_type_location": "text/plain",
    "_permissions": {
        "Modify portal content": {
            "acquire": false,
            "roles": [
                "Editor",
                "Manager",
                "Owner",
                "Site Administrator"
            ]
        },
        "Access contents information": {
            "acquire": false,
            "roles": [
                "Anonymous"
            ]
        },
        "View": {
            "acquire": false,
            "roles": [
                "Anonymous"
            ]
        }
    },
    "_properties": [
        [
            "title",
            "Velit curae mollis eu eleifend montes aptent hac.",
            "string"
        ]
    ],
    "allowDiscussion": false,
    "_gopip": 14,
    "creators": [
        "admin"
    ],
    "_ac_local_roles": {
        "admin": [
            "Owner"
        ]
    },
    "_path": "/Plone/about/lacus-purus-sit-augue-facilisis-ultricies-pede./metus-augue-platea-donec-fames-inceptos-non-ut-fermentum-ipsum./velit-curae-mollis-eu-eleifend-montes-aptent-hac."
}