{
    "startDate": "2018/10/15 02:01:58.103388 GMT-4",
    "endDate": "2018/10/17 10:51:26.023870 GMT-4",
    "contributors": [],
    "_content_type_text": "text/html",
    "text": "<h1>Quae diligentissime contra Aristonem dicuntur a Chryippo.</h1>\n\n<p>Lorem ipsum dolor sit amet, consectetur adipiscing elit. Haec para/doca illi, nos admirabilia dicamus. <a href='http://loripsum.net/' target='_blank'>Sed quid attinet de rebus tam apertis plura requirere?</a> Quippe: habes enim a rhetoribus; Sullae consulatum? </p>\n\n<dl>\n\t<dt><dfn>Proclivi currit oratio.</dfn></dt>\n\t<dd>Id enim volumus, id contendimus, ut officii fructus sit ipsum officium.</dd>\n\t<dt><dfn>Sed haec omittamus;</dfn></dt>\n\t<dd>Iam contemni non poteris.</dd>\n\t<dt><dfn>Facete M.</dfn></dt>\n\t<dd>Quo studio cum satiari non possint, omnium ceterarum rerum obliti n\u00edhil abiectum, nihil humile cogitant;</dd>\n\t<dt><dfn>Igitur ne dolorem quidem.</dfn></dt>\n\t<dd>Nulla profecto est, quin suam vim retineat a primo ad extremum.</dd>\n\t<dt><dfn>Moriatur, inquit.</dfn></dt>\n\t<dd>In his igitur partibus duabus nihil erat, quod Zeno commutare gestiret.</dd>\n\t<dt><dfn>Negare non possum.</dfn></dt>\n\t<dd>Respondent extrema primis, media utrisque, omnia omnibus.</dd>\n</dl>\n\n\n<ol>\n\t<li>Ex quo, id quod omnes expetunt, beate vivendi ratio inveniri et comparari potest.</li>\n\t<li>Non igitur potestis voluptate omnia dirigentes aut tueri aut retinere virtutem.</li>\n\t<li>Quod dicit Epicurus etiam de voluptate, quae minime sint voluptates, eas obscurari saepe et obrui.</li>\n\t<li>Mihi, inquam, qui te id ipsum rogavi?</li>\n\t<li>In qua quid est boni praeter summam voluptatem, et eam sempiternam?</li>\n</ol>\n\n\n<h2>Falli igitur possumus.</h2>\n\n<p>Quonam, inquit, modo? Et ille ridens: Video, inquit, quid agas; Audeo dicere, inquit. </p>\n\n<ul>\n\t<li>Ex ea difficultate illae fallaciloquae, ut ait Accius, malitiae natae sunt.</li>\n\t<li>At, illa, ut vobis placet, partem quandam tuetur, reliquam deserit.</li>\n\t<li>Nam, ut paulo ante docui, augendae voluptatis finis est doloris omnis amotio.</li>\n\t<li>Nec vero sum nescius esse utilitatem in historia, non modo voluptatem.</li>\n</ul>\n\n\n<p><a href='http://loripsum.net/' target='_blank'>Duo Reges: constructio interrete.</a> <a href='http://loripsum.net/' target='_blank'>Quid est igitur, inquit, quod requiras?</a> Cur iustitia laudatur? Quonam, inquit, modo? Et non ex maxima parte de tota iudicabis? Comprehensum, quod cognitum non habet? Hoc loco tenere se Triarius non potuit. Compensabatur, inquit, cum summis doloribus laetitia. </p>\n\n",
    "eventUrl": "http://en.wikipedia.com/wiki/Lorem_ipsum",
    "creation_date": "2018/10/26 18:00:8.192693 GMT-4",
    "contactEmail": "loremipsum@mail.com",
    "_uid": "f4eea420c32843df97eaf082cb1920cd",
    "expirationDate": "None",
    "contactName": "Augue vitae bibendum id tellus interdum porta.",
    "_content_type_id": "text/plain",
    "contactPhone": "Magna etiam porta facilisi fermentum urna.",
    "id": "netus-neque.",
    "subject": [],
    "attendees": [],
    "effectiveDate": "None",
    "title": "Netus neque.",
    "_content_type_contactPhone": "text/plain",
    "_content_type_eventUrl": "text/plain",
    "_content_type_language": "text/plain",
    "_defaultpage": "",
    "location": "Netus purus placerat parturient dapibus ante erat aliquet gravida elit consectetuer volutpat proin.",
    "_content_type_title": "text/plain",
    "excludeFromNav": true,
    "_content_type_contactName": "text/plain",
    "_type": "Event",
    "description": "Vitae neque vitae aliquam neque justo curae lacinia in. Donec lorem orci quam etiam purus turpis vulputate praesent ornare. Massa fusce. Lorem vitae leo nunc ultricies habitant. Netus metus sapien est nonummy a.",
    "_atrefs": {},
    "_layout": "event_view",
    "_workflow_history": {
        "simple_publication_workflow": [
            {
                "action": null,
                "review_state": "private",
                "actor": "admin",
                "comments": "",
                "time": "2018/10/26 18:00:8.197212 GMT-4"
            },
            {
                "action": "publish",
                "review_state": "published",
                "actor": "admin",
                "comments": "",
                "time": "2018/10/26 18:00:8.521795 GMT-4"
            }
        ]
    },
    "_content_type_rights": "text/plain",
    "_directly_provided": [],
    "_classname": "ATEvent",
    "_userdefined_roles": [],
    "_content_type_contactEmail": "text/plain",
    "_content_type": "text/html",
    "_id": "netus-neque.",
    "modification_date": "2018/10/26 18:00:8.528262 GMT-4",
    "language": "en",
    "rights": "Lorem etiam. Morbi risus massa porta tempus ligula non. Dolor magna quam luctus eu per ullamcorper natoque donec urna. Curae etiam sapien morbi blandit eu. Class lacus mus habitasse varius a vestibulum. Netus dolor. Etiam justo faucibus id metus pellentesque justo urna ve. Augue fusce netus laoreet velit odio. Porta lorem. Curae morbi ultrices eu condimentum. Donec lacus sodales vulputate odio dignissim. Lacus curae dis hymenaeos interdum id fusce tempor. Risus curae nonummy. Vitae massa ullamcorper pede semper sem ad quis mus vivamus. Lacus porta est massa magnis volutpat fames purus nisi suscipit magnis. Metus vitae lorem nascetur purus sollicitudin eleifend donec eu congue dapibus. Fusce etiam erat iaculis ut senectus duis.",
    "_atbrefs": {},
    "_content_type_description": "text/plain",
    "_owner": "admin",
    "_content_type_location": "text/plain",
    "_permissions": {
        "Modify portal content": {
            "acquire": false,
            "roles": [
                "Editor",
                "Manager",
                "Owner",
                "Site Administrator"
            ]
        },
        "Access contents information": {
            "acquire": false,
            "roles": [
                "Anonymous"
            ]
        },
        "View": {
            "acquire": false,
            "roles": [
                "Anonymous"
            ]
        }
    },
    "_properties": [
        [
            "title",
            "Netus neque.",
            "string"
        ]
    ],
    "allowDiscussion": false,
    "_gopip": 15,
    "creators": [
        "admin"
    ],
    "_ac_local_roles": {
        "admin": [
            "Owner"
        ]
    },
    "_path": "/Plone/about/lacus-purus-sit-augue-facilisis-ultricies-pede./metus-augue-platea-donec-fames-inceptos-non-ut-fermentum-ipsum./netus-neque."
}