{
    "startDate": "2018/11/04 23:59:11.629443 GMT-4",
    "endDate": "2018/11/05 16:47:21.923554 GMT-4",
    "contributors": [],
    "_content_type_text": "text/html",
    "text": "<h1>Quae autem natura suae primae institutionis oblita est?</h1>\n\n<p>Lorem ipsum dolor sit amet, consectetur adipiscing elit. Quod autem ratione actum est, id officium appellamus. <a href='http://loripsum.net/' target='_blank'>Sequitur disserendi ratio cognitioque naturae;</a> Sed quot homines, tot sententiae; Sin aliud quid voles, postea. </p>\n\n<h2>Duo Reges: constructio interrete.</h2>\n\n<p>Quid sequatur, quid repugnet, vident. Paria sunt igitur. </p>\n\n<ol>\n\t<li>Quem ad modum quis ambulet, sedeat, qui ductus oris, qui vultus in quoque sit?</li>\n\t<li>Res enim concurrent contrariae.</li>\n\t<li>Amicitiam autem adhibendam esse censent, quia sit ex eo genere, quae prosunt.</li>\n\t<li>Cuius ad naturam apta ratio vera illa et summa lex a philosophis dicitur.</li>\n</ol>\n\n\n<p>Nunc agendum est subtilius. Tubulo putas dicere? </p>\n\n<dl>\n\t<dt><dfn>Numquam facies.</dfn></dt>\n\t<dd>Sit hoc ultimum bonorum, quod nunc a me defenditur;</dd>\n\t<dt><dfn>Hoc simile tandem est?</dfn></dt>\n\t<dd>Itaque a sapientia praecipitur se ipsam, si usus sit, sapiens ut relinquat.</dd>\n\t<dt><dfn>Quid vero?</dfn></dt>\n\t<dd>Igitur neque stultorum quisquam beatus neque sapientium non beatus.</dd>\n\t<dt><dfn>Facete M.</dfn></dt>\n\t<dd>Quis, quaeso, illum negat et bonum virum et comem et humanum fuisse?</dd>\n</dl>\n\n\n<ul>\n\t<li>Callipho ad virtutem nihil adiunxit nisi voluptatem, Diodorus vacuitatem doloris.</li>\n\t<li>Pisone in eo gymnasio, quod Ptolomaeum vocatur, unaque nobiscum Q.</li>\n\t<li>Sed potestne rerum maior esse dissensio?</li>\n\t<li>Nam si amitti vita beata potest, beata esse non potest.</li>\n\t<li>Ergo opifex plus sibi proponet ad formarum quam civis excellens ad factorum pulchritudinem?</li>\n\t<li>Paulum, cum regem Persem captum adduceret, eodem flumine invectio?</li>\n</ul>\n\n\n",
    "eventUrl": "http://en.wikipedia.com/wiki/Lorem_ipsum",
    "creation_date": "2018/10/26 18:00:9.844468 GMT-4",
    "contactEmail": "loremipsum@mail.com",
    "_uid": "2594ceb7717b4e3da464953efccf5990",
    "expirationDate": "None",
    "contactName": "Netus porta diam cubilia a scelerisque dui.",
    "_content_type_id": "text/plain",
    "contactPhone": "Curae lorem amet diam duis aptent dis gravida.",
    "id": "magna-augue.",
    "subject": [],
    "attendees": [],
    "effectiveDate": "None",
    "title": "Magna augue.",
    "_content_type_contactPhone": "text/plain",
    "_content_type_eventUrl": "text/plain",
    "_content_type_language": "text/plain",
    "_defaultpage": "",
    "location": "Nulla proin mauris vestibulum metus orci mauris eu.",
    "_content_type_title": "text/plain",
    "excludeFromNav": false,
    "_content_type_contactName": "text/plain",
    "_type": "Event",
    "description": "Class porta magnis senectus penatibus et quam lorem justo feugiat nonummy aptent. Lorem etiam nec leo id pulvinar nec. Neque augue. Dolor magna. Neque dolor senectus massa in mattis ve morbi scelerisque placerat eros quisque. Risus neque elit dictumst ad scelerisque ut litora eu eni odio class et vitae. Etiam purus risus nam nulla euismod velit odio. Dolor justo scelerisque eu semper ve nunc nibh laoreet libero. Lacus justo auctor vitae id a pede at neque. Justo netus duis magnis mi pede in. Neque lorem eni cras sollicitudin volutpat etiam in. Nulla magna risus egestas. Purus etiam mollis amet natoque dis. Proin velit aptent pellentesque quisque class sed hymenaeos fusce elit. Velit vitae lacinia quam natoque venenatis.",
    "_atrefs": {},
    "_layout": "event_view",
    "_workflow_history": {
        "simple_publication_workflow": [
            {
                "action": null,
                "review_state": "private",
                "actor": "admin",
                "comments": "",
                "time": "2018/10/26 18:00:9.848971 GMT-4"
            },
            {
                "action": "publish",
                "review_state": "published",
                "actor": "admin",
                "comments": "",
                "time": "2018/10/26 18:00:10.176252 GMT-4"
            }
        ]
    },
    "_content_type_rights": "text/plain",
    "_directly_provided": [],
    "_classname": "ATEvent",
    "_userdefined_roles": [],
    "_content_type_contactEmail": "text/plain",
    "_content_type": "text/html",
    "_id": "magna-augue.",
    "modification_date": "2018/10/26 18:00:10.180720 GMT-4",
    "language": "en",
    "rights": "Vitae proin eni diam blandit mi nunc felis scelerisque ac montes quisque vivamus ligula. Lorem donec. Fusce magna. Dolor netus vulputate imperdiet nulla eu elit condimentum gravida scelerisque. Curae morbi dolor. Felis vitae magnis hymenaeos. Justo netus amet. Magna purus lorem orci aenean convallis. Purus lacus. Lacus velit a dictum enim. Velit class inceptos curae netus arcu nec diam vestibulum in. Purus etiam montes nulla duis sodales dignissim. Justo fusce dis viverra et tempor porttitor donec non sit. Fusce donec ridiculus id scelerisque erat nisi sed enim maecenas ullamcorper. Dolor purus inceptos. Purus nulla justo quis nullam at habitant. Porta neque feugiat sed ve mollis dui commodo et nisi.",
    "_atbrefs": {},
    "_content_type_description": "text/plain",
    "_owner": "admin",
    "_content_type_location": "text/plain",
    "_permissions": {
        "Modify portal content": {
            "acquire": false,
            "roles": [
                "Editor",
                "Manager",
                "Owner",
                "Site Administrator"
            ]
        },
        "Access contents information": {
            "acquire": false,
            "roles": [
                "Anonymous"
            ]
        },
        "View": {
            "acquire": false,
            "roles": [
                "Anonymous"
            ]
        }
    },
    "_properties": [
        [
            "title",
            "Magna augue.",
            "string"
        ]
    ],
    "allowDiscussion": false,
    "_gopip": 18,
    "creators": [
        "admin"
    ],
    "_ac_local_roles": {
        "admin": [
            "Owner"
        ]
    },
    "_path": "/Plone/about/lacus-purus-sit-augue-facilisis-ultricies-pede./metus-augue-platea-donec-fames-inceptos-non-ut-fermentum-ipsum./magna-augue."
}