{
    "startDate": "2018/10/12 02:22:17.985116 GMT-4",
    "endDate": "2018/10/12 18:25:11.458890 GMT-4",
    "contributors": [],
    "_content_type_text": "text/html",
    "text": "<h1>Satis est ad hoc responsum.</h1>\n\n<p>Lorem ipsum dolor sit amet, consectetur adipiscing elit. <a href='http://loripsum.net/' target='_blank'>Quamquam tu hanc copiosiorem etiam soles dicere.</a> <a href='http://loripsum.net/' target='_blank'>Cui Tubuli nomen odio non est?</a> Itaque fecimus. Duo Reges: constructio interrete. </p>\n\n<p>Quid, de quo nulla dissensio est? Quorum sine causa fieri nihil putandum est. Sed ego in hoc resisto; Minime vero, inquit ille, consentit. <a href='http://loripsum.net/' target='_blank'>Nos commodius agimus.</a> </p>\n\n<p>Negare non possum. Nam quid possumus facere melius? Nescio quo modo praetervolavit oratio. Memini me adesse P. Sed ego in hoc resisto; </p>\n\n<dl>\n\t<dt><dfn>Tu quidem reddes;</dfn></dt>\n\t<dd>Re mihi non aeque satisfacit, et quidem locis pluribus.</dd>\n\t<dt><dfn>Restatis igitur vos;</dfn></dt>\n\t<dd>Tu enim ista lenius, hic Stoicorum more nos vexat.</dd>\n\t<dt><dfn>Sed videbimus.</dfn></dt>\n\t<dd>Deinde, ubi erubuit-vis enim est permagna naturae-, confugit illuc, ut neget accedere quicquam posse ad voluptatem nihil dolentis.</dd>\n\t<dt><dfn>Cur iustitia laudatur?</dfn></dt>\n\t<dd>Utrum igitur tibi litteram videor an totas paginas commovere?</dd>\n\t<dt><dfn>Haec dicuntur inconstantissime.</dfn></dt>\n\t<dd>In qua si nihil est praeter rationem, sit in una virtute finis bonorum;</dd>\n</dl>\n\n\n<ol>\n\t<li>Atqui, inquam, Cato, si istud optinueris, traducas me ad te totum licebit.</li>\n\t<li>Beatus autem esse in maximarum rerum timore nemo potest.</li>\n\t<li>Si enim ita est, vide ne facinus facias, cum mori suadeas.</li>\n\t<li>Rapior illuc, revocat autem Antiochus, nec est praeterea, quem audiamus.</li>\n</ol>\n\n\n<ul>\n\t<li>Laelius clamores sof\u00f2w ille so lebat Edere compellans gumias ex ordine nostros.</li>\n\t<li>Qui non moveatur et offensione turpitudinis et comprobatione honestatis?</li>\n\t<li>Aliter enim explicari, quod quaeritur, non potest.</li>\n\t<li>Habent enim et bene longam et satis litigiosam disputationem.</li>\n</ul>\n\n\n",
    "eventUrl": "http://en.wikipedia.com/wiki/Lorem_ipsum",
    "creation_date": "2018/10/26 18:00:10.386776 GMT-4",
    "contactEmail": "loremipsum@mail.com",
    "_uid": "923f41535a6741efbd1350288b9a3d9b",
    "expirationDate": "None",
    "contactName": "Metus fames ante iaculis ut torquent nulla.",
    "_content_type_id": "text/plain",
    "contactPhone": "Lorem ipsum sociosqu fusce cum.",
    "id": "morbi-nulla-commodo-lacinia-etiam.",
    "subject": [],
    "attendees": [],
    "effectiveDate": "None",
    "title": "Morbi nulla commodo lacinia etiam.",
    "_content_type_contactPhone": "text/plain",
    "_content_type_eventUrl": "text/plain",
    "_content_type_language": "text/plain",
    "_defaultpage": "",
    "location": "Class morbi ullamcorper nibh duis in magna litora cubilia aliquet duis.",
    "_content_type_title": "text/plain",
    "excludeFromNav": true,
    "_content_type_contactName": "text/plain",
    "_type": "Event",
    "description": "Lorem porta nec eget enim inceptos habitant proin posuere volutpat. Risus fames mattis nullam fringilla. Etiam nulla leo parturient adipiscing ac. Augue morbi non elit per a aenean. Donec augue nec nulla. Etiam ipsum orci nonummy ac amet orci leo egestas facilisi. Fusce magna platea augue morbi nibh phasellus pulvinar ad varius molestie dui. Morbi fames. Curae ipsum velit eget varius. Velit morbi cubilia nibh eleifend tellus dictum hac per mus ut torquent.",
    "_atrefs": {},
    "_layout": "event_view",
    "_workflow_history": {
        "simple_publication_workflow": [
            {
                "action": null,
                "review_state": "private",
                "actor": "admin",
                "comments": "",
                "time": "2018/10/26 18:00:10.391676 GMT-4"
            },
            {
                "action": "publish",
                "review_state": "published",
                "actor": "admin",
                "comments": "",
                "time": "2018/10/26 18:00:10.716737 GMT-4"
            }
        ]
    },
    "_content_type_rights": "text/plain",
    "_directly_provided": [],
    "_classname": "ATEvent",
    "_userdefined_roles": [],
    "_content_type_contactEmail": "text/plain",
    "_content_type": "text/html",
    "_id": "morbi-nulla-commodo-lacinia-etiam.",
    "modification_date": "2018/10/26 18:00:10.720682 GMT-4",
    "language": "en",
    "rights": "Massa donec. Lorem porta. Ipsum purus nulla curae. Magna augue pede nibh elementum luctus adipiscing morbi lacinia lacus ut. Curae class. Magna morbi sem quis placerat magnis lectus pretium arcu eros. Dolor proin neque luctus est dictumst fringilla sollicitudin egestas erat inceptos fermentum nascetur massa consequat. Morbi augue pede pretium aliquet montes id lectus sollicitudin imperdiet. Donec vitae.",
    "_atbrefs": {},
    "_content_type_description": "text/plain",
    "_owner": "admin",
    "_content_type_location": "text/plain",
    "_permissions": {
        "Modify portal content": {
            "acquire": false,
            "roles": [
                "Editor",
                "Manager",
                "Owner",
                "Site Administrator"
            ]
        },
        "Access contents information": {
            "acquire": false,
            "roles": [
                "Anonymous"
            ]
        },
        "View": {
            "acquire": false,
            "roles": [
                "Anonymous"
            ]
        }
    },
    "_properties": [
        [
            "title",
            "Morbi nulla commodo lacinia etiam.",
            "string"
        ]
    ],
    "allowDiscussion": false,
    "_gopip": 19,
    "creators": [
        "admin"
    ],
    "_ac_local_roles": {
        "admin": [
            "Owner"
        ]
    },
    "_path": "/Plone/about/lacus-purus-sit-augue-facilisis-ultricies-pede./metus-augue-platea-donec-fames-inceptos-non-ut-fermentum-ipsum./morbi-nulla-commodo-lacinia-etiam."
}