{
    "contributors": [],
    "creation_date": "2018/10/26 18:00:12.832051 GMT-4",
    "_uid": "b64c1defbda24f72a46d4b0620a4bac7",
    "expirationDate": "None",
    "_content_type_id": "text/plain",
    "id": "lorem-etiam-cras-leo-congue-proin-id-a-congue-cras.",
    "subject": [],
    "modification_date": "2018/10/26 18:00:12.886498 GMT-4",
    "title": "Lorem etiam cras leo congue proin id a congue cras.",
    "_ac_local_roles": {
        "admin": [
            "Owner"
        ]
    },
    "_content_type_language": "text/plain",
    "_defaultpage": "index_html",
    "location": "Morbi lacus leo torquent rhoncus lorem integer vehicula feugiat turpis.",
    "_content_type_title": "text/plain",
    "excludeFromNav": false,
    "_atbrefs": {},
    "_type": "File",
    "description": "Fames massa dis placerat. Nulla neque cursus sapien torquent elit cum et habitasse penatibus quis rhoncus in. Felis morbi placerat nulla felis nec massa nisl est. Magna class non diam. Lacus metus. Fames purus habitant ad ipsum sit ipsum elementum ante sed pellentesque aptent sociis. Neque lacus hac duis parturient nisl. Risus class vel risus ornare sociis vehicula risus in. Etiam ipsum nam diam nam erat euismod. Lorem nulla aenean pede litora. Ipsum nulla sit enim ligula in nisi class in tortor auctor fusce. Proin etiam class dignissim porta a. Lacus class per. Neque fames nunc ante etiam.",
    "_atrefs": {},
    "_layout": "file_view",
    "_workflow_history": {
        "simple_publication_workflow": [
            {
                "action": null,
                "review_state": "private",
                "actor": "admin",
                "comments": "",
                "time": "2018/10/26 17:59:55.494394 GMT-4"
            },
            {
                "action": "publish",
                "review_state": "published",
                "actor": "admin",
                "comments": "",
                "time": "2018/10/26 17:59:55.810314 GMT-4"
            }
        ]
    },
    "_datafield_file": {
        "encoding": "base64",
        "filename": "magna..dat",
        "data": "R0lGODlhAQABAPAAAPj8+AAAACH5BAEAAAAALAAAAAABAAEAAAICRAEAOw==",
        "content_type": "chemical/x-mopac-input",
        "size": [
            1,
            1
        ]
    },
    "_content_type_rights": "text/plain",
    "_classname": "ATBlob",
    "_directly_provided": [
        "plone.app.blob.interfaces.IATBlobFile",
        "Products.ATContentTypes.interfaces.file.IATFile",
        "Products.ATContentTypes.interfaces.file.IFileContent"
    ],
    "_userdefined_roles": [],
    "_content_type": "chemical/x-mopac-input",
    "_id": "lorem-etiam-cras-leo-congue-proin-id-a-congue-cras.",
    "effectiveDate": "None",
    "language": "en",
    "rights": "Felis vitae litora mattis felis lacinia ad arcu. Etiam dolor nam pulvinar viverra risus pede ac pellentesque gravida. Morbi velit dolor mus montes aliquet eu ut. Curae nulla est fermentum velit. Morbi donec suspendisse suscipit cubilia mollis sit sodales ac velit. Velit morbi quis ullamcorper quisque ipsum sem. Ipsum class nibh rutrum luctus dolor metus duis lacinia cursus fusce morbi libero. Porta fusce nullam curae sagittis vestibulum aliquet odio ad magna sit. Morbi metus dictum porta nibh a ipsum dapibus fames ad. Fusce magna lacinia aliquet senectus rutrum ante cursus blandit natoque amet felis. Massa fames cum luctus duis conubia. Nulla augue blandit in at magnis. Vitae nulla. Nulla purus porta a eros adipiscing vel adipiscing primis. Risus nulla. Dolor risus. Morbi magna hymenaeos conubia aptent ipsum rutrum eros. Velit donec hac nostra dapibus sed odio. Neque augue. Purus netus sapien id metus et aptent vehicula adipiscing ligula leo. Curae augue ornare platea sit. Magna porta praesent erat montes. Morbi vitae mattis curabitur suscipit torquent iaculis. Class neque est libero a vestibulum vel lorem varius cursus amet tellus mi eleifend.",
    "_content_type_description": "text/plain",
    "_owner": "admin",
    "_content_type_location": "text/plain",
    "_permissions": {},
    "_properties": [
        [
            "title",
            "Lorem etiam cras leo congue proin id a congue cras.",
            "string"
        ]
    ],
    "allowDiscussion": false,
    "_gopip": 29,
    "creators": [
        "admin"
    ],
    "_path": "/Plone/about/lacus-purus-sit-augue-facilisis-ultricies-pede./metus-augue-platea-donec-fames-inceptos-non-ut-fermentum-ipsum./lorem-etiam-cras-leo-congue-proin-id-a-congue-cras."
}