{
    "locallyAllowedTypes": [
        "Document",
        "Event",
        "File",
        "Folder",
        "Image",
        "Link",
        "News Item",
        "Collection"
    ],
    "contributors": [],
    "creation_date": "2018/10/26 18:00:17.296132 GMT-4",
    "_uid": "01596bc2952c4db781939fa86519dea8",
    "expirationDate": "None",
    "_content_type_id": "text/plain",
    "immediatelyAddableTypes": [
        "Document",
        "Event",
        "File",
        "Folder",
        "Image",
        "Link",
        "News Item",
        "Collection"
    ],
    "id": "purus-ipsum-magnis-donec-at-nulla-nam-malesuada.",
    "subject": [],
    "modification_date": "2018/10/26 18:00:17.625931 GMT-4",
    "title": "Purus ipsum magnis donec at nulla nam malesuada.",
    "_ac_local_roles": {
        "admin": [
            "Owner"
        ]
    },
    "_content_type_language": "text/plain",
    "_defaultpage": "",
    "location": "Class fusce.",
    "_content_type_title": "text/plain",
    "excludeFromNav": false,
    "_atbrefs": {},
    "constrainTypesMode": -1,
    "_type": "Folder",
    "description": "Nulla magna duis aliquet et ve nibh placerat. Magna justo dis duis sem. Massa felis pulvinar magna odio. Velit morbi quisque platea leo. Neque proin. Felis morbi. Massa risus. Velit donec ipsum eget inceptos tristique ornare habitant ut magnis habitasse. Morbi vitae aliquam eni feugiat fusce pede senectus. Velit metus ullamcorper. Massa porta purus cursus enim mi tempor duis eros. Metus vitae nostra molestie habitasse nulla pulvinar augue hac enim ante parturient. Lacus fusce dictum varius pretium ve ut imperdiet vitae posuere non. Porta dolor integer sit. Morbi porta. Netus metus sed nisi non primis eleifend pede.",
    "_atrefs": {},
    "_layout": "folder_listing",
    "_workflow_history": {
        "simple_publication_workflow": [
            {
                "action": null,
                "review_state": "private",
                "actor": "admin",
                "comments": "",
                "time": "2018/10/26 18:00:17.301345 GMT-4"
            },
            {
                "action": "publish",
                "review_state": "published",
                "actor": "admin",
                "comments": "",
                "time": "2018/10/26 18:00:17.620420 GMT-4"
            }
        ]
    },
    "_content_type_rights": "text/plain",
    "_directly_provided": [],
    "language": "en",
    "_classname": "ATFolder",
    "banner": "<h1>Ex rebus enim timiditas, non ex vocabulis nascitur.</h1>\n\n<p>Lorem ipsum dolor sit amet, consectetur adipiscing elit. Vide, quaeso, rectumne sit. An hoc usque quaque, aliter in vita? Duo Reges: constructio interrete. <a href='http://loripsum.net/' target='_blank'>Dat enim intervalla et relaxat.</a> Idem adhuc; Iam id ipsum absurdum, maximum malum neglegi. </p>\n\n<dl>\n\t<dt><dfn>Quid de Pythagora?</dfn></dt>\n\t<dd>Sed haec ab Antiocho, familiari nostro, dicuntur multo melius et fortius, quam a Stasea dicebantur.</dd>\n\t<dt><dfn>Recte, inquit, intellegis.</dfn></dt>\n\t<dd>Maximas vero virtutes iacere omnis necesse est voluptate dominante.</dd>\n</dl>\n\n\n<p>Sed nimis multa. Nihilo beatiorem esse Metellum quam Regulum. Ait enim se, si uratur, Quam hoc suave! dicturum. <a href='http://loripsum.net/' target='_blank'>Peccata paria.</a> Praeteritis, inquit, gaudeo. An est aliquid, quod te sua sponte delectet? </p>\n\n<ul>\n\t<li>Quod totum contra est.</li>\n\t<li>Hoc loco tenere se Triarius non potuit.</li>\n\t<li>Non enim ipsa genuit hominem, sed accepit a natura inchoatum.</li>\n\t<li>Unum nescio, quo modo possit, si luxuriosus sit, finitas cupiditates habere.</li>\n\t<li>Graecum enim hunc versum nostis omnes-: Suavis laborum est praeteritorum memoria.</li>\n\t<li>Illis videtur, qui illud non dubitant bonum dicere -;</li>\n</ul>\n\n\n<p><a href='http://loripsum.net/' target='_blank'>Hoc non est positum in nostra actione.</a> Qui ita affectus, beatum esse numquam probabis; Eam tum adesse, cum dolor omnis absit; Vide, quantum, inquam, fallare, Torquate. Quare conare, quaeso. </p>\n\n<ol>\n\t<li>Sed in rebus apertissimis nimium longi sumus.</li>\n\t<li>Deinde disputat, quod cuiusque generis animantium statui deceat extremum.</li>\n\t<li>Non est ista, inquam, Piso, magna dissensio.</li>\n\t<li>Huic mori optimum esse propter desperationem sapientiae, illi propter spem vivere.</li>\n</ol>\n\n\n",
    "_userdefined_roles": [],
    "_content_type": "text/plain",
    "_id": "purus-ipsum-magnis-donec-at-nulla-nam-malesuada.",
    "nextPreviousEnabled": true,
    "effectiveDate": "None",
    "_content_type_banner": "text/html",
    "rights": "Dolor velit. Neque donec dolor class lobortis ut leo sociis molestie nonummy aliquet tempor ac eu. Augue massa nec natoque erat nisl lectus nisi porta quam. Vitae curae condimentum id lectus fringilla. Magna fames vitae ullamcorper. Massa metus conubia viverra litora lorem vestibulum suspendisse magnis ve porta malesuada odio porta sed. Lorem massa non. Etiam class hendrerit posuere class. Fusce curae nullam duis eu pede lobortis ipsum ac a. Metus dolor urna a.",
    "_content_type_description": "text/plain",
    "_owner": "admin",
    "_content_type_location": "text/plain",
    "_permissions": {
        "Change portal events": {
            "acquire": false,
            "roles": [
                "Editor",
                "Manager",
                "Owner",
                "Site Administrator"
            ]
        },
        "Modify portal content": {
            "acquire": false,
            "roles": [
                "Editor",
                "Manager",
                "Owner",
                "Site Administrator"
            ]
        },
        "Access contents information": {
            "acquire": false,
            "roles": [
                "Anonymous"
            ]
        },
        "View": {
            "acquire": false,
            "roles": [
                "Anonymous"
            ]
        }
    },
    "_properties": [
        [
            "title",
            "Purus ipsum magnis donec at nulla nam malesuada.",
            "string"
        ]
    ],
    "allowDiscussion": false,
    "_gopip": 38,
    "creators": [
        "admin"
    ],
    "_path": "/Plone/about/lacus-purus-sit-augue-facilisis-ultricies-pede./metus-augue-platea-donec-fames-inceptos-non-ut-fermentum-ipsum./purus-ipsum-magnis-donec-at-nulla-nam-malesuada."
}