{
    "contributors": [],
    "creation_date": "2018/10/26 18:00:22.934043 GMT-4",
    "_uid": "2581d1796b4f4d3a8742f2ceaf993cce",
    "expirationDate": "None",
    "_content_type_id": "text/plain",
    "id": "netus-augue-non-eros-urna-tristique-pellentesque-potenti-proin-nec-donec.",
    "subject": [],
    "modification_date": "2018/10/26 18:00:22.978244 GMT-4",
    "title": "Netus augue non eros urna tristique pellentesque potenti proin nec donec.",
    "_ac_local_roles": {
        "admin": [
            "Owner"
        ]
    },
    "_content_type_language": "text/plain",
    "_defaultpage": "",
    "location": "Risus ipsum orci volutpat sodales penatibus erat integer.",
    "_content_type_title": "text/plain",
    "excludeFromNav": false,
    "_atbrefs": {},
    "_type": "Link",
    "description": "Nulla purus nam quam dictumst. Metus massa dolor dis pede odio torquent sit dapibus id ac. Lorem fames dis nibh pharetra suspendisse facilisi fermentum accumsan. Velit lacus etiam metus lectus in. Etiam class nunc etiam scelerisque volutpat erat ligula. Neque lorem blandit eu tempus ipsum viverra nonummy tempus augue velit cursus. Dolor vitae natoque ut nulla. Etiam fusce sodales nibh in velit. Lorem fusce magnis cubilia natoque magna odio placerat euismod neque iaculis. Velit fusce dui torquent egestas in. Proin fames interdum morbi. Neque metus. Class nulla massa duis viverra blandit ultricies. Felis velit leo dolor habitasse sociosqu suscipit felis a. Curae purus a rutrum. Etiam vitae nisi quam magnis non sodales at. Netus proin vel. Porta ipsum velit donec platea odio. Vitae etiam felis mauris nam dapibus donec.",
    "_atrefs": {},
    "_layout": "link_redirect_view",
    "_workflow_history": {
        "simple_publication_workflow": [
            {
                "action": null,
                "review_state": "private",
                "actor": "admin",
                "comments": "",
                "time": "2018/10/26 18:00:22.937320 GMT-4"
            },
            {
                "action": "publish",
                "review_state": "published",
                "actor": "admin",
                "comments": "",
                "time": "2018/10/26 18:00:22.974435 GMT-4"
            }
        ]
    },
    "_content_type_rights": "text/plain",
    "_directly_provided": [],
    "_content_type_remoteUrl": "text/plain",
    "_classname": "ATLink",
    "_userdefined_roles": [],
    "_content_type": "text/plain",
    "_id": "netus-augue-non-eros-urna-tristique-pellentesque-potenti-proin-nec-donec.",
    "remoteUrl": "Massa%20netus%20elementum%20vivamus%20tellus%20donec%20ve%20luctus%20inceptos%20duis%20pede%20sit%20lacus.",
    "effectiveDate": "None",
    "language": "en",
    "rights": "Class etiam dolor rhoncus per potenti in blandit enim placerat parturient aliquam quam. Donec fames enim potenti erat velit viverra eget. Lorem purus proin. Augue netus porta. Neque netus euismod nibh id. Massa donec faucibus ve sem enim nam hac. Dolor netus. Ipsum nulla nunc a ante et purus magnis. Augue metus mattis lacus pharetra ridiculus felis id eu. Risus curae. Curae velit sit eget elit dapibus luctus cras. Justo velit curabitur lacinia magnis lorem.",
    "_content_type_description": "text/plain",
    "_owner": "admin",
    "_content_type_location": "text/plain",
    "_permissions": {
        "Modify portal content": {
            "acquire": false,
            "roles": [
                "Editor",
                "Manager",
                "Owner",
                "Site Administrator"
            ]
        },
        "Access contents information": {
            "acquire": false,
            "roles": [
                "Anonymous"
            ]
        },
        "View": {
            "acquire": false,
            "roles": [
                "Anonymous"
            ]
        }
    },
    "_properties": [
        [
            "title",
            "Netus augue non eros urna tristique pellentesque potenti proin nec donec.",
            "string"
        ]
    ],
    "allowDiscussion": false,
    "_gopip": 54,
    "creators": [
        "admin"
    ],
    "_path": "/Plone/about/lacus-purus-sit-augue-facilisis-ultricies-pede./metus-augue-platea-donec-fames-inceptos-non-ut-fermentum-ipsum./netus-augue-non-eros-urna-tristique-pellentesque-potenti-proin-nec-donec."
}