{
    "contributors": [],
    "creation_date": "2018/10/26 18:00:23.109679 GMT-4",
    "_uid": "52159d42eea044daa4b46cd99f99469d",
    "expirationDate": "None",
    "_content_type_id": "text/plain",
    "id": "vitae-justo.",
    "subject": [],
    "modification_date": "2018/10/26 18:00:23.163620 GMT-4",
    "title": "Vitae justo.",
    "_ac_local_roles": {
        "admin": [
            "Owner"
        ]
    },
    "_content_type_language": "text/plain",
    "_defaultpage": "",
    "location": "Magna metus.",
    "_content_type_title": "text/plain",
    "excludeFromNav": false,
    "_atbrefs": {},
    "_type": "Link",
    "description": "Class magna congue litora interdum vestibulum facilisis dolor. Nulla dolor. Porta lorem. Fames metus enim volutpat posuere dictum fusce. Vitae velit nascetur donec in tempus a posuere mollis sit. Lacus morbi magnis nonummy lacinia venenatis volutpat rutrum duis hac libero tincidunt metus vitae feugiat ve. Etiam ipsum nonummy litora morbi curabitur eu sociis sed ac felis. Massa metus nullam vel nam ac fermentum netus sed lacinia maecenas pede dui magna. Magna felis cursus ornare purus leo risus vel fames quis neque hendrerit arcu enim fames. Ipsum vitae semper class. Augue magna mollis tempus metus adipiscing sagittis fusce montes. Proin felis dignissim. Ipsum felis taciti curae. Risus nulla est quam.",
    "_atrefs": {},
    "_layout": "link_redirect_view",
    "_workflow_history": {
        "simple_publication_workflow": [
            {
                "action": null,
                "review_state": "private",
                "actor": "admin",
                "comments": "",
                "time": "2018/10/26 18:00:23.113314 GMT-4"
            },
            {
                "action": "publish",
                "review_state": "published",
                "actor": "admin",
                "comments": "",
                "time": "2018/10/26 18:00:23.156752 GMT-4"
            }
        ]
    },
    "_content_type_rights": "text/plain",
    "_directly_provided": [],
    "_content_type_remoteUrl": "text/plain",
    "_classname": "ATLink",
    "_userdefined_roles": [],
    "_content_type": "text/plain",
    "_id": "vitae-justo.",
    "remoteUrl": "Nulla%20netus%20justo%20hac%20lacinia%20torquent%20erat%20bibendum.",
    "effectiveDate": "None",
    "language": "en",
    "rights": "Justo risus dolor leo lectus viverra integer nibh parturient quam morbi. Curae risus blandit taciti fames donec lacinia elementum ut. Netus fusce posuere. Metus massa praesent ipsum. Neque justo senectus est donec. Ipsum neque dapibus hendrerit eni viverra a mattis metus id diam ullamcorper. Purus nulla est odio a morbi. Lacus massa mus vel rhoncus. Donec lacus ipsum cum non. Class magna placerat dui erat convallis ve elit volutpat tempor parturient massa nisl. Purus ipsum mus arcu parturient nostra. Etiam purus. Magna porta sociis diam nonummy curabitur arcu vel erat eleifend a faucibus. Class morbi sit vitae ipsum ullamcorper amet nostra curabitur. Ipsum morbi sapien. Metus justo nostra taciti ipsum eu elementum nulla in tempus. Neque class etiam senectus neque nibh a. Netus nulla.",
    "_content_type_description": "text/plain",
    "_owner": "admin",
    "_content_type_location": "text/plain",
    "_permissions": {
        "Modify portal content": {
            "acquire": false,
            "roles": [
                "Editor",
                "Manager",
                "Owner",
                "Site Administrator"
            ]
        },
        "Access contents information": {
            "acquire": false,
            "roles": [
                "Anonymous"
            ]
        },
        "View": {
            "acquire": false,
            "roles": [
                "Anonymous"
            ]
        }
    },
    "_properties": [
        [
            "title",
            "Vitae justo.",
            "string"
        ]
    ],
    "allowDiscussion": false,
    "_gopip": 55,
    "creators": [
        "admin"
    ],
    "_path": "/Plone/about/lacus-purus-sit-augue-facilisis-ultricies-pede./metus-augue-platea-donec-fames-inceptos-non-ut-fermentum-ipsum./vitae-justo."
}