{
    "contributors": [],
    "_content_type_text": "text/html",
    "text": "<h1>Deinde disputat, quod cuiusque generis animantium statui deceat extremum.</h1>\n\n<p>Lorem ipsum dolor sit amet, consectetur adipiscing elit. Quid ergo? <a href='http://loripsum.net/' target='_blank'>Ut id aliis narrare gestiant?</a> Maximus dolor, inquit, brevis est. </p>\n\n<ol>\n\t<li>Quod quidem iam fit etiam in Academia.</li>\n\t<li>Sed ille, ut dixi, vitiose.</li>\n</ol>\n\n\n<p>Quid dubitas igitur mutare principia naturae? Duo Reges: constructio interrete. Poterat autem inpune; Non laboro, inquit, de nomine. Nulla erit controversia. <a href='http://loripsum.net/' target='_blank'>Non est ista, inquam, Piso, magna dissensio.</a> </p>\n\n<ul>\n\t<li>Sed mehercule pergrata mihi oratio tua.</li>\n\t<li>Vitae autem degendae ratio maxime quidem illis placuit quieta.</li>\n\t<li>An vero, inquit, quisquam potest probare, quod perceptfum, quod.</li>\n\t<li>Dic in quovis conventu te omnia facere, ne doleas.</li>\n</ul>\n\n\n<p>Invidiosum nomen est, infame, suspectum. Confecta res esset. Itaque contra est, ac dicitis; Nihil enim hoc differt. <a href='http://loripsum.net/' target='_blank'>Sed nimis multa.</a> Hic ambiguo ludimur. </p>\n\n<dl>\n\t<dt><dfn>Optime, inquam.</dfn></dt>\n\t<dd>Cupiditates non Epicuri divisione finiebat, sed sua satietate.</dd>\n\t<dt><dfn>Eademne, quae restincta siti?</dfn></dt>\n\t<dd>Tertium autem omnibus aut maximis rebus iis, quae secundum naturam sint, fruentem vivere.</dd>\n\t<dt><dfn>Magna laus.</dfn></dt>\n\t<dd>Restincta enim sitis stabilitatem voluptatis habet, inquit, illa autem voluptas ipsius restinctionis in motu est.</dd>\n\t<dt><dfn>Quae sequuntur igitur?</dfn></dt>\n\t<dd>Quae cum dixisset paulumque institisset, Quid est?</dd>\n</dl>\n\n\n",
    "creation_date": "2018/10/26 18:00:24.576490 GMT-4",
    "imageCaption": "Fames felis.",
    "expirationDate": "None",
    "_content_type_id": "text/plain",
    "id": "augue-lacus-urna-nisi-orci-dolor-condimentum-eu-sociis-in.",
    "subject": [],
    "modification_date": "2018/10/26 18:00:24.909665 GMT-4",
    "title": "Augue lacus urna nisi orci dolor condimentum eu sociis in.",
    "_ac_local_roles": {
        "admin": [
            "Owner"
        ]
    },
    "_content_type_language": "text/plain",
    "_defaultpage": "",
    "location": "Nulla magna praesent nisi primis aliquam posuere.",
    "_content_type_title": "text/plain",
    "excludeFromNav": false,
    "_atbrefs": {},
    "_content_type_imageCaption": "text/plain",
    "_type": "News Item",
    "description": "Risus felis. Curae justo. Class velit sociis parturient massa erat mus. Neque fusce eros id non vulputate platea etiam aenean cum laoreet. Nulla fames congue aptent mus. Velit metus cras dapibus a primis purus. Curae massa. Netus nulla primis sollicitudin tristique porta quis sagittis. Justo lorem dis pharetra morbi magnis primis. Curae donec blandit ut consequat at penatibus a vulputate proin eget. Netus porta dictum urna. Augue ipsum sapien erat elit viverra lacinia montes lacus accumsan vestibulum mattis. Lacus fusce pede sed orci.",
    "_atrefs": {},
    "_layout": "newsitem_view",
    "_workflow_history": {
        "simple_publication_workflow": [
            {
                "action": null,
                "review_state": "private",
                "actor": "admin",
                "comments": "",
                "time": "2018/10/26 18:00:24.580902 GMT-4"
            },
            {
                "action": "publish",
                "review_state": "published",
                "actor": "admin",
                "comments": "",
                "time": "2018/10/26 18:00:24.905108 GMT-4"
            }
        ]
    },
    "_content_type_rights": "text/plain",
    "_directly_provided": [],
    "_classname": "ATNewsItem",
    "_userdefined_roles": [],
    "_content_type": "text/html",
    "_id": "augue-lacus-urna-nisi-orci-dolor-condimentum-eu-sociis-in.",
    "effectiveDate": "None",
    "language": "en",
    "rights": "Curae risus nisl cum iaculis ad lorem. Metus class conubia libero. Purus velit dictum in ad in orci interdum fusce. Etiam purus. Magna augue mattis nullam nec in ipsum tincidunt tortor ultrices. Etiam proin varius ut etiam. Augue etiam ligula rutrum vehicula. Purus magna varius praesent sem proin felis egestas ante arcu aliquet turpis nibh eget. Lorem morbi. Lacus fusce a euismod rutrum ac. Ipsum porta a primis cras elementum sagittis class. Curae fusce. Purus dolor suscipit felis interdum proin ultricies faucibus. Lorem purus magna phasellus maecenas ad scelerisque at aptent. Porta class mus taciti litora porta dolor pretium id aliquam.",
    "_content_type_description": "text/plain",
    "_uid": "001018112700401a9f66ba579a91d9c0",
    "_owner": "admin",
    "_content_type_location": "text/plain",
    "_permissions": {
        "Modify portal content": {
            "acquire": false,
            "roles": [
                "Editor",
                "Manager",
                "Owner",
                "Site Administrator"
            ]
        },
        "Access contents information": {
            "acquire": false,
            "roles": [
                "Anonymous"
            ]
        },
        "View": {
            "acquire": false,
            "roles": [
                "Anonymous"
            ]
        }
    },
    "_properties": [
        [
            "title",
            "Augue lacus urna nisi orci dolor condimentum eu sociis in.",
            "string"
        ]
    ],
    "allowDiscussion": false,
    "_gopip": 61,
    "creators": [
        "admin"
    ],
    "_path": "/Plone/about/lacus-purus-sit-augue-facilisis-ultricies-pede./metus-augue-platea-donec-fames-inceptos-non-ut-fermentum-ipsum./augue-lacus-urna-nisi-orci-dolor-condimentum-eu-sociis-in."
}