{
    "contributors": [],
    "_content_type_text": "text/html",
    "text": "<h1>Cuius similitudine perspecta in formarum specie ac dignitate transitum est ad honestatem dictorum atque factorum.</h1>\n\n<p>Lorem ipsum dolor sit amet, consectetur adipiscing elit. Quid autem habent admirationis, cum prope accesseris? <a href='http://loripsum.net/' target='_blank'>Collatio igitur ista te nihil iuvat.</a> Quis Aristidem non mortuum diligit? At, si voluptas esset bonum, desideraret. Duo Reges: constructio interrete. At iam decimum annum in spelunca iacet. </p>\n\n<h3>Quod praeceptum quia maius erat, quam ut ab homine videretur, idcirco assignatum est deo.</h3>\n\n<p>Idem adhuc; <a href='http://loripsum.net/' target='_blank'>Audeo dicere, inquit.</a> Primum quid tu dicis breve? <a href='http://loripsum.net/' target='_blank'>Dici enim nihil potest verius.</a> </p>\n\n<ol>\n\t<li>Pugnant Stoici cum Peripateticis.</li>\n\t<li>Quid, si non sensus modo ei sit datus, verum etiam animus hominis?</li>\n\t<li>Modo etiam paulum ad dexteram de via declinavi, ut ad Pericli sepulcrum accederem.</li>\n</ol>\n\n\n<ul>\n\t<li>Compensabatur, inquit, cum summis doloribus laetitia.</li>\n\t<li>Solum praeterea formosum, solum liberum, solum civem, stultost;</li>\n\t<li>Quod autem principium officii quaerunt, melius quam Pyrrho;</li>\n\t<li>Quicquid porro animo cernimus, id omne oritur a sensibus;</li>\n</ul>\n\n\n<dl>\n\t<dt><dfn>Paria sunt igitur.</dfn></dt>\n\t<dd>Si alia sentit, inquam, alia loquitur, numquam intellegam quid sentiat;</dd>\n\t<dt><dfn>ALIO MODO.</dfn></dt>\n\t<dd>Quis suae urbis conservatorem Codrum, quis Erechthei filias non maxime laudat?</dd>\n\t<dt><dfn>Sed nimis multa.</dfn></dt>\n\t<dd>Quae tamen a te agetur non melior, quam illae sunt, quas interdum optines.</dd>\n\t<dt><dfn>An eiusdem modi?</dfn></dt>\n\t<dd>Sit sane ista voluptas.</dd>\n</dl>\n\n\n<h2>Ita redarguitur ipse a sese, convincunturque scripta eius probitate ipsius ac moribus.</h2>\n\n<p><a href='http://loripsum.net/' target='_blank'>Bonum valitudo: miser morbus.</a> Quis istud possit, inquit, negare? Quae cum dixisset paulumque institisset, Quid est? </p>\n\n",
    "creation_date": "2018/10/26 18:00:25.681509 GMT-4",
    "imageCaption": "Donec etiam urna platea.",
    "expirationDate": "None",
    "_content_type_id": "text/plain",
    "id": "dolor-justo-nec-fames-fringilla-nam-orci-vel-arcu-cursus-tempus-convallis-lorem-cubilia-litora.",
    "subject": [],
    "modification_date": "2018/10/26 18:00:26.017692 GMT-4",
    "title": "Dolor justo nec fames fringilla nam orci vel arcu cursus tempus convallis lorem cubilia litora.",
    "_ac_local_roles": {
        "admin": [
            "Owner"
        ]
    },
    "_content_type_language": "text/plain",
    "_defaultpage": "",
    "location": "Magna lacus eros ad sociis a habitant elit et est phasellus iaculis metus sit natoque.",
    "_content_type_title": "text/plain",
    "excludeFromNav": true,
    "_atbrefs": {},
    "_content_type_imageCaption": "text/plain",
    "_type": "News Item",
    "description": "Magna donec volutpat erat vel ve eget risus sit nisl. Neque curae lacus pretium sem rhoncus lectus. Massa morbi auctor facilisi malesuada id penatibus fames metus condimentum maecenas. Ipsum dolor aliquet urna pellentesque eleifend curae lobortis cras. Ipsum magna etiam malesuada parturient eni velit. Vitae porta. Metus felis. Vitae morbi lobortis mi condimentum diam cras ve. Donec proin magnis ac id nisi et porta tellus dolor mus ligula nonummy ve arcu. Donec ipsum cursus lacinia mi ligula nascetur vestibulum ridiculus ullamcorper mus auctor a maecenas arcu cras inceptos. Curae lorem curae. Augue magna a cras at eget pulvinar a pellentesque nisl gravida porta dui felis. Magna velit turpis taciti ante suspendisse cum.",
    "_atrefs": {},
    "_layout": "newsitem_view",
    "_workflow_history": {
        "simple_publication_workflow": [
            {
                "action": null,
                "review_state": "private",
                "actor": "admin",
                "comments": "",
                "time": "2018/10/26 18:00:25.685319 GMT-4"
            },
            {
                "action": "publish",
                "review_state": "published",
                "actor": "admin",
                "comments": "",
                "time": "2018/10/26 18:00:26.012201 GMT-4"
            }
        ]
    },
    "_content_type_rights": "text/plain",
    "_directly_provided": [],
    "_classname": "ATNewsItem",
    "_userdefined_roles": [],
    "_content_type": "text/html",
    "_id": "dolor-justo-nec-fames-fringilla-nam-orci-vel-arcu-cursus-tempus-convallis-lorem-cubilia-litora.",
    "effectiveDate": "None",
    "language": "en",
    "rights": "Curae velit. Vitae morbi sociis tristique bibendum ante sed massa est pretium ve congue. Curae justo urna torquent a sollicitudin duis feugiat magna. Lacus curae sit parturient ve turpis. Curae vitae ante mus varius a adipiscing. Nulla dolor non libero natoque quis etiam enim a nulla. Curae dolor neque lacus. Fames justo placerat consequat eu suspendisse erat eros. Fusce massa. Proin fames. Purus vitae. Felis proin ullamcorper eleifend tincidunt consectetuer parturient eros hendrerit pellentesque. Augue netus mollis felis id neque vel. Porta magna lacus nonummy posuere quam a enim. Dolor morbi class ante venenatis inceptos purus inceptos metus primis nullam felis sociis quam scelerisque blandit hac. Dolor class cursus blandit vulputate.",
    "_content_type_description": "text/plain",
    "_uid": "b11c8767962c421699691fa8b6baf850",
    "_owner": "admin",
    "_content_type_location": "text/plain",
    "_permissions": {
        "Modify portal content": {
            "acquire": false,
            "roles": [
                "Editor",
                "Manager",
                "Owner",
                "Site Administrator"
            ]
        },
        "Access contents information": {
            "acquire": false,
            "roles": [
                "Anonymous"
            ]
        },
        "View": {
            "acquire": false,
            "roles": [
                "Anonymous"
            ]
        }
    },
    "_properties": [
        [
            "title",
            "Dolor justo nec fames fringilla nam orci vel arcu cursus tempus convallis lorem cubilia litora.",
            "string"
        ]
    ],
    "allowDiscussion": false,
    "_gopip": 63,
    "creators": [
        "admin"
    ],
    "_path": "/Plone/about/lacus-purus-sit-augue-facilisis-ultricies-pede./metus-augue-platea-donec-fames-inceptos-non-ut-fermentum-ipsum./dolor-justo-nec-fames-fringilla-nam-orci-vel-arcu-cursus-tempus-convallis-lorem-cubilia-litora."
}