{
    "contributors": [],
    "_content_type_text": "text/html",
    "text": "<h1>Aliter enim explicari, quod quaeritur, non potest.</h1>\n\n<p>Lorem ipsum dolor sit amet, consectetur adipiscing elit. Primum in nostrane potestate est, quid meminerimus? Sed residamus, inquit, si placet. <a href='http://loripsum.net/' target='_blank'>Nulla erit controversia.</a> </p>\n\n<p><a href='http://loripsum.net/' target='_blank'>Memini me adesse P.</a> <a href='http://loripsum.net/' target='_blank'>Duo Reges: constructio interrete.</a> Quae sequuntur igitur? Quamquam te quidem video minime esse deterritum. <a href='http://loripsum.net/' target='_blank'>Proclivi currit oratio.</a> </p>\n\n<ul>\n\t<li>Sed tamen omne, quod de re bona dilucide dicitur, mihi praeclare dici videtur.</li>\n\t<li>Est autem etiam actio quaedam corporis, quae motus et status naturae congruentis tenet;</li>\n\t<li>Quod iam a me expectare noli.</li>\n\t<li>Hic Speusippus, hic Xenocrates, hic eius auditor Polemo, cuius illa ipsa sessio fuit, quam videmus.</li>\n\t<li>Quid, si etiam iucunda memoria est praeteritorum malorum?</li>\n\t<li>Tu enim ista lenius, hic Stoicorum more nos vexat.</li>\n</ul>\n\n\n<dl>\n\t<dt><dfn>Tu quidem reddes;</dfn></dt>\n\t<dd>Quam illa ardentis amores excitaret sui! Cur tandem?</dd>\n\t<dt><dfn>Easdemne res?</dfn></dt>\n\t<dd>Efficiens dici potest.</dd>\n\t<dt><dfn>Numquam facies.</dfn></dt>\n\t<dd>Ego vero volo in virtute vim esse quam maximam;</dd>\n\t<dt><dfn>Quod vestri non item.</dfn></dt>\n\t<dd>Laelius clamores sof\u00f2w ille so lebat Edere compellans gumias ex ordine nostros.</dd>\n\t<dt><dfn>Easdemne res?</dfn></dt>\n\t<dd>Quos nisi redarguimus, omnis virtus, omne decus, omnis vera laus deserenda est.</dd>\n\t<dt><dfn>Ut pulsi recurrant?</dfn></dt>\n\t<dd>Quodsi vultum tibi, si incessum fingeres, quo gravior viderere, non esses tui similis;</dd>\n</dl>\n\n\n<ol>\n\t<li>Non quaeritur autem quid naturae tuae consentaneum sit, sed quid disciplinae.</li>\n\t<li>Tum mihi Piso: Quid ergo?</li>\n\t<li>Qui potest igitur habitare in beata vita summi mali metus?</li>\n\t<li>Bonum integritas corporis: misera debilitas.</li>\n</ol>\n\n\n<h2>At enim hic etiam dolore.</h2>\n\n<p>Facillimum id quidem est, inquam. Nunc de hominis summo bono quaeritur; Immo alio genere; Duarum enim vitarum nobis erunt instituta capienda. Ut aliquid scire se gaudeant? Tu vero, inquam, ducas licet, si sequetur; </p>\n\n",
    "creation_date": "2018/10/26 18:00:27.292913 GMT-4",
    "imageCaption": "Fusce massa felis elit.",
    "expirationDate": "None",
    "_content_type_id": "text/plain",
    "id": "neque-risus-tempus-placerat-diam-gravida-nulla-adipiscing-habitant-pretium-rhoncus-quis-pellentesque.",
    "subject": [],
    "modification_date": "2018/10/26 18:00:27.623416 GMT-4",
    "title": "Neque risus tempus placerat diam gravida nulla adipiscing habitant pretium rhoncus quis pellentesque.",
    "_ac_local_roles": {
        "admin": [
            "Owner"
        ]
    },
    "_content_type_language": "text/plain",
    "_defaultpage": "",
    "location": "Nulla porta nullam.",
    "_content_type_title": "text/plain",
    "excludeFromNav": true,
    "_atbrefs": {},
    "_content_type_imageCaption": "text/plain",
    "_type": "News Item",
    "description": "Ipsum fames. Dolor fusce ante condimentum euismod non eu metus elementum sem pellentesque. Fames neque nam. Morbi lacus. Fusce proin. Curae neque nullam eget curae est adipiscing auctor nibh scelerisque egestas fusce lacinia. Ipsum dolor sociis platea sit eros maecenas est iaculis a ullamcorper dis quis. Proin netus. Lacus donec tellus dolor nec diam non curae integer eros arcu orci cras et duis. Metus lorem platea parturient sollicitudin. Lorem felis. Augue fames pretium cras ad pellentesque erat euismod ve rutrum sem ligula duis nisi eni eros dictumst hac dapibus. Neque massa mattis ultricies. Lorem donec tempor congue eu.",
    "_atrefs": {},
    "_layout": "newsitem_view",
    "_workflow_history": {
        "simple_publication_workflow": [
            {
                "action": null,
                "review_state": "private",
                "actor": "admin",
                "comments": "",
                "time": "2018/10/26 18:00:27.296625 GMT-4"
            },
            {
                "action": "publish",
                "review_state": "published",
                "actor": "admin",
                "comments": "",
                "time": "2018/10/26 18:00:27.618734 GMT-4"
            }
        ]
    },
    "_content_type_rights": "text/plain",
    "_directly_provided": [],
    "_classname": "ATNewsItem",
    "_userdefined_roles": [],
    "_content_type": "text/html",
    "_id": "neque-risus-tempus-placerat-diam-gravida-nulla-adipiscing-habitant-pretium-rhoncus-quis-pellentesque.",
    "effectiveDate": "None",
    "language": "en",
    "rights": "Felis velit. Purus nulla odio iaculis id sagittis aliquam mauris porta. Augue netus cursus penatibus mi. Donec class pede ullamcorper. Massa nulla. Curae fames eni porttitor ipsum risus a quisque id. Vitae fusce leo ultrices integer. Netus lacus quam orci adipiscing penatibus ante euismod nulla vel justo morbi justo. Risus class ullamcorper urna elit arcu orci cubilia libero eu eros facilisi. Lacus purus taciti netus. Class curae vehicula vel viverra ve nisi odio.",
    "_content_type_description": "text/plain",
    "_uid": "f690591eb5d64839aeb23e5276901b8b",
    "_owner": "admin",
    "_content_type_location": "text/plain",
    "_permissions": {
        "Modify portal content": {
            "acquire": false,
            "roles": [
                "Editor",
                "Manager",
                "Owner",
                "Site Administrator"
            ]
        },
        "Access contents information": {
            "acquire": false,
            "roles": [
                "Anonymous"
            ]
        },
        "View": {
            "acquire": false,
            "roles": [
                "Anonymous"
            ]
        }
    },
    "_properties": [
        [
            "title",
            "Neque risus tempus placerat diam gravida nulla adipiscing habitant pretium rhoncus quis pellentesque.",
            "string"
        ]
    ],
    "allowDiscussion": false,
    "_gopip": 66,
    "creators": [
        "admin"
    ],
    "_path": "/Plone/about/lacus-purus-sit-augue-facilisis-ultricies-pede./metus-augue-platea-donec-fames-inceptos-non-ut-fermentum-ipsum./neque-risus-tempus-placerat-diam-gravida-nulla-adipiscing-habitant-pretium-rhoncus-quis-pellentesque."
}