{
    "contributors": [],
    "_content_type_text": "text/html",
    "text": "<h1>Idemne, quod iucunde?</h1>\n\n<p>Lorem ipsum dolor sit amet, consectetur adipiscing elit. Negat esse eam, inquit, propter se expetendam. Duo Reges: constructio interrete. Dici enim nihil potest verius. Sed hoc sane concedamus. Faceres tu quidem, Torquate, haec omnia; Quia dolori non voluptas contraria est, sed doloris privatio. </p>\n\n<h3>Vitae autem degendae ratio maxime quidem illis placuit quieta.</h3>\n\n<p>Quodsi ipsam honestatem undique pertectam atque absolutam. Sint ista Graecorum; Beatus sibi videtur esse moriens. Cum praesertim illa perdiscere ludus esset. </p>\n\n<ol>\n\t<li>Itaque hic ipse iam pridem est reiectus;</li>\n\t<li>An vero displicuit ea, quae tributa est animi virtutibus tanta praestantia?</li>\n\t<li>Hi curatione adhibita levantur in dies, valet alter plus cotidie, alter videt.</li>\n\t<li>Neque enim civitas in seditione beata esse potest nec in discordia dominorum domus;</li>\n</ol>\n\n\n<dl>\n\t<dt><dfn>Idemne, quod iucunde?</dfn></dt>\n\t<dd>De ingenio eius in his disputationibus, non de moribus quaeritur.</dd>\n\t<dt><dfn>Quid enim?</dfn></dt>\n\t<dd>Contineo me ab exemplis.</dd>\n\t<dt><dfn>Hic ambiguo ludimur.</dfn></dt>\n\t<dd>Id quaeris, inquam, in quo, utrum respondero, verses te huc atque illuc necesse est.</dd>\n\t<dt><dfn>Negare non possum.</dfn></dt>\n\t<dd>Neque enim disputari sine reprehensione nec cum iracundia aut pertinacia recte disputari potest.</dd>\n</dl>\n\n\n<h2>Tu vero, inquam, ducas licet, si sequetur;</h2>\n\n<p>Solum praeterea formosum, solum liberum, solum civem, stultost; Omnes enim iucundum motum, quo sensus hilaretur. <a href='http://loripsum.net/' target='_blank'>Huius, Lyco, oratione locuples, rebus ipsis ielunior.</a> Sed ego in hoc resisto; Haec quo modo conveniant, non sane intellego. </p>\n\n<ul>\n\t<li>Haec et tu ita posuisti, et verba vestra sunt.</li>\n\t<li>Nam Pyrrho, Aristo, Erillus iam diu abiecti.</li>\n</ul>\n\n\n",
    "creation_date": "2018/10/26 18:00:27.831704 GMT-4",
    "imageCaption": "Proin etiam.",
    "expirationDate": "None",
    "_content_type_id": "text/plain",
    "id": "purus-justo.",
    "subject": [],
    "modification_date": "2018/10/26 18:00:28.162710 GMT-4",
    "title": "Purus justo.",
    "_ac_local_roles": {
        "admin": [
            "Owner"
        ]
    },
    "_content_type_language": "text/plain",
    "_defaultpage": "",
    "location": "Etiam donec aenean faucibus nam amet interdum rutrum auctor penatibus.",
    "_content_type_title": "text/plain",
    "excludeFromNav": true,
    "_atbrefs": {},
    "_content_type_imageCaption": "text/plain",
    "_type": "News Item",
    "description": "Etiam ipsum. Fames felis. Nulla fames per elit vivamus ipsum etiam magna condimentum. Dolor metus hac duis vel diam parturient. Etiam felis. Porta justo. Metus justo a nibh justo aptent elementum purus sem vehicula convallis. Nulla donec eni penatibus vitae eleifend. Metus etiam luctus nibh aliquam in erat habitant pretium amet et risus scelerisque urna. Etiam fames dignissim adipiscing erat purus ultrices parturient nostra eu. Netus proin porta amet viverra ut id amet cubilia a condimentum mus ve integer enim penatibus lobortis. Nulla lorem eleifend ad. Risus lorem. Felis proin netus. Etiam netus ullamcorper nisl odio. Lacus morbi purus. Risus porta. Felis vitae nisl. Lacus donec aptent proin natoque ornare nam nisi ac eros eu. Dolor fusce purus. Lorem dolor aliquam nonummy mattis elit felis vitae.",
    "_atrefs": {},
    "_layout": "newsitem_view",
    "_workflow_history": {
        "simple_publication_workflow": [
            {
                "action": null,
                "review_state": "private",
                "actor": "admin",
                "comments": "",
                "time": "2018/10/26 18:00:27.835529 GMT-4"
            },
            {
                "action": "publish",
                "review_state": "published",
                "actor": "admin",
                "comments": "",
                "time": "2018/10/26 18:00:28.158941 GMT-4"
            }
        ]
    },
    "_content_type_rights": "text/plain",
    "_directly_provided": [],
    "_classname": "ATNewsItem",
    "_userdefined_roles": [],
    "_content_type": "text/html",
    "_id": "purus-justo.",
    "effectiveDate": "None",
    "language": "en",
    "rights": "Metus etiam. Lacus curae. Vitae magna nam cras purus orci aptent cursus. Lacus augue. Morbi neque tellus gravida varius. Etiam fusce feugiat primis id. Donec morbi fames vel nibh feugiat ante. Class vitae lacinia ipsum elit ullamcorper. Magna vitae senectus curae litora morbi quis lacus nullam sociosqu. Magna ipsum mauris ipsum vulputate euismod. Etiam class turpis lacus egestas habitasse. Proin justo nascetur enim dui eget aliquet. Etiam donec.",
    "_content_type_description": "text/plain",
    "_uid": "a94a628d99a947cca6be5fff0dc7267f",
    "_owner": "admin",
    "_content_type_location": "text/plain",
    "_permissions": {
        "Modify portal content": {
            "acquire": false,
            "roles": [
                "Editor",
                "Manager",
                "Owner",
                "Site Administrator"
            ]
        },
        "Access contents information": {
            "acquire": false,
            "roles": [
                "Anonymous"
            ]
        },
        "View": {
            "acquire": false,
            "roles": [
                "Anonymous"
            ]
        }
    },
    "_properties": [
        [
            "title",
            "Purus justo.",
            "string"
        ]
    ],
    "allowDiscussion": false,
    "_gopip": 67,
    "creators": [
        "admin"
    ],
    "_path": "/Plone/about/lacus-purus-sit-augue-facilisis-ultricies-pede./metus-augue-platea-donec-fames-inceptos-non-ut-fermentum-ipsum./purus-justo."
}