{
    "tableContents": false,
    "_content_type_text": "text/html",
    "text": "<h1>Non quam nostram quidem, inquit Pomponius iocans;</h1>\n\n<p>Lorem ipsum dolor sit amet, consectetur adipiscing elit. Quae contraria sunt his, malane? Aliter enim nosmet ipsos nosse non possumus. Philosophi autem in suis lectulis plerumque moriuntur. An quod ita callida est, ut optime possit architectari voluptates? Non quam nostram quidem, inquit Pomponius iocans; Duo Reges: constructio interrete. Tollenda est atque extrahenda radicitus. Ego vero isti, inquam, permitto. </p>\n\n<dl>\n\t<dt><dfn>Numquam facies.</dfn></dt>\n\t<dd>Is ita vivebat, ut nulla tam exquisita posset inveniri voluptas, qua non abundaret.</dd>\n\t<dt><dfn>Stoici scilicet.</dfn></dt>\n\t<dd>Nam memini etiam quae nolo, oblivisci non possum quae volo.</dd>\n\t<dt><dfn>Haec dicuntur inconstantissime.</dfn></dt>\n\t<dd>Diodorus, eius auditor, adiungit ad honestatem vacuitatem doloris.</dd>\n\t<dt><dfn>Memini vero, inquam;</dfn></dt>\n\t<dd>Tum Piso: Quoniam igitur aliquid omnes, quid Lucius noster?</dd>\n</dl>\n\n\n<p>Quod quidem iam fit etiam in Academia. <a href='http://loripsum.net/' target='_blank'>Honesta oratio, Socratica, Platonis etiam.</a> Polycratem Samium felicem appellabant. Nos cum te, M. Quis non odit sordidos, vanos, leves, futtiles? Compensabatur, inquit, cum summis doloribus laetitia. Nam quid possumus facere melius? Est, ut dicis, inquit; </p>\n\n<ol>\n\t<li>Beatus autem esse in maximarum rerum timore nemo potest.</li>\n\t<li>Qui autem de summo bono dissentit de tota philosophiae ratione dissentit.</li>\n\t<li>Huius, Lyco, oratione locuples, rebus ipsis ielunior.</li>\n\t<li>Eam si varietatem diceres, intellegerem, ut etiam non dicente te intellego;</li>\n</ol>\n\n\n<ul>\n\t<li>Quae cum praeponunt, ut sit aliqua rerum selectio, naturam videntur sequi;</li>\n\t<li>Universa enim illorum ratione cum tota vestra confligendum puto.</li>\n\t<li>Ergo instituto veterum, quo etiam Stoici utuntur, hinc capiamus exordium.</li>\n</ul>\n\n\n<p>Venit ad extremum; <a href='http://loripsum.net/' target='_blank'>Si quidem, inquit, tollerem, sed relinquo.</a> Putabam equidem satis, inquit, me dixisse. Ait enim se, si uratur, Quam hoc suave! dicturum. </p>\n\n",
    "creation_date": "2018/10/26 18:00:29.452560 GMT-4",
    "_uid": "5bf46ecd9b5e48ac98026665a1f0a890",
    "expirationDate": "None",
    "_content_type_id": "text/plain",
    "query": [],
    "_atbrefs": {},
    "id": "morbi-augue-magna-nulla-condimentum-inceptos-pede.",
    "subject": [],
    "_content_type_sort_on": "text/plain",
    "contributors": [],
    "effectiveDate": "None",
    "title": "Morbi augue magna nulla condimentum inceptos pede.",
    "_ac_local_roles": {
        "admin": [
            "Owner"
        ]
    },
    "sort_on": "Massa lorem integer.",
    "_content_type_language": "text/plain",
    "_defaultpage": "",
    "location": "Ipsum porta sociis porta est diam class facilisi.",
    "_content_type_title": "text/plain",
    "excludeFromNav": true,
    "presentation": false,
    "_type": "Collection",
    "description": "Velit ipsum vitae. Augue lorem velit cras dolor. Porta fusce pede nunc nostra euismod ac tempor nascetur. Fames magna eros malesuada auctor primis interdum proin. Felis fusce. Netus porta erat pretium nisl curabitur. Dolor risus nunc dis aliquam nunc. Velit neque aliquet facilisis eleifend sociis mollis habitant. Dolor nulla sit lacinia. Massa neque curae nec habitasse mauris lorem nullam ullamcorper. Augue fames amet egestas sodales semper dis lobortis euismod nullam fusce laoreet duis.",
    "_atrefs": {},
    "_layout": "standard_view",
    "_workflow_history": {
        "simple_publication_workflow": [
            {
                "action": null,
                "review_state": "private",
                "actor": "admin",
                "comments": "",
                "time": "2018/10/26 18:00:29.457551 GMT-4"
            },
            {
                "action": "publish",
                "review_state": "published",
                "actor": "admin",
                "comments": "",
                "time": "2018/10/26 18:00:30.074014 GMT-4"
            }
        ]
    },
    "_content_type_rights": "text/plain",
    "_directly_provided": [],
    "_classname": "Collection",
    "sort_reversed": true,
    "banner": "<h1>Sed haec in pueris;</h1>\n\n<p>Lorem ipsum dolor sit amet, consectetur adipiscing elit. Qui ita affectus, beatum esse numquam probabis; <a href='http://loripsum.net/' target='_blank'>Gloriosa ostentatio in constituendo summo bono.</a> Odium autem et invidiam facile vitabis. Bestiarum vero nullum iudicium puto. </p>\n\n<ol>\n\t<li>Et quidem saepe quaerimus verbum Latinum par Graeco et quod idem valeat;</li>\n\t<li>Rapior illuc, revocat autem Antiochus, nec est praeterea, quem audiamus.</li>\n\t<li>Quid in isto egregio tuo officio et tanta fide-sic enim existimo-ad corpus refers?</li>\n\t<li>Transfer idem ad modestiam vel temperantiam, quae est moderatio cupiditatum rationi oboediens.</li>\n</ol>\n\n\n<h2>Duo Reges: constructio interrete.</h2>\n\n<p>Ne discipulum abducam, times. Polycratem Samium felicem appellabant. Falli igitur possumus. <a href='http://loripsum.net/' target='_blank'>Erit enim mecum, si tecum erit.</a> Nobis aliter videtur, recte secusne, postea; Id mihi magnum videtur. </p>\n\n<dl>\n\t<dt><dfn>Pollicetur certe.</dfn></dt>\n\t<dd>Uterque enim summo bono fruitur, id est voluptate.</dd>\n\t<dt><dfn>Sullae consulatum?</dfn></dt>\n\t<dd>Sed quot homines, tot sententiae;</dd>\n</dl>\n\n\n<ul>\n\t<li>Hoc etsi multimodis reprehendi potest, tamen accipio, quod dant.</li>\n\t<li>Sed quoniam et advesperascit et mihi ad villam revertendum est, nunc quidem hactenus;</li>\n</ul>\n\n\n<p>Facillimum id quidem est, inquam. Praeteritis, inquit, gaudeo. </p>\n\n",
    "_userdefined_roles": [],
    "modification_date": "2018/10/26 18:00:30.079142 GMT-4",
    "_content_type": "text/html",
    "_id": "morbi-augue-magna-nulla-condimentum-inceptos-pede.",
    "language": "en",
    "_content_type_banner": "text/html",
    "rights": "Augue velit. Vitae donec. Porta lorem. Netus ipsum. Class donec nec habitasse dictum tortor risus. Fames lacus orci mus ve. Curae magna enim habitant erat quam metus convallis sed dictumst gravida conubia. Metus purus nibh. Curae lacus tempus purus torquent lorem ac pede suspendisse cubilia etiam. Risus metus massa cum porta platea magna blandit. Lorem lacus. Nulla etiam cras rhoncus posuere eleifend ligula. Ipsum purus. Justo fames nunc eros vestibulum sem lorem pretium semper turpis. Metus risus. Etiam justo morbi gravida curabitur eget vel proin egestas quis habitant magna fermentum interdum. Justo netus. Class lacus leo.",
    "b_size": 30,
    "customViewFields": [
        "Title",
        "Creator",
        "Type",
        "ModificationDate"
    ],
    "_content_type_description": "text/plain",
    "_owner": "admin",
    "_content_type_location": "text/plain",
    "limit": 1000,
    "_permissions": {
        "Change portal events": {
            "acquire": false,
            "roles": [
                "Editor",
                "Manager",
                "Owner",
                "Site Administrator"
            ]
        },
        "Modify portal content": {
            "acquire": false,
            "roles": [
                "Editor",
                "Manager",
                "Owner",
                "Site Administrator"
            ]
        },
        "Access contents information": {
            "acquire": false,
            "roles": [
                "Anonymous"
            ]
        },
        "View": {
            "acquire": false,
            "roles": [
                "Anonymous"
            ]
        }
    },
    "_properties": [
        [
            "title",
            "Morbi augue magna nulla condimentum inceptos pede.",
            "string"
        ]
    ],
    "allowDiscussion": false,
    "_gopip": 70,
    "creators": [
        "admin"
    ],
    "_path": "/Plone/about/lacus-purus-sit-augue-facilisis-ultricies-pede./metus-augue-platea-donec-fames-inceptos-non-ut-fermentum-ipsum./morbi-augue-magna-nulla-condimentum-inceptos-pede."
}