{
    "tableContents": false,
    "_content_type_text": "text/html",
    "text": "<h1>Sed plane dicit quod intellegit.</h1>\n\n<p>Lorem ipsum dolor sit amet, consectetur adipiscing elit. Occultum facinus esse potuerit, gaudebit; Quae cum essent dicta, discessimus. Duo Reges: constructio interrete. Nihil illinc huc pervenit. Addidisti ad extremum etiam indoctum fuisse. </p>\n\n<p>Confecta res esset. Praeclare hoc quidem. Utram tandem linguam nescio? Quod quidem nobis non saepe contingit. Haec dicuntur fortasse ieiunius; Qualem igitur hominem natura inchoavit? </p>\n\n<p>Quae cum essent dicta, discessimus. Tollenda est atque extrahenda radicitus. Certe non potest. An hoc usque quaque, aliter in vita? </p>\n\n<ol>\n\t<li>Vitiosum est enim in dividendo partem in genere numerare.</li>\n\t<li>Tum Piso: Quoniam igitur aliquid omnes, quid Lucius noster?</li>\n\t<li>Haec mihi videtur delicatior, ut ita dicam, molliorque ratio, quam virtutis vis gravitasque postulat.</li>\n\t<li>Sed erat aequius Triarium aliquid de dissensione nostra iudicare.</li>\n</ol>\n\n\n<dl>\n\t<dt><dfn>Easdemne res?</dfn></dt>\n\t<dd>Non enim, si omnia non sequebatur, idcirco non erat ortus illinc.</dd>\n\t<dt><dfn>Quid de Pythagora?</dfn></dt>\n\t<dd>Nec mihi illud dixeris: Haec enim ipsa mihi sunt voluptati, et erant illa Torquatis.</dd>\n\t<dt><dfn>Idemne, quod iucunde?</dfn></dt>\n\t<dd>Quare obscurentur etiam haec, quae secundum naturam esse dicimus, in vita beata;</dd>\n\t<dt><dfn>Videsne, ut haec concinant?</dfn></dt>\n\t<dd>Satisne ergo pudori consulat, si quis sine teste libidini pareat?</dd>\n</dl>\n\n\n<ul>\n\t<li>Id Sextilius factum negabat.</li>\n\t<li>Nam diligi et carum esse iucundum est propterea, quia tutiorem vitam et voluptatem pleniorem efficit.</li>\n\t<li>Hoc etsi multimodis reprehendi potest, tamen accipio, quod dant.</li>\n\t<li>Non potes ergo ista tueri, Torquate, mihi crede, si te ipse et tuas cogitationes et studia perspexeris;</li>\n</ul>\n\n\n",
    "creation_date": "2018/10/26 18:00:30.281921 GMT-4",
    "_uid": "27493f6a41f64eab9d5cf670b809ba0a",
    "expirationDate": "None",
    "_content_type_id": "text/plain",
    "query": [],
    "_atbrefs": {},
    "id": "metus-ipsum-dictum-platea-placerat-amet-egestas-porttitor-nibh-eros-tincidunt-pulvinar-ut.",
    "subject": [],
    "_content_type_sort_on": "text/plain",
    "contributors": [],
    "effectiveDate": "None",
    "title": "Metus ipsum dictum platea placerat amet egestas porttitor nibh eros tincidunt pulvinar ut.",
    "_ac_local_roles": {
        "admin": [
            "Owner"
        ]
    },
    "sort_on": "Magna dolor.",
    "_content_type_language": "text/plain",
    "_defaultpage": "",
    "location": "Curae risus nullam cras integer fames morbi a montes.",
    "_content_type_title": "text/plain",
    "excludeFromNav": false,
    "presentation": false,
    "_type": "Collection",
    "description": "Fusce curae turpis nisl hac. Fusce massa tellus enim dapibus. Lacus velit. Class massa litora fusce vehicula. Purus lacus vitae tincidunt nunc arcu congue dis elit sollicitudin. Curae metus cursus ac. Justo metus. Morbi felis morbi suscipit. Velit class posuere sit primis. Massa neque lectus. Purus lacus. Risus augue. Dolor augue a quisque magnis diam nullam volutpat tristique arcu eni massa porttitor. Velit fusce egestas in. Donec ipsum turpis pharetra lacus eu justo. Metus justo per laoreet cum elementum nec praesent habitasse nisi quam amet eget. Fames lacus enim commodo a scelerisque sed turpis inceptos malesuada ante etiam posuere. Metus dolor arcu porttitor ligula lorem vivamus gravida consequat.",
    "_atrefs": {},
    "_layout": "standard_view",
    "_workflow_history": {
        "simple_publication_workflow": [
            {
                "action": null,
                "review_state": "private",
                "actor": "admin",
                "comments": "",
                "time": "2018/10/26 18:00:30.286746 GMT-4"
            },
            {
                "action": "publish",
                "review_state": "published",
                "actor": "admin",
                "comments": "",
                "time": "2018/10/26 18:00:30.901429 GMT-4"
            }
        ]
    },
    "_content_type_rights": "text/plain",
    "_directly_provided": [],
    "_classname": "Collection",
    "sort_reversed": false,
    "banner": "<h1>Iis igitur est difficilius satis facere, qui se Latina scripta dicunt contemnere.</h1>\n\n<p>Lorem ipsum dolor sit amet, consectetur adipiscing elit. Inscite autem medicinae et gubernationis ultimum cum ultimo sapientiae comparatur. Itaque ad tempus ad Pisonem omnes. Non potes, nisi retexueris illa. Equidem etiam Epicurum, in physicis quidem, Democriteum puto. </p>\n\n<dl>\n\t<dt><dfn>Quid de Pythagora?</dfn></dt>\n\t<dd>Deinde prima illa, quae in congressu solemus: Quid tu, inquit, huc?</dd>\n\t<dt><dfn>Falli igitur possumus.</dfn></dt>\n\t<dd>Haec igitur Epicuri non probo, inquam.</dd>\n\t<dt><dfn>Quis hoc dicit?</dfn></dt>\n\t<dd>Hoc mihi cum tuo fratre convenit.</dd>\n\t<dt><dfn>Ut pulsi recurrant?</dfn></dt>\n\t<dd>Fatebuntur Stoici haec omnia dicta esse praeclare, neque eam causam Zenoni desciscendi fuisse.</dd>\n\t<dt><dfn>Immo videri fortasse.</dfn></dt>\n\t<dd>Ex rebus enim timiditas, non ex vocabulis nascitur.</dd>\n</dl>\n\n\n<ol>\n\t<li>Ista ipsa, quae tu breviter: regem, dictatorem, divitem solum esse sapientem, a te quidem apte ac rotunde;</li>\n\t<li>Tollenda est atque extrahenda radicitus.</li>\n\t<li>Beatus autem esse in maximarum rerum timore nemo potest.</li>\n</ol>\n\n\n<h3>Ego vero volo in virtute vim esse quam maximam;</h3>\n\n<p>Et ille ridens: Video, inquit, quid agas; Sit hoc ultimum bonorum, quod nunc a me defenditur; Obsecro, inquit, Torquate, haec dicit Epicurus? Nos commodius agimus. Negare non possum. </p>\n\n<h2>Duo Reges: constructio interrete.</h2>\n\n<p>Beatus sibi videtur esse moriens. Age, inquies, ista parva sunt. Quam nemo umquam voluptatem appellavit, appellat; Easdemne res? Minime vero istorum quidem, inquit. Quis enim redargueret? </p>\n\n<ul>\n\t<li>Effluit igitur voluptas corporis et prima quaeque avolat saepiusque relinquit causam paenitendi quam recordandi.</li>\n\t<li>Sed ad haec, nisi molestum est, habeo quae velim.</li>\n\t<li>Et quidem saepe quaerimus verbum Latinum par Graeco et quod idem valeat;</li>\n\t<li>Atqui eorum nihil est eius generis, ut sit in fine atque extrerno bonorum.</li>\n</ul>\n\n\n",
    "_userdefined_roles": [],
    "modification_date": "2018/10/26 18:00:30.906458 GMT-4",
    "_content_type": "text/html",
    "_id": "metus-ipsum-dictum-platea-placerat-amet-egestas-porttitor-nibh-eros-tincidunt-pulvinar-ut.",
    "language": "en",
    "_content_type_banner": "text/html",
    "rights": "Metus dolor faucibus parturient potenti nam at auctor. Proin netus orci leo cubilia in luctus. Netus magna. Justo neque. Justo risus scelerisque est ve lectus nisl quam. Fusce neque vehicula pede ad massa mollis faucibus porta. Augue netus. Neque netus urna et orci nec massa hac ipsum fringilla volutpat cursus amet augue velit. Lacus risus sem odio dis orci. Dolor felis suspendisse placerat.",
    "b_size": 30,
    "customViewFields": [
        "Title",
        "Creator",
        "Type",
        "ModificationDate"
    ],
    "_content_type_description": "text/plain",
    "_owner": "admin",
    "_content_type_location": "text/plain",
    "limit": 1000,
    "_permissions": {
        "Change portal events": {
            "acquire": false,
            "roles": [
                "Editor",
                "Manager",
                "Owner",
                "Site Administrator"
            ]
        },
        "Modify portal content": {
            "acquire": false,
            "roles": [
                "Editor",
                "Manager",
                "Owner",
                "Site Administrator"
            ]
        },
        "Access contents information": {
            "acquire": false,
            "roles": [
                "Anonymous"
            ]
        },
        "View": {
            "acquire": false,
            "roles": [
                "Anonymous"
            ]
        }
    },
    "_properties": [
        [
            "title",
            "Metus ipsum dictum platea placerat amet egestas porttitor nibh eros tincidunt pulvinar ut.",
            "string"
        ]
    ],
    "allowDiscussion": false,
    "_gopip": 71,
    "creators": [
        "admin"
    ],
    "_path": "/Plone/about/lacus-purus-sit-augue-facilisis-ultricies-pede./metus-augue-platea-donec-fames-inceptos-non-ut-fermentum-ipsum./metus-ipsum-dictum-platea-placerat-amet-egestas-porttitor-nibh-eros-tincidunt-pulvinar-ut."
}