{
    "tableContents": false,
    "_content_type_text": "text/html",
    "text": "<h1>Quis non odit sordidos, vanos, leves, futtiles?</h1>\n\n<p>Lorem ipsum dolor sit amet, consectetur adipiscing elit. Non semper, inquam; Duo Reges: constructio interrete. An haec ab eo non dicuntur? Itaque hic ipse iam pridem est reiectus; </p>\n\n<p>Bestiarum vero nullum iudicium puto. Venit ad extremum; Ut optime, secundum naturam affectum esse possit. Ita prorsus, inquam; </p>\n\n<p>An haec ab eo non dicuntur? Ad eos igitur converte te, quaeso. <a href='http://loripsum.net/' target='_blank'>Bonum patria: miserum exilium.</a> Contemnit enim disserendi elegantiam, confuse loquitur. Illa videamus, quae a te de amicitia dicta sunt. Quod iam a me expectare noli. </p>\n\n<ol>\n\t<li>Semovenda est igitur voluptas, non solum ut recta sequamini, sed etiam ut loqui deceat frugaliter.</li>\n\t<li>Nam et complectitur verbis, quod vult, et dicit plane, quod intellegam;</li>\n\t<li>Egone non intellego, quid sit don Graece, Latine voluptas?</li>\n\t<li>Isto modo, ne si avia quidem eius nata non esset.</li>\n\t<li>Ne in odium veniam, si amicum destitero tueri.</li>\n\t<li>Ita graviter et severe voluptatem secrevit a bono.</li>\n</ol>\n\n\n<ul>\n\t<li>Erat enim Polemonis.</li>\n\t<li>Ergo hoc quidem apparet, nos ad agendum esse natos.</li>\n</ul>\n\n\n<dl>\n\t<dt><dfn>Proclivi currit oratio.</dfn></dt>\n\t<dd>Itaque in rebus minime obscuris non multus est apud eos disserendi labor.</dd>\n\t<dt><dfn>Peccata paria.</dfn></dt>\n\t<dd>Expectoque quid ad id, quod quaerebam, respondeas.</dd>\n</dl>\n\n\n",
    "creation_date": "2018/10/26 18:00:31.101316 GMT-4",
    "_uid": "a9283abecf534ee9806f61c0b6633db8",
    "expirationDate": "None",
    "_content_type_id": "text/plain",
    "query": [],
    "_atbrefs": {},
    "id": "fames-velit-ligula-velit-cursus.",
    "subject": [],
    "_content_type_sort_on": "text/plain",
    "contributors": [],
    "effectiveDate": "None",
    "title": "Fames velit ligula velit cursus.",
    "_ac_local_roles": {
        "admin": [
            "Owner"
        ]
    },
    "sort_on": "Magna risus bibendum in tempor vitae proin semper mi urna nibh velit.",
    "_content_type_language": "text/plain",
    "_defaultpage": "",
    "location": "Curae neque auctor.",
    "_content_type_title": "text/plain",
    "excludeFromNav": false,
    "presentation": false,
    "_type": "Collection",
    "description": "Felis magna vitae risus pharetra nulla quis. Magna justo nibh hac. Justo proin venenatis adipiscing duis venenatis non urna pharetra fusce. Velit neque aliquam amet non ante eros conubia. Vitae neque. Donec curae quis malesuada accumsan aenean turpis molestie ipsum ligula vestibulum. Porta lacus. Nulla etiam iaculis. Netus felis augue faucibus tincidunt. Ipsum porta nullam proin vel nisl. Netus fames. Curae netus suspendisse dis tellus habitant duis cras pretium. Nulla curae a turpis nisi felis leo rutrum rhoncus ridiculus arcu aliquet. Vitae lacus commodo conubia sociis enim lacinia in. Ipsum fusce dolor eni quis orci. Felis risus lorem congue curae vel ante a netus id rutrum ridiculus. Donec porta ultrices lorem hymenaeos malesuada.",
    "_atrefs": {},
    "_layout": "standard_view",
    "_workflow_history": {
        "simple_publication_workflow": [
            {
                "action": null,
                "review_state": "private",
                "actor": "admin",
                "comments": "",
                "time": "2018/10/26 18:00:31.107454 GMT-4"
            },
            {
                "action": "publish",
                "review_state": "published",
                "actor": "admin",
                "comments": "",
                "time": "2018/10/26 18:00:31.711607 GMT-4"
            }
        ]
    },
    "_content_type_rights": "text/plain",
    "_directly_provided": [],
    "_classname": "Collection",
    "sort_reversed": true,
    "banner": "<h1>Sapiens autem semper beatus est et est aliquando in dolore;</h1>\n\n<p>Lorem ipsum dolor sit amet, consectetur adipiscing elit. Conferam avum tuum Drusum cum C. At ille pellit, qui permulcet sensum voluptate. Duo Reges: constructio interrete. Terram, mihi crede, ea lanx et maria deprimet. Philosophi autem in suis lectulis plerumque moriuntur. Nam quid possumus facere melius? </p>\n\n<ul>\n\t<li>Hic ego: Pomponius quidem, inquam, noster iocari videtur, et fortasse suo iure.</li>\n\t<li>Iubet igitur nos Pythius Apollo noscere nosmet ipsos.</li>\n\t<li>Nec vero sum nescius esse utilitatem in historia, non modo voluptatem.</li>\n\t<li>Haec bene dicuntur, nec ego repugno, sed inter sese ipsa pugnant.</li>\n\t<li>Tria genera cupiditatum, naturales et necessariae, naturales et non necessariae, nec naturales nec necessariae.</li>\n</ul>\n\n\n<h2>Sit sane ista voluptas.</h2>\n\n<p>Quod iam a me expectare noli. Facile est hoc cernere in primis puerorum aetatulis. Quod iam a me expectare noli. Putabam equidem satis, inquit, me dixisse. <a href='http://loripsum.net/' target='_blank'>Suo genere perveniant ad extremum;</a> </p>\n\n<p><a href='http://loripsum.net/' target='_blank'>Age sane, inquam.</a> Tuo vero id quidem, inquam, arbitratu. Quippe: habes enim a rhetoribus; Quae contraria sunt his, malane? </p>\n\n<dl>\n\t<dt><dfn>Perge porro;</dfn></dt>\n\t<dd>Hoc non est positum in nostra actione.</dd>\n\t<dt><dfn>Quis negat?</dfn></dt>\n\t<dd>Urgent tamen et nihil remittunt.</dd>\n\t<dt><dfn>Haec dicuntur inconstantissime.</dfn></dt>\n\t<dd>Bona autem corporis huic sunt, quod posterius posui, similiora.</dd>\n\t<dt><dfn>Ita credo.</dfn></dt>\n\t<dd>-delector enim, quamquam te non possum, ut ais, corrumpere, delector, inquam, et familia vestra et nomine.</dd>\n</dl>\n\n\n<ol>\n\t<li>Ergo, si semel tristior effectus est, hilara vita amissa est?</li>\n\t<li>Eorum enim omnium multa praetermittentium, dum eligant aliquid, quod sequantur, quasi curta sententia;</li>\n</ol>\n\n\n",
    "_userdefined_roles": [],
    "modification_date": "2018/10/26 18:00:31.716108 GMT-4",
    "_content_type": "text/html",
    "_id": "fames-velit-ligula-velit-cursus.",
    "language": "en",
    "_content_type_banner": "text/html",
    "rights": "Purus metus eget magnis morbi sodales nec. Velit morbi cras sem interdum. Justo nulla. Curae purus cursus arcu at nunc dolor integer tortor in sit orci odio facilisis. Proin vitae nisl ornare aptent dignissim fames id ante risus ad arcu ipsum. Augue etiam mattis nulla aliquet ultrices fames facilisis natoque netus et nostra. Nulla netus eget in pede diam turpis venenatis tempus tortor. Justo nulla fusce. Vitae magna proin. Lorem risus commodo mollis quis lectus sem lobortis penatibus aenean platea cras eu venenatis. Risus lacus ligula nostra. Massa etiam. Morbi porta nascetur nibh nisl neque. Curae ipsum ullamcorper senectus cubilia tempus nisi amet duis lobortis. Fames class faucibus non id a nisi fusce montes erat neque quisque vel ve massa venenatis interdum. Porta proin eget erat metus ridiculus urna vel tortor.",
    "b_size": 30,
    "customViewFields": [
        "Title",
        "Creator",
        "Type",
        "ModificationDate"
    ],
    "_content_type_description": "text/plain",
    "_owner": "admin",
    "_content_type_location": "text/plain",
    "limit": 1000,
    "_permissions": {
        "Change portal events": {
            "acquire": false,
            "roles": [
                "Editor",
                "Manager",
                "Owner",
                "Site Administrator"
            ]
        },
        "Modify portal content": {
            "acquire": false,
            "roles": [
                "Editor",
                "Manager",
                "Owner",
                "Site Administrator"
            ]
        },
        "Access contents information": {
            "acquire": false,
            "roles": [
                "Anonymous"
            ]
        },
        "View": {
            "acquire": false,
            "roles": [
                "Anonymous"
            ]
        }
    },
    "_properties": [
        [
            "title",
            "Fames velit ligula velit cursus.",
            "string"
        ]
    ],
    "allowDiscussion": false,
    "_gopip": 72,
    "creators": [
        "admin"
    ],
    "_path": "/Plone/about/lacus-purus-sit-augue-facilisis-ultricies-pede./metus-augue-platea-donec-fames-inceptos-non-ut-fermentum-ipsum./fames-velit-ligula-velit-cursus."
}