{
    "tableContents": false,
    "_content_type_text": "text/html",
    "text": "<h1>Ut scias me intellegere, primum idem esse dico voluptatem, quod ille don.</h1>\n\n<p>Lorem ipsum dolor sit amet, consectetur adipiscing elit. Nulla erit controversia. Duo Reges: constructio interrete. Sed quae tandem ista ratio est? Ne discipulum abducam, times. Addidisti ad extremum etiam indoctum fuisse. </p>\n\n<p>Praeteritis, inquit, gaudeo. Praeteritis, inquit, gaudeo. Quorum sine causa fieri nihil putandum est. Memini vero, inquam; </p>\n\n<ul>\n\t<li>Eam tum adesse, cum dolor omnis absit;</li>\n\t<li>Hoc ne statuam quidem dicturam pater aiebat, si loqui posset.</li>\n\t<li>Piso, familiaris noster, et alia multa et hoc loco Stoicos irridebat: Quid enim?</li>\n\t<li>Quod autem principium officii quaerunt, melius quam Pyrrho;</li>\n\t<li>Non autem hoc: igitur ne illud quidem.</li>\n\t<li>Nummus in Croesi divitiis obscuratur, pars est tamen divitiarum.</li>\n</ul>\n\n\n<ol>\n\t<li>Quantam rem agas, ut Circeis qui habitet totum hunc mundum suum municipium esse existimet?</li>\n\t<li>Haec non erant eius, qui innumerabilis mundos infinitasque regiones, quarum nulla esset ora, nulla extremitas, mente peragravisset.</li>\n\t<li>Quae autem natura suae primae institutionis oblita est?</li>\n</ol>\n\n\n<p>De illis, cum volemus. Est, ut dicis, inquam. At enim sequor utilitatem. Non potes, nisi retexueris illa. Quae hic rei publicae vulnera inponebat, eadem ille sanabat. Qui non moveatur et offensione turpitudinis et comprobatione honestatis? </p>\n\n<dl>\n\t<dt><dfn>Quonam modo?</dfn></dt>\n\t<dd>Traditur, inquit, ab Epicuro ratio neglegendi doloris.</dd>\n\t<dt><dfn>Itaque fecimus.</dfn></dt>\n\t<dd>Summus dolor plures dies manere non potest?</dd>\n\t<dt><dfn>Nulla erit controversia.</dfn></dt>\n\t<dd>Quid enim me prohiberet Epicureum esse, si probarem, quae ille diceret?</dd>\n\t<dt><dfn>Quid Zeno?</dfn></dt>\n\t<dd>Quid affers, cur Thorius, cur Caius Postumius, cur omnium horum magister, Orata, non iucundissime vixerit?</dd>\n</dl>\n\n\n",
    "creation_date": "2018/10/26 18:00:31.913979 GMT-4",
    "_uid": "81f250a21e894b66b4d6bea468a708e8",
    "expirationDate": "None",
    "_content_type_id": "text/plain",
    "query": [],
    "_atbrefs": {},
    "id": "class-metus-auctor-ipsum-sed-duis-fames-ut-a.",
    "subject": [],
    "_content_type_sort_on": "text/plain",
    "contributors": [],
    "effectiveDate": "None",
    "title": "Class metus auctor ipsum sed duis fames ut a.",
    "_ac_local_roles": {
        "admin": [
            "Owner"
        ]
    },
    "sort_on": "Fusce metus mollis faucibus erat aliquam purus duis a nibh.",
    "_content_type_language": "text/plain",
    "_defaultpage": "",
    "location": "Justo augue a sociis diam justo arcu eros est ad a aptent justo consequat dolor.",
    "_content_type_title": "text/plain",
    "excludeFromNav": false,
    "presentation": true,
    "_type": "Collection",
    "description": "Porta nulla egestas aenean erat aliquam in lacinia. Netus risus sem nisi eni. Lacus lorem fames sociosqu est. Lacus massa viverra id placerat mollis platea lacinia. Augue fusce rutrum id risus curabitur risus. Fusce vitae. Fames risus maecenas duis mus etiam. Fames donec cum amet. Purus velit erat. Metus purus condimentum ultrices fringilla a dui consequat. Velit neque lacinia donec ac a cras.",
    "_atrefs": {},
    "_layout": "standard_view",
    "_workflow_history": {
        "simple_publication_workflow": [
            {
                "action": null,
                "review_state": "private",
                "actor": "admin",
                "comments": "",
                "time": "2018/10/26 18:00:31.918989 GMT-4"
            },
            {
                "action": "publish",
                "review_state": "published",
                "actor": "admin",
                "comments": "",
                "time": "2018/10/26 18:00:32.518586 GMT-4"
            }
        ]
    },
    "_content_type_rights": "text/plain",
    "_directly_provided": [],
    "_classname": "Collection",
    "sort_reversed": true,
    "banner": "<h1>Universa enim illorum ratione cum tota vestra confligendum puto.</h1>\n\n<p>Lorem ipsum dolor sit amet, consectetur adipiscing elit. <a href='http://loripsum.net/' target='_blank'>Cur id non ita fit?</a> <a href='http://loripsum.net/' target='_blank'>Istam voluptatem, inquit, Epicurus ignorat?</a> </p>\n\n<dl>\n\t<dt><dfn>Respondeat totidem verbis.</dfn></dt>\n\t<dd>Vitae autem degendae ratio maxime quidem illis placuit quieta.</dd>\n\t<dt><dfn>Quonam modo?</dfn></dt>\n\t<dd>Roges enim Aristonem, bonane ei videantur haec: vacuitas doloris, divitiae, valitudo;</dd>\n\t<dt><dfn>Quare attende, quaeso.</dfn></dt>\n\t<dd>Potius inflammat, ut coercendi magis quam dedocendi esse videantur.</dd>\n\t<dt><dfn>Stoici scilicet.</dfn></dt>\n\t<dd>Quis suae urbis conservatorem Codrum, quis Erechthei filias non maxime laudat?</dd>\n</dl>\n\n\n<ul>\n\t<li>An est aliquid per se ipsum flagitiosum, etiamsi nulla comitetur infamia?</li>\n\t<li>Ita similis erit ei finis boni, atque antea fuerat, neque idem tamen;</li>\n\t<li>Igitur neque stultorum quisquam beatus neque sapientium non beatus.</li>\n\t<li>Rationis enim perfectio est virtus;</li>\n</ul>\n\n\n<ol>\n\t<li>Quae si potest singula consolando levare, universa quo modo sustinebit?</li>\n\t<li>Ostendit pedes et pectus.</li>\n\t<li>Itaque in rebus minime obscuris non multus est apud eos disserendi labor.</li>\n\t<li>Quem si tenueris, non modo meum Ciceronem, sed etiam me ipsum abducas licebit.</li>\n\t<li>Tuo vero id quidem, inquam, arbitratu.</li>\n\t<li>Deinde disputat, quod cuiusque generis animantium statui deceat extremum.</li>\n</ol>\n\n\n<p>Gerendus est mos, modo recte sentiat. Cave putes quicquam esse verius. Negat enim summo bono afferre incrementum diem. Ne amores quidem sanctos a sapiente alienos esse arbitrantur. An hoc usque quaque, aliter in vita? <a href='http://loripsum.net/' target='_blank'>Sine ea igitur iucunde negat posse se vivere?</a> Cave putes quicquam esse verius. </p>\n\n<p>Quamvis enim depravatae non sint, pravae tamen esse possunt. Duo Reges: constructio interrete. Explanetur igitur. </p>\n\n",
    "_userdefined_roles": [],
    "modification_date": "2018/10/26 18:00:32.523632 GMT-4",
    "_content_type": "text/html",
    "_id": "class-metus-auctor-ipsum-sed-duis-fames-ut-a.",
    "language": "en",
    "_content_type_banner": "text/html",
    "rights": "Morbi dolor. Felis morbi a nisl donec praesent erat ligula rutrum. Velit nulla molestie quis arcu penatibus nullam. Velit lorem. Vitae etiam non cras vivamus rhoncus odio consectetuer pulvinar donec. Donec fames nunc platea molestie penatibus elit nec velit hac aptent. Felis magna. Porta ipsum aenean justo scelerisque habitant vulputate. Augue ipsum. Donec neque libero scelerisque neque dictum taciti vehicula vitae a vivamus ut. Lacus class.",
    "b_size": 30,
    "customViewFields": [
        "Title",
        "Creator",
        "Type",
        "ModificationDate"
    ],
    "_content_type_description": "text/plain",
    "_owner": "admin",
    "_content_type_location": "text/plain",
    "limit": 1000,
    "_permissions": {
        "Change portal events": {
            "acquire": false,
            "roles": [
                "Editor",
                "Manager",
                "Owner",
                "Site Administrator"
            ]
        },
        "Modify portal content": {
            "acquire": false,
            "roles": [
                "Editor",
                "Manager",
                "Owner",
                "Site Administrator"
            ]
        },
        "Access contents information": {
            "acquire": false,
            "roles": [
                "Anonymous"
            ]
        },
        "View": {
            "acquire": false,
            "roles": [
                "Anonymous"
            ]
        }
    },
    "_properties": [
        [
            "title",
            "Class metus auctor ipsum sed duis fames ut a.",
            "string"
        ]
    ],
    "allowDiscussion": false,
    "_gopip": 73,
    "creators": [
        "admin"
    ],
    "_path": "/Plone/about/lacus-purus-sit-augue-facilisis-ultricies-pede./metus-augue-platea-donec-fames-inceptos-non-ut-fermentum-ipsum./class-metus-auctor-ipsum-sed-duis-fames-ut-a."
}