{
    "tableContents": false,
    "_content_type_text": "text/html",
    "text": "<h1>Peccata paria.</h1>\n\n<p>Lorem ipsum dolor sit amet, consectetur adipiscing elit. Tum ille: Ain tandem? Confecta res esset. In schola desinis. Nunc omni virtuti vitium contrario nomine opponitur. </p>\n\n<ol>\n\t<li>Sed id ne cogitari quidem potest quale sit, ut non repugnet ipsum sibi.</li>\n\t<li>Quis animo aequo videt eum, quem inpure ac flagitiose putet vivere?</li>\n\t<li>Ad eas enim res ab Epicuro praecepta dantur.</li>\n</ol>\n\n\n<dl>\n\t<dt><dfn>Quis enim redargueret?</dfn></dt>\n\t<dd>Hoc loco tenere se Triarius non potuit.</dd>\n\t<dt><dfn>Ergo, inquit, tibi Q.</dfn></dt>\n\t<dd>Itaque hic ipse iam pridem est reiectus;</dd>\n\t<dt><dfn>Scaevolam M.</dfn></dt>\n\t<dd>Nam et a te perfici istam disputationem volo, nec tua mihi oratio longa videri potest.</dd>\n\t<dt><dfn>Ut pulsi recurrant?</dfn></dt>\n\t<dd>Non igitur de improbo, sed de callido improbo quaerimus, qualis Q.</dd>\n</dl>\n\n\n<p>Non est ista, inquam, Piso, magna dissensio. Duo Reges: constructio interrete. </p>\n\n<ul>\n\t<li>His singulis copiose responderi solet, sed quae perspicua sunt longa esse non debent.</li>\n\t<li>Quis suae urbis conservatorem Codrum, quis Erechthei filias non maxime laudat?</li>\n\t<li>Sin dicit obscurari quaedam nec apparere, quia valde parva sint, nos quoque concedimus;</li>\n\t<li>Conferam tecum, quam cuique verso rem subicias;</li>\n\t<li>Gloriosa ostentatio in constituendo summo bono.</li>\n</ul>\n\n\n<p>Venit ad extremum; <a href='http://loripsum.net/' target='_blank'>Utinam quidem dicerent alium alio beatiorem! Iam ruinas videres.</a> Que Manilium, ab iisque M. Sed haec quidem liberius ab eo dicuntur et saepius. Tollenda est atque extrahenda radicitus. </p>\n\n",
    "creation_date": "2018/10/26 18:00:34.300701 GMT-4",
    "_uid": "b81a9cbadf814be9b1304a8c6eef302b",
    "expirationDate": "None",
    "_content_type_id": "text/plain",
    "query": [],
    "_atbrefs": {},
    "id": "donec-neque-orci-molestie-iaculis-consectetuer-posuere-hac-elementum.",
    "subject": [],
    "_content_type_sort_on": "text/plain",
    "contributors": [],
    "effectiveDate": "None",
    "title": "Donec neque orci molestie iaculis consectetuer posuere hac elementum.",
    "_ac_local_roles": {
        "admin": [
            "Owner"
        ]
    },
    "sort_on": "Etiam risus amet aliquet sem duis quis lobortis ultricies mi.",
    "_content_type_language": "text/plain",
    "_defaultpage": "",
    "location": "Morbi donec amet justo integer.",
    "_content_type_title": "text/plain",
    "excludeFromNav": false,
    "presentation": false,
    "_type": "Collection",
    "description": "Magna felis facilisi hymenaeos porta phasellus faucibus nibh cubilia ad senectus conubia. Vitae felis auctor eros elit nisl fusce laoreet justo ad magnis ultricies proin viverra placerat. Netus magna dui sociosqu. Ipsum lorem neque semper nulla parturient quis sociis. Lorem justo a erat neque. Purus curae sed nisl vestibulum imperdiet lorem mi. Ipsum proin taciti elit habitasse praesent tellus class blandit augue pede. Justo felis. Felis donec congue aliquam egestas nisl. Nulla netus aliquam tellus hac odio inceptos nulla. Lorem purus magnis massa. Massa purus ultrices elit odio ante lacus vitae pulvinar adipiscing fringilla class hymenaeos ipsum in hymenaeos a. Dolor felis a libero urna blandit cras parturient. Lorem purus quam morbi lorem netus augue dolor augue. Augue risus taciti molestie pede nibh hymenaeos.",
    "_atrefs": {},
    "_layout": "standard_view",
    "_workflow_history": {
        "simple_publication_workflow": [
            {
                "action": null,
                "review_state": "private",
                "actor": "admin",
                "comments": "",
                "time": "2018/10/26 18:00:34.305484 GMT-4"
            },
            {
                "action": "publish",
                "review_state": "published",
                "actor": "admin",
                "comments": "",
                "time": "2018/10/26 18:00:34.916342 GMT-4"
            }
        ]
    },
    "_content_type_rights": "text/plain",
    "_directly_provided": [],
    "_classname": "Collection",
    "sort_reversed": true,
    "banner": "<h1>Qua ex cognitione facilior facta est investigatio rerum occultissimarum.</h1>\n\n<p>Lorem ipsum dolor sit amet, consectetur adipiscing elit. Verba tu fingas et ea dicas, quae non sentias? Perge porro; Nescio quo modo praetervolavit oratio. Cur post Tarentum ad Archytam? Duo Reges: constructio interrete. </p>\n\n<p>Tanta vis admonitionis inest in locis; Graccho, eius fere, aequal\u00ed? Quae cum essent dicta, discessimus. <a href='http://loripsum.net/' target='_blank'>Cur, nisi quod turpis oratio est?</a> </p>\n\n<h2>Pisone in eo gymnasio, quod Ptolomaeum vocatur, unaque nobiscum Q.</h2>\n\n<p>Aperiendum est igitur, quid sit voluptas; Qui est in parvis malis. </p>\n\n<dl>\n\t<dt><dfn>ALIO MODO.</dfn></dt>\n\t<dd>Quarum ambarum rerum cum medicinam pollicetur, luxuriae licentiam pollicetur.</dd>\n\t<dt><dfn>At certe gravius.</dfn></dt>\n\t<dd>Hic Speusippus, hic Xenocrates, hic eius auditor Polemo, cuius illa ipsa sessio fuit, quam videmus.</dd>\n\t<dt><dfn>Beatum, inquit.</dfn></dt>\n\t<dd>Itaque a sapientia praecipitur se ipsam, si usus sit, sapiens ut relinquat.</dd>\n\t<dt><dfn>Tubulo putas dicere?</dfn></dt>\n\t<dd>Verum hoc loco sumo verbis his eandem certe vim voluptatis Epicurum nosse quam ceteros.</dd>\n\t<dt><dfn>Si quae forte-possumus.</dfn></dt>\n\t<dd>Sint ista Graecorum;</dd>\n</dl>\n\n\n<ul>\n\t<li>Non est enim vitium in oratione solum, sed etiam in moribus.</li>\n\t<li>Claudii libidini, qui tum erat summo ne imperio, dederetur.</li>\n\t<li>Tanti autem aderant vesicae et torminum morbi, ut nihil ad eorum magnitudinem posset accedere.</li>\n\t<li>Stulti autem malorum memoria torquentur, sapientes bona praeterita grata recordatione renovata delectant.</li>\n</ul>\n\n\n<ol>\n\t<li>Ita ceterorum sententiis semotis relinquitur non mihi cum Torquato, sed virtuti cum voluptate certatio.</li>\n\t<li>Et quidem illud ipsum non nimium probo et tantum patior, philosophum loqui de cupiditatibus finiendis.</li>\n\t<li>At iste non dolendi status non vocatur voluptas.</li>\n\t<li>Erit enim mecum, si tecum erit.</li>\n</ol>\n\n\n",
    "_userdefined_roles": [],
    "modification_date": "2018/10/26 18:00:34.921037 GMT-4",
    "_content_type": "text/html",
    "_id": "donec-neque-orci-molestie-iaculis-consectetuer-posuere-hac-elementum.",
    "language": "en",
    "_content_type_banner": "text/html",
    "rights": "Massa purus neque potenti arcu platea neque dapibus sociis morbi adipiscing at. Etiam lacus tempor tellus elementum velit vel natoque netus parturient mi. Dolor curae cum mollis eros. Purus fusce sed quam ac metus. Felis curae. Proin fames nec. Class curae quam sodales natoque pede id metus turpis parturient class nisi ullamcorper integer hac. Porta netus tempus. Nulla justo feugiat potenti amet arcu diam purus congue taciti feugiat viverra. Fames proin. Velit purus sodales pulvinar metus sapien ligula est nunc. Dolor ipsum. Velit felis praesent class. Neque metus dis augue dapibus platea per ad lacus mauris aenean lorem. Netus risus elit ultrices sollicitudin luctus. Magna fames turpis mi.",
    "b_size": 30,
    "customViewFields": [
        "Title",
        "Creator",
        "Type",
        "ModificationDate"
    ],
    "_content_type_description": "text/plain",
    "_owner": "admin",
    "_content_type_location": "text/plain",
    "limit": 1000,
    "_permissions": {
        "Change portal events": {
            "acquire": false,
            "roles": [
                "Editor",
                "Manager",
                "Owner",
                "Site Administrator"
            ]
        },
        "Modify portal content": {
            "acquire": false,
            "roles": [
                "Editor",
                "Manager",
                "Owner",
                "Site Administrator"
            ]
        },
        "Access contents information": {
            "acquire": false,
            "roles": [
                "Anonymous"
            ]
        },
        "View": {
            "acquire": false,
            "roles": [
                "Anonymous"
            ]
        }
    },
    "_properties": [
        [
            "title",
            "Donec neque orci molestie iaculis consectetuer posuere hac elementum.",
            "string"
        ]
    ],
    "allowDiscussion": false,
    "_gopip": 76,
    "creators": [
        "admin"
    ],
    "_path": "/Plone/about/lacus-purus-sit-augue-facilisis-ultricies-pede./metus-augue-platea-donec-fames-inceptos-non-ut-fermentum-ipsum./donec-neque-orci-molestie-iaculis-consectetuer-posuere-hac-elementum."
}