{
    "tableContents": true,
    "_content_type_text": "text/html",
    "text": "<h1>Hinc ceteri particulas arripere conati suam quisque videro voluit afferre sententiam.</h1>\n\n<p>Lorem ipsum dolor sit amet, consectetur adipiscing elit. Quoniam, si dis placet, ab Epicuro loqui discimus. Ratio enim nostra consentit, pugnat oratio. Qui est in parvis malis. Duo Reges: constructio interrete. </p>\n\n<ol>\n\t<li>Quamquam tu hanc copiosiorem etiam soles dicere.</li>\n\t<li>Tanta vis admonitionis inest in locis;</li>\n\t<li>Quae hic rei publicae vulnera inponebat, eadem ille sanabat.</li>\n\t<li>Quia nec honesto quic quam honestius nec turpi turpius.</li>\n</ol>\n\n\n<p>Iam contemni non poteris. At iste non dolendi status non vocatur voluptas. Quamquam te quidem video minime esse deterritum. Duarum enim vitarum nobis erunt instituta capienda. <a href='http://loripsum.net/' target='_blank'>Torquatus, is qui consul cum Cn.</a> </p>\n\n<p><a href='http://loripsum.net/' target='_blank'>Quis istum dolorem timet?</a> Non igitur bene. Et quidem, inquit, vehementer errat; <a href='http://loripsum.net/' target='_blank'>Falli igitur possumus.</a> Quis est tam dissimile homini. <a href='http://loripsum.net/' target='_blank'>Si longus, levis;</a> </p>\n\n<ul>\n\t<li>Ne in odium veniam, si amicum destitero tueri.</li>\n\t<li>Hoc positum in Phaedro a Platone probavit Epicurus sensitque in omni disputatione id fieri oportere.</li>\n\t<li>Verum tamen cum de rebus grandioribus dicas, ipsae res verba rapiunt;</li>\n\t<li>Cur tantas regiones barbarorum pedibus obiit, tot maria transmisit?</li>\n</ul>\n\n\n<dl>\n\t<dt><dfn>ALIO MODO.</dfn></dt>\n\t<dd>Res enim fortasse verae, certe graves, non ita tractantur, ut debent, sed aliquanto minutius.</dd>\n\t<dt><dfn>Itaque fecimus.</dfn></dt>\n\t<dd>Nam aliquando posse recte fieri dicunt nulla expectata nec quaesita voluptate.</dd>\n</dl>\n\n\n",
    "creation_date": "2018/10/26 18:00:35.129037 GMT-4",
    "_uid": "243775fba4ce4208b8752aec50c66e0b",
    "expirationDate": "None",
    "_content_type_id": "text/plain",
    "query": [],
    "_atbrefs": {},
    "id": "porta-massa-sodales-orci-ve-dictumst.",
    "subject": [],
    "_content_type_sort_on": "text/plain",
    "contributors": [],
    "effectiveDate": "None",
    "title": "Porta massa sodales orci ve dictumst.",
    "_ac_local_roles": {
        "admin": [
            "Owner"
        ]
    },
    "sort_on": "Netus class rutrum adipiscing interdum orci tincidunt.",
    "_content_type_language": "text/plain",
    "_defaultpage": "",
    "location": "Lacus class.",
    "_content_type_title": "text/plain",
    "excludeFromNav": true,
    "presentation": false,
    "_type": "Collection",
    "description": "Dolor lacus suspendisse nisl ante. Fames fusce vivamus nunc ad dictumst blandit magna nisi placerat lacus a tellus. Etiam morbi primis hendrerit. Curae felis massa torquent et dictum. Lorem massa feugiat erat lobortis accumsan donec eleifend parturient penatibus nulla. Velit metus semper senectus adipiscing dignissim scelerisque fermentum. Porta metus a aliquam ad quam enim porttitor mi et. Lorem magna sem tempus eu. Fusce lorem justo aenean augue mi phasellus elementum vestibulum dapibus nibh. Lacus ipsum vitae volutpat cum metus laoreet aliquam amet. Risus justo proin mauris quam penatibus tortor molestie mus auctor a accumsan.",
    "_atrefs": {},
    "_layout": "standard_view",
    "_workflow_history": {
        "simple_publication_workflow": [
            {
                "action": null,
                "review_state": "private",
                "actor": "admin",
                "comments": "",
                "time": "2018/10/26 18:00:35.133524 GMT-4"
            },
            {
                "action": "publish",
                "review_state": "published",
                "actor": "admin",
                "comments": "",
                "time": "2018/10/26 18:00:35.736788 GMT-4"
            }
        ]
    },
    "_content_type_rights": "text/plain",
    "_directly_provided": [],
    "_classname": "Collection",
    "sort_reversed": true,
    "banner": "<h1>Sed virtutem ipsam inchoavit, nihil amplius.</h1>\n\n<p>Lorem ipsum dolor sit amet, consectetur adipiscing elit. <a href='http://loripsum.net/' target='_blank'>Quid censes in Latino fore?</a> Duo Reges: constructio interrete. Pugnant Stoici cum Peripateticis. Istic sum, inquit. </p>\n\n<dl>\n\t<dt><dfn>Haeret in salebra.</dfn></dt>\n\t<dd>Aeque enim contingit omnibus fidibus, ut incontentae sint.</dd>\n\t<dt><dfn>Nihil sane.</dfn></dt>\n\t<dd>Ut pompa, ludis atque eius modi spectaculis teneantur ob eamque rem vel famem et sitim perferant?</dd>\n\t<dt><dfn>Proclivi currit oratio.</dfn></dt>\n\t<dd>Vestri haec verecundius, illi fortasse constantius.</dd>\n\t<dt><dfn>Quo tandem modo?</dfn></dt>\n\t<dd>Plane idem, inquit, et maxima quidem, qua fieri nulla maior potest.</dd>\n</dl>\n\n\n<ul>\n\t<li>Cuius etiam illi hortuli propinqui non memoriam solum mihi afferunt, sed ipsum videntur in conspectu meo ponere.</li>\n\t<li>Quod idem cum vestri faciant, non satis magnam tribuunt inventoribus gratiam.</li>\n\t<li>Et ego: Piso, inquam, si est quisquam, qui acute in causis videre soleat quae res agatur.</li>\n\t<li>Quasi vero, inquit, perpetua oratio rhetorum solum, non etiam philosophorum sit.</li>\n\t<li>Quam si explicavisset, non tam haesitaret.</li>\n\t<li>Nec vero intermittunt aut admirationem earum rerum, quae sunt ab antiquis repertae, aut investigationem novarum.</li>\n</ul>\n\n\n<p>Omnes enim iucundum motum, quo sensus hilaretur. Tria genera bonorum; Quo igitur, inquit, modo? Sint ista Graecorum; Nunc haec primum fortasse audientis servire debemus. Cur, nisi quod turpis oratio est? </p>\n\n<p>Cui Tubuli nomen odio non est? <a href='http://loripsum.net/' target='_blank'>Huius ego nunc auctoritatem sequens idem faciam.</a> Stoici scilicet. Nihilo beatiorem esse Metellum quam Regulum. </p>\n\n<ol>\n\t<li>Ab his oratores, ab his imperatores ac rerum publicarum principes extiterunt.</li>\n\t<li>Huius, Lyco, oratione locuples, rebus ipsis ielunior.</li>\n\t<li>Itaque mihi non satis videmini considerare quod iter sit naturae quaeque progressio.</li>\n</ol>\n\n\n",
    "_userdefined_roles": [],
    "modification_date": "2018/10/26 18:00:35.741212 GMT-4",
    "_content_type": "text/html",
    "_id": "porta-massa-sodales-orci-ve-dictumst.",
    "language": "en",
    "_content_type_banner": "text/html",
    "rights": "Netus morbi bibendum habitasse dui vitae vestibulum condimentum semper in ipsum at orci molestie accumsan eu aptent. Nulla ipsum curae massa elit conubia porta elit accumsan purus. Lorem etiam congue rhoncus at libero eni. Fusce nulla tempus orci in nascetur nonummy. Dolor porta. Dolor fusce blandit lorem ut tempor tempus risus. Augue class a nullam dolor. Nulla lorem taciti pellentesque blandit interdum. Netus fusce. Augue lacus sit nisl sem a. Ipsum morbi. Lorem felis. Neque vitae eni eleifend blandit egestas nisi eros senectus congue adipiscing fames.",
    "b_size": 30,
    "customViewFields": [
        "Title",
        "Creator",
        "Type",
        "ModificationDate"
    ],
    "_content_type_description": "text/plain",
    "_owner": "admin",
    "_content_type_location": "text/plain",
    "limit": 1000,
    "_permissions": {
        "Change portal events": {
            "acquire": false,
            "roles": [
                "Editor",
                "Manager",
                "Owner",
                "Site Administrator"
            ]
        },
        "Modify portal content": {
            "acquire": false,
            "roles": [
                "Editor",
                "Manager",
                "Owner",
                "Site Administrator"
            ]
        },
        "Access contents information": {
            "acquire": false,
            "roles": [
                "Anonymous"
            ]
        },
        "View": {
            "acquire": false,
            "roles": [
                "Anonymous"
            ]
        }
    },
    "_properties": [
        [
            "title",
            "Porta massa sodales orci ve dictumst.",
            "string"
        ]
    ],
    "allowDiscussion": false,
    "_gopip": 77,
    "creators": [
        "admin"
    ],
    "_path": "/Plone/about/lacus-purus-sit-augue-facilisis-ultricies-pede./metus-augue-platea-donec-fames-inceptos-non-ut-fermentum-ipsum./porta-massa-sodales-orci-ve-dictumst."
}