{
    "contributors": [],
    "_content_type_text": "text/html",
    "text": "<h1>Tertium autem omnibus aut maximis rebus iis, quae secundum naturam sint, fruentem vivere.</h1>\n\n<p>Lorem ipsum dolor sit amet, consectetur adipiscing elit. Hoc sic expositum dissimile est superiori. An eiusdem modi? Laboro autem non sine causa; Si longus, levis dictata sunt. Duo Reges: constructio interrete. De vacuitate doloris eadem sententia erit. At coluit ipse amicitias. Qui autem esse poteris, nisi te amor ipse ceperit? </p>\n\n<ul>\n\t<li>Et summatim quidem haec erant de corpore animoque dicenda, quibus quasi informatum est quid hominis natura postulet.</li>\n\t<li>Isto modo, ne si avia quidem eius nata non esset.</li>\n\t<li>Omnibus enim artibus volumus attributam esse eam, quae communis appellatur prudentia, quam omnes, qui cuique artificio praesunt, debent habere.</li>\n</ul>\n\n\n<p>Ne discipulum abducam, times. Gerendus est mos, modo recte sentiat. Quam si explicavisset, non tam haesitaret. Istam voluptatem, inquit, Epicurus ignorat? </p>\n\n<p><a href='http://loripsum.net/' target='_blank'>Nam, ut sint illa vendibiliora, haec uberiora certe sunt.</a> Cur iustitia laudatur? Tu vero, inquam, ducas licet, si sequetur; Quid enim de amicitia statueris utilitatis causa expetenda vides. Hoc simile tandem est? </p>\n\n<dl>\n\t<dt><dfn>Sint ista Graecorum;</dfn></dt>\n\t<dd>Quod autem ratione actum est, id officium appellamus.</dd>\n\t<dt><dfn>Quis hoc dicit?</dfn></dt>\n\t<dd>Quae quo sunt excelsiores, eo dant clariora indicia naturae.</dd>\n</dl>\n\n\n<ol>\n\t<li>Ex ea difficultate illae fallaciloquae, ut ait Accius, malitiae natae sunt.</li>\n\t<li>Poterat autem inpune;</li>\n\t<li>Sin tantum modo ad indicia veteris memoriae cognoscenda, curiosorum.</li>\n\t<li>Summae mihi videtur inscitiae.</li>\n</ol>\n\n\n",
    "creation_date": "2018/10/26 18:00:38.216298 GMT-4",
    "_uid": "d77f2a046c50487f839a837eb7696276",
    "expirationDate": "None",
    "_content_type_id": "text/plain",
    "id": "donec-massa-non-diam-eros.",
    "subject": [],
    "effectiveDate": "None",
    "title": "Donec massa non diam eros.",
    "_ac_local_roles": {
        "admin": [
            "Owner"
        ]
    },
    "_content_type_language": "text/plain",
    "_defaultpage": "",
    "location": "Velit risus a eget fusce tellus porttitor.",
    "_content_type_title": "text/plain",
    "excludeFromNav": true,
    "presentation": true,
    "_type": "Document",
    "description": "Curae vitae. Lacus felis vitae urna ultricies dolor sit odio elit dapibus. Lorem ipsum facilisi ante per dictumst a nascetur duis maecenas. Curae donec justo maecenas massa primis per lacinia id posuere ve pede rhoncus at eu fames ad netus. Lorem porta hac. Augue massa tortor nostra class erat nam vivamus ve quis id cum. Velit ipsum tincidunt phasellus parturient duis etiam laoreet imperdiet. Felis proin scelerisque suscipit amet aliquet et pharetra donec a feugiat. Purus nulla augue purus hac purus vitae scelerisque inceptos. Netus dolor dis laoreet in. Proin felis penatibus. Porta curae est taciti lacinia id facilisi. Etiam curae aptent faucibus condimentum nascetur conubia. Purus curae sociis volutpat fermentum nulla et. Massa justo congue ve id pede auctor eni nonummy inceptos fames. Augue vitae commodo.",
    "_atrefs": {},
    "_layout": "document_view",
    "_workflow_history": {
        "simple_publication_workflow": [
            {
                "action": null,
                "review_state": "private",
                "actor": "admin",
                "comments": "",
                "time": "2018/10/26 18:00:38.220522 GMT-4"
            },
            {
                "action": "publish",
                "review_state": "published",
                "actor": "admin",
                "comments": "",
                "time": "2018/10/26 18:00:38.841899 GMT-4"
            }
        ]
    },
    "_content_type_rights": "text/plain",
    "_directly_provided": [],
    "language": "en",
    "tableContents": true,
    "_classname": "ATDocument",
    "banner": "<h1>Quae in controversiam veniunt, de iis, si placet, disseramus.</h1>\n\n<p>Lorem ipsum dolor sit amet, consectetur adipiscing elit. Videsne quam sit magna dissensio? Graccho, eius fere, aequal\u00ed? Memini vero, inquam; Age sane, inquam. </p>\n\n<ol>\n\t<li>Idem fecisset Epicurus, si sententiam hanc, quae nunc Hieronymi est, coniunxisset cum Aristippi vetere sententia.</li>\n\t<li>Non quaero, quid dicat, sed quid convenienter possit rationi et sententiae suae dicere.</li>\n\t<li>In schola desinis.</li>\n</ol>\n\n\n<ul>\n\t<li>Atque ab isto capite fluere necesse est omnem rationem bonorum et malorum.</li>\n\t<li>Quid ei reliquisti, nisi te, quoquo modo loqueretur, intellegere, quid diceret?</li>\n\t<li>Atque hoc loco similitudines eas, quibus illi uti solent, dissimillimas proferebas.</li>\n\t<li>Si verbum sequimur, primum longius verbum praepositum quam bonum.</li>\n\t<li>Audio equidem philosophi vocem, Epicure, sed quid tibi dicendum sit oblitus es.</li>\n\t<li>Eorum enim est haec querela, qui sibi cari sunt seseque diligunt.</li>\n\t<li>An me, inquam, nisi te audire vellem, censes haec dicturum fuisse?</li>\n</ul>\n\n\n<dl>\n\t<dt><dfn>Etiam beatissimum?</dfn></dt>\n\t<dd>Tum Torquatus: Prorsus, inquit, assentior;</dd>\n\t<dt><dfn>Proclivi currit oratio.</dfn></dt>\n\t<dd>Hic nihil fuit, quod quaereremus.</dd>\n\t<dt><dfn>Quid vero?</dfn></dt>\n\t<dd>Quae diligentissime contra Aristonem dicuntur a Chryippo.</dd>\n\t<dt><dfn>Falli igitur possumus.</dfn></dt>\n\t<dd>Verum tamen cum de rebus grandioribus dicas, ipsae res verba rapiunt;</dd>\n</dl>\n\n\n<h2>Duo Reges: constructio interrete.</h2>\n\n<p>Tu enim ista lenius, hic Stoicorum more nos vexat. Et quidem, inquit, vehementer errat; Duarum enim vitarum nobis erunt instituta capienda. Age, inquies, ista parva sunt. Videamus animi partes, quarum est conspectus illustrior; </p>\n\n<p>Si longus, levis; Tu vero, inquam, ducas licet, si sequetur; Quid est igitur, inquit, quod requiras? Istam voluptatem perpetuam quis potest praestare sapienti? Qui-vere falsone, quaerere mittimus-dicitur oculis se privasse; Recte, inquit, intellegis. </p>\n\n",
    "_userdefined_roles": [],
    "_content_type": "text/html",
    "_id": "donec-massa-non-diam-eros.",
    "modification_date": "2018/10/26 18:00:38.845889 GMT-4",
    "_content_type_banner": "text/html",
    "rights": "Porta class dis orci pellentesque ultrices porta. Massa augue neque ipsum iaculis tortor massa netus vehicula fames ut neque. Ipsum curae hymenaeos pharetra elit ac odio accumsan scelerisque sociosqu curabitur nostra. Etiam fames massa ornare risus metus dolor etiam ultricies sit quam elit pede elementum hac nisi. Fames justo mauris tortor vivamus amet donec habitasse. Risus netus. Curae nulla dolor nunc morbi lacus lectus velit aliquet lectus. Augue risus orci eget adipiscing cras metus ve varius. Justo lacus nostra nullam velit feugiat justo et habitasse fringilla adipiscing. Nulla class dui gravida. Magna lacus mauris molestie parturient litora leo lectus libero. Purus lacus faucibus vitae posuere natoque odio posuere natoque primis luctus. Neque purus proin auctor ante commodo feugiat. Lacus donec. Netus augue nam diam non fames lectus turpis vulputate primis adipiscing fusce natoque. Porta ipsum fusce metus class netus a pede adipiscing penatibus odio vel.",
    "_atbrefs": {},
    "_content_type_description": "text/plain",
    "_owner": "admin",
    "_content_type_location": "text/plain",
    "_permissions": {
        "Modify portal content": {
            "acquire": false,
            "roles": [
                "Editor",
                "Manager",
                "Owner",
                "Site Administrator"
            ]
        },
        "Access contents information": {
            "acquire": false,
            "roles": [
                "Anonymous"
            ]
        },
        "View": {
            "acquire": false,
            "roles": [
                "Anonymous"
            ]
        }
    },
    "_properties": [
        [
            "title",
            "Donec massa non diam eros.",
            "string"
        ]
    ],
    "allowDiscussion": false,
    "_gopip": 0,
    "creators": [
        "admin"
    ],
    "_path": "/Plone/about/lacus-purus-sit-augue-facilisis-ultricies-pede./donec-risus-fermentum./donec-massa-non-diam-eros."
}