{
    "contributors": [],
    "_content_type_text": "text/html",
    "text": "<h1>Igitur ne dolorem quidem.</h1>\n\n<p>Lorem ipsum dolor sit amet, consectetur adipiscing elit. Restatis igitur vos; Aliter homines, aliter philosophos loqui putas oportere? Primum in nostrane potestate est, quid meminerimus? Falli igitur possumus. Quid enim possumus hoc agere divinius? </p>\n\n<p>Peccata paria. Duo Reges: constructio interrete. Quid turpius quam sapientis vitam ex insipientium sermone pendere? Duarum enim vitarum nobis erunt instituta capienda. </p>\n\n<ul>\n\t<li>Multa sunt dicta ab antiquis de contemnendis ac despiciendis rebus humanis;</li>\n\t<li>Conferam tecum, quam cuique verso rem subicias;</li>\n\t<li>Qui non moveatur et offensione turpitudinis et comprobatione honestatis?</li>\n\t<li>Roges enim Aristonem, bonane ei videantur haec: vacuitas doloris, divitiae, valitudo;</li>\n\t<li>An ea, quae per vinitorem antea consequebatur, per se ipsa curabit?</li>\n</ul>\n\n\n<p>Nihil opus est exemplis hoc facere longius. Quod quidem nobis non saepe contingit. Tum Torquatus: Prorsus, inquit, assentior; Respondeat totidem verbis. </p>\n\n<ol>\n\t<li>Itaque rursus eadem ratione, qua sum paulo ante usus, haerebitis.</li>\n\t<li>Nec tamen ille erat sapiens quis enim hoc aut quando aut ubi aut unde?</li>\n\t<li>Itaque in rebus minime obscuris non multus est apud eos disserendi labor.</li>\n\t<li>Hic quoque suus est de summoque bono dissentiens dici vere Peripateticus non potest.</li>\n</ol>\n\n\n<dl>\n\t<dt><dfn>At certe gravius.</dfn></dt>\n\t<dd>Ut non sine causa ex iis memoriae ducta sit disciplina.</dd>\n\t<dt><dfn>Sullae consulatum?</dfn></dt>\n\t<dd>Ut necesse sit omnium rerum, quae natura vigeant, similem esse finem, non eundem.</dd>\n</dl>\n\n\n",
    "creation_date": "2018/10/26 18:00:39.876906 GMT-4",
    "_uid": "2d26725c28ac4d89ac7e377eddade46c",
    "expirationDate": "None",
    "_content_type_id": "text/plain",
    "id": "massa-porta-congue-nisi-eros.",
    "subject": [],
    "effectiveDate": "None",
    "title": "Massa porta congue nisi eros.",
    "_ac_local_roles": {
        "admin": [
            "Owner"
        ]
    },
    "_content_type_language": "text/plain",
    "_defaultpage": "",
    "location": "Proin massa erat torquent id.",
    "_content_type_title": "text/plain",
    "excludeFromNav": true,
    "presentation": false,
    "_type": "Document",
    "description": "Porta curae bibendum nam erat ante euismod magna porta praesent per euismod mattis. Fusce magna ultrices leo pretium sapien proin placerat adipiscing. Ipsum augue a conubia ad enim class. Velit curae nunc cubilia nam. Metus velit taciti dignissim et elementum scelerisque dis enim urna aliquet conubia mattis nibh. Netus risus molestie nibh eni mattis a suscipit nunc quisque in leo. Justo velit. Purus lacus risus mauris morbi ultrices venenatis a morbi ve purus sollicitudin pulvinar. Class metus. Netus class. Ipsum curae feugiat cubilia lacinia.",
    "_atrefs": {},
    "_layout": "document_view",
    "_workflow_history": {
        "simple_publication_workflow": [
            {
                "action": null,
                "review_state": "private",
                "actor": "admin",
                "comments": "",
                "time": "2018/10/26 18:00:39.880753 GMT-4"
            },
            {
                "action": "publish",
                "review_state": "published",
                "actor": "admin",
                "comments": "",
                "time": "2018/10/26 18:00:40.474757 GMT-4"
            }
        ]
    },
    "_content_type_rights": "text/plain",
    "_directly_provided": [],
    "language": "en",
    "tableContents": false,
    "_classname": "ATDocument",
    "banner": "<h1>Quamquam te quidem video minime esse deterritum.</h1>\n\n<p>Lorem ipsum dolor sit amet, consectetur adipiscing elit. Eaedem enim utilitates poterunt eas labefactare atque pervertere. Summum en\u00edm bonum exposuit vacuitatem doloris; Duo Reges: constructio interrete. </p>\n\n<ul>\n\t<li>Quid est igitur, cur ita semper deum appellet Epicurus beatum et aeternum?</li>\n\t<li>Progredientibus autem aetatibus sensim tardeve potius quasi nosmet ipsos cognoscimus.</li>\n\t<li>Num igitur utiliorem tibi hunc Triarium putas esse posse, quam si tua sint Puteolis granaria?</li>\n\t<li>Istam voluptatem perpetuam quis potest praestare sapienti?</li>\n</ul>\n\n\n<p>Aliud igitur esse censet gaudere, aliud non dolere. Quid enim possumus hoc agere divinius? </p>\n\n<p><a href='http://loripsum.net/' target='_blank'>Urgent tamen et nihil remittunt.</a> Sedulo, inquam, faciam. <a href='http://loripsum.net/' target='_blank'>Consequens enim est et post oritur, ut dixi.</a> Haec et tu ita posuisti, et verba vestra sunt. Si quidem, inquit, tollerem, sed relinquo. Sullae consulatum? Mihi enim erit isdem istis fortasse iam utendum. </p>\n\n<ol>\n\t<li>At hoc in eo M.</li>\n\t<li>Illud dico, ea, quae dicat, praeclare inter se cohaerere.</li>\n\t<li>Dempta enim aeternitate nihilo beatior Iuppiter quam Epicurus;</li>\n</ol>\n\n\n<dl>\n\t<dt><dfn>Quibusnam praeteritis?</dfn></dt>\n\t<dd>Quid igitur dubitamus in tota eius natura quaerere quid sit effectum?</dd>\n\t<dt><dfn>A mene tu?</dfn></dt>\n\t<dd>Inscite autem medicinae et gubernationis ultimum cum ultimo sapientiae comparatur.</dd>\n\t<dt><dfn>Sed videbimus.</dfn></dt>\n\t<dd>Quare ad ea primum, si videtur;</dd>\n\t<dt><dfn>Sed nimis multa.</dfn></dt>\n\t<dd>O magnam vim ingenii causamque iustam, cur nova existeret disciplina! Perge porro.</dd>\n\t<dt><dfn>Nulla erit controversia.</dfn></dt>\n\t<dd>Odium autem et invidiam facile vitabis.</dd>\n</dl>\n\n\n",
    "_userdefined_roles": [],
    "_content_type": "text/html",
    "_id": "massa-porta-congue-nisi-eros.",
    "modification_date": "2018/10/26 18:00:40.478808 GMT-4",
    "_content_type_banner": "text/html",
    "rights": "Fusce vitae diam nec a tortor diam ve litora. Risus morbi. Donec nulla sagittis vel ipsum. Fames ipsum duis non nulla nunc aliquam dolor. Proin donec nascetur massa mollis parturient massa eros a nisi vitae. Massa lorem. Augue velit. Morbi justo montes et at fringilla cras hac quis. Ipsum neque. Magna class posuere eni rutrum hymenaeos adipiscing nonummy orci. Justo fames sed quis donec curabitur nam ultrices a maecenas hac ve morbi consectetuer elementum fusce. Proin magna facilisi leo. Augue netus vivamus hac at montes malesuada consequat nunc leo ligula a pulvinar. Dolor nulla. Porta felis a conubia mattis hac semper taciti sed natoque dictumst montes. Augue curae lacinia montes augue curabitur.",
    "_atbrefs": {},
    "_content_type_description": "text/plain",
    "_owner": "admin",
    "_content_type_location": "text/plain",
    "_permissions": {
        "Modify portal content": {
            "acquire": false,
            "roles": [
                "Editor",
                "Manager",
                "Owner",
                "Site Administrator"
            ]
        },
        "Access contents information": {
            "acquire": false,
            "roles": [
                "Anonymous"
            ]
        },
        "View": {
            "acquire": false,
            "roles": [
                "Anonymous"
            ]
        }
    },
    "_properties": [
        [
            "title",
            "Massa porta congue nisi eros.",
            "string"
        ]
    ],
    "allowDiscussion": false,
    "_gopip": 2,
    "creators": [
        "admin"
    ],
    "_path": "/Plone/about/lacus-purus-sit-augue-facilisis-ultricies-pede./donec-risus-fermentum./massa-porta-congue-nisi-eros."
}