{
    "contributors": [],
    "_content_type_text": "text/html",
    "text": "<h1>Cur igitur, cum de re conveniat, non malumus usitate loqui?</h1>\n\n<p>Lorem ipsum dolor sit amet, consectetur adipiscing elit. Quorum sine causa fieri nihil putandum est. Quare conare, quaeso. </p>\n\n<ol>\n\t<li>De hominibus dici non necesse est.</li>\n\t<li>Quod si ita se habeat, non possit beatam praestare vitam sapientia.</li>\n\t<li>Atque ut ceteri dicere existimantur melius quam facere, sic hi mihi videntur facere melius quam dicere.</li>\n\t<li>Quod autem principium officii quaerunt, melius quam Pyrrho;</li>\n\t<li>Quando enim Socrates, qui parens philosophiae iure dici potest, quicquam tale fecit?</li>\n\t<li>Quid est enim aliud esse versutum?</li>\n</ol>\n\n\n<p>Ut pulsi recurrant? Res enim concurrent contrariae. <a href='http://loripsum.net/' target='_blank'>Honesta oratio, Socratica, Platonis etiam.</a> Duo Reges: constructio interrete. <a href='http://loripsum.net/' target='_blank'>Iam id ipsum absurdum, maximum malum neglegi.</a> Quonam modo? </p>\n\n<dl>\n\t<dt><dfn>Sed nimis multa.</dfn></dt>\n\t<dd>Restant Stoici, qui cum a Peripateticis et Academicis omnia transtulissent, nominibus aliis easdem res secuti sunt.</dd>\n\t<dt><dfn>Quid de Pythagora?</dfn></dt>\n\t<dd>At negat Epicurus-hoc enim vestrum lumen estquemquam, qui honeste non vivat, iucunde posse vivere.</dd>\n\t<dt><dfn>Quid iudicant sensus?</dfn></dt>\n\t<dd>Habes, inquam, Cato, formam eorum, de quibus loquor, philosophorum.</dd>\n</dl>\n\n\n<p>Memini vero, inquam; Urgent tamen et nihil remittunt. Quare ad ea primum, si videtur; </p>\n\n<ul>\n\t<li>Sed non sunt in eo genere tantae commoditates corporis tamque productae temporibus tamque multae.</li>\n\t<li>Quodsi ipsam honestatem undique pertectam atque absolutam.</li>\n\t<li>His similes sunt omnes, qui virtuti student levantur vitiis, levantur erroribus, nisi forte censes Ti.</li>\n</ul>\n\n\n",
    "creation_date": "2018/10/26 18:00:42.406962 GMT-4",
    "_uid": "1ec66796d75548dda38efb4472e0c0b3",
    "expirationDate": "None",
    "_content_type_id": "text/plain",
    "id": "metus-porta-a-potenti-turpis.",
    "subject": [],
    "effectiveDate": "None",
    "title": "Metus porta a potenti turpis.",
    "_ac_local_roles": {
        "admin": [
            "Owner"
        ]
    },
    "_content_type_language": "text/plain",
    "_defaultpage": "",
    "location": "Neque porta erat quis erat.",
    "_content_type_title": "text/plain",
    "excludeFromNav": true,
    "presentation": false,
    "_type": "Document",
    "description": "Morbi vitae suscipit at suspendisse quis. Purus etiam. Donec augue libero scelerisque risus hymenaeos euismod justo sem. Morbi donec fames magna sociosqu habitasse cum. Vitae justo laoreet sagittis felis eu tempor id. Donec justo nec erat sem quisque duis diam lorem conubia sem fermentum justo et. Porta vitae. Class porta nisl nec eros phasellus torquent duis in consectetuer mauris ve sociis donec. Curae lorem sed velit pretium in. Justo morbi justo ridiculus quisque sollicitudin posuere metus non nibh montes aenean non.",
    "_atrefs": {},
    "_layout": "document_view",
    "_workflow_history": {
        "simple_publication_workflow": [
            {
                "action": null,
                "review_state": "private",
                "actor": "admin",
                "comments": "",
                "time": "2018/10/26 18:00:42.411267 GMT-4"
            },
            {
                "action": "publish",
                "review_state": "published",
                "actor": "admin",
                "comments": "",
                "time": "2018/10/26 18:00:43.010982 GMT-4"
            }
        ]
    },
    "_content_type_rights": "text/plain",
    "_directly_provided": [],
    "language": "en",
    "tableContents": false,
    "_classname": "ATDocument",
    "banner": "<h1>Ipse Epicurus fortasse redderet, ut Sextus Peducaeus, Sex.</h1>\n\n<p>Lorem ipsum dolor sit amet, consectetur adipiscing elit. Non est igitur voluptas bonum. Sed videbimus. Tum Torquatus: Prorsus, inquit, assentior; <a href='http://loripsum.net/' target='_blank'>Ergo id est convenienter naturae vivere, a natura discedere.</a> Cum praesertim illa perdiscere ludus esset. Hunc vos beatum; Duo Reges: constructio interrete. Tollenda est atque extrahenda radicitus. </p>\n\n<p>Aeque enim contingit omnibus fidibus, ut incontentae sint. Ille incendat? <a href='http://loripsum.net/' target='_blank'>Bona autem corporis huic sunt, quod posterius posui, similiora.</a> <a href='http://loripsum.net/' target='_blank'>At certe gravius.</a> Tu vero, inquam, ducas licet, si sequetur; <a href='http://loripsum.net/' target='_blank'>Eadem nunc mea adversum te oratio est.</a> </p>\n\n<ul>\n\t<li>Omnes enim iucundum motum, quo sensus hilaretur.</li>\n\t<li>Iam enim adesse poterit.</li>\n\t<li>Chrysippus autem exponens differentias animantium ait alias earum corpore excellere, alias autem animo, non nullas valere utraque re;</li>\n\t<li>Ut proverbia non nulla veriora sint quam vestra dogmata.</li>\n</ul>\n\n\n<dl>\n\t<dt><dfn>Quo tandem modo?</dfn></dt>\n\t<dd>Apparet statim, quae sint officia, quae actiones.</dd>\n\t<dt><dfn>Pollicetur certe.</dfn></dt>\n\t<dd>Cur deinde Metrodori liberos commendas?</dd>\n\t<dt><dfn>Age sane, inquam.</dfn></dt>\n\t<dd>Semper enim ita adsumit aliquid, ut ea, quae prima dederit, non deserat.</dd>\n\t<dt><dfn>Hunc vos beatum;</dfn></dt>\n\t<dd>Sed haec ab Antiocho, familiari nostro, dicuntur multo melius et fortius, quam a Stasea dicebantur.</dd>\n</dl>\n\n\n<ol>\n\t<li>Nunc haec primum fortasse audientis servire debemus.</li>\n\t<li>Confecta res esset.</li>\n\t<li>Etsi ea quidem, quae adhuc dixisti, quamvis ad aetatem recte isto modo dicerentur.</li>\n\t<li>Deque his rebus satis multa in nostris de re publica libris sunt dicta a Laelio.</li>\n\t<li>Omnes enim iucundum motum, quo sensus hilaretur.</li>\n</ol>\n\n\n<h2>At Zeno eum non beatum modo, sed etiam divitem dicere ausus est.</h2>\n\n<p>Nosti, credo, illud: Nemo pius est, qui pietatem-; Verum hoc idem saepe faciamus. Bestiarum vero nullum iudicium puto. Quantum Aristoxeni ingenium consumptum videmus in musicis? Quid, quod res alia tota est? Istic sum, inquit. </p>\n\n",
    "_userdefined_roles": [],
    "_content_type": "text/html",
    "_id": "metus-porta-a-potenti-turpis.",
    "modification_date": "2018/10/26 18:00:43.016206 GMT-4",
    "_content_type_banner": "text/html",
    "rights": "Justo vitae sem dolor imperdiet diam sociis. Neque morbi condimentum eget ultricies ac. Proin risus platea consectetuer aliquet vel. Netus augue donec. Lacus morbi netus gravida aenean diam tempus vulputate cubilia nisi. Etiam vitae leo quis leo eget sociosqu nec euismod senectus metus diam netus at. Neque justo tellus odio ullamcorper id turpis pede sem etiam vivamus potenti. Velit dolor quam mauris convallis eleifend tortor. Curae lorem libero adipiscing pellentesque conubia amet orci phasellus eni sit nec. Fusce dolor morbi dictum aptent enim aenean. Morbi class nascetur eget sed lorem metus maecenas nam nisi hymenaeos metus ante.",
    "_atbrefs": {},
    "_content_type_description": "text/plain",
    "_owner": "admin",
    "_content_type_location": "text/plain",
    "_permissions": {
        "Modify portal content": {
            "acquire": false,
            "roles": [
                "Editor",
                "Manager",
                "Owner",
                "Site Administrator"
            ]
        },
        "Access contents information": {
            "acquire": false,
            "roles": [
                "Anonymous"
            ]
        },
        "View": {
            "acquire": false,
            "roles": [
                "Anonymous"
            ]
        }
    },
    "_properties": [
        [
            "title",
            "Metus porta a potenti turpis.",
            "string"
        ]
    ],
    "allowDiscussion": false,
    "_gopip": 5,
    "creators": [
        "admin"
    ],
    "_path": "/Plone/about/lacus-purus-sit-augue-facilisis-ultricies-pede./donec-risus-fermentum./metus-porta-a-potenti-turpis."
}