{
    "contributors": [],
    "_content_type_text": "text/html",
    "text": "<h1>Quo plebiscito decreta a senatu est consuli quaestio Cn.</h1>\n\n<p>Lorem ipsum dolor sit amet, consectetur adipiscing elit. Ut in geometria, prima si dederis, danda sunt omnia. Optime, inquam. Recte, inquit, intellegis. Duo Reges: constructio interrete. </p>\n\n<dl>\n\t<dt><dfn>Sed hoc sane concedamus.</dfn></dt>\n\t<dd>Philosophi autem in suis lectulis plerumque moriuntur.</dd>\n\t<dt><dfn>Respondeat totidem verbis.</dfn></dt>\n\t<dd>Quae similitudo in genere etiam humano apparet.</dd>\n\t<dt><dfn>Venit ad extremum;</dfn></dt>\n\t<dd>Laelius clamores sof\u00f2w ille so lebat Edere compellans gumias ex ordine nostros.</dd>\n</dl>\n\n\n<h2>An me, inquis, tam amentem putas, ut apud imperitos isto modo loquar?</h2>\n\n<p><a href='http://loripsum.net/' target='_blank'>Expectoque quid ad id, quod quaerebam, respondeas.</a> Bonum incolumis acies: misera caecitas. Urgent tamen et nihil remittunt. Vide, quantum, inquam, fallare, Torquate. </p>\n\n<p>Quo modo? Utilitatis causa amicitia est quaesita. Peccata paria. </p>\n\n<ol>\n\t<li>At, illa, ut vobis placet, partem quandam tuetur, reliquam deserit.</li>\n\t<li>Nam aliquando posse recte fieri dicunt nulla expectata nec quaesita voluptate.</li>\n\t<li>Illud quaero, quid ei, qui in voluptate summum bonum ponat, consentaneum sit dicere.</li>\n\t<li>At ille non pertimuit saneque fidenter: Istis quidem ipsis verbis, inquit;</li>\n</ol>\n\n\n<ul>\n\t<li>Nunc omni virtuti vitium contrario nomine opponitur.</li>\n\t<li>Aperiendum est igitur, quid sit voluptas;</li>\n\t<li>Ita fit cum gravior, tum etiam splendidior oratio.</li>\n\t<li>Etenim si delectamur, cum scribimus, quis est tam invidus, qui ab eo nos abducat?</li>\n\t<li>Mihi, inquam, qui te id ipsum rogavi?</li>\n</ul>\n\n\n",
    "creation_date": "2018/10/26 18:00:43.187936 GMT-4",
    "_uid": "22aa26f20fa743dca9888cb98b7fd58c",
    "expirationDate": "None",
    "_content_type_id": "text/plain",
    "id": "velit-nulla.",
    "subject": [],
    "effectiveDate": "None",
    "title": "Velit nulla.",
    "_ac_local_roles": {
        "admin": [
            "Owner"
        ]
    },
    "_content_type_language": "text/plain",
    "_defaultpage": "",
    "location": "Ipsum risus amet vehicula vestibulum ridiculus suspendisse magna varius.",
    "_content_type_title": "text/plain",
    "excludeFromNav": true,
    "presentation": true,
    "_type": "Document",
    "description": "Netus nulla condimentum. Risus vitae rhoncus varius curabitur tortor consequat risus hymenaeos nisl condimentum sit. Class etiam. Netus porta sit erat morbi odio sem elit hymenaeos torquent primis quisque eros curabitur. Nulla curae eni placerat blandit commodo potenti elit. Risus porta. Etiam class enim iaculis porta nunc quisque in nisi neque integer. Vitae curae mollis. Morbi dolor. Proin neque elementum quisque neque ac. Fusce lorem augue maecenas nunc vulputate senectus id per hendrerit eni cum convallis iaculis. Vitae morbi. Lacus magna a nullam. Etiam fusce per quam nam orci. Class lacus platea. Augue velit habitant nisi volutpat suspendisse suscipit convallis duis est fames. Curae risus hac fermentum leo quam aliquet lacus nam sem.",
    "_atrefs": {},
    "_layout": "document_view",
    "_workflow_history": {
        "simple_publication_workflow": [
            {
                "action": null,
                "review_state": "private",
                "actor": "admin",
                "comments": "",
                "time": "2018/10/26 18:00:43.192246 GMT-4"
            },
            {
                "action": "publish",
                "review_state": "published",
                "actor": "admin",
                "comments": "",
                "time": "2018/10/26 18:00:43.852986 GMT-4"
            }
        ]
    },
    "_content_type_rights": "text/plain",
    "_directly_provided": [],
    "language": "en",
    "tableContents": true,
    "_classname": "ATDocument",
    "banner": "<h1>At iam decimum annum in spelunca iacet.</h1>\n\n<p>Lorem ipsum dolor sit amet, consectetur adipiscing elit. Quamquam te quidem video minime esse deterritum. <a href='http://loripsum.net/' target='_blank'>Quo plebiscito decreta a senatu est consuli quaestio Cn.</a> An eiusdem modi? Duo Reges: constructio interrete. <a href='http://loripsum.net/' target='_blank'>Ut id aliis narrare gestiant?</a> Contemnit enim disserendi elegantiam, confuse loquitur. </p>\n\n<ol>\n\t<li>Frater et T.</li>\n\t<li>Bonum incolumis acies: misera caecitas.</li>\n\t<li>Aliter enim explicari, quod quaeritur, non potest.</li>\n</ol>\n\n\n<h2>Iam doloris medicamenta illa Epicurea tamquam de narthecio proment: Si gravis, brevis;</h2>\n\n<p>At enim hic etiam dolore. Numquam facies. Videsne quam sit magna dissensio? At eum nihili facit; Stoici scilicet. <a href='http://loripsum.net/' target='_blank'>Ac tamen hic mallet non dolere.</a> </p>\n\n<ul>\n\t<li>Ille enim occurrentia nescio quae comminiscebatur;</li>\n\t<li>Nam aliquando posse recte fieri dicunt nulla expectata nec quaesita voluptate.</li>\n\t<li>Minime vero istorum quidem, inquit.</li>\n</ul>\n\n\n<dl>\n\t<dt><dfn>Si longus, levis.</dfn></dt>\n\t<dd>Illa sunt similia: hebes acies est cuipiam oculorum, corpore alius senescit;</dd>\n\t<dt><dfn>Quonam, inquit, modo?</dfn></dt>\n\t<dd>An quod ita callida est, ut optime possit architectari voluptates?</dd>\n\t<dt><dfn>Nihilo magis.</dfn></dt>\n\t<dd>Tenesne igitur, inquam, Hieronymus Rhodius quid dicat esse summum bonum, quo putet omnia referri oportere?</dd>\n\t<dt><dfn>Sed haec omittamus;</dfn></dt>\n\t<dd>Septem autem illi non suo, sed populorum suffragio omnium nominati sunt.</dd>\n\t<dt><dfn>An eiusdem modi?</dfn></dt>\n\t<dd>Qui igitur convenit ab alia voluptate dicere naturam proficisci, in alia summum bonum ponere?</dd>\n</dl>\n\n\n<p>Nihil ad rem! Ne sit sane; <a href='http://loripsum.net/' target='_blank'>Scisse enim te quis coarguere possit?</a> Quare ad ea primum, si videtur; Nunc agendum est subtilius. At, si voluptas esset bonum, desideraret. Mihi enim satis est, ipsis non satis. </p>\n\n",
    "_userdefined_roles": [],
    "_content_type": "text/html",
    "_id": "velit-nulla.",
    "modification_date": "2018/10/26 18:00:43.856802 GMT-4",
    "_content_type_banner": "text/html",
    "rights": "Fames porta convallis iaculis ante vel sodales in nam pede nonummy aenean. Vitae class turpis suscipit per. Felis etiam a platea fusce natoque vel. Risus neque. Metus dolor nec dictum id. Augue felis auctor et purus consectetuer imperdiet netus. Netus augue purus quis fusce ad ac amet. Etiam velit magnis nascetur porttitor enim. Dolor donec nunc fringilla. Donec risus leo porta dictum suspendisse lacus fringilla molestie nisl rhoncus. Magna fusce lobortis arcu feugiat posuere torquent felis velit odio posuere commodo. Proin justo lobortis. Fusce metus euismod tortor massa posuere primis. Netus fames. Felis ipsum mauris sed. Magna class posuere vehicula fusce nonummy nam urna. Dolor fusce ante dictumst porta enim eu quam ullamcorper viverra. Augue nulla dictum dolor habitant eu scelerisque at. Vitae felis senectus netus ve. Class felis platea.",
    "_atbrefs": {},
    "_content_type_description": "text/plain",
    "_owner": "admin",
    "_content_type_location": "text/plain",
    "_permissions": {
        "Modify portal content": {
            "acquire": false,
            "roles": [
                "Editor",
                "Manager",
                "Owner",
                "Site Administrator"
            ]
        },
        "Access contents information": {
            "acquire": false,
            "roles": [
                "Anonymous"
            ]
        },
        "View": {
            "acquire": false,
            "roles": [
                "Anonymous"
            ]
        }
    },
    "_properties": [
        [
            "title",
            "Velit nulla.",
            "string"
        ]
    ],
    "allowDiscussion": false,
    "_gopip": 6,
    "creators": [
        "admin"
    ],
    "_path": "/Plone/about/lacus-purus-sit-augue-facilisis-ultricies-pede./donec-risus-fermentum./velit-nulla."
}