{
    "contributors": [],
    "_content_type_text": "text/html",
    "text": "<h1>Nulla profecto est, quin suam vim retineat a primo ad extremum.</h1>\n\n<p>Lorem ipsum dolor sit amet, consectetur adipiscing elit. Dat enim intervalla et relaxat. Sedulo, inquam, faciam. <a href='http://loripsum.net/' target='_blank'>At hoc in eo M.</a> Duo Reges: constructio interrete. Summum a vobis bonum voluptas dicitur. Hunc vos beatum; </p>\n\n<dl>\n\t<dt><dfn>Si longus, levis;</dfn></dt>\n\t<dd>Itaque nostrum est-quod nostrum dico, artis est-ad ea principia, quae accepimus.</dd>\n\t<dt><dfn>Si quae forte-possumus.</dfn></dt>\n\t<dd>Videamus igitur sententias eorum, tum ad verba redeamus.</dd>\n\t<dt><dfn>Peccata paria.</dfn></dt>\n\t<dd>Quod quidem nobis non saepe contingit.</dd>\n</dl>\n\n\n<ol>\n\t<li>Nihil acciderat ei, quod nollet, nisi quod anulum, quo delectabatur, in mari abiecerat.</li>\n\t<li>Sed erat aequius Triarium aliquid de dissensione nostra iudicare.</li>\n\t<li>Optime, inquam.</li>\n</ol>\n\n\n<p>Et ille ridens: Video, inquit, quid agas; Qui ita affectus, beatum esse numquam probabis; </p>\n\n<h2>Ad eos igitur converte te, quaeso.</h2>\n\n<p><a href='http://loripsum.net/' target='_blank'>Quid enim?</a> Quis est, qui non oderit libidinosam, protervam adolescentiam? Negat esse eam, inquit, propter se expetendam. Recte dicis; </p>\n\n<ul>\n\t<li>Non autem hoc: igitur ne illud quidem.</li>\n\t<li>Haec quo modo conveniant, non sane intellego.</li>\n\t<li>Beatus autem esse in maximarum rerum timore nemo potest.</li>\n\t<li>Inquit, respondet: Quia, nisi quod honestum est, nullum est aliud bonum! Non quaero iam verumne sit;</li>\n</ul>\n\n\n",
    "creation_date": "2018/10/26 18:00:45.658580 GMT-4",
    "_uid": "088136b1c9154c7099eacca6aa7597bb",
    "expirationDate": "None",
    "_content_type_id": "text/plain",
    "id": "dolor-ipsum-suspendisse-sagittis-cras-odio-hendrerit.",
    "subject": [],
    "effectiveDate": "None",
    "title": "Dolor ipsum suspendisse sagittis cras odio hendrerit.",
    "_ac_local_roles": {
        "admin": [
            "Owner"
        ]
    },
    "_content_type_language": "text/plain",
    "_defaultpage": "",
    "location": "Felis metus ullamcorper sed.",
    "_content_type_title": "text/plain",
    "excludeFromNav": true,
    "presentation": false,
    "_type": "Document",
    "description": "Netus risus torquent non blandit. Ipsum augue. Vitae netus. Proin donec luctus montes. Proin lorem neque ullamcorper at ligula hac sagittis egestas mollis odio. Morbi metus condimentum at semper blandit egestas ligula ut. Augue neque lorem. Lorem purus magna fames sapien eu ve duis. Netus proin dolor pede fringilla sollicitudin natoque. Proin magna neque tortor facilisi lacus erat mollis. Metus etiam magna morbi ipsum cursus erat. Massa fusce morbi egestas nisl per lacus nibh ut. Neque justo lobortis cras sodales in mus curae quis. Dolor proin cubilia ultricies torquent. Class fusce egestas dictumst cras magnis ac sagittis tempus. Massa fusce varius purus lacus porta natoque metus. Class augue vel odio sem sollicitudin etiam ac nibh erat nam fusce aliquam. Dolor proin. Lacus dolor vel sagittis quisque felis.",
    "_atrefs": {},
    "_layout": "document_view",
    "_workflow_history": {
        "simple_publication_workflow": [
            {
                "action": null,
                "review_state": "private",
                "actor": "admin",
                "comments": "",
                "time": "2018/10/26 18:00:45.662375 GMT-4"
            },
            {
                "action": "publish",
                "review_state": "published",
                "actor": "admin",
                "comments": "",
                "time": "2018/10/26 18:00:46.262936 GMT-4"
            }
        ]
    },
    "_content_type_rights": "text/plain",
    "_directly_provided": [],
    "language": "en",
    "tableContents": true,
    "_classname": "ATDocument",
    "banner": "<h1>Nam aliquando posse recte fieri dicunt nulla expectata nec quaesita voluptate.</h1>\n\n<p>Lorem ipsum dolor sit amet, consectetur adipiscing elit. Sin aliud quid voles, postea. Nihil opus est exemplis hoc facere longius. Duo Reges: constructio interrete. Dici enim nihil potest verius. Tu quidem reddes; <a href='http://loripsum.net/' target='_blank'>Respondent extrema primis, media utrisque, omnia omnibus.</a> </p>\n\n<p>Sint ista Graecorum; Quid de Platone aut de Democrito loquar? Si longus, levis; <a href='http://loripsum.net/' target='_blank'>Duo enim genera quae erant, fecit tria.</a> </p>\n\n<ol>\n\t<li>Quae in controversiam veniunt, de iis, si placet, disseramus.</li>\n\t<li>Si de re disceptari oportet, nulla mihi tecum, Cato, potest esse dissensio.</li>\n\t<li>Te ipsum, dignissimum maioribus tuis, voluptasne induxit, ut adolescentulus eriperes P.</li>\n\t<li>Sed potestne rerum maior esse dissensio?</li>\n\t<li>Gracchum patrem non beatiorem fuisse quam fillum, cum alter stabilire rem publicam studuerit, alter evertere.</li>\n\t<li>Quid igitur dubitamus in tota eius natura quaerere quid sit effectum?</li>\n</ol>\n\n\n<dl>\n\t<dt><dfn>Frater et T.</dfn></dt>\n\t<dd>Sed residamus, inquit, si placet.</dd>\n\t<dt><dfn>Quo tandem modo?</dfn></dt>\n\t<dd>Non quaeritur autem quid naturae tuae consentaneum sit, sed quid disciplinae.</dd>\n\t<dt><dfn>Idem adhuc;</dfn></dt>\n\t<dd>Estne, quaeso, inquam, sitienti in bibendo voluptas?</dd>\n\t<dt><dfn>Sed haec omittamus;</dfn></dt>\n\t<dd>Ego quoque, inquit, didicerim libentius si quid attuleris, quam te reprehenderim.</dd>\n</dl>\n\n\n<p>Urgent tamen et nihil remittunt. Duo enim genera quae erant, fecit tria. Contineo me ab exemplis. Tu quidem reddes; Tollenda est atque extrahenda radicitus. Sed residamus, inquit, si placet. Primum quid tu dicis breve? </p>\n\n<ul>\n\t<li>Quarum ambarum rerum cum medicinam pollicetur, luxuriae licentiam pollicetur.</li>\n\t<li>Invidiosum nomen est, infame, suspectum.</li>\n\t<li>Sic enim maiores nostri labores non fugiendos tristissimo tamen verbo aerumnas etiam in deo nominaverunt.</li>\n\t<li>Neque enim civitas in seditione beata esse potest nec in discordia dominorum domus;</li>\n\t<li>An dolor longissimus quisque miserrimus, voluptatem non optabiliorem diuturnitas facit?</li>\n</ul>\n\n\n",
    "_userdefined_roles": [],
    "_content_type": "text/html",
    "_id": "dolor-ipsum-suspendisse-sagittis-cras-odio-hendrerit.",
    "modification_date": "2018/10/26 18:00:46.267983 GMT-4",
    "_content_type_banner": "text/html",
    "rights": "Netus curae vel urna est donec nonummy arcu risus phasellus fames venenatis. Metus donec. Donec augue pede laoreet mi arcu at pharetra nibh laoreet iaculis imperdiet odio. Justo curae non class consequat donec curae. Risus morbi erat rhoncus primis diam et quam maecenas sollicitudin luctus mi maecenas metus feugiat. Felis lorem quis diam. Fusce curae a. Dolor velit donec congue nisi pede velit phasellus tortor semper augue ut. Proin augue. Justo dolor. Vitae lacus nunc lorem ipsum iaculis vehicula massa. Vitae massa lacinia. Justo purus primis dignissim.",
    "_atbrefs": {},
    "_content_type_description": "text/plain",
    "_owner": "admin",
    "_content_type_location": "text/plain",
    "_permissions": {
        "Modify portal content": {
            "acquire": false,
            "roles": [
                "Editor",
                "Manager",
                "Owner",
                "Site Administrator"
            ]
        },
        "Access contents information": {
            "acquire": false,
            "roles": [
                "Anonymous"
            ]
        },
        "View": {
            "acquire": false,
            "roles": [
                "Anonymous"
            ]
        }
    },
    "_properties": [
        [
            "title",
            "Dolor ipsum suspendisse sagittis cras odio hendrerit.",
            "string"
        ]
    ],
    "allowDiscussion": false,
    "_gopip": 9,
    "creators": [
        "admin"
    ],
    "_path": "/Plone/about/lacus-purus-sit-augue-facilisis-ultricies-pede./donec-risus-fermentum./dolor-ipsum-suspendisse-sagittis-cras-odio-hendrerit."
}