{
    "startDate": "2018/10/18 01:20:35.037051 GMT-4",
    "endDate": "2018/10/20 05:39:39.049452 GMT-4",
    "contributors": [],
    "_content_type_text": "text/html",
    "text": "<h1>Si enim ad populum me vocas, eum.</h1>\n\n<p>Lorem ipsum dolor sit amet, consectetur adipiscing elit. Neutrum vero, inquit ille. Bonum valitudo: miser morbus. Bestiarum vero nullum iudicium puto. Sed ego in hoc resisto; </p>\n\n<ol>\n\t<li>Causa autem fuit huc veniendi ut quosdam hinc libros promerem.</li>\n\t<li>Etsi ea quidem, quae adhuc dixisti, quamvis ad aetatem recte isto modo dicerentur.</li>\n\t<li>Hoc non est positum in nostra actione.</li>\n\t<li>Quid est igitur, inquit, quod requiras?</li>\n</ol>\n\n\n<ul>\n\t<li>At enim hic etiam dolore.</li>\n\t<li>Invidiosum nomen est, infame, suspectum.</li>\n\t<li>Eam stabilem appellas.</li>\n\t<li>Haec bene dicuntur, nec ego repugno, sed inter sese ipsa pugnant.</li>\n</ul>\n\n\n<dl>\n\t<dt><dfn>Quonam, inquit, modo?</dfn></dt>\n\t<dd>Quia nec honesto quic quam honestius nec turpi turpius.</dd>\n\t<dt><dfn>Ut pulsi recurrant?</dfn></dt>\n\t<dd>Quam si explicavisset, non tam haesitaret.</dd>\n\t<dt><dfn>Sullae consulatum?</dfn></dt>\n\t<dd>Nos vero, inquit ille;</dd>\n\t<dt><dfn>Si longus, levis;</dfn></dt>\n\t<dd>Vide igitur ne non debeas verbis nostris uti, sententiis tuis.</dd>\n</dl>\n\n\n<p><a href='http://loripsum.net/' target='_blank'>Quis enim redargueret?</a> <a href='http://loripsum.net/' target='_blank'>Quae cum dixisset, finem ille.</a> De vacuitate doloris eadem sententia erit. Cur tantas regiones barbarorum pedibus obiit, tot maria transmisit? Iam id ipsum absurdum, maximum malum neglegi. <a href='http://loripsum.net/' target='_blank'>Qui ita affectus, beatum esse numquam probabis;</a> </p>\n\n<p><a href='http://loripsum.net/' target='_blank'>Duo Reges: constructio interrete.</a> Scrupulum, inquam, abeunti; Qui autem esse poteris, nisi te amor ipse ceperit? Sed haec omittamus; Rationis enim perfectio est virtus; Igitur ne dolorem quidem. </p>\n\n",
    "eventUrl": "http://en.wikipedia.com/wiki/Lorem_ipsum",
    "creation_date": "2018/10/26 18:00:46.470837 GMT-4",
    "contactEmail": "loremipsum@mail.com",
    "_uid": "ca40ed0972f94c24a089d04b65f37ad8",
    "expirationDate": "None",
    "contactName": "Neque donec.",
    "_content_type_id": "text/plain",
    "contactPhone": "Donec etiam.",
    "id": "augue-fames-magnis-rhoncus-commodo-augue-class-lorem-hymenaeos-sed.",
    "subject": [],
    "attendees": [],
    "effectiveDate": "None",
    "title": "Augue fames magnis rhoncus commodo augue class lorem hymenaeos sed.",
    "_content_type_contactPhone": "text/plain",
    "_content_type_eventUrl": "text/plain",
    "_content_type_language": "text/plain",
    "_defaultpage": "",
    "location": "Morbi netus.",
    "_content_type_title": "text/plain",
    "excludeFromNav": true,
    "_content_type_contactName": "text/plain",
    "_type": "Event",
    "description": "Lorem morbi semper in accumsan suscipit ut aptent ac augue. Porta nulla aenean ullamcorper. Dolor metus. Dolor class accumsan cras nam non. Vitae velit commodo eni lobortis tristique bibendum eu scelerisque. Neque ipsum praesent ipsum pellentesque. Dolor felis. Augue felis porta sapien nostra sit. Lacus lorem velit montes est. Nulla lorem purus lobortis. Velit donec vitae class mollis at. Purus fusce erat sed cum mi aliquam ve donec at magnis sem semper a vestibulum. Metus ipsum. Morbi donec hymenaeos potenti semper ante ligula turpis elit. Nulla massa a auctor. Augue donec nec curae mattis ut euismod quis dis nibh. Class purus ultrices per ut class eni luctus a vestibulum.",
    "_atrefs": {},
    "_layout": "event_view",
    "_workflow_history": {
        "simple_publication_workflow": [
            {
                "action": null,
                "review_state": "private",
                "actor": "admin",
                "comments": "",
                "time": "2018/10/26 18:00:46.476401 GMT-4"
            },
            {
                "action": "publish",
                "review_state": "published",
                "actor": "admin",
                "comments": "",
                "time": "2018/10/26 18:00:46.812191 GMT-4"
            }
        ]
    },
    "_content_type_rights": "text/plain",
    "_directly_provided": [],
    "_classname": "ATEvent",
    "_userdefined_roles": [],
    "_content_type_contactEmail": "text/plain",
    "_content_type": "text/html",
    "_id": "augue-fames-magnis-rhoncus-commodo-augue-class-lorem-hymenaeos-sed.",
    "modification_date": "2018/10/26 18:00:46.818041 GMT-4",
    "language": "en",
    "rights": "Lacus felis sem urna sollicitudin parturient nisi nulla tristique. Fames magna amet feugiat malesuada duis mauris nascetur magnis mollis. Metus velit elit dolor condimentum habitant fusce id eget. Metus risus mauris vitae vestibulum aliquet. Augue justo etiam pede iaculis orci. Risus morbi magna nisi velit ridiculus sem. Donec class mus auctor mi. Etiam donec enim ac pellentesque litora velit molestie est congue tellus sagittis parturient. Vitae massa velit. Nulla massa sed neque fringilla congue. Porta netus lectus nostra imperdiet feugiat libero per et accumsan nascetur risus dapibus. Nulla etiam mattis at. Fusce lorem proin. Vitae neque tellus class suscipit purus eu ut duis placerat. Justo nulla montes facilisi odio natoque eu sociis metus nam orci in dolor pellentesque molestie. Risus lorem neque aptent. Porta augue lobortis sed conubia ad ut tristique pretium massa class sem quam elit odio arcu.",
    "_atbrefs": {},
    "_content_type_description": "text/plain",
    "_owner": "admin",
    "_content_type_location": "text/plain",
    "_permissions": {
        "Modify portal content": {
            "acquire": false,
            "roles": [
                "Editor",
                "Manager",
                "Owner",
                "Site Administrator"
            ]
        },
        "Access contents information": {
            "acquire": false,
            "roles": [
                "Anonymous"
            ]
        },
        "View": {
            "acquire": false,
            "roles": [
                "Anonymous"
            ]
        }
    },
    "_properties": [
        [
            "title",
            "Augue fames magnis rhoncus commodo augue class lorem hymenaeos sed.",
            "string"
        ]
    ],
    "allowDiscussion": false,
    "_gopip": 10,
    "creators": [
        "admin"
    ],
    "_ac_local_roles": {
        "admin": [
            "Owner"
        ]
    },
    "_path": "/Plone/about/lacus-purus-sit-augue-facilisis-ultricies-pede./donec-risus-fermentum./augue-fames-magnis-rhoncus-commodo-augue-class-lorem-hymenaeos-sed."
}