{
    "startDate": "2018/10/29 23:41:23.201176 GMT-4",
    "endDate": "2018/10/31 13:22:43.093293 GMT-4",
    "contributors": [],
    "_content_type_text": "text/html",
    "text": "<h1>Primum in nostrane potestate est, quid meminerimus?</h1>\n\n<p>Lorem ipsum dolor sit amet, consectetur adipiscing elit. Sic enim censent, oportunitatis esse beate vivere. Quis Aristidem non mortuum diligit? Quae cum essent dicta, discessimus. Duo Reges: constructio interrete. <a href='http://loripsum.net/' target='_blank'>Cur iustitia laudatur?</a> Itaque his sapiens semper vacabit. </p>\n\n<p>Tu vero, inquam, ducas licet, si sequetur; Fortemne possumus dicere eundem illum Torquatum? Sed ille, ut dixi, vitiose. Eademne, quae restincta siti? </p>\n\n<dl>\n\t<dt><dfn>Immo videri fortasse.</dfn></dt>\n\t<dd>Quae cum praeponunt, ut sit aliqua rerum selectio, naturam videntur sequi;</dd>\n\t<dt><dfn>Sint ista Graecorum;</dfn></dt>\n\t<dd>Et ille ridens: Age, age, inquit,-satis enim scite me nostri sermonis principium esse voluisti-exponamus adolescenti,.</dd>\n\t<dt><dfn>Praeclare hoc quidem.</dfn></dt>\n\t<dd>Hoc dixerit potius Ennius: Nimium boni est, cui nihil est mali.</dd>\n\t<dt><dfn>Stoicos roga.</dfn></dt>\n\t<dd>Haec bene dicuntur, nec ego repugno, sed inter sese ipsa pugnant.</dd>\n</dl>\n\n\n<ol>\n\t<li>Qui-vere falsone, quaerere mittimus-dicitur oculis se privasse;</li>\n\t<li>Quem Tiberina descensio festo illo die tanto gaudio affecit, quanto L.</li>\n\t<li>Nondum autem explanatum satis, erat, quid maxime natura vellet.</li>\n\t<li>Quae diligentissime contra Aristonem dicuntur a Chryippo.</li>\n</ol>\n\n\n<h2>Cur post Tarentum ad Archytam?</h2>\n\n<p>Audeo dicere, inquit. Istam voluptatem, inquit, Epicurus ignorat? Sint modo partes vitae beatae. Duo enim genera quae erant, fecit tria. Nunc vides, quid faciat. Frater et T. </p>\n\n<ul>\n\t<li>Istam voluptatem, inquit, Epicurus ignorat?</li>\n\t<li>Bona autem corporis huic sunt, quod posterius posui, similiora.</li>\n</ul>\n\n\n",
    "eventUrl": "http://en.wikipedia.com/wiki/Lorem_ipsum",
    "creation_date": "2018/10/26 18:00:47.030395 GMT-4",
    "contactEmail": "loremipsum@mail.com",
    "_uid": "20d590c394244e479f53e4227b89b928",
    "expirationDate": "None",
    "contactName": "Justo neque aptent mollis sagittis tempus magna hac eros.",
    "_content_type_id": "text/plain",
    "contactPhone": "Proin donec nisl nascetur gravida tortor luctus.",
    "id": "morbi-neque.",
    "subject": [],
    "attendees": [],
    "effectiveDate": "None",
    "title": "Morbi neque.",
    "_content_type_contactPhone": "text/plain",
    "_content_type_eventUrl": "text/plain",
    "_content_type_language": "text/plain",
    "_defaultpage": "",
    "location": "Lacus fusce per erat adipiscing nec netus etiam ligula at inceptos aliquam.",
    "_content_type_title": "text/plain",
    "excludeFromNav": false,
    "_content_type_contactName": "text/plain",
    "_type": "Event",
    "description": "Neque donec nostra semper facilisi penatibus eros. Fames porta platea interdum fusce. Magna morbi metus. Neque augue. Lacus magna velit bibendum nulla morbi donec senectus netus in massa. Morbi metus amet cubilia ve curabitur purus augue urna. Risus ipsum luctus dictumst vestibulum rutrum at. Felis donec faucibus velit penatibus dictum. Metus curae. Porta vitae ornare fringilla. Class curae vulputate euismod fusce hac eget cum per. Netus lacus ullamcorper per ve.",
    "_atrefs": {},
    "_layout": "event_view",
    "_workflow_history": {
        "simple_publication_workflow": [
            {
                "action": null,
                "review_state": "private",
                "actor": "admin",
                "comments": "",
                "time": "2018/10/26 18:00:47.034120 GMT-4"
            },
            {
                "action": "publish",
                "review_state": "published",
                "actor": "admin",
                "comments": "",
                "time": "2018/10/26 18:00:47.370026 GMT-4"
            }
        ]
    },
    "_content_type_rights": "text/plain",
    "_directly_provided": [],
    "_classname": "ATEvent",
    "_userdefined_roles": [],
    "_content_type_contactEmail": "text/plain",
    "_content_type": "text/html",
    "_id": "morbi-neque.",
    "modification_date": "2018/10/26 18:00:47.373759 GMT-4",
    "language": "en",
    "rights": "Ipsum class massa nullam. Morbi nulla nascetur nulla nunc nibh. Dolor augue eget aliquet elementum ut proin primis nisi ante hac etiam lacus. Dolor augue leo cras faucibus vulputate nisi non eget id donec magnis. Dolor nulla mattis enim orci per lacus luctus mollis curae leo cras non nulla eni vulputate. Proin dolor turpis dolor per duis eleifend consectetuer. Justo fusce neque erat condimentum. Ipsum netus tempor ridiculus in malesuada odio vivamus dis vestibulum. Nulla class nostra ad. Fames purus lorem sagittis. Donec nulla sociis curae. Dolor neque aliquet nascetur felis duis a. Proin morbi orci massa dictum proin vestibulum orci. Class ipsum bibendum. Massa metus nunc curabitur ve imperdiet ut ad.",
    "_atbrefs": {},
    "_content_type_description": "text/plain",
    "_owner": "admin",
    "_content_type_location": "text/plain",
    "_permissions": {
        "Modify portal content": {
            "acquire": false,
            "roles": [
                "Editor",
                "Manager",
                "Owner",
                "Site Administrator"
            ]
        },
        "Access contents information": {
            "acquire": false,
            "roles": [
                "Anonymous"
            ]
        },
        "View": {
            "acquire": false,
            "roles": [
                "Anonymous"
            ]
        }
    },
    "_properties": [
        [
            "title",
            "Morbi neque.",
            "string"
        ]
    ],
    "allowDiscussion": false,
    "_gopip": 11,
    "creators": [
        "admin"
    ],
    "_ac_local_roles": {
        "admin": [
            "Owner"
        ]
    },
    "_path": "/Plone/about/lacus-purus-sit-augue-facilisis-ultricies-pede./donec-risus-fermentum./morbi-neque."
}