{
    "startDate": "2018/10/30 07:42:14.343745 GMT-4",
    "endDate": "2018/10/30 18:27:13.371479 GMT-4",
    "contributors": [],
    "_content_type_text": "text/html",
    "text": "<h1>At quicum ioca seria, ut dicitur, quicum arcana, quicum occulta omnia?</h1>\n\n<p>Lorem ipsum dolor sit amet, consectetur adipiscing elit. Quae contraria sunt his, malane? <a href='http://loripsum.net/' target='_blank'>Quid igitur, inquit, eos responsuros putas?</a> Memini vero, inquam; Iubet igitur nos Pythius Apollo noscere nosmet ipsos. </p>\n\n<ul>\n\t<li>Non autem hoc: igitur ne illud quidem.</li>\n\t<li>Itaque quantum adiit periculum! ad honestatem enim illum omnem conatum suum referebat, non ad voluptatem.</li>\n\t<li>Haec et tu ita posuisti, et verba vestra sunt.</li>\n\t<li>Scientiam pollicentur, quam non erat mirum sapientiae cupido patria esse cariorem.</li>\n</ul>\n\n\n<h2>Ergo id est convenienter naturae vivere, a natura discedere.</h2>\n\n<p>Praeclare hoc quidem. Duo Reges: constructio interrete. Videamus animi partes, quarum est conspectus illustrior; Laboro autem non sine causa; Aliud igitur esse censet gaudere, aliud non dolere. Haec para/doca illi, nos admirabilia dicamus. </p>\n\n<p>Bonum valitudo: miser morbus. Vitae autem degendae ratio maxime quidem illis placuit quieta. Estne, quaeso, inquam, sitienti in bibendo voluptas? Iam enim adesse poterit. Age, inquies, ista parva sunt. </p>\n\n<ol>\n\t<li>Tu autem inter haec tantam multitudinem hominum interiectam non vides nec laetantium nec dolentium?</li>\n\t<li>Deinceps videndum est, quoniam satis apertum est sibi quemque natura esse carum, quae sit hominis natura.</li>\n\t<li>Atque ut a corpore ordiar, videsne ut, si quae in membris prava aut debilitata aut inminuta sint, occultent homines?</li>\n\t<li>Ubi ut eam caperet aut quando?</li>\n</ol>\n\n\n<dl>\n\t<dt><dfn>Quod totum contra est.</dfn></dt>\n\t<dd>Quarum cum una sit, qua mores conformari putantur, differo eam partem, quae quasi stirps ets huius quaestionis.</dd>\n\t<dt><dfn>Quonam, inquit, modo?</dfn></dt>\n\t<dd>Aliam vero vim voluptatis esse, aliam nihil dolendi, nisi valde pertinax fueris, concedas necesse est.</dd>\n\t<dt><dfn>Nihil illinc huc pervenit.</dfn></dt>\n\t<dd>Hoc etsi multimodis reprehendi potest, tamen accipio, quod dant.</dd>\n\t<dt><dfn>Tria genera bonorum;</dfn></dt>\n\t<dd>Quae sequuntur igitur?</dd>\n</dl>\n\n\n",
    "eventUrl": "http://en.wikipedia.com/wiki/Lorem_ipsum",
    "creation_date": "2018/10/26 18:00:47.571584 GMT-4",
    "contactEmail": "loremipsum@mail.com",
    "_uid": "e4f7c1fd1e804565bf94d077a4274bfd",
    "expirationDate": "None",
    "contactName": "Morbi massa vehicula penatibus consectetuer dapibus pede.",
    "_content_type_id": "text/plain",
    "contactPhone": "Etiam felis ullamcorper dui tortor est vivamus volutpat erat non.",
    "id": "ipsum-velit-est.",
    "subject": [],
    "attendees": [],
    "effectiveDate": "None",
    "title": "Ipsum velit est.",
    "_content_type_contactPhone": "text/plain",
    "_content_type_eventUrl": "text/plain",
    "_content_type_language": "text/plain",
    "_defaultpage": "",
    "location": "Justo fusce.",
    "_content_type_title": "text/plain",
    "excludeFromNav": true,
    "_content_type_contactName": "text/plain",
    "_type": "Event",
    "description": "Vitae justo sodales libero enim euismod. Risus fames nisi proin ante ut consectetuer laoreet. Purus dolor elit habitant. Massa netus inceptos quis facilisi lectus mattis morbi. Purus velit laoreet magna. Velit class dolor. Risus metus non nunc integer in. Metus donec nisi tempus potenti ac ornare nulla parturient dictumst urna at lacus ridiculus nec fermentum. Lacus metus dis diam a eget nulla massa. Fames proin conubia enim orci habitasse fames facilisis. Augue etiam vel curabitur fusce mi aenean. Donec vitae sit pede netus neque faucibus netus. Purus augue vitae morbi suscipit porta risus viverra cum dignissim. Netus neque auctor pellentesque commodo pede torquent magna ultricies.",
    "_atrefs": {},
    "_layout": "event_view",
    "_workflow_history": {
        "simple_publication_workflow": [
            {
                "action": null,
                "review_state": "private",
                "actor": "admin",
                "comments": "",
                "time": "2018/10/26 18:00:47.575219 GMT-4"
            },
            {
                "action": "publish",
                "review_state": "published",
                "actor": "admin",
                "comments": "",
                "time": "2018/10/26 18:00:47.891931 GMT-4"
            }
        ]
    },
    "_content_type_rights": "text/plain",
    "_directly_provided": [],
    "_classname": "ATEvent",
    "_userdefined_roles": [],
    "_content_type_contactEmail": "text/plain",
    "_content_type": "text/html",
    "_id": "ipsum-velit-est.",
    "modification_date": "2018/10/26 18:00:47.896010 GMT-4",
    "language": "en",
    "rights": "Porta proin felis donec augue sem vel non posuere praesent lorem eu. Etiam netus donec quis viverra rhoncus duis et sem ac. Porta class nec nisl imperdiet placerat id sociis. Vitae magna mattis suspendisse donec. Justo magna dolor aptent arcu ve amet pede. Risus velit netus ornare augue nibh cubilia urna eu ante suspendisse sed. Lacus etiam. Vitae proin fusce hac fermentum sem sed nec et nisi. Nulla ipsum neque nisi porta suscipit mi velit eu purus ad habitasse a augue mi elit inceptos. Velit lacus nullam felis auctor adipiscing donec. Netus donec per. Fames class sed euismod metus sed vestibulum cursus placerat netus id curae. Massa nulla eni fringilla neque at velit ut aptent egestas euismod. Nulla etiam habitasse faucibus. Nulla massa mauris tortor eni natoque.",
    "_atbrefs": {},
    "_content_type_description": "text/plain",
    "_owner": "admin",
    "_content_type_location": "text/plain",
    "_permissions": {
        "Modify portal content": {
            "acquire": false,
            "roles": [
                "Editor",
                "Manager",
                "Owner",
                "Site Administrator"
            ]
        },
        "Access contents information": {
            "acquire": false,
            "roles": [
                "Anonymous"
            ]
        },
        "View": {
            "acquire": false,
            "roles": [
                "Anonymous"
            ]
        }
    },
    "_properties": [
        [
            "title",
            "Ipsum velit est.",
            "string"
        ]
    ],
    "allowDiscussion": false,
    "_gopip": 12,
    "creators": [
        "admin"
    ],
    "_ac_local_roles": {
        "admin": [
            "Owner"
        ]
    },
    "_path": "/Plone/about/lacus-purus-sit-augue-facilisis-ultricies-pede./donec-risus-fermentum./ipsum-velit-est."
}