{
    "startDate": "2018/11/09 10:48:55.615852 GMT-4",
    "endDate": "2018/11/11 16:31:48.317477 GMT-4",
    "contributors": [],
    "_content_type_text": "text/html",
    "text": "<h1>Terram, mihi crede, ea lanx et maria deprimet.</h1>\n\n<p>Lorem ipsum dolor sit amet, consectetur adipiscing elit. Quid ait Aristoteles reliquique Platonis alumni? <a href='http://loripsum.net/' target='_blank'>Si longus, levis dictata sunt.</a> Compensabatur, inquit, cum summis doloribus laetitia. Mihi enim satis est, ipsis non satis. <a href='http://loripsum.net/' target='_blank'>Qui est in parvis malis.</a> Duo Reges: constructio interrete. Tamen a proposito, inquam, aberramus. </p>\n\n<h2>Neque enim civitas in seditione beata esse potest nec in discordia dominorum domus;</h2>\n\n<p>A mene tu? <a href='http://loripsum.net/' target='_blank'>Qua tu etiam inprudens utebare non numquam.</a> Illi enim inter se dissentiunt. </p>\n\n<p><a href='http://loripsum.net/' target='_blank'>Sed quae tandem ista ratio est?</a> Videamus igitur sententias eorum, tum ad verba redeamus. Minime vero, inquit ille, consentit. Quod equidem non reprehendo; Quae sequuntur igitur? </p>\n\n<dl>\n\t<dt><dfn>Certe non potest.</dfn></dt>\n\t<dd>Non quaeritur autem quid naturae tuae consentaneum sit, sed quid disciplinae.</dd>\n\t<dt><dfn>Tu quidem reddes;</dfn></dt>\n\t<dd>Commoda autem et incommoda in eo genere sunt, quae praeposita et reiecta diximus;</dd>\n\t<dt><dfn>Ita credo.</dfn></dt>\n\t<dd>Huius, Lyco, oratione locuples, rebus ipsis ielunior.</dd>\n\t<dt><dfn>Recte, inquit, intellegis.</dfn></dt>\n\t<dd>Mihi enim satis est, ipsis non satis.</dd>\n\t<dt><dfn>Equidem e Cn.</dfn></dt>\n\t<dd>Et quidem, inquit, vehementer errat;</dd>\n\t<dt><dfn>Quonam, inquit, modo?</dfn></dt>\n\t<dd>Quid autem habent admirationis, cum prope accesseris?</dd>\n</dl>\n\n\n<ul>\n\t<li>Potius ergo illa dicantur: turpe esse, viri non esse debilitari dolore, frangi, succumbere.</li>\n\t<li>Sed quid attinet de rebus tam apertis plura requirere?</li>\n</ul>\n\n\n<ol>\n\t<li>Iam quae corporis sunt, ea nec auctoritatem cum animi partibus, comparandam et cognitionem habent faciliorem.</li>\n\t<li>Sed emolumenta communia esse dicuntur, recte autem facta et peccata non habentur communia.</li>\n\t<li>Similiter sensus, cum accessit ad naturam, tuetur illam quidem, sed etiam se tuetur;</li>\n\t<li>Quid enim ab antiquis ex eo genere, quod ad disserendum valet, praetermissum est?</li>\n</ol>\n\n\n",
    "eventUrl": "http://en.wikipedia.com/wiki/Lorem_ipsum",
    "creation_date": "2018/10/26 18:00:49.184296 GMT-4",
    "contactEmail": "loremipsum@mail.com",
    "_uid": "faf9ee311bc2462c9ff94729220987a9",
    "expirationDate": "None",
    "contactName": "Risus porta nisi cubilia purus sem mauris sem.",
    "_content_type_id": "text/plain",
    "contactPhone": "Ipsum fames.",
    "id": "purus-magna-natoque-aliquet-libero-eu-primis-placerat-ad-felis-taciti-congue.",
    "subject": [],
    "attendees": [],
    "effectiveDate": "None",
    "title": "Purus magna natoque aliquet libero eu primis placerat ad felis taciti congue.",
    "_content_type_contactPhone": "text/plain",
    "_content_type_eventUrl": "text/plain",
    "_content_type_language": "text/plain",
    "_defaultpage": "",
    "location": "Lorem porta arcu phasellus eu.",
    "_content_type_title": "text/plain",
    "excludeFromNav": true,
    "_content_type_contactName": "text/plain",
    "_type": "Event",
    "description": "Netus magna vehicula diam suscipit dis conubia etiam orci quis eget parturient sociis et eget egestas a rutrum pede. Class purus feugiat ve semper maecenas. Metus velit montes vehicula parturient. Porta purus. Nulla class. Massa metus sed nulla conubia mollis pede. Etiam class luctus parturient. Vitae fames laoreet nec. Etiam metus pretium. Justo curae hac purus fusce enim lorem cubilia. Fames etiam. Vitae augue nonummy interdum viverra mollis. Augue curae lacus purus maecenas quam litora id nunc leo.",
    "_atrefs": {},
    "_layout": "event_view",
    "_workflow_history": {
        "simple_publication_workflow": [
            {
                "action": null,
                "review_state": "private",
                "actor": "admin",
                "comments": "",
                "time": "2018/10/26 18:00:49.188534 GMT-4"
            },
            {
                "action": "publish",
                "review_state": "published",
                "actor": "admin",
                "comments": "",
                "time": "2018/10/26 18:00:49.523554 GMT-4"
            }
        ]
    },
    "_content_type_rights": "text/plain",
    "_directly_provided": [],
    "_classname": "ATEvent",
    "_userdefined_roles": [],
    "_content_type_contactEmail": "text/plain",
    "_content_type": "text/html",
    "_id": "purus-magna-natoque-aliquet-libero-eu-primis-placerat-ad-felis-taciti-congue.",
    "modification_date": "2018/10/26 18:00:49.528062 GMT-4",
    "language": "en",
    "rights": "Nulla porta. Proin donec. Velit dolor tortor tempus. Donec massa. Lorem donec non duis. Justo etiam leo. Augue etiam enim vivamus odio pharetra bibendum cubilia ac sit imperdiet. Vitae lorem dolor ullamcorper sem enim dui nunc dis penatibus varius a. Justo vitae ligula dolor id consectetuer. Porta magna semper eu. Fusce purus sapien habitasse eleifend netus. Justo risus dis. Vitae proin sodales magna dui mollis laoreet viverra duis id nisi nulla ad vitae mattis quisque commodo tristique pharetra libero molestie. Massa dolor. Fusce felis blandit urna faucibus magna pellentesque ipsum. Fames justo vulputate enim cubilia in placerat. Morbi fames sit ridiculus nullam penatibus primis penatibus ad. Risus donec suspendisse mi mauris luctus.",
    "_atbrefs": {},
    "_content_type_description": "text/plain",
    "_owner": "admin",
    "_content_type_location": "text/plain",
    "_permissions": {
        "Modify portal content": {
            "acquire": false,
            "roles": [
                "Editor",
                "Manager",
                "Owner",
                "Site Administrator"
            ]
        },
        "Access contents information": {
            "acquire": false,
            "roles": [
                "Anonymous"
            ]
        },
        "View": {
            "acquire": false,
            "roles": [
                "Anonymous"
            ]
        }
    },
    "_properties": [
        [
            "title",
            "Purus magna natoque aliquet libero eu primis placerat ad felis taciti congue.",
            "string"
        ]
    ],
    "allowDiscussion": false,
    "_gopip": 15,
    "creators": [
        "admin"
    ],
    "_ac_local_roles": {
        "admin": [
            "Owner"
        ]
    },
    "_path": "/Plone/about/lacus-purus-sit-augue-facilisis-ultricies-pede./donec-risus-fermentum./purus-magna-natoque-aliquet-libero-eu-primis-placerat-ad-felis-taciti-congue."
}