{
    "startDate": "2018/10/13 17:22:49.057431 GMT-4",
    "endDate": "2018/10/15 08:43:4.980870 GMT-4",
    "contributors": [],
    "_content_type_text": "text/html",
    "text": "<h1>Ergo, si semel tristior effectus est, hilara vita amissa est?</h1>\n\n<p>Lorem ipsum dolor sit amet, consectetur adipiscing elit. Si longus, levis dictata sunt. Universa enim illorum ratione cum tota vestra confligendum puto. <a href='http://loripsum.net/' target='_blank'>Ita nemo beato beatior.</a> Duo Reges: constructio interrete. Quid ergo? </p>\n\n<ul>\n\t<li>Praeclare hoc quidem.</li>\n\t<li>Quamquam id quidem, infinitum est in hac urbe;</li>\n\t<li>Neque solum ea communia, verum etiam paria esse dixerunt.</li>\n\t<li>Primum cur ista res digna odio est, nisi quod est turpis?</li>\n</ul>\n\n\n<ol>\n\t<li>Quo tandem modo?</li>\n\t<li>Oculorum, inquit Plato, est in nobis sensus acerrimus, quibus sapientiam non cernimus.</li>\n\t<li>Levatio igitur vitiorum magna fit in iis, qui habent ad virtutem progressionis aliquantum.</li>\n\t<li>Scientiam pollicentur, quam non erat mirum sapientiae cupido patria esse cariorem.</li>\n\t<li>Non potes, nisi retexueris illa.</li>\n</ol>\n\n\n<dl>\n\t<dt><dfn>Perge porro;</dfn></dt>\n\t<dd>Sin autem ad animum, falsum est, quod negas animi ullum esse gaudium, quod non referatur ad corpus.</dd>\n\t<dt><dfn>Praeteritis, inquit, gaudeo.</dfn></dt>\n\t<dd>Tubulo putas dicere?</dd>\n\t<dt><dfn>Tenent mordicus.</dfn></dt>\n\t<dd>Omnis enim est natura diligens sui.</dd>\n\t<dt><dfn>Hic ambiguo ludimur.</dfn></dt>\n\t<dd>Dicet pro me ipsa virtus nec dubitabit isti vestro beato M.</dd>\n\t<dt><dfn>Audeo dicere, inquit.</dfn></dt>\n\t<dd>Quod autem meum munus dicis non equidem recuso, sed te adiungo socium.</dd>\n\t<dt><dfn>Scaevolam M.</dfn></dt>\n\t<dd>Duo enim genera quae erant, fecit tria.</dd>\n</dl>\n\n\n<p>Sin aliud quid voles, postea. Proclivi currit oratio. Ecce aliud simile dissimile. Nunc agendum est subtilius. Id mihi magnum videtur. Si enim ad populum me vocas, eum. </p>\n\n<p>Tanta vis admonitionis inest in locis; Quid dubitas igitur mutare principia naturae? Quamquam ab iis philosophiam et omnes ingenuas disciplinas habemus; </p>\n\n",
    "eventUrl": "http://en.wikipedia.com/wiki/Lorem_ipsum",
    "creation_date": "2018/10/26 18:00:49.762174 GMT-4",
    "contactEmail": "loremipsum@mail.com",
    "_uid": "d07602675fb8465facd511012cbbf166",
    "expirationDate": "None",
    "contactName": "Proin lacus dui urna tincidunt suscipit et per cras eleifend consectetuer sapien eu at.",
    "_content_type_id": "text/plain",
    "contactPhone": "Metus magna pulvinar velit in rutrum.",
    "id": "lorem-magna-sem-nisl-luctus-et-ornare.",
    "subject": [],
    "attendees": [],
    "effectiveDate": "None",
    "title": "Lorem magna sem nisl luctus et ornare.",
    "_content_type_contactPhone": "text/plain",
    "_content_type_eventUrl": "text/plain",
    "_content_type_language": "text/plain",
    "_defaultpage": "",
    "location": "Magna risus.",
    "_content_type_title": "text/plain",
    "excludeFromNav": true,
    "_content_type_contactName": "text/plain",
    "_type": "Event",
    "description": "Velit massa facilisi sit turpis ultricies blandit eget. Curae massa ullamcorper nascetur orci. Justo class sociis pede neque ipsum montes. Velit purus rutrum urna. Class proin cursus pellentesque lacinia. Lorem nulla cubilia at id hymenaeos risus senectus. Neque netus vel. Netus vitae lacinia mollis. Justo purus nonummy hac blandit a varius nibh. Nulla lorem dictumst morbi cum nam vulputate tempor class suspendisse. Fusce donec quisque cum. Morbi class dictum accumsan ultricies ac aenean eu dis mi massa condimentum bibendum. Velit justo aenean fermentum conubia luctus porta sociosqu dignissim molestie aenean suscipit. Felis etiam sociis quis cras quisque etiam in ipsum ve nulla congue id. Fusce massa non orci pede sem ante eu urna. Massa curae tellus pellentesque ridiculus massa amet tempus. Porta dolor enim a donec ac lorem aenean augue fusce. Lacus dolor class litora varius vitae sodales nunc id nulla.",
    "_atrefs": {},
    "_layout": "event_view",
    "_workflow_history": {
        "simple_publication_workflow": [
            {
                "action": null,
                "review_state": "private",
                "actor": "admin",
                "comments": "",
                "time": "2018/10/26 18:00:49.767193 GMT-4"
            },
            {
                "action": "publish",
                "review_state": "published",
                "actor": "admin",
                "comments": "",
                "time": "2018/10/26 18:00:50.096577 GMT-4"
            }
        ]
    },
    "_content_type_rights": "text/plain",
    "_directly_provided": [],
    "_classname": "ATEvent",
    "_userdefined_roles": [],
    "_content_type_contactEmail": "text/plain",
    "_content_type": "text/html",
    "_id": "lorem-magna-sem-nisl-luctus-et-ornare.",
    "modification_date": "2018/10/26 18:00:50.101140 GMT-4",
    "language": "en",
    "rights": "Proin fusce bibendum porta mi ipsum eu hac curae tortor. Massa nulla curae risus elit. Proin donec pede consequat. Etiam proin a luctus urna at proin vehicula vestibulum. Velit risus nascetur arcu ad convallis euismod. Magna donec. Porta massa varius curae at primis pellentesque. Risus neque leo diam sagittis. Massa fames urna fames natoque fringilla mi imperdiet risus commodo natoque. Purus curae. Magna velit a pede adipiscing tempus ad facilisi mus.",
    "_atbrefs": {},
    "_content_type_description": "text/plain",
    "_owner": "admin",
    "_content_type_location": "text/plain",
    "_permissions": {
        "Modify portal content": {
            "acquire": false,
            "roles": [
                "Editor",
                "Manager",
                "Owner",
                "Site Administrator"
            ]
        },
        "Access contents information": {
            "acquire": false,
            "roles": [
                "Anonymous"
            ]
        },
        "View": {
            "acquire": false,
            "roles": [
                "Anonymous"
            ]
        }
    },
    "_properties": [
        [
            "title",
            "Lorem magna sem nisl luctus et ornare.",
            "string"
        ]
    ],
    "allowDiscussion": false,
    "_gopip": 16,
    "creators": [
        "admin"
    ],
    "_ac_local_roles": {
        "admin": [
            "Owner"
        ]
    },
    "_path": "/Plone/about/lacus-purus-sit-augue-facilisis-ultricies-pede./donec-risus-fermentum./lorem-magna-sem-nisl-luctus-et-ornare."
}