{
    "startDate": "2018/10/19 13:35:20.448542 GMT-4",
    "endDate": "2018/10/21 16:36:5.169834 GMT-4",
    "contributors": [],
    "_content_type_text": "text/html",
    "text": "<h1>Itaque mihi non satis videmini considerare quod iter sit naturae quaeque progressio.</h1>\n\n<p>Lorem ipsum dolor sit amet, consectetur adipiscing elit. Ergo, inquit, tibi Q. Quae duo sunt, unum facit. Illi enim inter se dissentiunt. </p>\n\n<dl>\n\t<dt><dfn>Immo videri fortasse.</dfn></dt>\n\t<dd>Quae contraria sunt his, malane?</dd>\n\t<dt><dfn>Sedulo, inquam, faciam.</dfn></dt>\n\t<dd>Ut necesse sit omnium rerum, quae natura vigeant, similem esse finem, non eundem.</dd>\n</dl>\n\n\n<ul>\n\t<li>Eam tum adesse, cum dolor omnis absit;</li>\n\t<li>Non quaeritur autem quid naturae tuae consentaneum sit, sed quid disciplinae.</li>\n\t<li>Quod dicit Epicurus etiam de voluptate, quae minime sint voluptates, eas obscurari saepe et obrui.</li>\n\t<li>Tu enim ista lenius, hic Stoicorum more nos vexat.</li>\n</ul>\n\n\n<ol>\n\t<li>Nam bonum ex quo appellatum sit, nescio, praepositum ex eo credo, quod praeponatur aliis.</li>\n\t<li>Sed est forma eius disciplinae, sicut fere ceterarum, triplex: una pars est naturae, disserendi altera, vivendi tertia.</li>\n\t<li>Hoc enim identidem dicitis, non intellegere nos quam dicatis voluptatem.</li>\n\t<li>Facit enim ille duo seiuncta ultima bonorum, quae ut essent vera, coniungi debuerunt;</li>\n</ol>\n\n\n<p>Duo Reges: constructio interrete. Quid dubitas igitur mutare principia naturae? Non potes, nisi retexueris illa. Duo enim genera quae erant, fecit tria. </p>\n\n<h2>Et nemo nimium beatus est;</h2>\n\n<p>Certe non potest. Vide, quaeso, rectumne sit. Hoc loco tenere se Triarius non potuit. </p>\n\n",
    "eventUrl": "http://en.wikipedia.com/wiki/Lorem_ipsum",
    "creation_date": "2018/10/26 18:00:51.456102 GMT-4",
    "contactEmail": "loremipsum@mail.com",
    "_uid": "df5dd218379c48f88d78fc88d4b348aa",
    "expirationDate": "None",
    "contactName": "Porta netus accumsan facilisis in luctus molestie.",
    "_content_type_id": "text/plain",
    "contactPhone": "Vitae porta erat et taciti primis.",
    "id": "dolor-velit-justo-urna-venenatis-risus-blandit.",
    "subject": [],
    "attendees": [],
    "effectiveDate": "None",
    "title": "Dolor velit justo urna venenatis risus blandit.",
    "_content_type_contactPhone": "text/plain",
    "_content_type_eventUrl": "text/plain",
    "_content_type_language": "text/plain",
    "_defaultpage": "",
    "location": "Justo magna aenean turpis maecenas dui ante pulvinar pede.",
    "_content_type_title": "text/plain",
    "excludeFromNav": true,
    "_content_type_contactName": "text/plain",
    "_type": "Event",
    "description": "Metus lacus non ante platea integer aliquam sociis nisi urna. Class netus amet curae cum enim est lectus. Purus lorem nulla pharetra tincidunt vel orci nisl facilisi aliquet lacinia libero cras nonummy eu dui. Ipsum magna arcu suscipit aliquam. Fames curae mauris. Dolor proin. Purus fusce molestie nisi quam adipiscing. Augue neque tempus vitae in mollis molestie. Fusce dolor. Neque ipsum scelerisque ad lectus. Curae fusce sociosqu dolor ac vitae pellentesque. Proin purus sapien at erat porttitor ante. Donec neque tempus in litora. Dolor lacus ornare inceptos habitasse a felis ve tristique a malesuada fusce a nunc augue. Massa lacus tortor. Fames morbi porta condimentum interdum elementum libero lobortis nisi aptent posuere dui.",
    "_atrefs": {},
    "_layout": "event_view",
    "_workflow_history": {
        "simple_publication_workflow": [
            {
                "action": null,
                "review_state": "private",
                "actor": "admin",
                "comments": "",
                "time": "2018/10/26 18:00:51.460599 GMT-4"
            },
            {
                "action": "publish",
                "review_state": "published",
                "actor": "admin",
                "comments": "",
                "time": "2018/10/26 18:00:51.789823 GMT-4"
            }
        ]
    },
    "_content_type_rights": "text/plain",
    "_directly_provided": [],
    "_classname": "ATEvent",
    "_userdefined_roles": [],
    "_content_type_contactEmail": "text/plain",
    "_content_type": "text/html",
    "_id": "dolor-velit-justo-urna-venenatis-risus-blandit.",
    "modification_date": "2018/10/26 18:00:51.793769 GMT-4",
    "language": "en",
    "rights": "Vitae etiam hac venenatis torquent fames id curae dolor suspendisse. Lacus donec. Morbi lacus aenean aliquet tincidunt nisl hac ve a orci. Ipsum risus nibh a nibh vestibulum odio ipsum imperdiet augue ac aptent hymenaeos neque imperdiet. Etiam risus elit egestas in pulvinar proin ante ac. Morbi augue molestie class porta vitae a eros. Class velit erat cum magna urna ornare ridiculus proin eni est dis hac consequat rutrum fermentum. Ipsum lorem praesent etiam et curabitur netus. Neque lorem ultrices id condimentum eros tristique. Etiam lorem senectus eros libero habitasse mi eros. Fames netus quisque urna ve mus urna sapien dui elit mattis mi erat. Risus massa felis sagittis mi sit hendrerit nisl est non. Magna augue nonummy vel ac a. Velit risus euismod dolor adipiscing et malesuada a sem. Dolor purus amet a metus. Fames felis litora curabitur. Fusce dolor auctor nullam penatibus semper habitant etiam. Curae felis massa laoreet primis class amet integer ad cum habitasse urna tempor. Ipsum porta nulla massa blandit lectus enim mi nisi. Purus metus velit sem taciti accumsan adipiscing tristique neque aliquam pretium. Curae massa curae a cubilia aptent ut donec taciti ullamcorper massa. Proin fusce dis amet suscipit.",
    "_atbrefs": {},
    "_content_type_description": "text/plain",
    "_owner": "admin",
    "_content_type_location": "text/plain",
    "_permissions": {
        "Modify portal content": {
            "acquire": false,
            "roles": [
                "Editor",
                "Manager",
                "Owner",
                "Site Administrator"
            ]
        },
        "Access contents information": {
            "acquire": false,
            "roles": [
                "Anonymous"
            ]
        },
        "View": {
            "acquire": false,
            "roles": [
                "Anonymous"
            ]
        }
    },
    "_properties": [
        [
            "title",
            "Dolor velit justo urna venenatis risus blandit.",
            "string"
        ]
    ],
    "allowDiscussion": false,
    "_gopip": 19,
    "creators": [
        "admin"
    ],
    "_ac_local_roles": {
        "admin": [
            "Owner"
        ]
    },
    "_path": "/Plone/about/lacus-purus-sit-augue-facilisis-ultricies-pede./donec-risus-fermentum./dolor-velit-justo-urna-venenatis-risus-blandit."
}