{
    "contributors": [],
    "creation_date": "2018/10/26 18:00:52.211462 GMT-4",
    "_uid": "1613cbcbe3ea414cb3a94139e9719117",
    "expirationDate": "None",
    "_content_type_id": "text/plain",
    "id": "felis-dolor.",
    "subject": [],
    "modification_date": "2018/10/26 18:00:52.262167 GMT-4",
    "title": "Felis dolor.",
    "_ac_local_roles": {
        "admin": [
            "Owner"
        ]
    },
    "_content_type_language": "text/plain",
    "_defaultpage": "index_html",
    "location": "Risus neque magnis tempus id primis interdum risus at.",
    "_content_type_title": "text/plain",
    "excludeFromNav": true,
    "_atbrefs": {},
    "_type": "File",
    "description": "Donec nulla tortor nulla neque cras aliquam. Netus fames a nostra odio pellentesque. Vitae donec sociosqu diam non accumsan nonummy. Felis nulla quis sed sodales. Lorem class fusce. Purus velit scelerisque maecenas amet. Massa proin dui velit tristique blandit proin euismod gravida libero quam tellus. Purus augue nibh tellus mattis posuere. Porta dolor integer cum pharetra rhoncus mollis sem lectus lobortis. Justo fames. Curae fusce aliquam integer ornare ad sem. Vitae augue natoque. Netus neque etiam augue dictum lobortis iaculis ac nascetur hac odio a. Magna proin. Velit lorem donec porta dis pede mollis hymenaeos et suspendisse ac taciti tristique sem. Donec fusce felis potenti vel pharetra natoque integer eros ac. Augue morbi. Morbi netus nullam turpis fringilla vulputate parturient laoreet dui quam erat penatibus cursus molestie.",
    "_atrefs": {},
    "_layout": "file_view",
    "_workflow_history": {
        "simple_publication_workflow": [
            {
                "action": null,
                "review_state": "private",
                "actor": "admin",
                "comments": "",
                "time": "2018/10/26 18:00:37.750630 GMT-4"
            },
            {
                "action": "publish",
                "review_state": "published",
                "actor": "admin",
                "comments": "",
                "time": "2018/10/26 18:00:38.076399 GMT-4"
            }
        ]
    },
    "_datafield_file": {
        "encoding": "base64",
        "filename": "consectetuer..dat",
        "data": "R0lGODlhAQABAPAAAPj8+AAAACH5BAEAAAAALAAAAAABAAEAAAICRAEAOw==",
        "content_type": "chemical/x-mopac-input",
        "size": [
            1,
            1
        ]
    },
    "_content_type_rights": "text/plain",
    "_classname": "ATBlob",
    "_directly_provided": [
        "plone.app.blob.interfaces.IATBlobFile",
        "Products.ATContentTypes.interfaces.file.IATFile",
        "Products.ATContentTypes.interfaces.file.IFileContent"
    ],
    "_userdefined_roles": [],
    "_content_type": "chemical/x-mopac-input",
    "_id": "felis-dolor.",
    "effectiveDate": "None",
    "language": "en",
    "rights": "Class massa proin velit dictum velit adipiscing viverra sit vestibulum lectus. Nulla morbi nisl. Morbi augue varius dui cum curabitur blandit urna arcu hymenaeos ligula. Magna ipsum. Magna etiam. Lacus nulla taciti ligula. Metus netus. Ipsum donec magna suscipit ridiculus pulvinar id ullamcorper nisl tempus. Justo netus dui elit pulvinar suspendisse torquent.",
    "_content_type_description": "text/plain",
    "_owner": "admin",
    "_content_type_location": "text/plain",
    "_permissions": {},
    "_properties": [
        [
            "title",
            "Felis dolor.",
            "string"
        ]
    ],
    "allowDiscussion": false,
    "_gopip": 21,
    "creators": [
        "admin"
    ],
    "_path": "/Plone/about/lacus-purus-sit-augue-facilisis-ultricies-pede./donec-risus-fermentum./felis-dolor."
}