{
    "contributors": [],
    "creation_date": "2018/10/26 18:00:53.100935 GMT-4",
    "_uid": "ee2f4ee10ec5463f9dad4ea6ebe93df0",
    "expirationDate": "None",
    "_content_type_id": "text/plain",
    "id": "curae-etiam-blandit.",
    "subject": [],
    "modification_date": "2018/10/26 18:00:53.151346 GMT-4",
    "title": "Curae etiam blandit.",
    "_ac_local_roles": {
        "admin": [
            "Owner"
        ]
    },
    "_content_type_language": "text/plain",
    "_defaultpage": "index_html",
    "location": "Dolor justo ligula at porta dolor.",
    "_content_type_title": "text/plain",
    "excludeFromNav": false,
    "_atbrefs": {},
    "_type": "File",
    "description": "Vitae velit. Massa donec. Augue curae neque fames sagittis adipiscing nullam porta gravida tempus. Massa felis a commodo mi ac diam class. Massa morbi magnis. Augue lacus. Vitae neque taciti dui parturient vestibulum et tellus eleifend nisi. Augue netus lacinia habitant felis commodo libero vel at nisl venenatis ac vitae. Purus etiam. Velit morbi a ligula diam lacinia litora nam nunc habitant dolor et eget erat hac. Risus class justo lorem fames velit odio. Velit etiam faucibus non laoreet eleifend cubilia turpis magna etiam natoque blandit. Metus magna. Etiam magna fusce elit fames ut luctus at per urna eu consectetuer. Purus lorem condimentum inceptos quam.",
    "_atrefs": {},
    "_layout": "file_view",
    "_workflow_history": {
        "simple_publication_workflow": [
            {
                "action": null,
                "review_state": "private",
                "actor": "admin",
                "comments": "",
                "time": "2018/10/26 18:00:37.750630 GMT-4"
            },
            {
                "action": "publish",
                "review_state": "published",
                "actor": "admin",
                "comments": "",
                "time": "2018/10/26 18:00:38.076399 GMT-4"
            }
        ]
    },
    "_datafield_file": {
        "encoding": "base64",
        "filename": "volutpat..dat",
        "data": "R0lGODlhAQABAPAAAPj8+AAAACH5BAEAAAAALAAAAAABAAEAAAICRAEAOw==",
        "content_type": "chemical/x-mopac-input",
        "size": [
            1,
            1
        ]
    },
    "_content_type_rights": "text/plain",
    "_classname": "ATBlob",
    "_directly_provided": [
        "plone.app.blob.interfaces.IATBlobFile",
        "Products.ATContentTypes.interfaces.file.IATFile",
        "Products.ATContentTypes.interfaces.file.IFileContent"
    ],
    "_userdefined_roles": [],
    "_content_type": "chemical/x-mopac-input",
    "_id": "curae-etiam-blandit.",
    "effectiveDate": "None",
    "language": "en",
    "rights": "Risus etiam. Justo purus natoque mi inceptos molestie ve dictum curabitur ut vitae ad sociis. Donec felis dictumst adipiscing. Donec metus elit eni. Curae metus. Lacus risus netus nullam morbi dolor. Magna fames scelerisque leo litora eleifend pede ante lorem. Purus nulla dolor massa mollis parturient volutpat quam nam. Justo curae. Massa lorem turpis purus mi ornare. Felis metus odio egestas odio lacus varius tempor hac.",
    "_content_type_description": "text/plain",
    "_owner": "admin",
    "_content_type_location": "text/plain",
    "_permissions": {},
    "_properties": [
        [
            "title",
            "Curae etiam blandit.",
            "string"
        ]
    ],
    "allowDiscussion": false,
    "_gopip": 25,
    "creators": [
        "admin"
    ],
    "_path": "/Plone/about/lacus-purus-sit-augue-facilisis-ultricies-pede./donec-risus-fermentum./curae-etiam-blandit."
}