{
    "locallyAllowedTypes": [
        "Document",
        "Event",
        "File",
        "Folder",
        "Image",
        "Link",
        "News Item",
        "Collection"
    ],
    "contributors": [],
    "creation_date": "2018/10/26 18:00:54.211062 GMT-4",
    "_uid": "e03fd722eac0450fae70a3f492fb8ca1",
    "expirationDate": "None",
    "_content_type_id": "text/plain",
    "immediatelyAddableTypes": [
        "Document",
        "Event",
        "File",
        "Folder",
        "Image",
        "Link",
        "News Item",
        "Collection"
    ],
    "id": "proin-porta-dolor.",
    "subject": [],
    "modification_date": "2018/10/26 18:00:54.544606 GMT-4",
    "title": "Proin porta dolor.",
    "_ac_local_roles": {
        "admin": [
            "Owner"
        ]
    },
    "_content_type_language": "text/plain",
    "_defaultpage": "",
    "location": "Massa donec.",
    "_content_type_title": "text/plain",
    "excludeFromNav": true,
    "_atbrefs": {},
    "constrainTypesMode": -1,
    "_type": "Folder",
    "description": "Purus lacus tempor ornare. Netus magna viverra congue non enim ut ipsum libero convallis sodales. Proin purus eros nulla elementum adipiscing eni donec nam nibh. Porta fames dictum parturient massa commodo sodales. Etiam fusce. Vitae nulla eni elit a erat lacus tempus mi fames luctus hymenaeos molestie lectus arcu id cras pulvinar erat. Netus velit.",
    "_atrefs": {},
    "_layout": "folder_listing",
    "_workflow_history": {
        "simple_publication_workflow": [
            {
                "action": null,
                "review_state": "private",
                "actor": "admin",
                "comments": "",
                "time": "2018/10/26 18:00:54.217297 GMT-4"
            },
            {
                "action": "publish",
                "review_state": "published",
                "actor": "admin",
                "comments": "",
                "time": "2018/10/26 18:00:54.540047 GMT-4"
            }
        ]
    },
    "_content_type_rights": "text/plain",
    "_directly_provided": [],
    "language": "en",
    "_classname": "ATFolder",
    "banner": "<h1>Atque hoc loco similitudines eas, quibus illi uti solent, dissimillimas proferebas.</h1>\n\n<p>Lorem ipsum dolor sit amet, consectetur adipiscing elit. Non risu potius quam oratione eiciendum? <a href='http://loripsum.net/' target='_blank'>Sed residamus, inquit, si placet.</a> Istic sum, inquit. Philosophi autem in suis lectulis plerumque moriuntur. Duo Reges: constructio interrete. Quantum Aristoxeni ingenium consumptum videmus in musicis? Si quicquam extra virtutem habeatur in bonis. Nunc haec primum fortasse audientis servire debemus. </p>\n\n<ol>\n\t<li>Nihil opus est exemplis hoc facere longius.</li>\n\t<li>Familiares nostros, credo, Sironem dicis et Philodemum, cum optimos viros, tum homines doctissimos.</li>\n\t<li>Nullis enim partitionibus, nullis definitionibus utuntur ipsique dicunt ea se modo probare, quibus natura tacita adsentiatur.</li>\n</ol>\n\n\n<h2>Propter nos enim illam, non propter eam nosmet ipsos diligimus.</h2>\n\n<p>Si qua in iis corrigere voluit, deteriora fecit. Ita multa dicunt, quae vix intellegam. Qualem igitur hominem natura inchoavit? Paulum, cum regem Persem captum adduceret, eodem flumine invectio? </p>\n\n<ul>\n\t<li>Magni enim aestimabat pecuniam non modo non contra leges, sed etiam legibus partam.</li>\n\t<li>Nihil minus, contraque illa hereditate dives ob eamque rem laetus.</li>\n</ul>\n\n\n<dl>\n\t<dt><dfn>Quid enim?</dfn></dt>\n\t<dd>Cum id quoque, ut cupiebat, audivisset, evelli iussit eam, qua erat transfixus, hastam.</dd>\n\t<dt><dfn>Haec dicuntur inconstantissime.</dfn></dt>\n\t<dd>Ergo illi intellegunt quid Epicurus dicat, ego non intellego?</dd>\n\t<dt><dfn>Quis negat?</dfn></dt>\n\t<dd>Nunc omni virtuti vitium contrario nomine opponitur.</dd>\n\t<dt><dfn>Qui convenit?</dfn></dt>\n\t<dd>Sed in rebus apertissimis nimium longi sumus.</dd>\n\t<dt><dfn>Tenent mordicus.</dfn></dt>\n\t<dd>Tu enim ista lenius, hic Stoicorum more nos vexat.</dd>\n\t<dt><dfn>Sed videbimus.</dfn></dt>\n\t<dd>Tantum dico, magis fuisse vestrum agere Epicuri diem natalem, quam illius testamento cavere ut ageretur.</dd>\n</dl>\n\n\n<p>Explanetur igitur. <a href='http://loripsum.net/' target='_blank'>Si quae forte-possumus.</a> <a href='http://loripsum.net/' target='_blank'>Sedulo, inquam, faciam.</a> Sedulo, inquam, faciam. Cur deinde Metrodori liberos commendas? Tubulo putas dicere? </p>\n\n",
    "_userdefined_roles": [],
    "_content_type": "text/plain",
    "_id": "proin-porta-dolor.",
    "nextPreviousEnabled": false,
    "effectiveDate": "None",
    "_content_type_banner": "text/html",
    "rights": "Curae etiam. Velit metus tempus tortor est pretium mi eni nostra iaculis. Magna augue varius augue libero. Morbi fusce lacus vivamus commodo diam quisque neque justo pede porta. Fusce curae est orci iaculis. Velit magna purus etiam dictum cras sodales ut. Purus curae rutrum sociis dis sodales rutrum nulla rhoncus euismod. Class donec. Purus donec cras etiam amet a. Felis curae massa ullamcorper praesent. Proin magna posuere platea est amet.",
    "_content_type_description": "text/plain",
    "_owner": "admin",
    "_content_type_location": "text/plain",
    "_permissions": {
        "Change portal events": {
            "acquire": false,
            "roles": [
                "Editor",
                "Manager",
                "Owner",
                "Site Administrator"
            ]
        },
        "Modify portal content": {
            "acquire": false,
            "roles": [
                "Editor",
                "Manager",
                "Owner",
                "Site Administrator"
            ]
        },
        "Access contents information": {
            "acquire": false,
            "roles": [
                "Anonymous"
            ]
        },
        "View": {
            "acquire": false,
            "roles": [
                "Anonymous"
            ]
        }
    },
    "_properties": [
        [
            "title",
            "Proin porta dolor.",
            "string"
        ]
    ],
    "allowDiscussion": false,
    "_gopip": 30,
    "creators": [
        "admin"
    ],
    "_path": "/Plone/about/lacus-purus-sit-augue-facilisis-ultricies-pede./donec-risus-fermentum./proin-porta-dolor."
}