{
    "contributors": [],
    "creation_date": "2018/10/26 18:01:2.035219 GMT-4",
    "_uid": "d9f4c7f1451243fd8086f8073b4884cf",
    "expirationDate": "None",
    "_content_type_id": "text/plain",
    "id": "magna-ipsum-sociosqu-vel-iaculis-ut-elit-pulvinar-egestas-enim-consectetuer-ve-euismod-id-eget-ultrices-a-consectetuer-elit.",
    "subject": [],
    "modification_date": "2018/10/26 18:01:2.081713 GMT-4",
    "title": "Magna ipsum sociosqu vel iaculis ut elit pulvinar egestas enim consectetuer ve euismod id eget ultrices a consectetuer elit.",
    "_ac_local_roles": {
        "admin": [
            "Owner"
        ]
    },
    "_content_type_language": "text/plain",
    "_defaultpage": "",
    "location": "Augue felis.",
    "_content_type_title": "text/plain",
    "excludeFromNav": true,
    "_atbrefs": {},
    "_type": "Link",
    "description": "Velit lorem etiam. Donec fusce feugiat eget ac dictumst taciti aenean justo rutrum risus curae aliquam. Nulla morbi scelerisque est aenean accumsan lorem donec a aliquet libero mi. Augue porta primis ante. Proin velit. Purus magna eget habitant ac. Lorem vitae pede elit aliquam quis curae enim. Massa neque. Massa class cum nullam mi tempor eni. Augue morbi suspendisse vehicula vitae sit justo fusce massa mus. Porta proin habitasse tincidunt donec blandit id ipsum bibendum. Metus justo suspendisse et cursus. Lacus donec libero ve hac habitasse platea dis. Fusce etiam a orci vestibulum sit vestibulum lorem conubia duis. Fames justo dictum elit mi bibendum rutrum sociis ante.",
    "_atrefs": {},
    "_layout": "link_redirect_view",
    "_workflow_history": {
        "simple_publication_workflow": [
            {
                "action": null,
                "review_state": "private",
                "actor": "admin",
                "comments": "",
                "time": "2018/10/26 18:01:2.039392 GMT-4"
            },
            {
                "action": "publish",
                "review_state": "published",
                "actor": "admin",
                "comments": "",
                "time": "2018/10/26 18:01:2.078078 GMT-4"
            }
        ]
    },
    "_content_type_rights": "text/plain",
    "_directly_provided": [],
    "_content_type_remoteUrl": "text/plain",
    "_classname": "ATLink",
    "_userdefined_roles": [],
    "_content_type": "text/plain",
    "_id": "magna-ipsum-sociosqu-vel-iaculis-ut-elit-pulvinar-egestas-enim-consectetuer-ve-euismod-id-eget-ultrices-a-consectetuer-elit.",
    "remoteUrl": "Proin%20fusce%20leo%20maecenas.",
    "effectiveDate": "None",
    "language": "en",
    "rights": "Dolor ipsum mauris lorem aliquet hymenaeos sapien dictum est. Nulla risus laoreet morbi nec fusce. Fusce augue quisque at vitae. Metus proin. Massa risus nisi praesent suspendisse torquent risus elementum aliquam. Risus morbi. Metus velit rhoncus facilisis accumsan pulvinar magna lorem tellus. Lorem vitae ullamcorper eleifend convallis a penatibus massa. Dolor donec etiam dapibus odio facilisi suspendisse eni odio est proin dignissim eu. Donec ipsum pretium. Etiam porta ultrices mus. Morbi netus nullam ornare augue id imperdiet curabitur nisl mus diam.",
    "_content_type_description": "text/plain",
    "_owner": "admin",
    "_content_type_location": "text/plain",
    "_permissions": {
        "Modify portal content": {
            "acquire": false,
            "roles": [
                "Editor",
                "Manager",
                "Owner",
                "Site Administrator"
            ]
        },
        "Access contents information": {
            "acquire": false,
            "roles": [
                "Anonymous"
            ]
        },
        "View": {
            "acquire": false,
            "roles": [
                "Anonymous"
            ]
        }
    },
    "_properties": [
        [
            "title",
            "Magna ipsum sociosqu vel iaculis ut elit pulvinar egestas enim consectetuer ve euismod id eget ultrices a consectetuer elit.",
            "string"
        ]
    ],
    "allowDiscussion": false,
    "_gopip": 50,
    "creators": [
        "admin"
    ],
    "_path": "/Plone/about/lacus-purus-sit-augue-facilisis-ultricies-pede./donec-risus-fermentum./magna-ipsum-sociosqu-vel-iaculis-ut-elit-pulvinar-egestas-enim-consectetuer-ve-euismod-id-eget-ultrices-a-consectetuer-elit."
}