{
    "contributors": [],
    "creation_date": "2018/10/26 18:01:2.213521 GMT-4",
    "_uid": "23e8b67f32264dddaea20fcfbaeabf54",
    "expirationDate": "None",
    "_content_type_id": "text/plain",
    "id": "metus-velit.",
    "subject": [],
    "modification_date": "2018/10/26 18:01:2.257081 GMT-4",
    "title": "Metus velit.",
    "_ac_local_roles": {
        "admin": [
            "Owner"
        ]
    },
    "_content_type_language": "text/plain",
    "_defaultpage": "",
    "location": "Class fusce nulla duis.",
    "_content_type_title": "text/plain",
    "excludeFromNav": true,
    "_atbrefs": {},
    "_type": "Link",
    "description": "Fusce vitae ornare nulla accumsan. Justo nulla a cubilia lectus fringilla etiam leo lorem laoreet facilisi. Fusce netus elit nulla malesuada nisl cum nulla augue habitant fusce ve massa erat nonummy. Curae justo nec pharetra porttitor et sapien arcu habitasse varius ac eros fringilla. Metus donec magnis eni odio per metus tortor. Justo dolor aptent sociis hendrerit eu nostra. Class fames. Neque proin nunc per quis lobortis porta mi pede dictumst. Lacus curae iaculis eros ad malesuada donec nisi pretium ve. Neque etiam dui curae leo habitasse nulla. Risus purus ipsum auctor eu erat cras libero vestibulum volutpat iaculis. Proin lacus turpis pretium viverra congue morbi penatibus.",
    "_atrefs": {},
    "_layout": "link_redirect_view",
    "_workflow_history": {
        "simple_publication_workflow": [
            {
                "action": null,
                "review_state": "private",
                "actor": "admin",
                "comments": "",
                "time": "2018/10/26 18:01:2.216906 GMT-4"
            },
            {
                "action": "publish",
                "review_state": "published",
                "actor": "admin",
                "comments": "",
                "time": "2018/10/26 18:01:2.253672 GMT-4"
            }
        ]
    },
    "_content_type_rights": "text/plain",
    "_directly_provided": [],
    "_content_type_remoteUrl": "text/plain",
    "_classname": "ATLink",
    "_userdefined_roles": [],
    "_content_type": "text/plain",
    "_id": "metus-velit.",
    "remoteUrl": "Curae%20magna%20nisl%20facilisi%20donec%20commodo%20dapibus%20platea%20porttitor%20faucibus.",
    "effectiveDate": "None",
    "language": "en",
    "rights": "Massa curae convallis. Neque morbi integer duis. Metus purus. Felis curae. Fames felis dignissim hac nam laoreet class at semper lobortis vulputate. Morbi magna viverra vivamus molestie tempor. Ipsum etiam aptent fames. Netus velit aliquam mauris duis ultricies congue. Proin fusce etiam suspendisse cras convallis netus ac etiam fermentum mi scelerisque. Netus curae ligula lectus sit. Curae porta. Velit etiam. Purus fusce proin feugiat pretium vulputate. Curae lacus morbi ipsum aliquet quis congue. Risus nulla nibh litora.",
    "_content_type_description": "text/plain",
    "_owner": "admin",
    "_content_type_location": "text/plain",
    "_permissions": {
        "Modify portal content": {
            "acquire": false,
            "roles": [
                "Editor",
                "Manager",
                "Owner",
                "Site Administrator"
            ]
        },
        "Access contents information": {
            "acquire": false,
            "roles": [
                "Anonymous"
            ]
        },
        "View": {
            "acquire": false,
            "roles": [
                "Anonymous"
            ]
        }
    },
    "_properties": [
        [
            "title",
            "Metus velit.",
            "string"
        ]
    ],
    "allowDiscussion": false,
    "_gopip": 51,
    "creators": [
        "admin"
    ],
    "_path": "/Plone/about/lacus-purus-sit-augue-facilisis-ultricies-pede./donec-risus-fermentum./metus-velit."
}