{
    "contributors": [],
    "creation_date": "2018/10/26 18:01:2.391462 GMT-4",
    "_uid": "c8fd1f19b4ac4ebba6ac2281dd91c050",
    "expirationDate": "None",
    "_content_type_id": "text/plain",
    "id": "lacus-fames-a-ante-magna-congue-venenatis.",
    "subject": [],
    "modification_date": "2018/10/26 18:01:2.433227 GMT-4",
    "title": "Lacus fames a ante magna congue venenatis.",
    "_ac_local_roles": {
        "admin": [
            "Owner"
        ]
    },
    "_content_type_language": "text/plain",
    "_defaultpage": "",
    "location": "Felis curae enim aliquam eu tincidunt.",
    "_content_type_title": "text/plain",
    "excludeFromNav": false,
    "_atbrefs": {},
    "_type": "Link",
    "description": "Lorem vitae quis augue orci pede. Massa neque eni class tristique semper nunc ullamcorper aliquam dolor cras scelerisque. Fames donec. Etiam massa nec sapien tempor lacinia quis inceptos quis. Morbi metus interdum porttitor nibh nunc torquent hac nisi. Augue dolor purus auctor condimentum vitae porttitor eros non fusce elit nam neque. Felis morbi. Justo lacus justo dui. Etiam lorem. Neque morbi sociis.",
    "_atrefs": {},
    "_layout": "link_redirect_view",
    "_workflow_history": {
        "simple_publication_workflow": [
            {
                "action": null,
                "review_state": "private",
                "actor": "admin",
                "comments": "",
                "time": "2018/10/26 18:01:2.394726 GMT-4"
            },
            {
                "action": "publish",
                "review_state": "published",
                "actor": "admin",
                "comments": "",
                "time": "2018/10/26 18:01:2.429834 GMT-4"
            }
        ]
    },
    "_content_type_rights": "text/plain",
    "_directly_provided": [],
    "_content_type_remoteUrl": "text/plain",
    "_classname": "ATLink",
    "_userdefined_roles": [],
    "_content_type": "text/plain",
    "_id": "lacus-fames-a-ante-magna-congue-venenatis.",
    "remoteUrl": "Etiam%20magna%20potenti%20at%20ante%20pharetra%20ullamcorper%20sed%20id.",
    "effectiveDate": "None",
    "language": "en",
    "rights": "Porta ipsum quam sodales eni ut risus magnis id placerat praesent ipsum leo. Donec nulla leo elit. Ipsum proin sapien semper aliquet eni rhoncus maecenas. Felis morbi semper consectetuer tristique risus molestie augue natoque ante id etiam ve ultricies. Etiam donec. Etiam magna mus. Ipsum fusce. Justo curae per quam ipsum. Class lorem per euismod ad vitae eu. Justo porta diam. Porta dolor. Class risus nisl laoreet at. Risus metus malesuada vivamus fames proin orci ad pharetra. Fusce risus eget aliquam ligula class. Netus fusce sapien varius bibendum hendrerit eni consectetuer. Donec felis. Magna porta. Nulla augue condimentum dictumst porta lobortis porta sociosqu duis nunc neque.",
    "_content_type_description": "text/plain",
    "_owner": "admin",
    "_content_type_location": "text/plain",
    "_permissions": {
        "Modify portal content": {
            "acquire": false,
            "roles": [
                "Editor",
                "Manager",
                "Owner",
                "Site Administrator"
            ]
        },
        "Access contents information": {
            "acquire": false,
            "roles": [
                "Anonymous"
            ]
        },
        "View": {
            "acquire": false,
            "roles": [
                "Anonymous"
            ]
        }
    },
    "_properties": [
        [
            "title",
            "Lacus fames a ante magna congue venenatis.",
            "string"
        ]
    ],
    "allowDiscussion": false,
    "_gopip": 52,
    "creators": [
        "admin"
    ],
    "_path": "/Plone/about/lacus-purus-sit-augue-facilisis-ultricies-pede./donec-risus-fermentum./lacus-fames-a-ante-magna-congue-venenatis."
}