{
    "contributors": [],
    "creation_date": "2018/10/26 18:01:2.868845 GMT-4",
    "_uid": "5bfec4af355345cfb9bace36669dac76",
    "expirationDate": "None",
    "_content_type_id": "text/plain",
    "id": "justo-ipsum.",
    "subject": [],
    "modification_date": "2018/10/26 18:01:2.910313 GMT-4",
    "title": "Justo ipsum.",
    "_ac_local_roles": {
        "admin": [
            "Owner"
        ]
    },
    "_content_type_language": "text/plain",
    "_defaultpage": "",
    "location": "Metus morbi dis taciti nisl justo.",
    "_content_type_title": "text/plain",
    "excludeFromNav": false,
    "_atbrefs": {},
    "_type": "Link",
    "description": "Vitae class curae class nec felis morbi ullamcorper ante nunc parturient. Risus class. Netus lorem taciti ac et sociis nostra facilisis. Purus augue tempus orci lacinia ipsum class quis quam pede eget rutrum dui urna id sollicitudin nostra neque lacus fames eget in. Purus dolor purus facilisi nam sapien. Velit morbi. Netus vitae nulla odio ad etiam faucibus. Ipsum morbi. Morbi lorem quisque velit. Proin nulla iaculis primis dolor. Augue velit varius auctor interdum phasellus mi tortor. Magna purus. Lacus dolor. Magna donec est. Vitae metus lacus eleifend consequat sollicitudin. Magna class. Lacus purus curae nisl viverra ac mollis tincidunt suscipit litora eros. Donec massa aliquet duis proin natoque quam dui amet vestibulum mauris sed quis.",
    "_atrefs": {},
    "_layout": "link_redirect_view",
    "_workflow_history": {
        "simple_publication_workflow": [
            {
                "action": null,
                "review_state": "private",
                "actor": "admin",
                "comments": "",
                "time": "2018/10/26 18:01:2.872056 GMT-4"
            },
            {
                "action": "publish",
                "review_state": "published",
                "actor": "admin",
                "comments": "",
                "time": "2018/10/26 18:01:2.906603 GMT-4"
            }
        ]
    },
    "_content_type_rights": "text/plain",
    "_directly_provided": [],
    "_content_type_remoteUrl": "text/plain",
    "_classname": "ATLink",
    "_userdefined_roles": [],
    "_content_type": "text/plain",
    "_id": "justo-ipsum.",
    "remoteUrl": "Class%20purus%20dui%20erat%20sollicitudin%20senectus%20purus%20at%20vitae.",
    "effectiveDate": "None",
    "language": "en",
    "rights": "Magna nulla massa aliquam nisi nec ultrices fringilla ac ipsum. Fames vitae condimentum eu libero fermentum augue dis tempus nunc platea vivamus aliquam. Justo nulla purus facilisi. Etiam fames sociosqu vestibulum ultricies erat felis facilisis. Proin magna velit dictum parturient fusce euismod morbi. Justo etiam porta non. Velit lorem facilisi ut scelerisque quis penatibus aenean eget. Netus massa. Massa fames pede scelerisque dui. Ipsum proin. Massa nulla orci vehicula curae. Metus felis dapibus cubilia sociis etiam eu nisi eu consectetuer. Morbi dolor tortor dictumst mollis quam diam augue sapien eu.",
    "_content_type_description": "text/plain",
    "_owner": "admin",
    "_content_type_location": "text/plain",
    "_permissions": {
        "Modify portal content": {
            "acquire": false,
            "roles": [
                "Editor",
                "Manager",
                "Owner",
                "Site Administrator"
            ]
        },
        "Access contents information": {
            "acquire": false,
            "roles": [
                "Anonymous"
            ]
        },
        "View": {
            "acquire": false,
            "roles": [
                "Anonymous"
            ]
        }
    },
    "_properties": [
        [
            "title",
            "Justo ipsum.",
            "string"
        ]
    ],
    "allowDiscussion": false,
    "_gopip": 55,
    "creators": [
        "admin"
    ],
    "_path": "/Plone/about/lacus-purus-sit-augue-facilisis-ultricies-pede./donec-risus-fermentum./justo-ipsum."
}