{
    "contributors": [],
    "creation_date": "2018/10/26 18:01:3.042459 GMT-4",
    "_uid": "035cb8d8832e4cbf8f595c7b52e37629",
    "expirationDate": "None",
    "_content_type_id": "text/plain",
    "id": "morbi-augue-feugiat-erat-ad-enim-eget-posuere.",
    "subject": [],
    "modification_date": "2018/10/26 18:01:3.088447 GMT-4",
    "title": "Morbi augue feugiat erat ad enim eget posuere.",
    "_ac_local_roles": {
        "admin": [
            "Owner"
        ]
    },
    "_content_type_language": "text/plain",
    "_defaultpage": "",
    "location": "Porta morbi gravida porta nec.",
    "_content_type_title": "text/plain",
    "excludeFromNav": false,
    "_atbrefs": {},
    "_type": "Link",
    "description": "Dolor porta. Felis augue. Curae neque quisque porttitor elit non amet ve. Augue purus magnis class pretium varius cras nam. Ipsum justo tellus risus per velit aenean eu. Felis massa fermentum massa nascetur. Donec porta accumsan in metus sapien mauris magna suspendisse. Nulla vitae magnis gravida congue ac.",
    "_atrefs": {},
    "_layout": "link_redirect_view",
    "_workflow_history": {
        "simple_publication_workflow": [
            {
                "action": null,
                "review_state": "private",
                "actor": "admin",
                "comments": "",
                "time": "2018/10/26 18:01:3.045983 GMT-4"
            },
            {
                "action": "publish",
                "review_state": "published",
                "actor": "admin",
                "comments": "",
                "time": "2018/10/26 18:01:3.083633 GMT-4"
            }
        ]
    },
    "_content_type_rights": "text/plain",
    "_directly_provided": [],
    "_content_type_remoteUrl": "text/plain",
    "_classname": "ATLink",
    "_userdefined_roles": [],
    "_content_type": "text/plain",
    "_id": "morbi-augue-feugiat-erat-ad-enim-eget-posuere.",
    "remoteUrl": "Magna%20justo%20magnis.",
    "effectiveDate": "None",
    "language": "en",
    "rights": "Vitae felis lectus porta vestibulum. Nulla netus viverra eros. Lacus nulla curae pharetra felis magnis aptent augue. Lacus magna leo quisque a condimentum nec tempus ridiculus sociosqu id. Netus vitae auctor augue fermentum arcu lacus varius nec. Dolor curae tortor venenatis eleifend in. Curae purus rutrum nisl ullamcorper potenti porta felis netus. Ipsum dolor. Justo felis lectus class vestibulum scelerisque. Ipsum vitae fermentum. Morbi curae. Lorem purus sodales eget. Velit lorem euismod hymenaeos sociosqu mattis taciti massa lacus. Etiam massa nibh a fames at proin dictumst augue.",
    "_content_type_description": "text/plain",
    "_owner": "admin",
    "_content_type_location": "text/plain",
    "_permissions": {
        "Modify portal content": {
            "acquire": false,
            "roles": [
                "Editor",
                "Manager",
                "Owner",
                "Site Administrator"
            ]
        },
        "Access contents information": {
            "acquire": false,
            "roles": [
                "Anonymous"
            ]
        },
        "View": {
            "acquire": false,
            "roles": [
                "Anonymous"
            ]
        }
    },
    "_properties": [
        [
            "title",
            "Morbi augue feugiat erat ad enim eget posuere.",
            "string"
        ]
    ],
    "allowDiscussion": false,
    "_gopip": 56,
    "creators": [
        "admin"
    ],
    "_path": "/Plone/about/lacus-purus-sit-augue-facilisis-ultricies-pede./donec-risus-fermentum./morbi-augue-feugiat-erat-ad-enim-eget-posuere."
}