{
    "contributors": [],
    "creation_date": "2018/10/26 18:01:3.537572 GMT-4",
    "_uid": "97ca76bcfed840008d1c47e0d3d62a7f",
    "expirationDate": "None",
    "_content_type_id": "text/plain",
    "id": "dolor-donec-accumsan-nunc-egestas-varius-montes-vel.",
    "subject": [],
    "modification_date": "2018/10/26 18:01:3.580822 GMT-4",
    "title": "Dolor donec accumsan nunc egestas varius montes vel.",
    "_ac_local_roles": {
        "admin": [
            "Owner"
        ]
    },
    "_content_type_language": "text/plain",
    "_defaultpage": "",
    "location": "Velit neque pharetra pede nascetur auctor tempor pretium.",
    "_content_type_title": "text/plain",
    "excludeFromNav": false,
    "_atbrefs": {},
    "_type": "Link",
    "description": "Augue curae metus neque nascetur consequat ipsum lorem torquent. Metus curae volutpat in donec ad phasellus gravida aptent augue euismod iaculis nisi. Netus class cursus class nam class quisque pede class at vitae aptent fames dictumst adipiscing posuere dis vestibulum parturient eu. Massa netus. Fusce lacus vehicula class elit vel quisque libero eros ullamcorper. Netus etiam suscipit nunc interdum non litora nonummy sem in eget. Risus justo inceptos eget. Risus morbi feugiat turpis in. Class massa.",
    "_atrefs": {},
    "_layout": "link_redirect_view",
    "_workflow_history": {
        "simple_publication_workflow": [
            {
                "action": null,
                "review_state": "private",
                "actor": "admin",
                "comments": "",
                "time": "2018/10/26 18:01:3.540792 GMT-4"
            },
            {
                "action": "publish",
                "review_state": "published",
                "actor": "admin",
                "comments": "",
                "time": "2018/10/26 18:01:3.577474 GMT-4"
            }
        ]
    },
    "_content_type_rights": "text/plain",
    "_directly_provided": [],
    "_content_type_remoteUrl": "text/plain",
    "_classname": "ATLink",
    "_userdefined_roles": [],
    "_content_type": "text/plain",
    "_id": "dolor-donec-accumsan-nunc-egestas-varius-montes-vel.",
    "remoteUrl": "Augue%20felis.",
    "effectiveDate": "None",
    "language": "en",
    "rights": "Ipsum lacus nullam auctor tincidunt nec proin hac proin vestibulum in ridiculus. Donec risus dis eget enim eleifend. Felis netus. Fusce dolor libero et maecenas eros malesuada nec quis arcu at lectus sollicitudin dapibus erat. Curae morbi malesuada adipiscing dis risus nullam et orci dapibus in ultricies. Curae nulla blandit ipsum morbi cras enim. Curae fusce enim est purus dui. Ipsum fusce sem. Lorem magna netus rhoncus dui quis elit mus. Ipsum nulla. Dolor risus eleifend mi neque varius. Risus vitae nibh.",
    "_content_type_description": "text/plain",
    "_owner": "admin",
    "_content_type_location": "text/plain",
    "_permissions": {
        "Modify portal content": {
            "acquire": false,
            "roles": [
                "Editor",
                "Manager",
                "Owner",
                "Site Administrator"
            ]
        },
        "Access contents information": {
            "acquire": false,
            "roles": [
                "Anonymous"
            ]
        },
        "View": {
            "acquire": false,
            "roles": [
                "Anonymous"
            ]
        }
    },
    "_properties": [
        [
            "title",
            "Dolor donec accumsan nunc egestas varius montes vel.",
            "string"
        ]
    ],
    "allowDiscussion": false,
    "_gopip": 59,
    "creators": [
        "admin"
    ],
    "_path": "/Plone/about/lacus-purus-sit-augue-facilisis-ultricies-pede./donec-risus-fermentum./dolor-donec-accumsan-nunc-egestas-varius-montes-vel."
}