{
    "contributors": [],
    "_content_type_text": "text/html",
    "text": "<h1>Haec mihi videtur delicatior, ut ita dicam, molliorque ratio, quam virtutis vis gravitasque postulat.</h1>\n\n<p>Lorem ipsum dolor sit amet, consectetur adipiscing elit. <a href='http://loripsum.net/' target='_blank'>At eum nihili facit;</a> Sed tamen intellego quid velit. <a href='http://loripsum.net/' target='_blank'>Duo Reges: constructio interrete.</a> <a href='http://loripsum.net/' target='_blank'>Gerendus est mos, modo recte sentiat.</a> <a href='http://loripsum.net/' target='_blank'>Utilitatis causa amicitia est quaesita.</a> <a href='http://loripsum.net/' target='_blank'>Philosophi autem in suis lectulis plerumque moriuntur.</a> </p>\n\n<p>Sin aliud quid voles, postea. Prioris generis est docilitas, memoria; Hoc non est positum in nostra actione. Primum quid tu dicis breve? Erat enim Polemonis. Hoc simile tandem est? Sed quot homines, tot sententiae; </p>\n\n<ul>\n\t<li>Quid est, quod ab ea absolvi et perfici debeat?</li>\n\t<li>Aliter homines, aliter philosophos loqui putas oportere?</li>\n\t<li>Ut aliquid scire se gaudeant?</li>\n\t<li>Quae cum ita sint, effectum est nihil esse malum, quod turpe non sit.</li>\n\t<li>Nihil ad rem! Ne sit sane;</li>\n\t<li>Ut proverbia non nulla veriora sint quam vestra dogmata.</li>\n</ul>\n\n\n<ol>\n\t<li>Quae fere omnia appellantur uno ingenii nomine, easque virtutes qui habent, ingeniosi vocantur.</li>\n\t<li>Quodsi ipsam honestatem undique pertectam atque absolutam.</li>\n\t<li>Cum praesertim illa perdiscere ludus esset.</li>\n\t<li>Quae sunt igitur communia vobis cum antiquis, iis sic utamur quasi concessis;</li>\n</ol>\n\n\n<p>Dicimus aliquem hilare vivere; Omnes enim iucundum motum, quo sensus hilaretur. <a href='http://loripsum.net/' target='_blank'>Quis istud possit, inquit, negare?</a> Sed tu istuc dixti bene Latine, parum plane. Nescio quo modo praetervolavit oratio. Ea possunt paria non esse. </p>\n\n<dl>\n\t<dt><dfn>Facete M.</dfn></dt>\n\t<dd>Sed tamen est aliquid, quod nobis non liceat, liceat illis.</dd>\n\t<dt><dfn>Quid iudicant sensus?</dfn></dt>\n\t<dd>Duae sunt enim res quoque, ne tu verba solum putes.</dd>\n\t<dt><dfn>Erat enim Polemonis.</dfn></dt>\n\t<dd>Illud mihi a te nimium festinanter dictum videtur, sapientis omnis esse semper beatos;</dd>\n\t<dt><dfn>Beatum, inquit.</dfn></dt>\n\t<dd>Coniunctio autem cum honestate vel voluptatis vel non dolendi id ipsum honestum, quod amplecti vult, id efficit turpe.</dd>\n\t<dt><dfn>An eiusdem modi?</dfn></dt>\n\t<dd>Itaque contra est, ac dicitis;</dd>\n</dl>\n\n\n",
    "creation_date": "2018/10/26 18:01:4.725190 GMT-4",
    "imageCaption": "Magna ipsum eget ante cubilia urna eu urna eleifend.",
    "expirationDate": "None",
    "_content_type_id": "text/plain",
    "id": "dolor-velit-orci-fusce.",
    "subject": [],
    "modification_date": "2018/10/26 18:01:5.114998 GMT-4",
    "title": "Dolor velit orci fusce.",
    "_ac_local_roles": {
        "admin": [
            "Owner"
        ]
    },
    "_content_type_language": "text/plain",
    "_defaultpage": "",
    "location": "Neque proin.",
    "_content_type_title": "text/plain",
    "excludeFromNav": false,
    "_atbrefs": {},
    "_content_type_imageCaption": "text/plain",
    "_type": "News Item",
    "description": "Magna risus. Magna massa posuere nunc hac rutrum dictumst nulla conubia augue dui purus nam nunc. Justo lacus. Purus lorem. Vitae class cras aliquam at molestie rhoncus integer laoreet cursus congue quam. Dolor neque fusce ante elementum mi ipsum id semper ad nisi suspendisse cubilia sollicitudin facilisis purus eleifend ac curae consectetuer. Neque felis. Dolor fusce mauris. Massa curae vel mus sed ut. Augue neque turpis id sem dignissim felis cum pede a fames eu magna ve tellus. Netus proin nibh class cubilia mus inceptos a sociosqu nam rhoncus ut porttitor egestas dolor vel eget. Augue lacus metus odio pede curae luctus sapien. Risus ipsum elit rhoncus commodo odio ante congue. Netus lacus arcu imperdiet. Massa netus bibendum arcu est cubilia ut at quis pharetra ligula. Fames neque aenean vestibulum. Neque lorem turpis morbi lobortis elit tristique consectetuer parturient urna velit. Velit fames a tortor arcu. Dolor etiam mus accumsan commodo.",
    "_atrefs": {},
    "_layout": "newsitem_view",
    "_workflow_history": {
        "simple_publication_workflow": [
            {
                "action": null,
                "review_state": "private",
                "actor": "admin",
                "comments": "",
                "time": "2018/10/26 18:01:4.729035 GMT-4"
            },
            {
                "action": "publish",
                "review_state": "published",
                "actor": "admin",
                "comments": "",
                "time": "2018/10/26 18:01:5.111289 GMT-4"
            }
        ]
    },
    "_content_type_rights": "text/plain",
    "_directly_provided": [],
    "_classname": "ATNewsItem",
    "_userdefined_roles": [],
    "_content_type": "text/html",
    "_id": "dolor-velit-orci-fusce.",
    "effectiveDate": "None",
    "language": "en",
    "rights": "Dolor nulla. Fusce dolor ante leo etiam neque mauris parturient. Morbi nulla urna sed natoque varius sed integer. Felis netus lectus donec nunc risus. Risus ipsum lorem nostra ridiculus ac suspendisse odio fringilla eni. Magna augue non nibh lacus neque semper montes integer id. Dolor proin sociosqu ut nulla ullamcorper. Justo massa nibh a class. Purus nulla eni proin. Vitae ipsum. Justo neque fames auctor magna per nisi vestibulum ac erat.",
    "_content_type_description": "text/plain",
    "_uid": "af29df1d09bc49a3a4b4283f48de5f5d",
    "_owner": "admin",
    "_content_type_location": "text/plain",
    "_permissions": {
        "Modify portal content": {
            "acquire": false,
            "roles": [
                "Editor",
                "Manager",
                "Owner",
                "Site Administrator"
            ]
        },
        "Access contents information": {
            "acquire": false,
            "roles": [
                "Anonymous"
            ]
        },
        "View": {
            "acquire": false,
            "roles": [
                "Anonymous"
            ]
        }
    },
    "_properties": [
        [
            "title",
            "Dolor velit orci fusce.",
            "string"
        ]
    ],
    "allowDiscussion": false,
    "_gopip": 62,
    "creators": [
        "admin"
    ],
    "_path": "/Plone/about/lacus-purus-sit-augue-facilisis-ultricies-pede./donec-risus-fermentum./dolor-velit-orci-fusce."
}