{
    "tableContents": true,
    "_content_type_text": "text/html",
    "text": "<h1>Illis videtur, qui illud non dubitant bonum dicere -;</h1>\n\n<p>Lorem ipsum dolor sit amet, consectetur adipiscing elit. Duo Reges: constructio interrete. At multis se probavit. Ita credo. Sed tu istuc dixti bene Latine, parum plane. Huius ego nunc auctoritatem sequens idem faciam. </p>\n\n<dl>\n\t<dt><dfn>Moriatur, inquit.</dfn></dt>\n\t<dd>Dolor ergo, id est summum malum, metuetur semper, etiamsi non aderit;</dd>\n\t<dt><dfn>Pollicetur certe.</dfn></dt>\n\t<dd>Si autem id non concedatur, non continuo vita beata tollitur.</dd>\n\t<dt><dfn>Est, ut dicis, inquit;</dfn></dt>\n\t<dd>An hoc usque quaque, aliter in vita?</dd>\n\t<dt><dfn>Quid Zeno?</dfn></dt>\n\t<dd>Idem etiam dolorem saepe perpetiuntur, ne, si id non faciant, incidant in maiorem.</dd>\n</dl>\n\n\n<ol>\n\t<li>Quis suae urbis conservatorem Codrum, quis Erechthei filias non maxime laudat?</li>\n\t<li>Neque enim disputari sine reprehensione nec cum iracundia aut pertinacia recte disputari potest.</li>\n\t<li>Verum hoc loco sumo verbis his eandem certe vim voluptatis Epicurum nosse quam ceteros.</li>\n\t<li>Quaesita enim virtus est, non quae relinqueret naturam, sed quae tueretur.</li>\n</ol>\n\n\n<p>Ratio enim nostra consentit, pugnat oratio. Quare attende, quaeso. ALIO MODO. Ita credo. Proclivi currit oratio. An hoc usque quaque, aliter in vita? </p>\n\n<h2>Hanc ergo intuens debet institutum illud quasi signum absolvere.</h2>\n\n<p>Conferam tecum, quam cuique verso rem subicias; Scrupulum, inquam, abeunti; Ratio quidem vestra sic cogit. Sed haec nihil sane ad rem; Cur post Tarentum ad Archytam? <a href='http://loripsum.net/' target='_blank'>Eam stabilem appellas.</a> </p>\n\n<ul>\n\t<li>Et quoniam haec deducuntur de corpore quid est cur non recte pulchritudo etiam ipsa propter se expetenda ducatur?</li>\n\t<li>Tu vero, inquam, ducas licet, si sequetur;</li>\n\t<li>Sed vos squalidius, illorum vides quam niteat oratio.</li>\n\t<li>Mihi enim satis est, ipsis non satis.</li>\n</ul>\n\n\n",
    "creation_date": "2018/10/26 18:01:8.924478 GMT-4",
    "_uid": "835e7a3bad1841f6b1ceadd654893f67",
    "expirationDate": "None",
    "_content_type_id": "text/plain",
    "query": [],
    "_atbrefs": {},
    "id": "donec-risus-condimentum-ve.",
    "subject": [],
    "_content_type_sort_on": "text/plain",
    "contributors": [],
    "effectiveDate": "None",
    "title": "Donec risus condimentum ve.",
    "_ac_local_roles": {
        "admin": [
            "Owner"
        ]
    },
    "sort_on": "Fames porta.",
    "_content_type_language": "text/plain",
    "_defaultpage": "",
    "location": "Purus netus platea adipiscing dictumst etiam venenatis placerat.",
    "_content_type_title": "text/plain",
    "excludeFromNav": true,
    "presentation": false,
    "_type": "Collection",
    "description": "Nulla lacus curae posuere nunc nibh dictumst maecenas justo tincidunt mollis. Neque proin. Felis risus dis enim nisi integer neque. Augue curae rutrum. Vitae nulla dui. Lorem risus purus. Vitae velit. Neque class litora ut bibendum dapibus feugiat sociis ac mus donec. Risus neque vitae nibh gravida a luctus odio ligula iaculis. Justo massa torquent leo aliquam nostra tellus arcu felis. Curae lorem a aliquet mauris risus et nam eros eget porta luctus. Velit lorem curae. Fames neque libero montes ipsum vestibulum. Proin massa congue tellus odio morbi suscipit curabitur ve scelerisque odio. Netus porta arcu ac urna tellus ligula eget cras arcu habitasse id. Ipsum lacus ligula lectus per dis ac nascetur quam quis risus. Morbi purus a nostra augue sed taciti odio scelerisque laoreet curae posuere. Curae morbi enim primis posuere. Fames dolor accumsan lacus eu tortor convallis eleifend in. Massa risus enim sem et a.",
    "_atrefs": {},
    "_layout": "standard_view",
    "_workflow_history": {
        "simple_publication_workflow": [
            {
                "action": null,
                "review_state": "private",
                "actor": "admin",
                "comments": "",
                "time": "2018/10/26 18:01:8.929363 GMT-4"
            },
            {
                "action": "publish",
                "review_state": "published",
                "actor": "admin",
                "comments": "",
                "time": "2018/10/26 18:01:9.531267 GMT-4"
            }
        ]
    },
    "_content_type_rights": "text/plain",
    "_directly_provided": [],
    "_classname": "Collection",
    "sort_reversed": true,
    "banner": "<h1>Illa tamen simplicia, vestra versuta.</h1>\n\n<p>Lorem ipsum dolor sit amet, consectetur adipiscing elit. Et quod est munus, quod opus sapientiae? Iubet igitur nos Pythius Apollo noscere nosmet ipsos. </p>\n\n<ol>\n\t<li>Traditur, inquit, ab Epicuro ratio neglegendi doloris.</li>\n\t<li>Roges enim Aristonem, bonane ei videantur haec: vacuitas doloris, divitiae, valitudo;</li>\n\t<li>Deinde prima illa, quae in congressu solemus: Quid tu, inquit, huc?</li>\n\t<li>Quod idem cum vestri faciant, non satis magnam tribuunt inventoribus gratiam.</li>\n\t<li>Eorum enim omnium multa praetermittentium, dum eligant aliquid, quod sequantur, quasi curta sententia;</li>\n\t<li>Commoda autem et incommoda in eo genere sunt, quae praeposita et reiecta diximus;</li>\n</ol>\n\n\n<ul>\n\t<li>Ipse Epicurus fortasse redderet, ut Sextus Peducaeus, Sex.</li>\n\t<li>Idemne potest esse dies saepius, qui semel fuit?</li>\n</ul>\n\n\n<h2>Rationis enim perfectio est virtus;</h2>\n\n<p>Duo Reges: constructio interrete. Ac tamen hic mallet non dolere. Non laboro, inquit, de nomine. Dat enim intervalla et relaxat. <a href='http://loripsum.net/' target='_blank'>Id mihi magnum videtur.</a> An tu me de L. Occultum facinus esse potuerit, gaudebit; Tollenda est atque extrahenda radicitus. </p>\n\n<p>Facillimum id quidem est, inquam. <a href='http://loripsum.net/' target='_blank'>Memini vero, inquam;</a> <a href='http://loripsum.net/' target='_blank'>Quare attende, quaeso.</a> </p>\n\n<dl>\n\t<dt><dfn>Paria sunt igitur.</dfn></dt>\n\t<dd>Cenasti in vita numquam bene, cum omnia in ista Consumis squilla atque acupensere cum decimano.</dd>\n\t<dt><dfn>Quibusnam praeteritis?</dfn></dt>\n\t<dd>Sed residamus, inquit, si placet.</dd>\n\t<dt><dfn>Sed haec omittamus;</dfn></dt>\n\t<dd>Si sapiens, ne tum quidem miser, cum ab Oroete, praetore Darei, in crucem actus est.</dd>\n\t<dt><dfn>Nihilo magis.</dfn></dt>\n\t<dd>Quodsi vultum tibi, si incessum fingeres, quo gravior viderere, non esses tui similis;</dd>\n</dl>\n\n\n",
    "_userdefined_roles": [],
    "modification_date": "2018/10/26 18:01:9.535495 GMT-4",
    "_content_type": "text/html",
    "_id": "donec-risus-condimentum-ve.",
    "language": "en",
    "_content_type_banner": "text/html",
    "rights": "Metus lacus nullam convallis ad nunc accumsan non euismod lobortis. Lorem fusce sem nulla aliquam ac. Neque porta vel. Augue metus enim ve pellentesque. Porta risus odio habitasse ac. Massa nulla hac malesuada mattis eni rutrum. Lorem proin odio. Curae neque litora tortor sed nibh mus quis facilisis ligula duis at. Fames justo dictum torquent commodo convallis litora arcu eros. Velit porta. Curae lacus habitasse senectus pede. Lacus metus.",
    "b_size": 30,
    "customViewFields": [
        "Title",
        "Creator",
        "Type",
        "ModificationDate"
    ],
    "_content_type_description": "text/plain",
    "_owner": "admin",
    "_content_type_location": "text/plain",
    "limit": 1000,
    "_permissions": {
        "Change portal events": {
            "acquire": false,
            "roles": [
                "Editor",
                "Manager",
                "Owner",
                "Site Administrator"
            ]
        },
        "Modify portal content": {
            "acquire": false,
            "roles": [
                "Editor",
                "Manager",
                "Owner",
                "Site Administrator"
            ]
        },
        "Access contents information": {
            "acquire": false,
            "roles": [
                "Anonymous"
            ]
        },
        "View": {
            "acquire": false,
            "roles": [
                "Anonymous"
            ]
        }
    },
    "_properties": [
        [
            "title",
            "Donec risus condimentum ve.",
            "string"
        ]
    ],
    "allowDiscussion": false,
    "_gopip": 70,
    "creators": [
        "admin"
    ],
    "_path": "/Plone/about/lacus-purus-sit-augue-facilisis-ultricies-pede./donec-risus-fermentum./donec-risus-condimentum-ve."
}