{
    "tableContents": true,
    "_content_type_text": "text/html",
    "text": "<h1>Eam tum adesse, cum dolor omnis absit;</h1>\n\n<p>Lorem ipsum dolor sit amet, consectetur adipiscing elit. Nonne videmus quanta perturbatio rerum omnium consequatur, quanta confusio? Mihi, inquam, qui te id ipsum rogavi? Quis istud possit, inquit, negare? Quodcumque in mentem incideret, et quodcumque tamquam occurreret. </p>\n\n<p>Eam stabilem appellas. Addidisti ad extremum etiam indoctum fuisse. Nam quid possumus facere melius? An haec ab eo non dicuntur? </p>\n\n<ul>\n\t<li>Ne in odium veniam, si amicum destitero tueri.</li>\n\t<li>Duo enim genera quae erant, fecit tria.</li>\n</ul>\n\n\n<dl>\n\t<dt><dfn>Praeteritis, inquit, gaudeo.</dfn></dt>\n\t<dd>Mihi enim satis est, ipsis non satis.</dd>\n\t<dt><dfn>Quid ergo?</dfn></dt>\n\t<dd>Atqui eorum nihil est eius generis, ut sit in fine atque extrerno bonorum.</dd>\n\t<dt><dfn>Tubulo putas dicere?</dfn></dt>\n\t<dd>Sed quid sentiat, non videtis.</dd>\n\t<dt><dfn>Hunc vos beatum;</dfn></dt>\n\t<dd>Cur igitur easdem res, inquam, Peripateticis dicentibus verbum nullum est, quod non intellegatur?</dd>\n\t<dt><dfn>Quid Zeno?</dfn></dt>\n\t<dd>Quae in controversiam veniunt, de iis, si placet, disseramus.</dd>\n</dl>\n\n\n<p>Duo Reges: constructio interrete. Illa tamen simplicia, vestra versuta. Ad eos igitur converte te, quaeso. <a href='http://loripsum.net/' target='_blank'>Neutrum vero, inquit ille.</a> Summae mihi videtur inscitiae. Ut optime, secundum naturam affectum esse possit. Multoque hoc melius nos veriusque quam Stoici. Est, ut dicis, inquit; </p>\n\n<ol>\n\t<li>Ergo hoc quidem apparet, nos ad agendum esse natos.</li>\n\t<li>Atque ab his initiis profecti omnium virtutum et originem et progressionem persecuti sunt.</li>\n\t<li>Quem Tiberina descensio festo illo die tanto gaudio affecit, quanto L.</li>\n\t<li>Ut necesse sit omnium rerum, quae natura vigeant, similem esse finem, non eundem.</li>\n\t<li>Sed plane dicit quod intellegit.</li>\n</ol>\n\n\n",
    "creation_date": "2018/10/26 18:01:9.742226 GMT-4",
    "_uid": "5fe1e976cc244f47b9fbd24f9d8f227a",
    "expirationDate": "None",
    "_content_type_id": "text/plain",
    "query": [],
    "_atbrefs": {},
    "id": "lorem-etiam-non-senectus-a-sollicitudin-amet-augue-aptent-elementum-id.",
    "subject": [],
    "_content_type_sort_on": "text/plain",
    "contributors": [],
    "effectiveDate": "None",
    "title": "Lorem etiam non senectus a sollicitudin amet augue aptent elementum id.",
    "_ac_local_roles": {
        "admin": [
            "Owner"
        ]
    },
    "sort_on": "Felis donec molestie ridiculus.",
    "_content_type_language": "text/plain",
    "_defaultpage": "",
    "location": "Proin risus per parturient vestibulum.",
    "_content_type_title": "text/plain",
    "excludeFromNav": false,
    "presentation": false,
    "_type": "Collection",
    "description": "Felis lacus dolor libero lobortis amet malesuada. Nulla magna. Donec dolor feugiat nec sodales. Metus justo dolor tempor purus euismod hendrerit tempor a adipiscing hac vestibulum. Etiam risus sit sapien sem. Class risus nisi ullamcorper id primis ultricies morbi tristique vulputate ante dapibus natoque cubilia orci. Curae metus neque vitae. Etiam nulla rutrum auctor morbi eros congue tellus nascetur convallis felis. Nulla class a cras et dignissim. Netus risus suspendisse mus ornare dui orci eros tempus. Justo netus. Curae velit dui placerat aliquam.",
    "_atrefs": {},
    "_layout": "standard_view",
    "_workflow_history": {
        "simple_publication_workflow": [
            {
                "action": null,
                "review_state": "private",
                "actor": "admin",
                "comments": "",
                "time": "2018/10/26 18:01:9.746896 GMT-4"
            },
            {
                "action": "publish",
                "review_state": "published",
                "actor": "admin",
                "comments": "",
                "time": "2018/10/26 18:01:10.352482 GMT-4"
            }
        ]
    },
    "_content_type_rights": "text/plain",
    "_directly_provided": [],
    "_classname": "Collection",
    "sort_reversed": false,
    "banner": "<h1>At miser, si in flagitiosa et vitiosa vita afflueret voluptatibus.</h1>\n\n<p>Lorem ipsum dolor sit amet, consectetur adipiscing elit. Bonum valitudo: miser morbus. <a href='http://loripsum.net/' target='_blank'>Nulla erit controversia.</a> Duo Reges: constructio interrete. Idemne, quod iucunde? </p>\n\n<ul>\n\t<li>Gloriosa ostentatio in constituendo summo bono.</li>\n\t<li>Serpere anguiculos, nare anaticulas, evolare merulas, cornibus uti videmus boves, nepas aculeis.</li>\n\t<li>Iam id ipsum absurdum, maximum malum neglegi.</li>\n\t<li>Sed potestne rerum maior esse dissensio?</li>\n\t<li>Nunc agendum est subtilius.</li>\n\t<li>Hoc etsi multimodis reprehendi potest, tamen accipio, quod dant.</li>\n</ul>\n\n\n<dl>\n\t<dt><dfn>Praeclare hoc quidem.</dfn></dt>\n\t<dd>Sed haec quidem liberius ab eo dicuntur et saepius.</dd>\n\t<dt><dfn>Negare non possum.</dfn></dt>\n\t<dd>Curium putes loqui, interdum ita laudat, ut quid praeterea sit bonum neget se posse ne suspicari quidem.</dd>\n\t<dt><dfn>Memini me adesse P.</dfn></dt>\n\t<dd>Quaesita enim virtus est, non quae relinqueret naturam, sed quae tueretur.</dd>\n\t<dt><dfn>Quid vero?</dfn></dt>\n\t<dd>Qui-vere falsone, quaerere mittimus-dicitur oculis se privasse;</dd>\n</dl>\n\n\n<p>Bestiarum vero nullum iudicium puto. Non igitur bene. Egone quaeris, inquit, quid sentiam? Nos cum te, M. Itaque ad tempus ad Pisonem omnes. <a href='http://loripsum.net/' target='_blank'>Ita multa dicunt, quae vix intellegam.</a> Cyrenaici quidem non recusant; </p>\n\n<p>Istam voluptatem perpetuam quis potest praestare sapienti? Quae similitudo in genere etiam humano apparet. Hic nihil fuit, quod quaereremus. Restatis igitur vos; </p>\n\n<ol>\n\t<li>Vides igitur, si amicitiam sua caritate metiare, nihil esse praestantius, sin emolumento, summas familiaritates praediorum fructuosorum mercede superari.</li>\n\t<li>Hoc uno captus Erillus scientiam summum bonum esse defendit nec rem ullam aliam per se expetendam.</li>\n\t<li>Quae in controversiam veniunt, de iis, si placet, disseramus.</li>\n\t<li>Sic, et quidem diligentius saepiusque ista loquemur inter nos agemusque communiter.</li>\n</ol>\n\n\n",
    "_userdefined_roles": [],
    "modification_date": "2018/10/26 18:01:10.357881 GMT-4",
    "_content_type": "text/html",
    "_id": "lorem-etiam-non-senectus-a-sollicitudin-amet-augue-aptent-elementum-id.",
    "language": "en",
    "_content_type_banner": "text/html",
    "rights": "Justo vitae. Purus curae ornare faucibus proin magna lobortis adipiscing mattis amet ve erat dolor ad eget ligula leo. Netus justo vivamus mauris nisl nec a rutrum pede. Etiam morbi a pede. Risus neque platea eget elit congue lacus id. Donec lorem. Justo massa enim a nisi augue porttitor venenatis magna vehicula odio posuere ac. Nulla ipsum nonummy pretium nullam nec ac lorem diam cum. Etiam justo eni ipsum odio. Netus risus. Ipsum morbi.",
    "b_size": 30,
    "customViewFields": [
        "Title",
        "Creator",
        "Type",
        "ModificationDate"
    ],
    "_content_type_description": "text/plain",
    "_owner": "admin",
    "_content_type_location": "text/plain",
    "limit": 1000,
    "_permissions": {
        "Change portal events": {
            "acquire": false,
            "roles": [
                "Editor",
                "Manager",
                "Owner",
                "Site Administrator"
            ]
        },
        "Modify portal content": {
            "acquire": false,
            "roles": [
                "Editor",
                "Manager",
                "Owner",
                "Site Administrator"
            ]
        },
        "Access contents information": {
            "acquire": false,
            "roles": [
                "Anonymous"
            ]
        },
        "View": {
            "acquire": false,
            "roles": [
                "Anonymous"
            ]
        }
    },
    "_properties": [
        [
            "title",
            "Lorem etiam non senectus a sollicitudin amet augue aptent elementum id.",
            "string"
        ]
    ],
    "allowDiscussion": false,
    "_gopip": 71,
    "creators": [
        "admin"
    ],
    "_path": "/Plone/about/lacus-purus-sit-augue-facilisis-ultricies-pede./donec-risus-fermentum./lorem-etiam-non-senectus-a-sollicitudin-amet-augue-aptent-elementum-id."
}