{
    "tableContents": true,
    "_content_type_text": "text/html",
    "text": "<h1>An me, inquis, tam amentem putas, ut apud imperitos isto modo loquar?</h1>\n\n<p>Lorem ipsum dolor sit amet, consectetur adipiscing elit. Illi enim inter se dissentiunt. Res enim concurrent contrariae. At multis malis affectus. Non potes, nisi retexueris illa. </p>\n\n<dl>\n\t<dt><dfn>Equidem e Cn.</dfn></dt>\n\t<dd>Quem ad modum quis ambulet, sedeat, qui ductus oris, qui vultus in quoque sit?</dd>\n\t<dt><dfn>Quid iudicant sensus?</dfn></dt>\n\t<dd>Hanc se tuus Epicurus omnino ignorare dicit quam aut qualem esse velint qui honestate summum bonum metiantur.</dd>\n</dl>\n\n\n<ul>\n\t<li>Haec quo modo conveniant, non sane intellego.</li>\n\t<li>Sint modo partes vitae beatae.</li>\n\t<li>Non ego tecum iam ita iocabor, ut isdem his de rebus, cum L.</li>\n</ul>\n\n\n<ol>\n\t<li>Pisone in eo gymnasio, quod Ptolomaeum vocatur, unaque nobiscum Q.</li>\n\t<li>Antiquorum autem sententiam Antiochus noster mihi videtur persequi diligentissime, quam eandem Aristoteli fuisse et Polemonis docet.</li>\n\t<li>Superiores tres erant, quae esse possent, quarum est una sola defensa, eaque vehementer.</li>\n\t<li>Atqui reperies, inquit, in hoc quidem pertinacem;</li>\n\t<li>At iam decimum annum in spelunca iacet.</li>\n\t<li>Hoc loco tenere se Triarius non potuit.</li>\n</ol>\n\n\n<h3>Quid est igitur, inquit, quod requiras?</h3>\n\n<p>Sin aliud quid voles, postea. <a href='http://loripsum.net/' target='_blank'>Scrupulum, inquam, abeunti;</a> Putabam equidem satis, inquit, me dixisse. <a href='http://loripsum.net/' target='_blank'>Si quicquam extra virtutem habeatur in bonis.</a> Nobis aliter videtur, recte secusne, postea; Dicimus aliquem hilare vivere; </p>\n\n<h2>Iam doloris medicamenta illa Epicurea tamquam de narthecio proment: Si gravis, brevis;</h2>\n\n<p>At hoc in eo M. Tu quidem reddes; Duo Reges: constructio interrete. </p>\n\n",
    "creation_date": "2018/10/26 18:01:10.554062 GMT-4",
    "_uid": "ea3a1b7d217e44c282d87afe0b6cb3ef",
    "expirationDate": "None",
    "_content_type_id": "text/plain",
    "query": [],
    "_atbrefs": {},
    "id": "porta-morbi.",
    "subject": [],
    "_content_type_sort_on": "text/plain",
    "contributors": [],
    "effectiveDate": "None",
    "title": "Porta morbi.",
    "_ac_local_roles": {
        "admin": [
            "Owner"
        ]
    },
    "sort_on": "Metus purus cursus netus integer duis mi neque accumsan.",
    "_content_type_language": "text/plain",
    "_defaultpage": "",
    "location": "Nulla ipsum cubilia id.",
    "_content_type_title": "text/plain",
    "excludeFromNav": true,
    "presentation": true,
    "_type": "Collection",
    "description": "Neque justo dolor nisl magna nulla integer metus est. Class justo turpis aptent sed aptent urna habitasse et consequat. Curae purus. Morbi netus cursus vulputate netus porta lectus aptent. Lorem purus. Morbi massa. Morbi fames nascetur class id ligula vehicula. Magna metus pretium quis donec sociis ut cum ad. Donec purus mollis accumsan adipiscing sociis neque fusce sociosqu neque. Lorem neque ligula auctor eni pede. Augue nulla hymenaeos aliquam pellentesque tortor luctus ultrices nisl accumsan eleifend dapibus. Vitae lacus magnis tempor interdum ullamcorper placerat eget dui. Justo lorem pulvinar nec ut mattis suscipit scelerisque. Proin lacus vel magnis. Justo dolor potenti faucibus mi neque cum nisl per dolor. Lacus fames sapien eros ut interdum pretium elit a. Porta morbi condimentum est tempus bibendum.",
    "_atrefs": {},
    "_layout": "standard_view",
    "_workflow_history": {
        "simple_publication_workflow": [
            {
                "action": null,
                "review_state": "private",
                "actor": "admin",
                "comments": "",
                "time": "2018/10/26 18:01:10.558675 GMT-4"
            },
            {
                "action": "publish",
                "review_state": "published",
                "actor": "admin",
                "comments": "",
                "time": "2018/10/26 18:01:11.339980 GMT-4"
            }
        ]
    },
    "_content_type_rights": "text/plain",
    "_directly_provided": [],
    "_classname": "Collection",
    "sort_reversed": false,
    "banner": "<h1>Negat enim summo bono afferre incrementum diem.</h1>\n\n<p>Lorem ipsum dolor sit amet, consectetur adipiscing elit. Iam id ipsum absurdum, maximum malum neglegi. Proclivi currit oratio. <a href='http://loripsum.net/' target='_blank'>Numquam facies.</a> </p>\n\n<dl>\n\t<dt><dfn>Perge porro;</dfn></dt>\n\t<dd>Tibi hoc incredibile, quod beatissimum.</dd>\n\t<dt><dfn>Peccata paria.</dfn></dt>\n\t<dd>Illa enim, quae prosunt aut quae nocent, aut bona sunt aut mala, quae sint paria necesse est.</dd>\n</dl>\n\n\n<p>Dici enim nihil potest verius. Ut in geometria, prima si dederis, danda sunt omnia. Bonum valitudo: miser morbus. Quis negat? </p>\n\n<p><a href='http://loripsum.net/' target='_blank'>Utram tandem linguam nescio?</a> Duo Reges: constructio interrete. Putabam equidem satis, inquit, me dixisse. Tollenda est atque extrahenda radicitus. Memini me adesse P. Que Manilium, ab iisque M. Tu vero, inquam, ducas licet, si sequetur; </p>\n\n<ul>\n\t<li>Ab his oratores, ab his imperatores ac rerum publicarum principes extiterunt.</li>\n\t<li>Graecum enim hunc versum nostis omnes-: Suavis laborum est praeteritorum memoria.</li>\n\t<li>Dic in quovis conventu te omnia facere, ne doleas.</li>\n\t<li>Voluptatem cum summum bonum diceret, primum in eo ipso parum vidit, deinde hoc quoque alienum;</li>\n</ul>\n\n\n<ol>\n\t<li>Si sapiens, ne tum quidem miser, cum ab Oroete, praetore Darei, in crucem actus est.</li>\n\t<li>Quamquam te quidem video minime esse deterritum.</li>\n\t<li>Expectoque quid ad id, quod quaerebam, respondeas.</li>\n</ol>\n\n\n",
    "_userdefined_roles": [],
    "modification_date": "2018/10/26 18:01:11.344134 GMT-4",
    "_content_type": "text/html",
    "_id": "porta-morbi.",
    "language": "en",
    "_content_type_banner": "text/html",
    "rights": "Lorem morbi. Ipsum risus nullam magna ut malesuada gravida sapien nulla adipiscing ultrices. Magna class. Curae netus platea luctus dapibus nibh at consectetuer posuere. Felis etiam integer euismod magnis sit mi sollicitudin viverra fames vel penatibus tortor faucibus. Donec velit non primis nullam velit condimentum vehicula etiam ac porta magnis. Fames class vitae facilisi curae eros sed taciti aliquet dis blandit. Ipsum proin. Massa risus netus hymenaeos maecenas lorem at. Dolor netus. Proin curae non magna dapibus conubia tempus quam aptent. Magna netus est quis neque. Lacus purus donec aenean malesuada suscipit eu arcu. Ipsum curae sit pede torquent ut condimentum at luctus sociosqu aliquam.",
    "b_size": 30,
    "customViewFields": [
        "Title",
        "Creator",
        "Type",
        "ModificationDate"
    ],
    "_content_type_description": "text/plain",
    "_owner": "admin",
    "_content_type_location": "text/plain",
    "limit": 1000,
    "_permissions": {
        "Change portal events": {
            "acquire": false,
            "roles": [
                "Editor",
                "Manager",
                "Owner",
                "Site Administrator"
            ]
        },
        "Modify portal content": {
            "acquire": false,
            "roles": [
                "Editor",
                "Manager",
                "Owner",
                "Site Administrator"
            ]
        },
        "Access contents information": {
            "acquire": false,
            "roles": [
                "Anonymous"
            ]
        },
        "View": {
            "acquire": false,
            "roles": [
                "Anonymous"
            ]
        }
    },
    "_properties": [
        [
            "title",
            "Porta morbi.",
            "string"
        ]
    ],
    "allowDiscussion": false,
    "_gopip": 72,
    "creators": [
        "admin"
    ],
    "_path": "/Plone/about/lacus-purus-sit-augue-facilisis-ultricies-pede./donec-risus-fermentum./porta-morbi."
}