{
    "tableContents": false,
    "_content_type_text": "text/html",
    "text": "<h1>Nondum autem explanatum satis, erat, quid maxime natura vellet.</h1>\n\n<p>Lorem ipsum dolor sit amet, consectetur adipiscing elit. Duo Reges: constructio interrete. In schola desinis. Satis est ad hoc responsum. Sed potestne rerum maior esse dissensio? </p>\n\n<dl>\n\t<dt><dfn>Peccata paria.</dfn></dt>\n\t<dd>Nos cum te, M.</dd>\n\t<dt><dfn>Cur iustitia laudatur?</dfn></dt>\n\t<dd>Cum ageremus, inquit, vitae beatum et eundem supremum diem, scribebamus haec.</dd>\n\t<dt><dfn>Facete M.</dfn></dt>\n\t<dd>Ita enim vivunt quidam, ut eorum vita refellatur oratio.</dd>\n\t<dt><dfn>Si quae forte-possumus.</dfn></dt>\n\t<dd>Animadverti, \u00ednquam, te isto modo paulo ante ponere, et scio ab Antiocho nostro dici sic solere;</dd>\n\t<dt><dfn>Immo alio genere;</dfn></dt>\n\t<dd>Immo vero, inquit, ad beatissime vivendum parum est, ad beate vero satis.</dd>\n</dl>\n\n\n<ul>\n\t<li>Nunc agendum est subtilius.</li>\n\t<li>Respondent extrema primis, media utrisque, omnia omnibus.</li>\n\t<li>Utinam quidem dicerent alium alio beatiorem! Iam ruinas videres.</li>\n\t<li>At eum nihili facit;</li>\n</ul>\n\n\n<p>Nunc vides, quid faciat. Non laboro, inquit, de nomine. <a href='http://loripsum.net/' target='_blank'>Poterat autem inpune;</a> </p>\n\n<ol>\n\t<li>Haec quo modo conveniant, non sane intellego.</li>\n\t<li>Sin tantum modo ad indicia veteris memoriae cognoscenda, curiosorum.</li>\n\t<li>Quid igitur dubitamus in tota eius natura quaerere quid sit effectum?</li>\n\t<li>Cur tantas regiones barbarorum pedibus obiit, tot maria transmisit?</li>\n\t<li>Effluit igitur voluptas corporis et prima quaeque avolat saepiusque relinquit causam paenitendi quam recordandi.</li>\n</ol>\n\n\n<p>Nonne igitur tibi videntur, inquit, mala? Tecum optime, deinde etiam cum mediocri amico. </p>\n\n",
    "creation_date": "2018/10/26 18:01:14.163157 GMT-4",
    "_uid": "43b6398ed9084714b0b32e4724649d0b",
    "expirationDate": "None",
    "_content_type_id": "text/plain",
    "query": [],
    "_atbrefs": {},
    "id": "ipsum-augue-nullam-sapien-per-parturient-tortor-arcu-et-elementum.",
    "subject": [],
    "_content_type_sort_on": "text/plain",
    "contributors": [],
    "effectiveDate": "None",
    "title": "Ipsum augue nullam sapien per parturient tortor arcu et elementum.",
    "_ac_local_roles": {
        "admin": [
            "Owner"
        ]
    },
    "sort_on": "Morbi magna aliquam pretium tortor.",
    "_content_type_language": "text/plain",
    "_defaultpage": "",
    "location": "Risus dolor tempus pellentesque habitasse primis donec et hymenaeos enim orci ad odio.",
    "_content_type_title": "text/plain",
    "excludeFromNav": true,
    "presentation": false,
    "_type": "Collection",
    "description": "Purus lorem felis suspendisse. Risus nulla mattis tincidunt habitant mi nisi urna gravida convallis in dignissim. Velit lorem accumsan arcu blandit feugiat senectus fusce at primis eni orci ante euismod ipsum ve morbi. Felis donec quis tellus mattis vehicula condimentum. Neque fames dui quis duis. Morbi felis tortor congue fames condimentum nam nisl.",
    "_atrefs": {},
    "_layout": "standard_view",
    "_workflow_history": {
        "simple_publication_workflow": [
            {
                "action": null,
                "review_state": "private",
                "actor": "admin",
                "comments": "",
                "time": "2018/10/26 18:01:14.167767 GMT-4"
            },
            {
                "action": "publish",
                "review_state": "published",
                "actor": "admin",
                "comments": "",
                "time": "2018/10/26 18:01:14.772252 GMT-4"
            }
        ]
    },
    "_content_type_rights": "text/plain",
    "_directly_provided": [],
    "_classname": "Collection",
    "sort_reversed": false,
    "banner": "<h1>Tibi hoc incredibile, quod beatissimum.</h1>\n\n<p>Lorem ipsum dolor sit amet, consectetur adipiscing elit. Quis Aristidem non mortuum diligit? Primum divisit ineleganter; Quod quidem iam fit etiam in Academia. Duo Reges: constructio interrete. <a href='http://loripsum.net/' target='_blank'>Compensabatur, inquit, cum summis doloribus laetitia.</a> Est, ut dicis, inquam. </p>\n\n<h2>Quod eo liquidius faciet, si perspexerit rerum inter eas verborumne sit controversia.</h2>\n\n<p>Haeret in salebra. Quod quidem nobis non saepe contingit. Odium autem et invidiam facile vitabis. Dici enim nihil potest verius. Expectoque quid ad id, quod quaerebam, respondeas. </p>\n\n<ul>\n\t<li>Sint modo partes vitae beatae.</li>\n\t<li>Profectus in exilium Tubulus statim nec respondere ausus;</li>\n</ul>\n\n\n<p>Nunc omni virtuti vitium contrario nomine opponitur. Ut aliquid scire se gaudeant? Bonum liberi: misera orbitas. Non est igitur summum malum dolor. </p>\n\n<dl>\n\t<dt><dfn>Age sane, inquam.</dfn></dt>\n\t<dd>Conclusum est enim contra Cyrenaicos satis acute, nihil ad Epicurum.</dd>\n\t<dt><dfn>Hic ambiguo ludimur.</dfn></dt>\n\t<dd>Eam tum adesse, cum dolor omnis absit;</dd>\n\t<dt><dfn>Quonam, inquit, modo?</dfn></dt>\n\t<dd>Quid enim necesse est, tamquam meretricem in matronarum coetum, sic voluptatem in virtutum concilium adducere?</dd>\n\t<dt><dfn>Bonum patria: miserum exilium.</dfn></dt>\n\t<dd>Dolere malum est: in crucem qui agitur, beatus esse non potest.</dd>\n\t<dt><dfn>Cur iustitia laudatur?</dfn></dt>\n\t<dd>Nec enim, dum metuit, iustus est, et certe, si metuere destiterit, non erit;</dd>\n\t<dt><dfn>Confecta res esset.</dfn></dt>\n\t<dd>Fortasse id optimum, sed ubi illud: Plus semper voluptatis?</dd>\n</dl>\n\n\n<ol>\n\t<li>Sed quae tandem ista ratio est?</li>\n\t<li>Ex quo, id quod omnes expetunt, beate vivendi ratio inveniri et comparari potest.</li>\n\t<li>Huius ego nunc auctoritatem sequens idem faciam.</li>\n</ol>\n\n\n",
    "_userdefined_roles": [],
    "modification_date": "2018/10/26 18:01:14.776651 GMT-4",
    "_content_type": "text/html",
    "_id": "ipsum-augue-nullam-sapien-per-parturient-tortor-arcu-et-elementum.",
    "language": "en",
    "_content_type_banner": "text/html",
    "rights": "Augue felis vel adipiscing purus amet. Proin netus lobortis quam inceptos suspendisse est amet id lobortis sit proin metus urna id. Donec lorem vel nisl odio non mi ipsum luctus. Metus morbi dolor pede donec phasellus adipiscing gravida urna diam. Neque augue porta convallis turpis vestibulum proin blandit aptent nisl ve consectetuer primis. Donec lacus per elit nibh luctus venenatis. Lorem etiam est vehicula aliquam penatibus sed quis natoque. Lacus etiam nullam id orci. Magna morbi iaculis ipsum. Etiam massa sed diam pulvinar inceptos dapibus tempus ac ante. Risus lacus non ipsum porttitor. Purus augue odio diam phasellus placerat ve dui imperdiet felis torquent.",
    "b_size": 30,
    "customViewFields": [
        "Title",
        "Creator",
        "Type",
        "ModificationDate"
    ],
    "_content_type_description": "text/plain",
    "_owner": "admin",
    "_content_type_location": "text/plain",
    "limit": 1000,
    "_permissions": {
        "Change portal events": {
            "acquire": false,
            "roles": [
                "Editor",
                "Manager",
                "Owner",
                "Site Administrator"
            ]
        },
        "Modify portal content": {
            "acquire": false,
            "roles": [
                "Editor",
                "Manager",
                "Owner",
                "Site Administrator"
            ]
        },
        "Access contents information": {
            "acquire": false,
            "roles": [
                "Anonymous"
            ]
        },
        "View": {
            "acquire": false,
            "roles": [
                "Anonymous"
            ]
        }
    },
    "_properties": [
        [
            "title",
            "Ipsum augue nullam sapien per parturient tortor arcu et elementum.",
            "string"
        ]
    ],
    "allowDiscussion": false,
    "_gopip": 75,
    "creators": [
        "admin"
    ],
    "_path": "/Plone/about/lacus-purus-sit-augue-facilisis-ultricies-pede./donec-risus-fermentum./ipsum-augue-nullam-sapien-per-parturient-tortor-arcu-et-elementum."
}