{
    "tableContents": false,
    "_content_type_text": "text/html",
    "text": "<h1>Ubi ut eam caperet aut quando?</h1>\n\n<p>Lorem ipsum dolor sit amet, consectetur adipiscing elit. Quid me istud rogas? Idemne potest esse dies saepius, qui semel fuit? Cum praesertim illa perdiscere ludus esset. Itaque ab his ordiamur. </p>\n\n<dl>\n\t<dt><dfn>Stoici scilicet.</dfn></dt>\n\t<dd>Si ad corpus pertinentibus, rationes tuas te video compensare cum istis doloribus, non memoriam corpore perceptarum voluptatum;</dd>\n\t<dt><dfn>Sullae consulatum?</dfn></dt>\n\t<dd>Graecis hoc modicum est: Leonidas, Epaminondas, tres aliqui aut quattuor;</dd>\n\t<dt><dfn>Sed nimis multa.</dfn></dt>\n\t<dd>Et quae per vim oblatum stuprum volontaria morte lueret inventa est et qui interficeret filiam, ne stupraretur.</dd>\n</dl>\n\n\n<ol>\n\t<li>Quacumque enim ingredimur, in aliqua historia vestigium ponimus.</li>\n\t<li>Quod quidem nobis non saepe contingit.</li>\n\t<li>Cum sciret confestim esse moriendum eamque mortem ardentiore studio peteret, quam Epicurus voluptatem petendam putat.</li>\n\t<li>Prioris generis est docilitas, memoria;</li>\n\t<li>Aliter enim nosmet ipsos nosse non possumus.</li>\n\t<li>Sequitur disserendi ratio cognitioque naturae;</li>\n</ol>\n\n\n<p>Id enim natura desiderat. Inde igitur, inquit, ordiendum est. </p>\n\n<ul>\n\t<li>Aut unde est hoc contritum vetustate proverbium: quicum in tenebris?</li>\n\t<li>Quorum sine causa fieri nihil putandum est.</li>\n\t<li>Inde sermone vario sex illa a Dipylo stadia confecimus.</li>\n\t<li>Ego quoque, inquit, didicerim libentius si quid attuleris, quam te reprehenderim.</li>\n</ul>\n\n\n<p>Sed haec in pueris; Duo Reges: constructio interrete. Et harum quidem rerum facilis est et expedita distinctio. Stoicos roga. Quis est tam dissimile homini. Nam ista vestra: Si gravis, brevis; </p>\n\n",
    "creation_date": "2018/10/26 18:01:14.959937 GMT-4",
    "_uid": "73e36265d5714a78b33879f9c738375b",
    "expirationDate": "None",
    "_content_type_id": "text/plain",
    "query": [],
    "_atbrefs": {},
    "id": "velit-massa-nam.",
    "subject": [],
    "_content_type_sort_on": "text/plain",
    "contributors": [],
    "effectiveDate": "None",
    "title": "Velit massa nam.",
    "_ac_local_roles": {
        "admin": [
            "Owner"
        ]
    },
    "sort_on": "Velit felis nulla leo amet sollicitudin adipiscing nunc.",
    "_content_type_language": "text/plain",
    "_defaultpage": "",
    "location": "Fusce porta nonummy volutpat tellus eget litora nascetur parturient hendrerit condimentum dui.",
    "_content_type_title": "text/plain",
    "excludeFromNav": true,
    "presentation": true,
    "_type": "Collection",
    "description": "Magna neque semper luctus fusce inceptos mi lectus etiam class lectus phasellus parturient. Porta metus eros quam. Lorem augue. Lorem risus. Metus augue fusce sodales varius ut nam orci non consectetuer nulla cras sem. Massa ipsum dis neque sodales cras. Fusce neque velit non class conubia sem. Lacus purus blandit dignissim ad ut enim. Nulla massa hac quam sed duis mus consectetuer fames et ridiculus elit erat. Purus curae placerat ut scelerisque. Vitae metus sit arcu dolor ve habitasse. Donec proin platea sociis amet nostra amet condimentum natoque. Lorem curae neque orci pretium urna torquent. Velit proin nunc est quam sociosqu hendrerit per curae convallis condimentum convallis amet lacinia cum pulvinar fusce. Vitae donec morbi ante.",
    "_atrefs": {},
    "_layout": "standard_view",
    "_workflow_history": {
        "simple_publication_workflow": [
            {
                "action": null,
                "review_state": "private",
                "actor": "admin",
                "comments": "",
                "time": "2018/10/26 18:01:14.964305 GMT-4"
            },
            {
                "action": "publish",
                "review_state": "published",
                "actor": "admin",
                "comments": "",
                "time": "2018/10/26 18:01:15.572020 GMT-4"
            }
        ]
    },
    "_content_type_rights": "text/plain",
    "_directly_provided": [],
    "_classname": "Collection",
    "sort_reversed": true,
    "banner": "<h1>Ego quoque, inquit, didicerim libentius si quid attuleris, quam te reprehenderim.</h1>\n\n<p>Lorem ipsum dolor sit amet, consectetur adipiscing elit. Hic ambiguo ludimur. Tu quidem reddes; </p>\n\n<h2>Haec igitur Epicuri non probo, inquam.</h2>\n\n<p>Sed erat aequius Triarium aliquid de dissensione nostra iudicare. Duo Reges: constructio interrete. Quamquam te quidem video minime esse deterritum. Ergo hoc quidem apparet, nos ad agendum esse natos. </p>\n\n<p>Suam denique cuique naturam esse ad vivendum ducem. Sedulo, inquam, faciam. Hoc est non dividere, sed frangere. </p>\n\n<dl>\n\t<dt><dfn>Explanetur igitur.</dfn></dt>\n\t<dd>Ita multo sanguine profuso in laetitia et in victoria est mortuus.</dd>\n\t<dt><dfn>Easdemne res?</dfn></dt>\n\t<dd>Non quam nostram quidem, inquit Pomponius iocans;</dd>\n\t<dt><dfn>Sedulo, inquam, faciam.</dfn></dt>\n\t<dd>Itaque haec cum illis est dissensio, cum Peripateticis nulla sane.</dd>\n\t<dt><dfn>Idem adhuc;</dfn></dt>\n\t<dd>Haec bene dicuntur, nec ego repugno, sed inter sese ipsa pugnant.</dd>\n\t<dt><dfn>Scaevolam M.</dfn></dt>\n\t<dd>Non laboro, inquit, de nomine.</dd>\n\t<dt><dfn>At certe gravius.</dfn></dt>\n\t<dd>In primo enim ortu inest teneritas ac mollitia quaedam, ut nec res videre optimas nec agere possint.</dd>\n</dl>\n\n\n<ol>\n\t<li>Sed quoniam et advesperascit et mihi ad villam revertendum est, nunc quidem hactenus;</li>\n\t<li>Quid enim est a Chrysippo praetermissum in Stoicis?</li>\n\t<li>Aliter enim nosmet ipsos nosse non possumus.</li>\n</ol>\n\n\n<ul>\n\t<li>Sed tamen est aliquid, quod nobis non liceat, liceat illis.</li>\n\t<li>Sed ita falsa sunt ea, quae consequuntur, ut illa, e quibus haec nata sunt, vera esse non possint.</li>\n\t<li>Hoc est non modo cor non habere, sed ne palatum quidem.</li>\n\t<li>Ego vero volo in virtute vim esse quam maximam;</li>\n\t<li>Ergo id est convenienter naturae vivere, a natura discedere.</li>\n\t<li>Is ita vivebat, ut nulla tam exquisita posset inveniri voluptas, qua non abundaret.</li>\n</ul>\n\n\n",
    "_userdefined_roles": [],
    "modification_date": "2018/10/26 18:01:15.576504 GMT-4",
    "_content_type": "text/html",
    "_id": "velit-massa-nam.",
    "language": "en",
    "_content_type_banner": "text/html",
    "rights": "Nulla metus mollis ve non ullamcorper pretium consectetuer dictum neque. Augue lorem. Risus ipsum. Neque donec cras interdum primis tempor conubia odio erat. Justo vitae urna vel eu viverra quam sem vitae. Metus class leo vestibulum porttitor ullamcorper fringilla erat est sollicitudin velit ad pellentesque. Proin lorem. Proin velit sodales viverra tellus. Curae metus condimentum eni nisi vestibulum hendrerit class a potenti. Purus porta sed fermentum feugiat fames ut cursus nulla magna fusce maecenas. Vitae felis pede potenti dis laoreet. Porta morbi sociis montes pulvinar. Lorem lacus. Fames lacus nam eget at.",
    "b_size": 30,
    "customViewFields": [
        "Title",
        "Creator",
        "Type",
        "ModificationDate"
    ],
    "_content_type_description": "text/plain",
    "_owner": "admin",
    "_content_type_location": "text/plain",
    "limit": 1000,
    "_permissions": {
        "Change portal events": {
            "acquire": false,
            "roles": [
                "Editor",
                "Manager",
                "Owner",
                "Site Administrator"
            ]
        },
        "Modify portal content": {
            "acquire": false,
            "roles": [
                "Editor",
                "Manager",
                "Owner",
                "Site Administrator"
            ]
        },
        "Access contents information": {
            "acquire": false,
            "roles": [
                "Anonymous"
            ]
        },
        "View": {
            "acquire": false,
            "roles": [
                "Anonymous"
            ]
        }
    },
    "_properties": [
        [
            "title",
            "Velit massa nam.",
            "string"
        ]
    ],
    "allowDiscussion": false,
    "_gopip": 76,
    "creators": [
        "admin"
    ],
    "_path": "/Plone/about/lacus-purus-sit-augue-facilisis-ultricies-pede./donec-risus-fermentum./velit-massa-nam."
}