{
    "tableContents": true,
    "_content_type_text": "text/html",
    "text": "<h1>Prave, nequiter, turpiter cenabat;</h1>\n\n<p>Lorem ipsum dolor sit amet, consectetur adipiscing elit. Comprehensum, quod cognitum non habet? Quod autem principium officii quaerunt, melius quam Pyrrho; </p>\n\n<h2>Quae similitudo in genere etiam humano apparet.</h2>\n\n<p>Bestiarum vero nullum iudicium puto. Egone quaeris, inquit, quid sentiam? Nunc haec primum fortasse audientis servire debemus. Suo genere perveniant ad extremum; </p>\n\n<ol>\n\t<li>Quae cum magnifice primo dici viderentur, considerata minus probabantur.</li>\n\t<li>Sapiens autem semper beatus est et est aliquando in dolore;</li>\n\t<li>Quis enim redargueret?</li>\n\t<li>Illud mihi a te nimium festinanter dictum videtur, sapientis omnis esse semper beatos;</li>\n</ol>\n\n\n<dl>\n\t<dt><dfn>Quid Zeno?</dfn></dt>\n\t<dd>Vitae autem degendae ratio maxime quidem illis placuit quieta.</dd>\n\t<dt><dfn>Magna laus.</dfn></dt>\n\t<dd>Quod si ita se habeat, non possit beatam praestare vitam sapientia.</dd>\n</dl>\n\n\n<p>Scrupulum, inquam, abeunti; Duo Reges: constructio interrete. Quid iudicant sensus? At iste non dolendi status non vocatur voluptas. Nos cum te, M. Sed ego in hoc resisto; </p>\n\n<ul>\n\t<li>Utrum igitur percurri omnem Epicuri disciplinam placet an de una voluptate quaeri, de qua omne certamen est?</li>\n\t<li>In his igitur partibus duabus nihil erat, quod Zeno commutare gestiret.</li>\n\t<li>Vos autem cum perspicuis dubia debeatis illustrare, dubiis perspicua conamini tollere.</li>\n\t<li>Apud imperitos tum illa dicta sunt, aliquid etiam coronae datum;</li>\n\t<li>At eum nihili facit;</li>\n</ul>\n\n\n",
    "creation_date": "2018/10/26 18:01:15.781087 GMT-4",
    "_uid": "2c838dbff49846f9b920dedbdcdf3084",
    "expirationDate": "None",
    "_content_type_id": "text/plain",
    "query": [],
    "_atbrefs": {},
    "id": "fusce-proin-nostra-parturient-netus-quam-ullamcorper-in-taciti-ultrices.",
    "subject": [],
    "_content_type_sort_on": "text/plain",
    "contributors": [],
    "effectiveDate": "None",
    "title": "Fusce proin nostra parturient netus quam ullamcorper in taciti ultrices.",
    "_ac_local_roles": {
        "admin": [
            "Owner"
        ]
    },
    "sort_on": "Porta magna.",
    "_content_type_language": "text/plain",
    "_defaultpage": "",
    "location": "Curae porta accumsan non felis cum vivamus in litora dignissim id mi.",
    "_content_type_title": "text/plain",
    "excludeFromNav": true,
    "presentation": true,
    "_type": "Collection",
    "description": "Curae velit. Risus ipsum. Nulla morbi consequat felis nisl sagittis. Dolor augue. Proin velit. Massa magna. Neque vitae. Vitae curae. Etiam risus purus vulputate diam class curabitur inceptos fusce non. Netus dolor quam vehicula class leo sociosqu class. Magna purus integer egestas quis nullam in volutpat.",
    "_atrefs": {},
    "_layout": "standard_view",
    "_workflow_history": {
        "simple_publication_workflow": [
            {
                "action": null,
                "review_state": "private",
                "actor": "admin",
                "comments": "",
                "time": "2018/10/26 18:01:15.785765 GMT-4"
            },
            {
                "action": "publish",
                "review_state": "published",
                "actor": "admin",
                "comments": "",
                "time": "2018/10/26 18:01:16.399138 GMT-4"
            }
        ]
    },
    "_content_type_rights": "text/plain",
    "_directly_provided": [],
    "_classname": "Collection",
    "sort_reversed": true,
    "banner": "<h1>An vero, inquit, quisquam potest probare, quod perceptfum, quod.</h1>\n\n<p>Lorem ipsum dolor sit amet, consectetur adipiscing elit. Sed quot homines, tot sententiae; Quod iam a me expectare noli. Quid ergo attinet gloriose loqui, nisi constanter loquare? Hoc loco tenere se Triarius non potuit. Duo Reges: constructio interrete. Sed quanta sit alias, nunc tantum possitne esse tanta. Solum praeterea formosum, solum liberum, solum civem, stultost; </p>\n\n<ol>\n\t<li>Nam constitui virtus nullo modo potesti nisi ea, quae sunt prima naturae, ut ad summam pertinentia tenebit.</li>\n\t<li>Cur tantas regiones barbarorum pedibus obiit, tot maria transmisit?</li>\n\t<li>Sed tamen enitar et, si minus multa mihi occurrent, non fugiam ista popularia.</li>\n\t<li>Nec lapathi suavitatem acupenseri Galloni Laelius anteponebat, sed suavitatem ipsam neglegebat;</li>\n</ol>\n\n\n<dl>\n\t<dt><dfn>Erat enim Polemonis.</dfn></dt>\n\t<dd>In his igitur partibus duabus nihil erat, quod Zeno commutare gestiret.</dd>\n\t<dt><dfn>Erat enim Polemonis.</dfn></dt>\n\t<dd>Aliud igitur esse censet gaudere, aliud non dolere.</dd>\n\t<dt><dfn>Peccata paria.</dfn></dt>\n\t<dd>Quid est igitur, cur ita semper deum appellet Epicurus beatum et aeternum?</dd>\n\t<dt><dfn>Optime, inquam.</dfn></dt>\n\t<dd>Hinc ceteri particulas arripere conati suam quisque videro voluit afferre sententiam.</dd>\n\t<dt><dfn>Proclivi currit oratio.</dfn></dt>\n\t<dd>Scientiam pollicentur, quam non erat mirum sapientiae cupido patria esse cariorem.</dd>\n</dl>\n\n\n<ul>\n\t<li>Consequatur summas voluptates non modo parvo, sed per me nihilo, si potest;</li>\n\t<li>Ut necesse sit omnium rerum, quae natura vigeant, similem esse finem, non eundem.</li>\n\t<li>An me, inquis, tam amentem putas, ut apud imperitos isto modo loquar?</li>\n</ul>\n\n\n<h2>At multis malis affectus.</h2>\n\n<p>Id est enim, de quo quaerimus. <a href='http://loripsum.net/' target='_blank'>Bonum incolumis acies: misera caecitas.</a> Hoc ipsum elegantius poni meliusque potuit. Quis est tam dissimile homini. </p>\n\n<p>Quid est enim aliud esse versutum? <a href='http://loripsum.net/' target='_blank'>Si enim ad populum me vocas, eum.</a> </p>\n\n",
    "_userdefined_roles": [],
    "modification_date": "2018/10/26 18:01:16.403709 GMT-4",
    "_content_type": "text/html",
    "_id": "fusce-proin-nostra-parturient-netus-quam-ullamcorper-in-taciti-ultrices.",
    "language": "en",
    "_content_type_banner": "text/html",
    "rights": "Dolor ipsum primis libero senectus tristique quam pede non. Class augue nisl aliquet dolor ve orci ante vestibulum odio luctus eu interdum congue turpis. Ipsum morbi magnis libero duis id primis penatibus lorem in. Fusce velit. Augue porta ligula dictum. Dolor felis integer lacinia nunc ad sagittis cum aliquet eu lacus magna aptent metus. Proin lorem nec proin hymenaeos praesent quam. Felis purus mattis congue metus. Lacus magna dictumst id fames pede erat quis et est eros quam. Justo morbi auctor sollicitudin conubia malesuada.",
    "b_size": 30,
    "customViewFields": [
        "Title",
        "Creator",
        "Type",
        "ModificationDate"
    ],
    "_content_type_description": "text/plain",
    "_owner": "admin",
    "_content_type_location": "text/plain",
    "limit": 1000,
    "_permissions": {
        "Change portal events": {
            "acquire": false,
            "roles": [
                "Editor",
                "Manager",
                "Owner",
                "Site Administrator"
            ]
        },
        "Modify portal content": {
            "acquire": false,
            "roles": [
                "Editor",
                "Manager",
                "Owner",
                "Site Administrator"
            ]
        },
        "Access contents information": {
            "acquire": false,
            "roles": [
                "Anonymous"
            ]
        },
        "View": {
            "acquire": false,
            "roles": [
                "Anonymous"
            ]
        }
    },
    "_properties": [
        [
            "title",
            "Fusce proin nostra parturient netus quam ullamcorper in taciti ultrices.",
            "string"
        ]
    ],
    "allowDiscussion": false,
    "_gopip": 77,
    "creators": [
        "admin"
    ],
    "_path": "/Plone/about/lacus-purus-sit-augue-facilisis-ultricies-pede./donec-risus-fermentum./fusce-proin-nostra-parturient-netus-quam-ullamcorper-in-taciti-ultrices."
}