{
    "tableContents": false,
    "_content_type_text": "text/html",
    "text": "<h1>Omnes enim iucundum motum, quo sensus hilaretur.</h1>\n\n<p>Lorem ipsum dolor sit amet, consectetur adipiscing elit. Tum Quintus: Est plane, Piso, ut dicis, inquit. Egone quaeris, inquit, quid sentiam? Dat enim intervalla et relaxat. Confecta res esset. Duo Reges: constructio interrete. Sin laboramus, quis est, qui alienae modum statuat industriae? Sint ista Graecorum; </p>\n\n<dl>\n\t<dt><dfn>Recte dicis;</dfn></dt>\n\t<dd>Quid iudicant sensus?</dd>\n\t<dt><dfn>Sed videbimus.</dfn></dt>\n\t<dd>Atque hoc loco similitudines eas, quibus illi uti solent, dissimillimas proferebas.</dd>\n\t<dt><dfn>Sed fortuna fortis;</dfn></dt>\n\t<dd>Tu vero, inquam, ducas licet, si sequetur;</dd>\n\t<dt><dfn>Praeteritis, inquit, gaudeo.</dfn></dt>\n\t<dd>Quod si ita se habeat, non possit beatam praestare vitam sapientia.</dd>\n</dl>\n\n\n<ul>\n\t<li>Ad eas enim res ab Epicuro praecepta dantur.</li>\n\t<li>Quin etiam ferae, inquit Pacuvius, qu\u00edbus abest, ad pra\u00e9cavendum int\u00e9llegendi ast\u00fatia, iniecto terrore mortis horrescunt.</li>\n\t<li>Nulla profecto est, quin suam vim retineat a primo ad extremum.</li>\n\t<li>Frater et T.</li>\n</ul>\n\n\n<p>Quid Zeno? Cur post Tarentum ad Archytam? Duarum enim vitarum nobis erunt instituta capienda. Tum ille: Ain tandem? Quis Aristidem non mortuum diligit? Verba tu fingas et ea dicas, quae non sentias? </p>\n\n<ol>\n\t<li>Sed haec quidem liberius ab eo dicuntur et saepius.</li>\n\t<li>Uterque enim summo bono fruitur, id est voluptate.</li>\n\t<li>At habetur! Et ego id scilicet nesciebam! Sed ut sit, etiamne post mortem coletur?</li>\n\t<li>Quid turpius quam sapientis vitam ex insipientium sermone pendere?</li>\n\t<li>At quicum ioca seria, ut dicitur, quicum arcana, quicum occulta omnia?</li>\n\t<li>Id est enim, de quo quaerimus.</li>\n\t<li>Vulgo enim dicitur: Iucundi acti labores, nec male Euripidesconcludam, si potero, Latine;</li>\n</ol>\n\n\n<p>Quid est igitur, inquit, quod requiras? Praeclarae mortes sunt imperatoriae; Sint modo partes vitae beatae. Sed quid sentiat, non videtis. <a href='http://loripsum.net/' target='_blank'>Iam enim adesse poterit.</a> Illa tamen simplicia, vestra versuta. </p>\n\n",
    "creation_date": "2018/10/26 18:01:16.575206 GMT-4",
    "_uid": "ede3450f5eb943ffb552a30450318b7d",
    "expirationDate": "None",
    "_content_type_id": "text/plain",
    "query": [],
    "_atbrefs": {},
    "id": "vitae-porta.",
    "subject": [],
    "_content_type_sort_on": "text/plain",
    "contributors": [],
    "effectiveDate": "None",
    "title": "Vitae porta.",
    "_ac_local_roles": {
        "admin": [
            "Owner"
        ]
    },
    "sort_on": "Morbi risus non parturient adipiscing in.",
    "_content_type_language": "text/plain",
    "_defaultpage": "",
    "location": "Magna dolor quam metus ante eleifend.",
    "_content_type_title": "text/plain",
    "excludeFromNav": true,
    "presentation": false,
    "_type": "Collection",
    "description": "Morbi donec dolor cursus erat magna rhoncus neque. Justo velit lobortis phasellus pede mus vel. Curae lorem congue hendrerit nulla enim lectus primis cum. Proin neque netus aliquam nec adipiscing lacus conubia pretium urna. Magna purus pretium conubia bibendum. Fames neque aliquam cum laoreet at duis pede in nisl risus ante sed vulputate. Donec fusce viverra egestas nunc natoque. Neque augue hendrerit. Metus neque turpis. Curae vitae. Justo ipsum augue vehicula. Neque lorem. Proin augue dictumst et cum at.",
    "_atrefs": {},
    "_layout": "standard_view",
    "_workflow_history": {
        "simple_publication_workflow": [
            {
                "action": null,
                "review_state": "private",
                "actor": "admin",
                "comments": "",
                "time": "2018/10/26 18:01:16.579872 GMT-4"
            },
            {
                "action": "publish",
                "review_state": "published",
                "actor": "admin",
                "comments": "",
                "time": "2018/10/26 18:01:17.214629 GMT-4"
            }
        ]
    },
    "_content_type_rights": "text/plain",
    "_directly_provided": [],
    "_classname": "Collection",
    "sort_reversed": false,
    "banner": "<h1>Quis enim potest ea, quae probabilia videantur ei, non probare?</h1>\n\n<p>Lorem ipsum dolor sit amet, consectetur adipiscing elit. Ergo ita: non posse honeste vivi, nisi honeste vivatur? Duo Reges: constructio interrete. Restinguet citius, si ardentem acceperit. Facillimum id quidem est, inquam. Negat enim summo bono afferre incrementum diem. </p>\n\n<p>Si quicquam extra virtutem habeatur in bonis. Tollenda est atque extrahenda radicitus. Gerendus est mos, modo recte sentiat. Et ille ridens: Video, inquit, quid agas; Sed fortuna fortis; Oratio me istius philosophi non offendit; </p>\n\n<h2>Qualis ista philosophia est, quae non interitum afferat pravitatis, sed sit contenta mediocritate vitiorum?</h2>\n\n<p>Tamen a proposito, inquam, aberramus. Atqui reperies, inquit, in hoc quidem pertinacem; Tibi hoc incredibile, quod beatissimum. Ita prorsus, inquam; </p>\n\n<ol>\n\t<li>Aufert enim sensus actionemque tollit omnem.</li>\n\t<li>Sed non alienum est, quo facilius vis verbi intellegatur, rationem huius verbi faciendi Zenonis exponere.</li>\n\t<li>Nemo nostrum istius generis asotos iucunde putat vivere.</li>\n</ol>\n\n\n<ul>\n\t<li>Quod equidem non reprehendo;</li>\n\t<li>Cum id quoque, ut cupiebat, audivisset, evelli iussit eam, qua erat transfixus, hastam.</li>\n</ul>\n\n\n<dl>\n\t<dt><dfn>Efficiens dici potest.</dfn></dt>\n\t<dd>Utrum igitur tibi litteram videor an totas paginas commovere?</dd>\n\t<dt><dfn>Quonam, inquit, modo?</dfn></dt>\n\t<dd>Hinc ceteri particulas arripere conati suam quisque videro voluit afferre sententiam.</dd>\n\t<dt><dfn>Quis hoc dicit?</dfn></dt>\n\t<dd>Aliter enim nosmet ipsos nosse non possumus.</dd>\n\t<dt><dfn>Quonam modo?</dfn></dt>\n\t<dd>Sunt enim quasi prima elementa naturae, quibus ubertas orationis adhiberi vix potest, nec equidem eam cogito consectari.</dd>\n\t<dt><dfn>Proclivi currit oratio.</dfn></dt>\n\t<dd>Beatus autem esse in maximarum rerum timore nemo potest.</dd>\n\t<dt><dfn>Nulla erit controversia.</dfn></dt>\n\t<dd>Ne discipulum abducam, times.</dd>\n</dl>\n\n\n",
    "_userdefined_roles": [],
    "modification_date": "2018/10/26 18:01:17.219432 GMT-4",
    "_content_type": "text/html",
    "_id": "vitae-porta.",
    "language": "en",
    "_content_type_banner": "text/html",
    "rights": "Porta massa dis cras vestibulum quis. Lacus fusce ligula proin feugiat ante sit at. Ipsum porta scelerisque. Augue felis odio tristique dictum dolor tempus maecenas erat tempus. Metus fusce primis lectus fames ante id. Neque magna a nullam orci ve mus habitasse vel eleifend. Etiam ipsum per amet. Augue etiam taciti consectetuer conubia. Class porta suspendisse nibh orci. Fusce felis. Massa magna aenean suspendisse. Neque ipsum varius tempor nisi pede penatibus cum. Curae dolor leo nisi diam varius vitae commodo mi habitasse a. Justo velit.",
    "b_size": 30,
    "customViewFields": [
        "Title",
        "Creator",
        "Type",
        "ModificationDate"
    ],
    "_content_type_description": "text/plain",
    "_owner": "admin",
    "_content_type_location": "text/plain",
    "limit": 1000,
    "_permissions": {
        "Change portal events": {
            "acquire": false,
            "roles": [
                "Editor",
                "Manager",
                "Owner",
                "Site Administrator"
            ]
        },
        "Modify portal content": {
            "acquire": false,
            "roles": [
                "Editor",
                "Manager",
                "Owner",
                "Site Administrator"
            ]
        },
        "Access contents information": {
            "acquire": false,
            "roles": [
                "Anonymous"
            ]
        },
        "View": {
            "acquire": false,
            "roles": [
                "Anonymous"
            ]
        }
    },
    "_properties": [
        [
            "title",
            "Vitae porta.",
            "string"
        ]
    ],
    "allowDiscussion": false,
    "_gopip": 78,
    "creators": [
        "admin"
    ],
    "_path": "/Plone/about/lacus-purus-sit-augue-facilisis-ultricies-pede./donec-risus-fermentum./vitae-porta."
}