{
    "contributors": [],
    "_content_type_text": "text/html",
    "text": "<h1>Vide, ne etiam menses! nisi forte eum dicis, qui, simul atque arripuit, interficit.</h1>\n\n<p>Lorem ipsum dolor sit amet, consectetur adipiscing elit. Nondum autem explanatum satis, erat, quid maxime natura vellet. Sint ista Graecorum; Ne in odium veniam, si amicum destitero tueri. Duo Reges: constructio interrete. At hoc in eo M. Easdemne res? </p>\n\n<ul>\n\t<li>Hoc loco tenere se Triarius non potuit.</li>\n\t<li>Omnes enim iucundum motum, quo sensus hilaretur.</li>\n\t<li>Nec enim, dum metuit, iustus est, et certe, si metuere destiterit, non erit;</li>\n\t<li>Nam bonum ex quo appellatum sit, nescio, praepositum ex eo credo, quod praeponatur aliis.</li>\n</ul>\n\n\n<ol>\n\t<li>An eum locum libenter invisit, ubi Demosthenes et Aeschines inter se decertare soliti sunt?</li>\n\t<li>Nos paucis ad haec additis finem faciamus aliquando;</li>\n</ol>\n\n\n<p>Nihil opus est exemplis hoc facere longius. Quo modo? Invidiosum nomen est, infame, suspectum. Iam enim adesse poterit. </p>\n\n<h2>Nonne igitur tibi videntur, inquit, mala?</h2>\n\n<p>Sed hoc sane concedamus. Haec dicuntur inconstantissime. <a href='http://loripsum.net/' target='_blank'>Bestiarum vero nullum iudicium puto.</a> Nunc haec primum fortasse audientis servire debemus. Praeclarae mortes sunt imperatoriae; </p>\n\n<dl>\n\t<dt><dfn>Efficiens dici potest.</dfn></dt>\n\t<dd>Est enim effectrix multarum et magnarum voluptatum.</dd>\n\t<dt><dfn>Eam stabilem appellas.</dfn></dt>\n\t<dd>Cum praesertim illa perdiscere ludus esset.</dd>\n\t<dt><dfn>Beatum, inquit.</dfn></dt>\n\t<dd>Non enim solum Torquatus dixit quid sentiret, sed etiam cur.</dd>\n\t<dt><dfn>Nihilo magis.</dfn></dt>\n\t<dd>Quae tamen a te agetur non melior, quam illae sunt, quas interdum optines.</dd>\n\t<dt><dfn>Sed haec omittamus;</dfn></dt>\n\t<dd>Atque etiam val\u00edtudinem, vires, vacuitatem doloris non propter utilitatem solum, sed etiam ipsas propter se expetemus.</dd>\n</dl>\n\n\n",
    "creation_date": "2018/10/26 18:01:20.255255 GMT-4",
    "_uid": "33c9fd32cf1c48e28bc47f9a05619d9a",
    "expirationDate": "None",
    "_content_type_id": "text/plain",
    "id": "augue-fusce-a-odio-adipiscing-tristique-quis-lacinia-eu-at-ornare-ultricies-taciti-eros-leo-metus.",
    "subject": [],
    "effectiveDate": "None",
    "title": "Augue fusce a odio adipiscing tristique quis lacinia eu at ornare ultricies taciti eros leo metus.",
    "_ac_local_roles": {
        "admin": [
            "Owner"
        ]
    },
    "_content_type_language": "text/plain",
    "_defaultpage": "",
    "location": "Augue felis a sapien massa.",
    "_content_type_title": "text/plain",
    "excludeFromNav": false,
    "presentation": false,
    "_type": "Document",
    "description": "Metus porta sem fermentum rhoncus hac pulvinar. Vitae dolor elit et non mauris nullam risus ve. Etiam donec turpis vestibulum morbi quis blandit nonummy sapien etiam elementum dis integer. Curae neque faucibus lacus per tristique. Vitae purus nam lacus consequat fermentum pede arcu risus id quis ve enim duis parturient malesuada. Curae risus. Fusce curae quis a quam adipiscing tristique. Velit proin risus.",
    "_atrefs": {},
    "_layout": "document_view",
    "_workflow_history": {
        "simple_publication_workflow": [
            {
                "action": null,
                "review_state": "private",
                "actor": "admin",
                "comments": "",
                "time": "2018/10/26 18:01:20.258983 GMT-4"
            },
            {
                "action": "publish",
                "review_state": "published",
                "actor": "admin",
                "comments": "",
                "time": "2018/10/26 18:01:20.917608 GMT-4"
            }
        ]
    },
    "_content_type_rights": "text/plain",
    "_directly_provided": [],
    "language": "en",
    "tableContents": true,
    "_classname": "ATDocument",
    "banner": "<h1>Non est enim vitium in oratione solum, sed etiam in moribus.</h1>\n\n<p>Lorem ipsum dolor sit amet, consectetur adipiscing elit. Quid de Pythagora? Omnis enim est natura diligens sui. <a href='http://loripsum.net/' target='_blank'>Faceres tu quidem, Torquate, haec omnia;</a> <a href='http://loripsum.net/' target='_blank'>Duo Reges: constructio interrete.</a> </p>\n\n<ol>\n\t<li>Aut haec tibi, Torquate, sunt vituperanda aut patrocinium voluptatis repudiandum.</li>\n\t<li>Illa argumenta propria videamus, cur omnia sint paria peccata.</li>\n</ol>\n\n\n<ul>\n\t<li>Sic vester sapiens magno aliquo emolumento commotus cicuta, si opus erit, dimicabit.</li>\n\t<li>Non autem hoc: igitur ne illud quidem.</li>\n</ul>\n\n\n<p>Nunc vides, quid faciat. Terram, mihi crede, ea lanx et maria deprimet. Qui-vere falsone, quaerere mittimus-dicitur oculis se privasse; Pauca mutat vel plura sane; At hoc in eo M. Istam voluptatem, inquit, Epicurus ignorat? </p>\n\n<dl>\n\t<dt><dfn>Sed nimis multa.</dfn></dt>\n\t<dd>Quid ad utilitatem tantae pecuniae?</dd>\n\t<dt><dfn>Si longus, levis.</dfn></dt>\n\t<dd>Stulti autem malorum memoria torquentur, sapientes bona praeterita grata recordatione renovata delectant.</dd>\n\t<dt><dfn>Nulla erit controversia.</dfn></dt>\n\t<dd>Aliis esse maiora, illud dubium, ad id, quod summum bonum dicitis, ecquaenam possit fieri accessio.</dd>\n\t<dt><dfn>Quis hoc dicit?</dfn></dt>\n\t<dd>Quid enim de amicitia statueris utilitatis causa expetenda vides.</dd>\n</dl>\n\n\n<p>In schola desinis. Venit ad extremum; Quid, de quo nulla dissensio est? Prioris generis est docilitas, memoria; Esse enim quam vellet iniquus iustus poterat inpune. Tamen a proposito, inquam, aberramus. Simus igitur contenti his. Equidem, sed audistine modo de Carneade? </p>\n\n",
    "_userdefined_roles": [],
    "_content_type": "text/html",
    "_id": "augue-fusce-a-odio-adipiscing-tristique-quis-lacinia-eu-at-ornare-ultricies-taciti-eros-leo-metus.",
    "modification_date": "2018/10/26 18:01:20.921987 GMT-4",
    "_content_type_banner": "text/html",
    "rights": "Magna purus tortor ad interdum odio turpis. Justo dolor tortor massa arcu sed. Dolor etiam ridiculus erat ornare. Donec dolor nec enim vehicula mauris. Velit dolor non nulla aptent per taciti. Massa fusce morbi torquent porta. Lacus fusce a lacinia id facilisi eget praesent parturient taciti urna varius platea. Lacus risus. Dolor vitae augue integer urna mi. Netus porta nisi lectus. Neque fusce platea sollicitudin imperdiet nostra felis sodales. Massa porta tristique ligula nulla iaculis. Justo lacus lectus pede eu. Magna vitae conubia sem id diam fames tortor tellus risus. Fames etiam duis ligula nunc semper quisque cubilia varius purus condimentum praesent etiam in mi cras.",
    "_atbrefs": {},
    "_content_type_description": "text/plain",
    "_owner": "admin",
    "_content_type_location": "text/plain",
    "_permissions": {
        "Modify portal content": {
            "acquire": false,
            "roles": [
                "Editor",
                "Manager",
                "Owner",
                "Site Administrator"
            ]
        },
        "Access contents information": {
            "acquire": false,
            "roles": [
                "Anonymous"
            ]
        },
        "View": {
            "acquire": false,
            "roles": [
                "Anonymous"
            ]
        }
    },
    "_properties": [
        [
            "title",
            "Augue fusce a odio adipiscing tristique quis lacinia eu at ornare ultricies taciti eros leo metus.",
            "string"
        ]
    ],
    "allowDiscussion": false,
    "_gopip": 2,
    "creators": [
        "admin"
    ],
    "_path": "/Plone/about/lacus-purus-sit-augue-facilisis-ultricies-pede./curae-class-cras-vivamus-vulputate-orci-nulla./augue-fusce-a-odio-adipiscing-tristique-quis-lacinia-eu-at-ornare-ultricies-taciti-eros-leo-metus."
}