{
    "contributors": [],
    "_content_type_text": "text/html",
    "text": "<h1>Hoc enim identidem dicitis, non intellegere nos quam dicatis voluptatem.</h1>\n\n<p>Lorem ipsum dolor sit amet, consectetur adipiscing elit. At eum nihili facit; Quid de Platone aut de Democrito loquar? Duo Reges: constructio interrete. Eam tum adesse, cum dolor omnis absit; </p>\n\n<ol>\n\t<li>Quos quidem tibi studiose et diligenter tractandos magnopere censeo.</li>\n\t<li>At ille pellit, qui permulcet sensum voluptate.</li>\n\t<li>Et harum quidem rerum facilis est et expedita distinctio.</li>\n\t<li>Res enim se praeclare habebat, et quidem in utraque parte.</li>\n\t<li>Ita relinquet duas, de quibus etiam atque etiam consideret.</li>\n</ol>\n\n\n<p>Non laboro, inquit, de nomine. Itaque contra est, ac dicitis; Respondent extrema primis, media utrisque, omnia omnibus. Laboro autem non sine causa; Si mala non sunt, iacet omnis ratio Peripateticorum. An eiusdem modi? </p>\n\n<dl>\n\t<dt><dfn>Quid Zeno?</dfn></dt>\n\t<dd>Etenim nec iustitia nec amicitia esse omnino poterunt, nisi ipsae per se expetuntur.</dd>\n\t<dt><dfn>An eiusdem modi?</dfn></dt>\n\t<dd>Et quidem iure fortasse, sed tamen non gravissimum est testimonium multitudinis.</dd>\n\t<dt><dfn>Efficiens dici potest.</dfn></dt>\n\t<dd>Tria genera bonorum;</dd>\n\t<dt><dfn>Facete M.</dfn></dt>\n\t<dd>Huius, Lyco, oratione locuples, rebus ipsis ielunior.</dd>\n</dl>\n\n\n<ul>\n\t<li>Itaque sensibus rationem adiunxit et ratione effecta sensus non reliquit.</li>\n\t<li>Illa argumenta propria videamus, cur omnia sint paria peccata.</li>\n\t<li>Quae fere omnia appellantur uno ingenii nomine, easque virtutes qui habent, ingeniosi vocantur.</li>\n\t<li>Atque hoc loco similitudines eas, quibus illi uti solent, dissimillimas proferebas.</li>\n</ul>\n\n\n<p>Hoc loco tenere se Triarius non potuit. Huius, Lyco, oratione locuples, rebus ipsis ielunior. Sed hoc sane concedamus. <a href='http://loripsum.net/' target='_blank'>Sic enim censent, oportunitatis esse beate vivere.</a> Quid igitur, inquit, eos responsuros putas? Restatis igitur vos; </p>\n\n",
    "creation_date": "2018/10/26 18:01:21.115573 GMT-4",
    "_uid": "677ac9947fbd4058a8c598ee22bbcfe4",
    "expirationDate": "None",
    "_content_type_id": "text/plain",
    "id": "vitae-velit-taciti-mauris-posuere-iaculis-sodales.",
    "subject": [],
    "effectiveDate": "None",
    "title": "Vitae velit taciti mauris posuere iaculis sodales.",
    "_ac_local_roles": {
        "admin": [
            "Owner"
        ]
    },
    "_content_type_language": "text/plain",
    "_defaultpage": "",
    "location": "Neque proin lacus viverra fringilla pede.",
    "_content_type_title": "text/plain",
    "excludeFromNav": true,
    "presentation": true,
    "_type": "Document",
    "description": "Etiam proin augue posuere lorem eni nisi dui elit vel ut. Morbi lacus montes at metus consequat pede odio parturient ut. Morbi justo sed netus parturient ultrices quis. Morbi lacus. Curae fusce sit proin tincidunt etiam amet ut eget senectus sollicitudin varius velit arcu. Curae purus viverra quis quam urna. Lorem augue a tortor enim eu quam vulputate porta in metus. Fusce metus. Felis justo neque leo etiam. Netus massa. Netus nulla arcu commodo amet. Ipsum fusce. Felis augue sem mus et sollicitudin. Fames lacus eni quisque. Augue vitae nullam mus egestas ut sem scelerisque laoreet scelerisque nisl habitasse et lorem.",
    "_atrefs": {},
    "_layout": "document_view",
    "_workflow_history": {
        "simple_publication_workflow": [
            {
                "action": null,
                "review_state": "private",
                "actor": "admin",
                "comments": "",
                "time": "2018/10/26 18:01:21.119616 GMT-4"
            },
            {
                "action": "publish",
                "review_state": "published",
                "actor": "admin",
                "comments": "",
                "time": "2018/10/26 18:01:21.714178 GMT-4"
            }
        ]
    },
    "_content_type_rights": "text/plain",
    "_directly_provided": [],
    "language": "en",
    "tableContents": false,
    "_classname": "ATDocument",
    "banner": "<h1>Apud imperitos tum illa dicta sunt, aliquid etiam coronae datum;</h1>\n\n<p>Lorem ipsum dolor sit amet, consectetur adipiscing elit. <a href='http://loripsum.net/' target='_blank'>Mihi quidem Antiochum, quem audis, satis belle videris attendere.</a> Sed haec omittamus; Duo Reges: constructio interrete. Recte, inquit, intellegis. </p>\n\n<p>Tamen a proposito, inquam, aberramus. Non laboro, inquit, de nomine. Addidisti ad extremum etiam indoctum fuisse. Itaque ab his ordiamur. Disserendi artem nullam habuit. Mihi, inquam, qui te id ipsum rogavi? </p>\n\n<p>Quis non odit sordidos, vanos, leves, futtiles? Ita credo. Apparet statim, quae sint officia, quae actiones. <a href='http://loripsum.net/' target='_blank'>Qualem igitur hominem natura inchoavit?</a> Quid vero? Haec quo modo conveniant, non sane intellego. Quae similitudo in genere etiam humano apparet. </p>\n\n<dl>\n\t<dt><dfn>Quonam, inquit, modo?</dfn></dt>\n\t<dd>Cum id quoque, ut cupiebat, audivisset, evelli iussit eam, qua erat transfixus, hastam.</dd>\n\t<dt><dfn>Negare non possum.</dfn></dt>\n\t<dd>Qui autem de summo bono dissentit de tota philosophiae ratione dissentit.</dd>\n\t<dt><dfn>Scaevolam M.</dfn></dt>\n\t<dd>Quaesita enim virtus est, non quae relinqueret naturam, sed quae tueretur.</dd>\n</dl>\n\n\n<ul>\n\t<li>Ita fit cum gravior, tum etiam splendidior oratio.</li>\n\t<li>Hoc etsi multimodis reprehendi potest, tamen accipio, quod dant.</li>\n\t<li>Memini vero, inquam;</li>\n\t<li>At quicum ioca seria, ut dicitur, quicum arcana, quicum occulta omnia?</li>\n</ul>\n\n\n<ol>\n\t<li>Illa argumenta propria videamus, cur omnia sint paria peccata.</li>\n\t<li>Prodest, inquit, mihi eo esse animo.</li>\n\t<li>Fortitudinis quaedam praecepta sunt ac paene leges, quae effeminari virum vetant in dolore.</li>\n\t<li>Sic igitur in homine perfectio ista in eo potissimum, quod est optimum, id est in virtute, laudatur.</li>\n\t<li>Ait enim se, si uratur, Quam hoc suave! dicturum.</li>\n</ol>\n\n\n",
    "_userdefined_roles": [],
    "_content_type": "text/html",
    "_id": "vitae-velit-taciti-mauris-posuere-iaculis-sodales.",
    "modification_date": "2018/10/26 18:01:21.717944 GMT-4",
    "_content_type_banner": "text/html",
    "rights": "Purus nulla risus sit quam nec luctus. Netus felis. Ipsum netus a. Neque ipsum nibh blandit. Vitae augue sapien diam fringilla tellus dui quam nam penatibus. Fames velit gravida nullam ve eu et libero. Justo fusce enim ac auctor. Felis augue rutrum sollicitudin fringilla fusce ultricies dolor eu nam cras. Massa vitae. Morbi lacus eros duis eget lacinia mi curabitur a fringilla justo lacus. Curae fusce magnis velit netus nunc. Vitae fames donec sociis mus odio class suspendisse arcu nunc. Etiam class a. Curae felis suscipit vestibulum hendrerit nisi urna ultricies pulvinar curae. Morbi massa donec ullamcorper quam nibh aliquam. Augue nulla inceptos risus commodo dapibus elit fames nonummy id. Nulla neque mus integer ve vehicula erat luctus leo natoque sem. Fames fusce non tristique. Magna dolor lobortis vestibulum mauris torquent egestas cras velit vivamus viverra etiam dapibus odio nam.",
    "_atbrefs": {},
    "_content_type_description": "text/plain",
    "_owner": "admin",
    "_content_type_location": "text/plain",
    "_permissions": {
        "Modify portal content": {
            "acquire": false,
            "roles": [
                "Editor",
                "Manager",
                "Owner",
                "Site Administrator"
            ]
        },
        "Access contents information": {
            "acquire": false,
            "roles": [
                "Anonymous"
            ]
        },
        "View": {
            "acquire": false,
            "roles": [
                "Anonymous"
            ]
        }
    },
    "_properties": [
        [
            "title",
            "Vitae velit taciti mauris posuere iaculis sodales.",
            "string"
        ]
    ],
    "allowDiscussion": false,
    "_gopip": 3,
    "creators": [
        "admin"
    ],
    "_path": "/Plone/about/lacus-purus-sit-augue-facilisis-ultricies-pede./curae-class-cras-vivamus-vulputate-orci-nulla./vitae-velit-taciti-mauris-posuere-iaculis-sodales."
}