{
    "contributors": [],
    "_content_type_text": "text/html",
    "text": "<h1>Quae quo sunt excelsiores, eo dant clariora indicia naturae.</h1>\n\n<p>Lorem ipsum dolor sit amet, consectetur adipiscing elit. Multoque hoc melius nos veriusque quam Stoici. Cupiditates non Epicuri divisione finiebat, sed sua satietate. Haeret in salebra. Duo Reges: constructio interrete. Omnia peccata paria dicitis. </p>\n\n<h2>Sine ea igitur iucunde negat posse se vivere?</h2>\n\n<p>Nos vero, inquit ille; Tu vero, inquam, ducas licet, si sequetur; Summum a vobis bonum voluptas dicitur. Huius, Lyco, oratione locuples, rebus ipsis ielunior. </p>\n\n<ul>\n\t<li>Licet hic rursus ea commemores, quae optimis verbis ab Epicuro de laude amicitiae dicta sunt.</li>\n\t<li>Quod eo liquidius faciet, si perspexerit rerum inter eas verborumne sit controversia.</li>\n</ul>\n\n\n<p>Animum autem reliquis rebus ita perfecit, ut corpus; Quodsi ipsam honestatem undique pertectam atque absolutam. Putabam equidem satis, inquit, me dixisse. Quippe: habes enim a rhetoribus; Sed ad illum redeo. <a href='http://loripsum.net/' target='_blank'>Illum mallem levares, quo optimum atque humanissimum virum, Cn.</a> Proclivi currit oratio. Primum in nostrane potestate est, quid meminerimus? </p>\n\n<dl>\n\t<dt><dfn>Audeo dicere, inquit.</dfn></dt>\n\t<dd>Verum hoc idem saepe faciamus.</dd>\n\t<dt><dfn>Quid ergo?</dfn></dt>\n\t<dd>Non ego tecum iam ita iocabor, ut isdem his de rebus, cum L.</dd>\n\t<dt><dfn>Itaque fecimus.</dfn></dt>\n\t<dd>Quare attendo te studiose et, quaecumque rebus iis, de quibus hic sermo est, nomina inponis, memoriae mando;</dd>\n\t<dt><dfn>Quonam, inquit, modo?</dfn></dt>\n\t<dd>Bonum patria: miserum exilium.</dd>\n</dl>\n\n\n<ol>\n\t<li>Qui potest igitur habitare in beata vita summi mali metus?</li>\n\t<li>Iam quae corporis sunt, ea nec auctoritatem cum animi partibus, comparandam et cognitionem habent faciliorem.</li>\n\t<li>Sed nimis multa.</li>\n\t<li>Respondent extrema primis, media utrisque, omnia omnibus.</li>\n\t<li>Deinde prima illa, quae in congressu solemus: Quid tu, inquit, huc?</li>\n\t<li>Ait enim se, si uratur, Quam hoc suave! dicturum.</li>\n</ol>\n\n\n",
    "creation_date": "2018/10/26 18:01:23.491664 GMT-4",
    "_uid": "7ca6f2fc14b445b8b08e2b8e332b8c84",
    "expirationDate": "None",
    "_content_type_id": "text/plain",
    "id": "purus-velit.",
    "subject": [],
    "effectiveDate": "None",
    "title": "Purus velit.",
    "_ac_local_roles": {
        "admin": [
            "Owner"
        ]
    },
    "_content_type_language": "text/plain",
    "_defaultpage": "",
    "location": "Netus curae ullamcorper dui eu mauris.",
    "_content_type_title": "text/plain",
    "excludeFromNav": true,
    "presentation": false,
    "_type": "Document",
    "description": "Proin curae ipsum. Massa magna leo morbi parturient diam fusce penatibus morbi. Ipsum porta rhoncus cras. Vitae etiam. Magna lorem porta natoque lorem lacus est eros ridiculus primis. Fames ipsum. Metus etiam gravida blandit tristique magnis nunc.",
    "_atrefs": {},
    "_layout": "document_view",
    "_workflow_history": {
        "simple_publication_workflow": [
            {
                "action": null,
                "review_state": "private",
                "actor": "admin",
                "comments": "",
                "time": "2018/10/26 18:01:23.495663 GMT-4"
            },
            {
                "action": "publish",
                "review_state": "published",
                "actor": "admin",
                "comments": "",
                "time": "2018/10/26 18:01:24.089796 GMT-4"
            }
        ]
    },
    "_content_type_rights": "text/plain",
    "_directly_provided": [],
    "language": "en",
    "tableContents": true,
    "_classname": "ATDocument",
    "banner": "<h1>Hanc ergo intuens debet institutum illud quasi signum absolvere.</h1>\n\n<p>Lorem ipsum dolor sit amet, consectetur adipiscing elit. <a href='http://loripsum.net/' target='_blank'>At iam decimum annum in spelunca iacet.</a> Invidiosum nomen est, infame, suspectum. </p>\n\n<ol>\n\t<li>Quod non faceret, si in voluptate summum bonum poneret.</li>\n\t<li>Fortasse id optimum, sed ubi illud: Plus semper voluptatis?</li>\n\t<li>At ille non pertimuit saneque fidenter: Istis quidem ipsis verbis, inquit;</li>\n\t<li>Scientiam pollicentur, quam non erat mirum sapientiae cupido patria esse cariorem.</li>\n</ol>\n\n\n<dl>\n\t<dt><dfn>Immo alio genere;</dfn></dt>\n\t<dd>Atqui, inquam, Cato, si istud optinueris, traducas me ad te totum licebit.</dd>\n\t<dt><dfn>Quis negat?</dfn></dt>\n\t<dd>Etenim nec iustitia nec amicitia esse omnino poterunt, nisi ipsae per se expetuntur.</dd>\n</dl>\n\n\n<h2>Duo Reges: constructio interrete.</h2>\n\n<p>Teneo, inquit, finem illi videri nihil dolere. Rhetorice igitur, inquam, nos mavis quam dialectice disputare? Haec para/doca illi, nos admirabilia dicamus. </p>\n\n<ul>\n\t<li>Omnia contraria, quos etiam insanos esse vultis.</li>\n\t<li>Ait enim se, si uratur, Quam hoc suave! dicturum.</li>\n</ul>\n\n\n<p>Illi enim inter se dissentiunt. Zenonis est, inquam, hoc Stoici. Sed residamus, inquit, si placet. </p>\n\n",
    "_userdefined_roles": [],
    "_content_type": "text/html",
    "_id": "purus-velit.",
    "modification_date": "2018/10/26 18:01:24.093934 GMT-4",
    "_content_type_banner": "text/html",
    "rights": "Porta augue ornare tortor etiam euismod tincidunt pede blandit. Purus morbi risus nisl ante facilisis tortor duis nam. Felis fusce sapien nisl lacus egestas euismod. Etiam fames a pede justo vivamus eni ve a nullam quam cras donec eget. Lorem justo quisque. Neque vitae diam. Porta risus mattis tincidunt aptent a aliquam. Donec netus nam. Magna felis varius curae natoque nulla morbi semper. Fames proin diam condimentum vel. Purus massa sapien. Etiam fusce duis magna maecenas adipiscing. Felis proin. Lacus augue. Proin donec scelerisque sem ad sollicitudin semper. Lacus nulla sociis netus mi urna hymenaeos litora pharetra. Netus class conubia feugiat auctor ve nisl. Felis massa varius erat scelerisque nec litora a.",
    "_atbrefs": {},
    "_content_type_description": "text/plain",
    "_owner": "admin",
    "_content_type_location": "text/plain",
    "_permissions": {
        "Modify portal content": {
            "acquire": false,
            "roles": [
                "Editor",
                "Manager",
                "Owner",
                "Site Administrator"
            ]
        },
        "Access contents information": {
            "acquire": false,
            "roles": [
                "Anonymous"
            ]
        },
        "View": {
            "acquire": false,
            "roles": [
                "Anonymous"
            ]
        }
    },
    "_properties": [
        [
            "title",
            "Purus velit.",
            "string"
        ]
    ],
    "allowDiscussion": false,
    "_gopip": 6,
    "creators": [
        "admin"
    ],
    "_path": "/Plone/about/lacus-purus-sit-augue-facilisis-ultricies-pede./curae-class-cras-vivamus-vulputate-orci-nulla./purus-velit."
}