{
    "contributors": [],
    "_content_type_text": "text/html",
    "text": "<h1>Animum autem reliquis rebus ita perfecit, ut corpus;</h1>\n\n<p>Lorem ipsum dolor sit amet, consectetur adipiscing elit. <a href='http://loripsum.net/' target='_blank'>Ut optime, secundum naturam affectum esse possit.</a> <a href='http://loripsum.net/' target='_blank'>Gloriosa ostentatio in constituendo summo bono.</a> Suo enim quisque studio maxime ducitur. Prioris generis est docilitas, memoria; </p>\n\n<dl>\n\t<dt><dfn>In schola desinis.</dfn></dt>\n\t<dd>Quid enim tanto opus est instrumento in optimis artibus comparandis?</dd>\n\t<dt><dfn>Ut pulsi recurrant?</dfn></dt>\n\t<dd>Id enim volumus, id contendimus, ut officii fructus sit ipsum officium.</dd>\n\t<dt><dfn>Quid vero?</dfn></dt>\n\t<dd>Cum ageremus, inquit, vitae beatum et eundem supremum diem, scribebamus haec.</dd>\n</dl>\n\n\n<ul>\n\t<li>Magni enim aestimabat pecuniam non modo non contra leges, sed etiam legibus partam.</li>\n\t<li>Equidem etiam Epicurum, in physicis quidem, Democriteum puto.</li>\n\t<li>Tamen aberramus a proposito, et, ne longius, prorsus, inquam, Piso, si ista mala sunt, placet.</li>\n\t<li>Illud mihi a te nimium festinanter dictum videtur, sapientis omnis esse semper beatos;</li>\n\t<li>Experiamur igitur, inquit, etsi habet haec Stoicorum ratio difficilius quiddam et obscurius.</li>\n</ul>\n\n\n<p>Duo Reges: constructio interrete. Oratio me istius philosophi non offendit; Igitur ne dolorem quidem. Quid adiuvas? <a href='http://loripsum.net/' target='_blank'>Qua tu etiam inprudens utebare non numquam.</a> Paria sunt igitur. Quis istum dolorem timet? </p>\n\n<p>Iam contemni non poteris. Eaedem res maneant alio modo. Nihilo magis. Prodest, inquit, mihi eo esse animo. Hunc vos beatum; </p>\n\n<ol>\n\t<li>Et quidem, Cato, hanc totam copiam iam Lucullo nostro notam esse oportebit;</li>\n\t<li>Modo etiam paulum ad dexteram de via declinavi, ut ad Pericli sepulcrum accederem.</li>\n\t<li>Tria genera cupiditatum, naturales et necessariae, naturales et non necessariae, nec naturales nec necessariae.</li>\n</ol>\n\n\n",
    "creation_date": "2018/10/26 18:01:24.269394 GMT-4",
    "_uid": "3b5edef5dff94b6286fb7430ed14a7e3",
    "expirationDate": "None",
    "_content_type_id": "text/plain",
    "id": "justo-augue-vitae-libero-adipiscing-accumsan-blandit.",
    "subject": [],
    "effectiveDate": "None",
    "title": "Justo augue vitae libero adipiscing accumsan blandit.",
    "_ac_local_roles": {
        "admin": [
            "Owner"
        ]
    },
    "_content_type_language": "text/plain",
    "_defaultpage": "",
    "location": "Ipsum curae dictum litora vehicula justo amet odio ridiculus montes.",
    "_content_type_title": "text/plain",
    "excludeFromNav": false,
    "presentation": true,
    "_type": "Document",
    "description": "Justo fusce egestas odio nibh odio est massa sit ipsum. Fames metus. Velit justo. Risus fusce vel duis eget nec pede non. Nulla velit pretium vulputate nostra a conubia in ad. Augue donec eni quis cum pede euismod vivamus. Nulla donec cum hac pellentesque justo et. Metus magna velit mauris proin cum. Ipsum massa quis class penatibus lobortis ad nam ultricies eros elit egestas id mattis. Vitae class a sociis elementum fusce elit gravida. Magna ipsum tortor malesuada consequat lacus a sapien. Class justo cras vivamus mi sapien. Curae massa vel eget lacus. Velit risus ullamcorper mus cras accumsan a pellentesque elit felis nam diam. Nulla vitae. Augue risus placerat quam sem vitae sit.",
    "_atrefs": {},
    "_layout": "document_view",
    "_workflow_history": {
        "simple_publication_workflow": [
            {
                "action": null,
                "review_state": "private",
                "actor": "admin",
                "comments": "",
                "time": "2018/10/26 18:01:24.273907 GMT-4"
            },
            {
                "action": "publish",
                "review_state": "published",
                "actor": "admin",
                "comments": "",
                "time": "2018/10/26 18:01:24.874427 GMT-4"
            }
        ]
    },
    "_content_type_rights": "text/plain",
    "_directly_provided": [],
    "language": "en",
    "tableContents": false,
    "_classname": "ATDocument",
    "banner": "<h1>Ego quoque, inquit, didicerim libentius si quid attuleris, quam te reprehenderim.</h1>\n\n<p>Lorem ipsum dolor sit amet, consectetur adipiscing elit. Duo Reges: constructio interrete. Nam ante Aristippus, et ille melius. <a href='http://loripsum.net/' target='_blank'>Murenam te accusante defenderem.</a> <a href='http://loripsum.net/' target='_blank'>Quid enim?</a> Nihil enim hoc differt. </p>\n\n<ol>\n\t<li>Quae cum dixissem, Habeo, inquit Torquatus, ad quos ista referam, et, quamquam aliquid ipse poteram, tamen invenire malo paratiores.</li>\n\t<li>Quod autem magnum dolorem brevem, longinquum levem esse dicitis, id non intellego quale sit.</li>\n\t<li>Graecum enim hunc versum nostis omnes-: Suavis laborum est praeteritorum memoria.</li>\n\t<li>Intellegi quidem, ut propter aliam quampiam rem, verbi gratia propter voluptatem, nos amemus;</li>\n</ol>\n\n\n<dl>\n\t<dt><dfn>Sed nimis multa.</dfn></dt>\n\t<dd>Quid enim de amicitia statueris utilitatis causa expetenda vides.</dd>\n\t<dt><dfn>Nihilo magis.</dfn></dt>\n\t<dd>Nec tamen ullo modo summum pecudis bonum et hominis idem mihi videri potest.</dd>\n\t<dt><dfn>Quid ergo?</dfn></dt>\n\t<dd>Quod non faceret, si in voluptate summum bonum poneret.</dd>\n</dl>\n\n\n<p>Tu quidem reddes; Et harum quidem rerum facilis est et expedita distinctio. <a href='http://loripsum.net/' target='_blank'>Summum a vobis bonum voluptas dicitur.</a> Non potes, nisi retexueris illa. </p>\n\n<ul>\n\t<li>Hic, qui utrumque probat, ambobus debuit uti, sicut facit re, neque tamen dividit verbis.</li>\n\t<li>Ita est quoddam commune officium sapientis et insipientis, ex quo efficitur versari in iis, quae media dicamus.</li>\n\t<li>Quid ait Aristoteles reliquique Platonis alumni?</li>\n\t<li>Qui autem de summo bono dissentit de tota philosophiae ratione dissentit.</li>\n</ul>\n\n\n<h2>Quod quidem iam fit etiam in Academia.</h2>\n\n<p>Sed quot homines, tot sententiae; Beatus sibi videtur esse moriens. </p>\n\n",
    "_userdefined_roles": [],
    "_content_type": "text/html",
    "_id": "justo-augue-vitae-libero-adipiscing-accumsan-blandit.",
    "modification_date": "2018/10/26 18:01:24.878200 GMT-4",
    "_content_type_banner": "text/html",
    "rights": "Massa justo nam orci ad platea. Neque risus urna mus ipsum nisi curae blandit feugiat quis. Justo felis mattis congue fermentum augue sit. Netus curae tellus ad eget lobortis ve. Justo morbi class tellus orci quam id ultricies purus eget feugiat ornare urna consequat duis. Ipsum justo nibh purus posuere inceptos. Donec morbi pede elit. Risus velit ipsum inceptos hendrerit pellentesque gravida cum. Class augue a urna ac justo augue non arcu dis porttitor gravida. Felis proin arcu posuere curae dolor fames eros. Netus vitae sem. Lorem lacus inceptos fusce at luctus.",
    "_atbrefs": {},
    "_content_type_description": "text/plain",
    "_owner": "admin",
    "_content_type_location": "text/plain",
    "_permissions": {
        "Modify portal content": {
            "acquire": false,
            "roles": [
                "Editor",
                "Manager",
                "Owner",
                "Site Administrator"
            ]
        },
        "Access contents information": {
            "acquire": false,
            "roles": [
                "Anonymous"
            ]
        },
        "View": {
            "acquire": false,
            "roles": [
                "Anonymous"
            ]
        }
    },
    "_properties": [
        [
            "title",
            "Justo augue vitae libero adipiscing accumsan blandit.",
            "string"
        ]
    ],
    "allowDiscussion": false,
    "_gopip": 7,
    "creators": [
        "admin"
    ],
    "_path": "/Plone/about/lacus-purus-sit-augue-facilisis-ultricies-pede./curae-class-cras-vivamus-vulputate-orci-nulla./justo-augue-vitae-libero-adipiscing-accumsan-blandit."
}