{
    "startDate": "2018/11/04 05:51:33.238581 GMT-4",
    "endDate": "2018/11/05 05:25:10.974457 GMT-4",
    "contributors": [],
    "_content_type_text": "text/html",
    "text": "<h1>Odium autem et invidiam facile vitabis.</h1>\n\n<p>Lorem ipsum dolor sit amet, consectetur adipiscing elit. An nisi populari fama? Proclivi currit oratio. Poterat autem inpune; Duo Reges: constructio interrete. Ac tamen hic mallet non dolere. Ita prorsus, inquam; </p>\n\n<dl>\n\t<dt><dfn>Poterat autem inpune;</dfn></dt>\n\t<dd>An vero displicuit ea, quae tributa est animi virtutibus tanta praestantia?</dd>\n\t<dt><dfn>Tubulo putas dicere?</dfn></dt>\n\t<dd>At hoc in eo M.</dd>\n</dl>\n\n\n<h2>Quis enim redargueret?</h2>\n\n<p>Nam ista vestra: Si gravis, brevis; Laboro autem non sine causa; Cur id non ita fit? Videmus igitur ut conquiescere ne infantes quidem possint. Quid de Pythagora? </p>\n\n<h3>Occultum facinus esse potuerit, gaudebit;</h3>\n\n<p><a href='http://loripsum.net/' target='_blank'>Aufert enim sensus actionemque tollit omnem.</a> Tu vero, inquam, ducas licet, si sequetur; Sed videbimus. </p>\n\n<ol>\n\t<li>Utram tandem linguam nescio?</li>\n\t<li>Nec vero alia sunt quaerenda contra Carneadeam illam sententiam.</li>\n\t<li>Quid enim me prohiberet Epicureum esse, si probarem, quae ille diceret?</li>\n\t<li>Sit ista in Graecorum levitate perversitas, qui maledictis insectantur eos, a quibus de veritate dissentiunt.</li>\n</ol>\n\n\n<ul>\n\t<li>Sed quid sentiat, non videtis.</li>\n\t<li>Piso igitur hoc modo, vir optimus tuique, ut scis, amantissimus.</li>\n\t<li>Hoc mihi cum tuo fratre convenit.</li>\n\t<li>Non igitur bene.</li>\n\t<li>Legimus tamen Diogenem, Antipatrum, Mnesarchum, Panaetium, multos alios in primisque familiarem nostrum Posidonium.</li>\n\t<li>Quae dici eadem de ceteris virtutibus possunt, quarum omnium fundamenta vos in voluptate tamquam in aqua ponitis.</li>\n</ul>\n\n\n",
    "eventUrl": "http://en.wikipedia.com/wiki/Lorem_ipsum",
    "creation_date": "2018/10/26 18:01:27.770050 GMT-4",
    "contactEmail": "loremipsum@mail.com",
    "_uid": "accd0fe980e24f84aab461c3d6947b63",
    "expirationDate": "None",
    "contactName": "Morbi fusce.",
    "_content_type_id": "text/plain",
    "contactPhone": "Etiam augue elit aliquet at ad convallis at fringilla a.",
    "id": "etiam-justo-platea.",
    "subject": [],
    "attendees": [],
    "effectiveDate": "None",
    "title": "Etiam justo platea.",
    "_content_type_contactPhone": "text/plain",
    "_content_type_eventUrl": "text/plain",
    "_content_type_language": "text/plain",
    "_defaultpage": "",
    "location": "Felis lorem curae ornare libero nulla sit.",
    "_content_type_title": "text/plain",
    "excludeFromNav": true,
    "_content_type_contactName": "text/plain",
    "_type": "Event",
    "description": "Nulla justo dui nunc erat purus viverra nam. Felis lorem. Proin fames ornare erat cum. Ipsum nulla mauris. Ipsum fames. Velit porta. Risus curae. Netus dolor proin aptent fermentum et phasellus adipiscing nec. Massa neque odio auctor malesuada. Purus porta semper nulla pharetra facilisis est eros ipsum penatibus quisque. Purus vitae quis laoreet nunc mi tortor massa. Neque purus mollis morbi aptent ante imperdiet ac auctor sodales. Velit augue.",
    "_atrefs": {},
    "_layout": "event_view",
    "_workflow_history": {
        "simple_publication_workflow": [
            {
                "action": null,
                "review_state": "private",
                "actor": "admin",
                "comments": "",
                "time": "2018/10/26 18:01:27.774014 GMT-4"
            },
            {
                "action": "publish",
                "review_state": "published",
                "actor": "admin",
                "comments": "",
                "time": "2018/10/26 18:01:28.100463 GMT-4"
            }
        ]
    },
    "_content_type_rights": "text/plain",
    "_directly_provided": [],
    "_classname": "ATEvent",
    "_userdefined_roles": [],
    "_content_type_contactEmail": "text/plain",
    "_content_type": "text/html",
    "_id": "etiam-justo-platea.",
    "modification_date": "2018/10/26 18:01:28.104463 GMT-4",
    "language": "en",
    "rights": "Porta etiam lacus sociosqu. Porta netus. Curae morbi. Lorem augue primis volutpat. Metus velit a euismod id. Felis etiam. Donec class. Fusce dolor per. Curae class rutrum litora inceptos lacinia mi ve. Nulla lacus fringilla aenean est integer id nibh ipsum tempor. Vitae ipsum eni quam convallis nullam suscipit primis mauris eni arcu. Augue velit maecenas vestibulum mattis interdum quis aliquam vulputate libero a. Risus magna fames facilisi ante. Felis velit euismod.",
    "_atbrefs": {},
    "_content_type_description": "text/plain",
    "_owner": "admin",
    "_content_type_location": "text/plain",
    "_permissions": {
        "Modify portal content": {
            "acquire": false,
            "roles": [
                "Editor",
                "Manager",
                "Owner",
                "Site Administrator"
            ]
        },
        "Access contents information": {
            "acquire": false,
            "roles": [
                "Anonymous"
            ]
        },
        "View": {
            "acquire": false,
            "roles": [
                "Anonymous"
            ]
        }
    },
    "_properties": [
        [
            "title",
            "Etiam justo platea.",
            "string"
        ]
    ],
    "allowDiscussion": false,
    "_gopip": 12,
    "creators": [
        "admin"
    ],
    "_ac_local_roles": {
        "admin": [
            "Owner"
        ]
    },
    "_path": "/Plone/about/lacus-purus-sit-augue-facilisis-ultricies-pede./curae-class-cras-vivamus-vulputate-orci-nulla./etiam-justo-platea."
}