{
    "startDate": "2018/11/04 09:39:5.229183 GMT-4",
    "endDate": "2018/11/05 03:49:34.577801 GMT-4",
    "contributors": [],
    "_content_type_text": "text/html",
    "text": "<h1>Sed ad haec, nisi molestum est, habeo quae velim.</h1>\n\n<p>Lorem ipsum dolor sit amet, consectetur adipiscing elit. Summum a vobis bonum voluptas dicitur. Certe, nisi voluptatem tanti aestimaretis. </p>\n\n<ol>\n\t<li>Multoque hoc melius nos veriusque quam Stoici.</li>\n\t<li>Nec hoc ille non vidit, sed verborum magnificentia est et gloria delectatus.</li>\n\t<li>Nam, ut sint illa vendibiliora, haec uberiora certe sunt.</li>\n\t<li>Respondeat totidem verbis.</li>\n\t<li>Placet igitur tibi, Cato, cum res sumpseris non concessas, ex illis efficere, quod velis?</li>\n</ol>\n\n\n<ul>\n\t<li>Illa argumenta propria videamus, cur omnia sint paria peccata.</li>\n\t<li>Quod quidem iam fit etiam in Academia.</li>\n\t<li>Quod idem cum vestri faciant, non satis magnam tribuunt inventoribus gratiam.</li>\n\t<li>Quae tamen a te agetur non melior, quam illae sunt, quas interdum optines.</li>\n</ul>\n\n\n<p><a href='http://loripsum.net/' target='_blank'>Quae autem natura suae primae institutionis oblita est?</a> Collige omnia, quae soletis: Praesidium amicorum. Occultum facinus esse potuerit, gaudebit; <a href='http://loripsum.net/' target='_blank'>Haec para/doca illi, nos admirabilia dicamus.</a> </p>\n\n<dl>\n\t<dt><dfn>Numquam facies.</dfn></dt>\n\t<dd>Eam tum adesse, cum dolor omnis absit;</dd>\n\t<dt><dfn>Qui convenit?</dfn></dt>\n\t<dd>Mihi enim satis est, ipsis non satis.</dd>\n\t<dt><dfn>Sed fortuna fortis;</dfn></dt>\n\t<dd>Theophrasti igitur, inquit, tibi liber ille placet de beata vita?</dd>\n\t<dt><dfn>Proclivi currit oratio.</dfn></dt>\n\t<dd>Non dolere, inquam, istud quam vim habeat postea videro;</dd>\n\t<dt><dfn>Moriatur, inquit.</dfn></dt>\n\t<dd>Alterum significari idem, ut si diceretur, officia media omnia aut pleraque servantem vivere.</dd>\n</dl>\n\n\n<h2>Haec quo modo conveniant, non sane intellego.</h2>\n\n<p>Duo Reges: constructio interrete. Sed mehercule pergrata mihi oratio tua. Non modo carum sibi quemque, verum etiam vehementer carum esse? </p>\n\n",
    "eventUrl": "http://en.wikipedia.com/wiki/Lorem_ipsum",
    "creation_date": "2018/10/26 18:01:28.279166 GMT-4",
    "contactEmail": "loremipsum@mail.com",
    "_uid": "5a8f0eb608cc48b6a1c2c665847c38c1",
    "expirationDate": "None",
    "contactName": "Vitae velit nonummy eu ante eleifend ultricies velit ve.",
    "_content_type_id": "text/plain",
    "contactPhone": "Donec curae molestie dolor in platea torquent tincidunt hac eni.",
    "id": "neque-fusce-ullamcorper-orci-ligula-ve.",
    "subject": [],
    "attendees": [],
    "effectiveDate": "None",
    "title": "Neque fusce ullamcorper orci ligula ve.",
    "_content_type_contactPhone": "text/plain",
    "_content_type_eventUrl": "text/plain",
    "_content_type_language": "text/plain",
    "_defaultpage": "",
    "location": "Curae morbi rutrum mattis vitae.",
    "_content_type_title": "text/plain",
    "excludeFromNav": true,
    "_content_type_contactName": "text/plain",
    "_type": "Event",
    "description": "Curae massa risus ullamcorper leo ante eros netus hac vitae felis. Nulla lacus. Nulla vitae elit pretium diam placerat praesent nulla. Fusce metus. Magna nulla. Velit fusce porta justo porttitor dui habitasse nullam massa cubilia natoque aenean malesuada iaculis. Magna class nunc ridiculus ac convallis purus tincidunt quisque turpis nam. Ipsum class lacus a rhoncus ad magnis eu platea inceptos fermentum eleifend libero. Magna class lorem consequat. Fusce porta iaculis placerat ornare urna tempor fames parturient eros vulputate. Porta velit iaculis cras mi tellus praesent scelerisque inceptos duis quisque. Metus lacus gravida magna. Proin morbi nulla eleifend eni feugiat. Curae morbi natoque nisi per ac vitae aenean odio urna. Etiam morbi consequat odio viverra ad blandit amet orci sit id.",
    "_atrefs": {},
    "_layout": "event_view",
    "_workflow_history": {
        "simple_publication_workflow": [
            {
                "action": null,
                "review_state": "private",
                "actor": "admin",
                "comments": "",
                "time": "2018/10/26 18:01:28.282945 GMT-4"
            },
            {
                "action": "publish",
                "review_state": "published",
                "actor": "admin",
                "comments": "",
                "time": "2018/10/26 18:01:28.612521 GMT-4"
            }
        ]
    },
    "_content_type_rights": "text/plain",
    "_directly_provided": [],
    "_classname": "ATEvent",
    "_userdefined_roles": [],
    "_content_type_contactEmail": "text/plain",
    "_content_type": "text/html",
    "_id": "neque-fusce-ullamcorper-orci-ligula-ve.",
    "modification_date": "2018/10/26 18:01:28.617114 GMT-4",
    "language": "en",
    "rights": "Lacus porta fringilla condimentum fames. Vitae porta vel urna lobortis proin consectetuer suscipit risus per justo dis. Curae morbi primis ad ultrices arcu. Augue vitae euismod vel at aptent leo parturient proin sodales mi non. Class massa bibendum odio sit semper sit. Etiam augue dictum. Fames vitae tortor massa. Purus risus leo auctor. Felis nulla.",
    "_atbrefs": {},
    "_content_type_description": "text/plain",
    "_owner": "admin",
    "_content_type_location": "text/plain",
    "_permissions": {
        "Modify portal content": {
            "acquire": false,
            "roles": [
                "Editor",
                "Manager",
                "Owner",
                "Site Administrator"
            ]
        },
        "Access contents information": {
            "acquire": false,
            "roles": [
                "Anonymous"
            ]
        },
        "View": {
            "acquire": false,
            "roles": [
                "Anonymous"
            ]
        }
    },
    "_properties": [
        [
            "title",
            "Neque fusce ullamcorper orci ligula ve.",
            "string"
        ]
    ],
    "allowDiscussion": false,
    "_gopip": 13,
    "creators": [
        "admin"
    ],
    "_ac_local_roles": {
        "admin": [
            "Owner"
        ]
    },
    "_path": "/Plone/about/lacus-purus-sit-augue-facilisis-ultricies-pede./curae-class-cras-vivamus-vulputate-orci-nulla./neque-fusce-ullamcorper-orci-ligula-ve."
}